all-pg-fixture-comparison	Set up job	﻿2026-10-07T02:43:03.9759378Z Current runner version: '2.337.0'
all-pg-fixture-comparison	Set up job	2026-10-07T02:43:03.9786195Z ##[group]Runner Image Provisioner
all-pg-fixture-comparison	Set up job	2026-10-07T02:43:03.9787159Z Hosted Compute Agent
all-pg-fixture-comparison	Set up job	2026-10-07T02:43:03.9787796Z Version: 20260901.588
all-pg-fixture-comparison	Set up job	2026-10-07T02:43:03.9788416Z Commit: f88ec8081b781fac6c440065ac7ff9e710ce3d0b
all-pg-fixture-comparison	Set up job	2026-10-07T02:43:03.9789221Z Build Date: 2026-09-01T19:56:44Z
all-pg-fixture-comparison	Set up job	2026-10-07T02:43:03.9789903Z Worker ID: {8e3563b9-11c2-4172-8e26-e89c3c31fb0d}
all-pg-fixture-comparison	Set up job	2026-10-07T02:43:03.9790711Z Azure Region: westus3
all-pg-fixture-comparison	Set up job	2026-10-07T02:43:03.9791322Z ##[endgroup]
all-pg-fixture-comparison	Set up job	2026-10-07T02:43:03.9792797Z ##[group]Operating System
all-pg-fixture-comparison	Set up job	2026-10-07T02:43:03.9793534Z Ubuntu
all-pg-fixture-comparison	Set up job	2026-10-07T02:43:03.9794084Z 24.04.5
all-pg-fixture-comparison	Set up job	2026-10-07T02:43:03.9794622Z LTS
all-pg-fixture-comparison	Set up job	2026-10-07T02:43:03.9795183Z ##[endgroup]
all-pg-fixture-comparison	Set up job	2026-10-07T02:43:03.9795960Z ##[group]Runner Image
all-pg-fixture-comparison	Set up job	2026-10-07T02:43:03.9796635Z Image: ubuntu-24.04
all-pg-fixture-comparison	Set up job	2026-10-07T02:43:03.9797204Z Version: 20260927.320.1
all-pg-fixture-comparison	Set up job	2026-10-07T02:43:03.9798349Z Included Software: https://github.com/actions/runner-images/blob/ubuntu24/20260927.320/images/ubuntu/Ubuntu2404-Readme.md
all-pg-fixture-comparison	Set up job	2026-10-07T02:43:03.9800108Z Image Release: https://github.com/actions/runner-images/releases/tag/ubuntu24%2F20260927.320
all-pg-fixture-comparison	Set up job	2026-10-07T02:43:03.9801106Z ##[endgroup]
all-pg-fixture-comparison	Set up job	2026-10-07T02:43:03.9802216Z ##[group]GITHUB_TOKEN Permissions
all-pg-fixture-comparison	Set up job	2026-10-07T02:43:03.9804377Z Contents: read
all-pg-fixture-comparison	Set up job	2026-10-07T02:43:03.9805039Z Metadata: read
all-pg-fixture-comparison	Set up job	2026-10-07T02:43:03.9806014Z ##[endgroup]
all-pg-fixture-comparison	Set up job	2026-10-07T02:43:03.9808275Z Secret source: Actions
all-pg-fixture-comparison	Set up job	2026-10-07T02:43:03.9809202Z Cache mode: write
all-pg-fixture-comparison	Set up job	2026-10-07T02:43:03.9810405Z Prepare workflow directory
all-pg-fixture-comparison	Set up job	2026-10-07T02:43:04.0284369Z Prepare all required actions
all-pg-fixture-comparison	Set up job	2026-10-07T02:43:04.0332751Z Getting action download info
all-pg-fixture-comparison	Set up job	2026-10-07T02:43:04.3544080Z Download action repository 'actions/checkout@v4' (SHA:11d5960a326750d5838078e36cf38b85af677262)
all-pg-fixture-comparison	Set up job	2026-10-07T02:43:04.4757062Z Download action repository 'actions/setup-python@v5' (SHA:a26af69be951a213d495a4c3e4e4022e16d87065)
all-pg-fixture-comparison	Set up job	2026-10-07T02:43:04.5554073Z Download action repository 'actions/setup-node@v4' (SHA:49933ea5288caeca8642d1e84afbd3f7d6820020)
all-pg-fixture-comparison	Set up job	2026-10-07T02:43:04.6496039Z Download action repository 'actions/upload-artifact@v4' (SHA:ea165f8d65b6e75b540449e92b4886f43607fa02)
all-pg-fixture-comparison	Set up job	2026-10-07T02:43:04.8654496Z Complete job name: all-pg-fixture-comparison
all-pg-fixture-comparison	Initialize containers	﻿2026-10-07T02:43:04.9231569Z ##[group]Checking docker version
all-pg-fixture-comparison	Initialize containers	2026-10-07T02:43:04.9244559Z ##[command]/usr/bin/docker version --format '{{.Server.APIVersion}}'
all-pg-fixture-comparison	Initialize containers	2026-10-07T02:43:05.0221134Z '1.48'
all-pg-fixture-comparison	Initialize containers	2026-10-07T02:43:05.0256182Z Docker daemon API version: '1.48'
all-pg-fixture-comparison	Initialize containers	2026-10-07T02:43:05.0257000Z ##[command]/usr/bin/docker version --format '{{.Client.APIVersion}}'
all-pg-fixture-comparison	Initialize containers	2026-10-07T02:43:05.0451812Z '1.48'
all-pg-fixture-comparison	Initialize containers	2026-10-07T02:43:05.0467265Z Docker client API version: '1.48'
all-pg-fixture-comparison	Initialize containers	2026-10-07T02:43:05.0474052Z ##[endgroup]
all-pg-fixture-comparison	Initialize containers	2026-10-07T02:43:05.0478840Z ##[group]Clean up resources from previous jobs
all-pg-fixture-comparison	Initialize containers	2026-10-07T02:43:05.0486201Z ##[command]/usr/bin/docker ps --all --quiet --no-trunc --filter "label=6fdd18"
all-pg-fixture-comparison	Initialize containers	2026-10-07T02:43:05.0678667Z ##[command]/usr/bin/docker network prune --force --filter "label=6fdd18"
all-pg-fixture-comparison	Initialize containers	2026-10-07T02:43:05.0869626Z ##[endgroup]
all-pg-fixture-comparison	Initialize containers	2026-10-07T02:43:05.0870559Z ##[group]Create local container network
all-pg-fixture-comparison	Initialize containers	2026-10-07T02:43:05.0884278Z ##[command]/usr/bin/docker network create --label 6fdd18 github_network_972a0d84906f4df0a94f0778a3c99661
all-pg-fixture-comparison	Initialize containers	2026-10-07T02:43:05.1407108Z cb56eb12b8fc3268a5c69adec4d84638f413b4d4a86d535eb6cf4b7caf350e92
all-pg-fixture-comparison	Initialize containers	2026-10-07T02:43:05.1426682Z ##[endgroup]
all-pg-fixture-comparison	Initialize containers	2026-10-07T02:43:05.1452497Z ##[group]Starting postgres service container
all-pg-fixture-comparison	Initialize containers	2026-10-07T02:43:05.1474838Z ##[command]/usr/bin/docker pull postgres:16
all-pg-fixture-comparison	Initialize containers	2026-10-07T02:43:05.9364349Z 16: Pulling from library/postgres
all-pg-fixture-comparison	Initialize containers	2026-10-07T02:43:06.1623116Z ecc510c1e359: Pulling fs layer
all-pg-fixture-comparison	Initialize containers	2026-10-07T02:43:06.1624018Z 79faf13a8736: Pulling fs layer
all-pg-fixture-comparison	Initialize containers	2026-10-07T02:43:06.1624693Z 6456bfbf35e7: Pulling fs layer
all-pg-fixture-comparison	Initialize containers	2026-10-07T02:43:06.1625266Z b353db459ed1: Pulling fs layer
all-pg-fixture-comparison	Initialize containers	2026-10-07T02:43:06.1626073Z 99f49de4fe2b: Pulling fs layer
all-pg-fixture-comparison	Initialize containers	2026-10-07T02:43:06.1626694Z 83d1a2a3917c: Pulling fs layer
all-pg-fixture-comparison	Initialize containers	2026-10-07T02:43:06.1627275Z 715ea0948cb1: Pulling fs layer
all-pg-fixture-comparison	Initialize containers	2026-10-07T02:43:06.1627873Z 486e8305f56f: Pulling fs layer
all-pg-fixture-comparison	Initialize containers	2026-10-07T02:43:06.1629179Z e7d675f11ded: Pulling fs layer
all-pg-fixture-comparison	Initialize containers	2026-10-07T02:43:06.1629544Z c49864c27f35: Pulling fs layer
all-pg-fixture-comparison	Initialize containers	2026-10-07T02:43:06.1629853Z 770ef8b308ea: Pulling fs layer
all-pg-fixture-comparison	Initialize containers	2026-10-07T02:43:06.1630288Z 50c25daa0302: Pulling fs layer
all-pg-fixture-comparison	Initialize containers	2026-10-07T02:43:06.1630866Z 8309db3ae5b6: Pulling fs layer
all-pg-fixture-comparison	Initialize containers	2026-10-07T02:43:06.1631198Z 9731e27f2541: Pulling fs layer
all-pg-fixture-comparison	Initialize containers	2026-10-07T02:43:06.1631718Z 83d1a2a3917c: Waiting
all-pg-fixture-comparison	Initialize containers	2026-10-07T02:43:06.1632072Z 715ea0948cb1: Waiting
all-pg-fixture-comparison	Initialize containers	2026-10-07T02:43:06.1632332Z 486e8305f56f: Waiting
all-pg-fixture-comparison	Initialize containers	2026-10-07T02:43:06.1632587Z e7d675f11ded: Waiting
all-pg-fixture-comparison	Initialize containers	2026-10-07T02:43:06.1633030Z c49864c27f35: Waiting
all-pg-fixture-comparison	Initialize containers	2026-10-07T02:43:06.1633308Z 770ef8b308ea: Waiting
all-pg-fixture-comparison	Initialize containers	2026-10-07T02:43:06.1633576Z 50c25daa0302: Waiting
all-pg-fixture-comparison	Initialize containers	2026-10-07T02:43:06.1633895Z 8309db3ae5b6: Waiting
all-pg-fixture-comparison	Initialize containers	2026-10-07T02:43:06.1634263Z 9731e27f2541: Waiting
all-pg-fixture-comparison	Initialize containers	2026-10-07T02:43:06.1634533Z b353db459ed1: Waiting
all-pg-fixture-comparison	Initialize containers	2026-10-07T02:43:06.1634798Z 99f49de4fe2b: Waiting
all-pg-fixture-comparison	Initialize containers	2026-10-07T02:43:06.3617679Z 79faf13a8736: Verifying Checksum
all-pg-fixture-comparison	Initialize containers	2026-10-07T02:43:06.3618482Z 79faf13a8736: Download complete
all-pg-fixture-comparison	Initialize containers	2026-10-07T02:43:06.3951908Z 6456bfbf35e7: Verifying Checksum
all-pg-fixture-comparison	Initialize containers	2026-10-07T02:43:06.3953718Z 6456bfbf35e7: Download complete
all-pg-fixture-comparison	Initialize containers	2026-10-07T02:43:06.4554004Z ecc510c1e359: Verifying Checksum
all-pg-fixture-comparison	Initialize containers	2026-10-07T02:43:06.4554846Z ecc510c1e359: Download complete
all-pg-fixture-comparison	Initialize containers	2026-10-07T02:43:06.5538552Z b353db459ed1: Download complete
all-pg-fixture-comparison	Initialize containers	2026-10-07T02:43:06.6076935Z 99f49de4fe2b: Verifying Checksum
all-pg-fixture-comparison	Initialize containers	2026-10-07T02:43:06.6083865Z 99f49de4fe2b: Download complete
all-pg-fixture-comparison	Initialize containers	2026-10-07T02:43:06.6454412Z 83d1a2a3917c: Verifying Checksum
all-pg-fixture-comparison	Initialize containers	2026-10-07T02:43:06.6455075Z 83d1a2a3917c: Download complete
all-pg-fixture-comparison	Initialize containers	2026-10-07T02:43:06.7414731Z 715ea0948cb1: Verifying Checksum
all-pg-fixture-comparison	Initialize containers	2026-10-07T02:43:06.7416057Z 715ea0948cb1: Download complete
all-pg-fixture-comparison	Initialize containers	2026-10-07T02:43:06.7914285Z 486e8305f56f: Verifying Checksum
all-pg-fixture-comparison	Initialize containers	2026-10-07T02:43:06.7915128Z 486e8305f56f: Download complete
all-pg-fixture-comparison	Initialize containers	2026-10-07T02:43:06.9106453Z c49864c27f35: Verifying Checksum
all-pg-fixture-comparison	Initialize containers	2026-10-07T02:43:06.9117207Z c49864c27f35: Download complete
all-pg-fixture-comparison	Initialize containers	2026-10-07T02:43:06.9907563Z 770ef8b308ea: Verifying Checksum
all-pg-fixture-comparison	Initialize containers	2026-10-07T02:43:06.9908211Z 770ef8b308ea: Download complete
all-pg-fixture-comparison	Initialize containers	2026-10-07T02:43:07.0796079Z 50c25daa0302: Download complete
all-pg-fixture-comparison	Initialize containers	2026-10-07T02:43:07.1599664Z 8309db3ae5b6: Verifying Checksum
all-pg-fixture-comparison	Initialize containers	2026-10-07T02:43:07.1604713Z 8309db3ae5b6: Download complete
all-pg-fixture-comparison	Initialize containers	2026-10-07T02:43:07.2235196Z e7d675f11ded: Verifying Checksum
all-pg-fixture-comparison	Initialize containers	2026-10-07T02:43:07.2236315Z e7d675f11ded: Download complete
all-pg-fixture-comparison	Initialize containers	2026-10-07T02:43:07.2502276Z 9731e27f2541: Verifying Checksum
all-pg-fixture-comparison	Initialize containers	2026-10-07T02:43:07.5985037Z 9731e27f2541: Download complete
all-pg-fixture-comparison	Initialize containers	2026-10-07T02:43:07.5985879Z ecc510c1e359: Pull complete
all-pg-fixture-comparison	Initialize containers	2026-10-07T02:43:10.5082403Z 79faf13a8736: Pull complete
all-pg-fixture-comparison	Initialize containers	2026-10-07T02:43:10.6896894Z 6456bfbf35e7: Pull complete
all-pg-fixture-comparison	Initialize containers	2026-10-07T02:43:10.7368188Z b353db459ed1: Pull complete
all-pg-fixture-comparison	Initialize containers	2026-10-07T02:43:11.0481266Z 99f49de4fe2b: Pull complete
all-pg-fixture-comparison	Initialize containers	2026-10-07T02:43:11.1400694Z 83d1a2a3917c: Pull complete
all-pg-fixture-comparison	Initialize containers	2026-10-07T02:43:11.1526142Z 715ea0948cb1: Pull complete
all-pg-fixture-comparison	Initialize containers	2026-10-07T02:43:11.1649049Z 486e8305f56f: Pull complete
all-pg-fixture-comparison	Initialize containers	2026-10-07T02:43:14.2226218Z e7d675f11ded: Pull complete
all-pg-fixture-comparison	Initialize containers	2026-10-07T02:43:14.2391457Z c49864c27f35: Pull complete
all-pg-fixture-comparison	Initialize containers	2026-10-07T02:43:14.2494526Z 770ef8b308ea: Pull complete
all-pg-fixture-comparison	Initialize containers	2026-10-07T02:43:14.2591267Z 50c25daa0302: Pull complete
all-pg-fixture-comparison	Initialize containers	2026-10-07T02:43:14.2683681Z 8309db3ae5b6: Pull complete
all-pg-fixture-comparison	Initialize containers	2026-10-07T02:43:14.2776675Z 9731e27f2541: Pull complete
all-pg-fixture-comparison	Initialize containers	2026-10-07T02:43:14.2818746Z Digest: sha256:65b16a8b326e0cfbdf33fa7e783f2a0cb352a61448616ccccfd616ef42aa0f65
all-pg-fixture-comparison	Initialize containers	2026-10-07T02:43:14.2832373Z Status: Downloaded newer image for postgres:16
all-pg-fixture-comparison	Initialize containers	2026-10-07T02:43:14.2843344Z docker.io/library/postgres:16
all-pg-fixture-comparison	Initialize containers	2026-10-07T02:43:14.2927020Z ##[command]/usr/bin/docker create --name 603a6255e12a4253bf672bcb38b3b700_postgres16_5b1c79 --label 6fdd18 --network github_network_972a0d84906f4df0a94f0778a3c99661 --network-alias postgres -p 5432:5432 --health-cmd "pg_isready -U postgres -d wms_test_517" --health-interval 5s --health-timeout 3s --health-retries 20 -e "POSTGRES_DB=wms_test_517" -e "POSTGRES_USER=postgres" -e "POSTGRES_PASSWORD=fixture-only" -e GITHUB_ACTIONS=true -e CI=true postgres:16
all-pg-fixture-comparison	Initialize containers	2026-10-07T02:43:14.3205525Z 36314926c30139dd3fc8943672a29a70da0ab77d66688f02479aacdeabc1dfdc
all-pg-fixture-comparison	Initialize containers	2026-10-07T02:43:14.3232073Z ##[command]/usr/bin/docker start 36314926c30139dd3fc8943672a29a70da0ab77d66688f02479aacdeabc1dfdc
all-pg-fixture-comparison	Initialize containers	2026-10-07T02:43:14.5508846Z 36314926c30139dd3fc8943672a29a70da0ab77d66688f02479aacdeabc1dfdc
all-pg-fixture-comparison	Initialize containers	2026-10-07T02:43:14.5529097Z ##[command]/usr/bin/docker ps --all --filter id=36314926c30139dd3fc8943672a29a70da0ab77d66688f02479aacdeabc1dfdc --filter status=running --no-trunc --format "{{.ID}} {{.Status}}"
all-pg-fixture-comparison	Initialize containers	2026-10-07T02:43:14.5659095Z 36314926c30139dd3fc8943672a29a70da0ab77d66688f02479aacdeabc1dfdc Up Less than a second (health: starting)
all-pg-fixture-comparison	Initialize containers	2026-10-07T02:43:14.5681161Z ##[command]/usr/bin/docker port 36314926c30139dd3fc8943672a29a70da0ab77d66688f02479aacdeabc1dfdc
all-pg-fixture-comparison	Initialize containers	2026-10-07T02:43:14.5833479Z 5432/tcp -> 0.0.0.0:5432
all-pg-fixture-comparison	Initialize containers	2026-10-07T02:43:14.5834234Z 5432/tcp -> [::]:5432
all-pg-fixture-comparison	Initialize containers	2026-10-07T02:43:14.5884198Z ##[endgroup]
all-pg-fixture-comparison	Initialize containers	2026-10-07T02:43:14.5886003Z ##[group]Starting postgres662batch service container
all-pg-fixture-comparison	Initialize containers	2026-10-07T02:43:14.5887354Z ##[command]/usr/bin/docker pull postgres:16
all-pg-fixture-comparison	Initialize containers	2026-10-07T02:43:15.1330307Z 16: Pulling from library/postgres
all-pg-fixture-comparison	Initialize containers	2026-10-07T02:43:15.1531884Z Digest: sha256:65b16a8b326e0cfbdf33fa7e783f2a0cb352a61448616ccccfd616ef42aa0f65
all-pg-fixture-comparison	Initialize containers	2026-10-07T02:43:15.1534264Z Status: Image is up to date for postgres:16
all-pg-fixture-comparison	Initialize containers	2026-10-07T02:43:15.1540690Z docker.io/library/postgres:16
all-pg-fixture-comparison	Initialize containers	2026-10-07T02:43:15.1560327Z ##[command]/usr/bin/docker create --name ee4f2eee821a44df9427facd1fffd70e_postgres16_49c882 --label 6fdd18 --network github_network_972a0d84906f4df0a94f0778a3c99661 --network-alias postgres662batch -p 55466:5432 --health-cmd "pg_isready -U wms_test -d wms_test_662_batch" --health-interval 5s --health-timeout 3s --health-retries 20 -e "POSTGRES_DB=wms_test_662_batch" -e "POSTGRES_USER=wms_test" -e "POSTGRES_PASSWORD=fixture-only" -e GITHUB_ACTIONS=true -e CI=true postgres:16
all-pg-fixture-comparison	Initialize containers	2026-10-07T02:43:15.1882986Z ad948950c578ff822d1b5da91d4fd65019bba131e090dc2faeee0e8ddabbceff
all-pg-fixture-comparison	Initialize containers	2026-10-07T02:43:15.1900691Z ##[command]/usr/bin/docker start ad948950c578ff822d1b5da91d4fd65019bba131e090dc2faeee0e8ddabbceff
all-pg-fixture-comparison	Initialize containers	2026-10-07T02:43:15.3519968Z ad948950c578ff822d1b5da91d4fd65019bba131e090dc2faeee0e8ddabbceff
all-pg-fixture-comparison	Initialize containers	2026-10-07T02:43:15.3540857Z ##[command]/usr/bin/docker ps --all --filter id=ad948950c578ff822d1b5da91d4fd65019bba131e090dc2faeee0e8ddabbceff --filter status=running --no-trunc --format "{{.ID}} {{.Status}}"
all-pg-fixture-comparison	Initialize containers	2026-10-07T02:43:15.3742655Z ad948950c578ff822d1b5da91d4fd65019bba131e090dc2faeee0e8ddabbceff Up Less than a second (health: starting)
all-pg-fixture-comparison	Initialize containers	2026-10-07T02:43:15.3761632Z ##[command]/usr/bin/docker port ad948950c578ff822d1b5da91d4fd65019bba131e090dc2faeee0e8ddabbceff
all-pg-fixture-comparison	Initialize containers	2026-10-07T02:43:15.3935379Z 5432/tcp -> 0.0.0.0:55466
all-pg-fixture-comparison	Initialize containers	2026-10-07T02:43:15.3936245Z 5432/tcp -> [::]:55466
all-pg-fixture-comparison	Initialize containers	2026-10-07T02:43:15.3951706Z ##[endgroup]
all-pg-fixture-comparison	Initialize containers	2026-10-07T02:43:15.3953003Z ##[group]Starting postgres662steady service container
all-pg-fixture-comparison	Initialize containers	2026-10-07T02:43:15.3953802Z ##[command]/usr/bin/docker pull postgres:16
all-pg-fixture-comparison	Initialize containers	2026-10-07T02:43:15.9741550Z 16: Pulling from library/postgres
all-pg-fixture-comparison	Initialize containers	2026-10-07T02:43:15.9891088Z Digest: sha256:65b16a8b326e0cfbdf33fa7e783f2a0cb352a61448616ccccfd616ef42aa0f65
all-pg-fixture-comparison	Initialize containers	2026-10-07T02:43:15.9892698Z Status: Image is up to date for postgres:16
all-pg-fixture-comparison	Initialize containers	2026-10-07T02:43:15.9900693Z docker.io/library/postgres:16
all-pg-fixture-comparison	Initialize containers	2026-10-07T02:43:15.9919741Z ##[command]/usr/bin/docker create --name 47109326b72444b297425ab66c86b193_postgres16_d8a21b --label 6fdd18 --network github_network_972a0d84906f4df0a94f0778a3c99661 --network-alias postgres662steady -p 55468:5432 --health-cmd "pg_isready -U wms_test -d wms_test_662_steady" --health-interval 5s --health-timeout 3s --health-retries 20 -e "POSTGRES_DB=wms_test_662_steady" -e "POSTGRES_USER=wms_test" -e "POSTGRES_PASSWORD=fixture-only" -e GITHUB_ACTIONS=true -e CI=true postgres:16
all-pg-fixture-comparison	Initialize containers	2026-10-07T02:43:16.0280198Z 52825c0fb7d72b3ec8ff16c6f4ee372e3ae7ba8b49ce78aac230c352a5a6e648
all-pg-fixture-comparison	Initialize containers	2026-10-07T02:43:16.0293234Z ##[command]/usr/bin/docker start 52825c0fb7d72b3ec8ff16c6f4ee372e3ae7ba8b49ce78aac230c352a5a6e648
all-pg-fixture-comparison	Initialize containers	2026-10-07T02:43:16.1792264Z 52825c0fb7d72b3ec8ff16c6f4ee372e3ae7ba8b49ce78aac230c352a5a6e648
all-pg-fixture-comparison	Initialize containers	2026-10-07T02:43:16.1809062Z ##[command]/usr/bin/docker ps --all --filter id=52825c0fb7d72b3ec8ff16c6f4ee372e3ae7ba8b49ce78aac230c352a5a6e648 --filter status=running --no-trunc --format "{{.ID}} {{.Status}}"
all-pg-fixture-comparison	Initialize containers	2026-10-07T02:43:16.1968030Z 52825c0fb7d72b3ec8ff16c6f4ee372e3ae7ba8b49ce78aac230c352a5a6e648 Up Less than a second (health: starting)
all-pg-fixture-comparison	Initialize containers	2026-10-07T02:43:16.1984057Z ##[command]/usr/bin/docker port 52825c0fb7d72b3ec8ff16c6f4ee372e3ae7ba8b49ce78aac230c352a5a6e648
all-pg-fixture-comparison	Initialize containers	2026-10-07T02:43:16.2137659Z 5432/tcp -> 0.0.0.0:55468
all-pg-fixture-comparison	Initialize containers	2026-10-07T02:43:16.2138267Z 5432/tcp -> [::]:55468
all-pg-fixture-comparison	Initialize containers	2026-10-07T02:43:16.2153851Z ##[endgroup]
all-pg-fixture-comparison	Initialize containers	2026-10-07T02:43:16.2170043Z ##[group]Waiting for all services to be ready
all-pg-fixture-comparison	Initialize containers	2026-10-07T02:43:16.2186685Z ##[command]/usr/bin/docker inspect --format="{{if .Config.Healthcheck}}{{print .State.Health.Status}}{{end}}" 36314926c30139dd3fc8943672a29a70da0ab77d66688f02479aacdeabc1dfdc
all-pg-fixture-comparison	Initialize containers	2026-10-07T02:43:16.2340012Z starting
all-pg-fixture-comparison	Initialize containers	2026-10-07T02:43:16.2376427Z postgres service is starting, waiting 2 seconds before checking again.
all-pg-fixture-comparison	Initialize containers	2026-10-07T02:43:18.2385072Z ##[command]/usr/bin/docker inspect --format="{{if .Config.Healthcheck}}{{print .State.Health.Status}}{{end}}" 36314926c30139dd3fc8943672a29a70da0ab77d66688f02479aacdeabc1dfdc
all-pg-fixture-comparison	Initialize containers	2026-10-07T02:43:18.2519309Z starting
all-pg-fixture-comparison	Initialize containers	2026-10-07T02:43:18.2533536Z postgres service is starting, waiting 3 seconds before checking again.
all-pg-fixture-comparison	Initialize containers	2026-10-07T02:43:22.0985175Z ##[command]/usr/bin/docker inspect --format="{{if .Config.Healthcheck}}{{print .State.Health.Status}}{{end}}" 36314926c30139dd3fc8943672a29a70da0ab77d66688f02479aacdeabc1dfdc
all-pg-fixture-comparison	Initialize containers	2026-10-07T02:43:22.1124032Z healthy
all-pg-fixture-comparison	Initialize containers	2026-10-07T02:43:22.1140237Z postgres service is healthy.
all-pg-fixture-comparison	Initialize containers	2026-10-07T02:43:22.1141325Z ##[command]/usr/bin/docker inspect --format="{{if .Config.Healthcheck}}{{print .State.Health.Status}}{{end}}" ad948950c578ff822d1b5da91d4fd65019bba131e090dc2faeee0e8ddabbceff
all-pg-fixture-comparison	Initialize containers	2026-10-07T02:43:22.1264600Z healthy
all-pg-fixture-comparison	Initialize containers	2026-10-07T02:43:22.1277491Z postgres662batch service is healthy.
all-pg-fixture-comparison	Initialize containers	2026-10-07T02:43:22.1278444Z ##[command]/usr/bin/docker inspect --format="{{if .Config.Healthcheck}}{{print .State.Health.Status}}{{end}}" 52825c0fb7d72b3ec8ff16c6f4ee372e3ae7ba8b49ce78aac230c352a5a6e648
all-pg-fixture-comparison	Initialize containers	2026-10-07T02:43:22.1405075Z healthy
all-pg-fixture-comparison	Initialize containers	2026-10-07T02:43:22.1416941Z postgres662steady service is healthy.
all-pg-fixture-comparison	Initialize containers	2026-10-07T02:43:22.1418079Z ##[endgroup]
all-pg-fixture-comparison	Run actions/checkout@v4	﻿2026-10-07T02:43:22.1719824Z ##[group]Run actions/checkout@v4
all-pg-fixture-comparison	Run actions/checkout@v4	2026-10-07T02:43:22.1720406Z with:
all-pg-fixture-comparison	Run actions/checkout@v4	2026-10-07T02:43:22.1720609Z   fetch-depth: 0
all-pg-fixture-comparison	Run actions/checkout@v4	2026-10-07T02:43:22.1720847Z   repository: chivkunovd-bitdenis/WMS
all-pg-fixture-comparison	Run actions/checkout@v4	2026-10-07T02:43:22.1723325Z   token: ***
all-pg-fixture-comparison	Run actions/checkout@v4	2026-10-07T02:43:22.1723533Z   ssh-strict: true
all-pg-fixture-comparison	Run actions/checkout@v4	2026-10-07T02:43:22.1723737Z   ssh-user: git
all-pg-fixture-comparison	Run actions/checkout@v4	2026-10-07T02:43:22.1723948Z   persist-credentials: true
all-pg-fixture-comparison	Run actions/checkout@v4	2026-10-07T02:43:22.1724198Z   clean: true
all-pg-fixture-comparison	Run actions/checkout@v4	2026-10-07T02:43:22.1724410Z   sparse-checkout-cone-mode: true
all-pg-fixture-comparison	Run actions/checkout@v4	2026-10-07T02:43:22.1724664Z   fetch-tags: false
all-pg-fixture-comparison	Run actions/checkout@v4	2026-10-07T02:43:22.1724872Z   show-progress: true
all-pg-fixture-comparison	Run actions/checkout@v4	2026-10-07T02:43:22.1725079Z   lfs: false
all-pg-fixture-comparison	Run actions/checkout@v4	2026-10-07T02:43:22.1725271Z   submodules: false
all-pg-fixture-comparison	Run actions/checkout@v4	2026-10-07T02:43:22.1725486Z   set-safe-directory: true
all-pg-fixture-comparison	Run actions/checkout@v4	2026-10-07T02:43:22.1725942Z   allow-unsafe-pr-checkout: false
all-pg-fixture-comparison	Run actions/checkout@v4	2026-10-07T02:43:22.1726439Z ##[endgroup]
all-pg-fixture-comparison	Run actions/checkout@v4	2026-10-07T02:43:22.2740103Z Syncing repository: chivkunovd-bitdenis/WMS
all-pg-fixture-comparison	Run actions/checkout@v4	2026-10-07T02:43:22.2741664Z ##[group]Getting Git version info
all-pg-fixture-comparison	Run actions/checkout@v4	2026-10-07T02:43:22.2742262Z Working directory is '/home/runner/work/WMS/WMS'
all-pg-fixture-comparison	Run actions/checkout@v4	2026-10-07T02:43:22.2743209Z [command]/usr/bin/git version
all-pg-fixture-comparison	Run actions/checkout@v4	2026-10-07T02:43:22.2928299Z git version 2.55.0
all-pg-fixture-comparison	Run actions/checkout@v4	2026-10-07T02:43:22.2953862Z ##[endgroup]
all-pg-fixture-comparison	Run actions/checkout@v4	2026-10-07T02:43:22.2969710Z Temporarily overriding HOME='/home/runner/work/_temp/4ded679d-6594-4392-a652-8ca200bd914c' before making global git config changes
all-pg-fixture-comparison	Run actions/checkout@v4	2026-10-07T02:43:22.2971731Z Adding repository directory to the temporary git global config as a safe directory
all-pg-fixture-comparison	Run actions/checkout@v4	2026-10-07T02:43:22.2974923Z [command]/usr/bin/git config --global --add safe.directory /home/runner/work/WMS/WMS
all-pg-fixture-comparison	Run actions/checkout@v4	2026-10-07T02:43:22.3033779Z Deleting the contents of '/home/runner/work/WMS/WMS'
all-pg-fixture-comparison	Run actions/checkout@v4	2026-10-07T02:43:22.3039851Z ##[group]Initializing the repository
all-pg-fixture-comparison	Run actions/checkout@v4	2026-10-07T02:43:22.3045337Z [command]/usr/bin/git init /home/runner/work/WMS/WMS
all-pg-fixture-comparison	Run actions/checkout@v4	2026-10-07T02:43:22.3164387Z hint: Using 'master' as the name for the initial branch. This default branch name
all-pg-fixture-comparison	Run actions/checkout@v4	2026-10-07T02:43:22.3165255Z hint: will change to "main" in Git 3.0. To configure the initial branch name
all-pg-fixture-comparison	Run actions/checkout@v4	2026-10-07T02:43:22.3166214Z hint: to use in all of your new repositories, which will suppress this warning,
all-pg-fixture-comparison	Run actions/checkout@v4	2026-10-07T02:43:22.3166688Z hint: call:
all-pg-fixture-comparison	Run actions/checkout@v4	2026-10-07T02:43:22.3166914Z hint:
all-pg-fixture-comparison	Run actions/checkout@v4	2026-10-07T02:43:22.3167263Z hint: 	git config --global init.defaultBranch <name>
all-pg-fixture-comparison	Run actions/checkout@v4	2026-10-07T02:43:22.3167640Z hint:
all-pg-fixture-comparison	Run actions/checkout@v4	2026-10-07T02:43:22.3167985Z hint: Names commonly chosen instead of 'master' are 'main', 'trunk' and
all-pg-fixture-comparison	Run actions/checkout@v4	2026-10-07T02:43:22.3168585Z hint: 'development'. The just-created branch can be renamed via this command:
all-pg-fixture-comparison	Run actions/checkout@v4	2026-10-07T02:43:22.3169048Z hint:
all-pg-fixture-comparison	Run actions/checkout@v4	2026-10-07T02:43:22.3169286Z hint: 	git branch -m <name>
all-pg-fixture-comparison	Run actions/checkout@v4	2026-10-07T02:43:22.3169559Z hint:
all-pg-fixture-comparison	Run actions/checkout@v4	2026-10-07T02:43:22.3169936Z hint: Disable this message with "git config set advice.defaultBranchName false"
all-pg-fixture-comparison	Run actions/checkout@v4	2026-10-07T02:43:22.3176715Z Initialized empty Git repository in /home/runner/work/WMS/WMS/.git/
all-pg-fixture-comparison	Run actions/checkout@v4	2026-10-07T02:43:22.3191895Z [command]/usr/bin/git remote add origin https://github.com/chivkunovd-bitdenis/WMS
all-pg-fixture-comparison	Run actions/checkout@v4	2026-10-07T02:43:22.3246835Z ##[endgroup]
all-pg-fixture-comparison	Run actions/checkout@v4	2026-10-07T02:43:22.3247959Z ##[group]Disabling automatic garbage collection
all-pg-fixture-comparison	Run actions/checkout@v4	2026-10-07T02:43:22.3252810Z [command]/usr/bin/git config --local gc.auto 0
all-pg-fixture-comparison	Run actions/checkout@v4	2026-10-07T02:43:22.3286380Z ##[endgroup]
all-pg-fixture-comparison	Run actions/checkout@v4	2026-10-07T02:43:22.3287247Z ##[group]Setting up auth
all-pg-fixture-comparison	Run actions/checkout@v4	2026-10-07T02:43:22.3297077Z [command]/usr/bin/git config --local --name-only --get-regexp core\.sshCommand
all-pg-fixture-comparison	Run actions/checkout@v4	2026-10-07T02:43:22.3330928Z [command]/usr/bin/git submodule foreach --recursive sh -c "git config --local --name-only --get-regexp 'core\.sshCommand' && git config --local --unset-all 'core.sshCommand' || :"
all-pg-fixture-comparison	Run actions/checkout@v4	2026-10-07T02:43:22.3728121Z [command]/usr/bin/git config --local --name-only --get-regexp http\.https\:\/\/github\.com\/\.extraheader
all-pg-fixture-comparison	Run actions/checkout@v4	2026-10-07T02:43:22.3769783Z [command]/usr/bin/git submodule foreach --recursive sh -c "git config --local --name-only --get-regexp 'http\.https\:\/\/github\.com\/\.extraheader' && git config --local --unset-all 'http.https://github.com/.extraheader' || :"
all-pg-fixture-comparison	Run actions/checkout@v4	2026-10-07T02:43:22.4000867Z [command]/usr/bin/git config --local --name-only --get-regexp ^includeIf\.gitdir:
all-pg-fixture-comparison	Run actions/checkout@v4	2026-10-07T02:43:22.4038465Z [command]/usr/bin/git submodule foreach --recursive git config --local --show-origin --name-only --get-regexp remote.origin.url
all-pg-fixture-comparison	Run actions/checkout@v4	2026-10-07T02:43:22.4268642Z [command]/usr/bin/git config --local http.https://github.com/.extraheader AUTHORIZATION: basic ***
all-pg-fixture-comparison	Run actions/checkout@v4	2026-10-07T02:43:22.4312614Z ##[endgroup]
all-pg-fixture-comparison	Run actions/checkout@v4	2026-10-07T02:43:22.4313395Z ##[group]Fetching the repository
all-pg-fixture-comparison	Run actions/checkout@v4	2026-10-07T02:43:22.4323536Z [command]/usr/bin/git -c protocol.version=2 fetch --prune --no-recurse-submodules origin +refs/heads/*:refs/remotes/origin/* +refs/tags/*:refs/tags/*
all-pg-fixture-comparison	Run actions/checkout@v4	2026-10-07T02:43:32.9784001Z From https://github.com/chivkunovd-bitdenis/WMS
all-pg-fixture-comparison	Run actions/checkout@v4	2026-10-07T02:43:32.9787297Z  * [new branch]          archive/night/volna-9-recovery/lane-3/06-picking-list-order-pre-owner-scope-20260823 -> origin/archive/night/volna-9-recovery/lane-3/06-picking-list-order-pre-owner-scope-20260823
all-pg-fixture-comparison	Run actions/checkout@v4	2026-10-07T02:43:32.9789709Z  * [new branch]          archive/staging-20260924-93f511ab -> origin/archive/staging-20260924-93f511ab
all-pg-fixture-comparison	Run actions/checkout@v4	2026-10-07T02:43:32.9791375Z  * [new branch]          archive/staging-before-wms521-20260924 -> origin/archive/staging-before-wms521-20260924
all-pg-fixture-comparison	Run actions/checkout@v4	2026-10-07T02:43:32.9793498Z  * [new branch]          archive/wms415-disputed-candidate-20260910 -> origin/archive/wms415-disputed-candidate-20260910
all-pg-fixture-comparison	Run actions/checkout@v4	2026-10-07T02:43:32.9795354Z  * [new branch]          backlog/fbs-followups-20260812 -> origin/backlog/fbs-followups-20260812
all-pg-fixture-comparison	Run actions/checkout@v4	2026-10-07T02:43:32.9797324Z  * [new branch]          brand/portal-logos-20260811 -> origin/brand/portal-logos-20260811
all-pg-fixture-comparison	Run actions/checkout@v4	2026-10-07T02:43:32.9799032Z  * [new branch]          brand/portal-logos-live-20260811 -> origin/brand/portal-logos-live-20260811
all-pg-fixture-comparison	Run actions/checkout@v4	2026-10-07T02:43:32.9800325Z  * [new branch]          brand/portal-logos-prod-20260811 -> origin/brand/portal-logos-prod-20260811
all-pg-fixture-comparison	Run actions/checkout@v4	2026-10-07T02:43:32.9802017Z  * [new branch]          chore/deploy-smoke-retry-on-main -> origin/chore/deploy-smoke-retry-on-main
all-pg-fixture-comparison	Run actions/checkout@v4	2026-10-07T02:43:32.9803330Z  * [new branch]          chore/operator-change-contract-20260901 -> origin/chore/operator-change-contract-20260901
all-pg-fixture-comparison	Run actions/checkout@v4	2026-10-07T02:43:32.9804665Z  * [new branch]          chore/railway-toml-fix  -> origin/chore/railway-toml-fix
all-pg-fixture-comparison	Run actions/checkout@v4	2026-10-07T02:43:32.9805986Z  * [new branch]          chore/release-via-pr-only-rules -> origin/chore/release-via-pr-only-rules
all-pg-fixture-comparison	Run actions/checkout@v4	2026-10-07T02:43:32.9806716Z  * [new branch]          chore/staging-sync-20261003 -> origin/chore/staging-sync-20261003
all-pg-fixture-comparison	Run actions/checkout@v4	2026-10-07T02:43:32.9807867Z  * [new branch]          chore/wb-emulator-railway-dockerfile -> origin/chore/wb-emulator-railway-dockerfile
all-pg-fixture-comparison	Run actions/checkout@v4	2026-10-07T02:43:32.9809299Z  * [new branch]          chore/wms375-production-evidence-20260906 -> origin/chore/wms375-production-evidence-20260906
all-pg-fixture-comparison	Run actions/checkout@v4	2026-10-07T02:43:32.9810534Z  * [new branch]          chore/wms574-stand      -> origin/chore/wms574-stand
all-pg-fixture-comparison	Run actions/checkout@v4	2026-10-07T02:43:32.9811622Z  * [new branch]          codex/agent-job-1710a7649a6964db -> origin/codex/agent-job-1710a7649a6964db
all-pg-fixture-comparison	Run actions/checkout@v4	2026-10-07T02:43:32.9812865Z  * [new branch]          codex/agent-job-21079e59afb9acdb -> origin/codex/agent-job-21079e59afb9acdb
all-pg-fixture-comparison	Run actions/checkout@v4	2026-10-07T02:43:32.9814092Z  * [new branch]          codex/agent-job-6f3e370ab6217c51 -> origin/codex/agent-job-6f3e370ab6217c51
all-pg-fixture-comparison	Run actions/checkout@v4	2026-10-07T02:43:32.9815240Z  * [new branch]          codex/agent-job-8c954436cd418999 -> origin/codex/agent-job-8c954436cd418999
all-pg-fixture-comparison	Run actions/checkout@v4	2026-10-07T02:43:32.9816660Z  * [new branch]          codex/agent-job-97af6faf8d8c22ac -> origin/codex/agent-job-97af6faf8d8c22ac
all-pg-fixture-comparison	Run actions/checkout@v4	2026-10-07T02:43:32.9817927Z  * [new branch]          codex/agent-job-bb021d7e007fb8a5 -> origin/codex/agent-job-bb021d7e007fb8a5
all-pg-fixture-comparison	Run actions/checkout@v4	2026-10-07T02:43:32.9819226Z  * [new branch]          codex/agent-job-ef71dbb00ee2b150 -> origin/codex/agent-job-ef71dbb00ee2b150
all-pg-fixture-comparison	Run actions/checkout@v4	2026-10-07T02:43:32.9820527Z  * [new branch]          codex/agent-job-fc68bb2705b6850f -> origin/codex/agent-job-fc68bb2705b6850f
all-pg-fixture-comparison	Run actions/checkout@v4	2026-10-07T02:43:32.9821734Z  * [new branch]          codex/artmaks-fbo-mockup -> origin/codex/artmaks-fbo-mockup
all-pg-fixture-comparison	Run actions/checkout@v4	2026-10-07T02:43:32.9822825Z  * [new branch]          codex/backlog40-ci-contracts -> origin/codex/backlog40-ci-contracts
all-pg-fixture-comparison	Run actions/checkout@v4	2026-10-07T02:43:32.9824248Z  * [new branch]          codex/backlog40-ci-pdf  -> origin/codex/backlog40-ci-pdf
all-pg-fixture-comparison	Run actions/checkout@v4	2026-10-07T02:43:32.9825547Z  * [new branch]          codex/billing-journal-20260825 -> origin/codex/billing-journal-20260825
all-pg-fixture-comparison	Run actions/checkout@v4	2026-10-07T02:43:32.9827170Z  * [new branch]          codex/billing-module-20260826 -> origin/codex/billing-module-20260826
all-pg-fixture-comparison	Run actions/checkout@v4	2026-10-07T02:43:32.9828388Z  * [new branch]          codex/billing-stage-finish-20260823 -> origin/codex/billing-stage-finish-20260823
all-pg-fixture-comparison	Run actions/checkout@v4	2026-10-07T02:43:32.9829751Z  * [new branch]          codex/billing-storage-bounds-20260823 -> origin/codex/billing-storage-bounds-20260823
all-pg-fixture-comparison	Run actions/checkout@v4	2026-10-07T02:43:32.9831091Z  * [new branch]          codex/box-label-bulk-print-20260824 -> origin/codex/box-label-bulk-print-20260824
all-pg-fixture-comparison	Run actions/checkout@v4	2026-10-07T02:43:32.9856681Z  * [new branch]          codex/catalog-box-filters-20260824 -> origin/codex/catalog-box-filters-20260824
all-pg-fixture-comparison	Run actions/checkout@v4	2026-10-07T02:43:32.9858116Z  * [new branch]          codex/catalog-box-tabs-source-20260823 -> origin/codex/catalog-box-tabs-source-20260823
all-pg-fixture-comparison	Run actions/checkout@v4	2026-10-07T02:43:32.9859526Z  * [new branch]          codex/cell-contents-scanner-20260824 -> origin/codex/cell-contents-scanner-20260824
all-pg-fixture-comparison	Run actions/checkout@v4	2026-10-07T02:43:32.9860747Z  * [new branch]          codex/fbs-qr-only-print-20260823 -> origin/codex/fbs-qr-only-print-20260823
all-pg-fixture-comparison	Run actions/checkout@v4	2026-10-07T02:43:32.9861996Z  * [new branch]          codex/fix-fbs-stock-publication-20260831 -> origin/codex/fix-fbs-stock-publication-20260831
all-pg-fixture-comparison	Run actions/checkout@v4	2026-10-07T02:43:32.9863307Z  * [new branch]          codex/fix-seller-inbound-empty-picker -> origin/codex/fix-seller-inbound-empty-picker
all-pg-fixture-comparison	Run actions/checkout@v4	2026-10-07T02:43:32.9864650Z  * [new branch]          codex/fix-wb-done-supply-status-prod -> origin/codex/fix-wb-done-supply-status-prod
all-pg-fixture-comparison	Run actions/checkout@v4	2026-10-07T02:43:32.9866487Z  * [new branch]          codex/hotfix-fbs-100-orders-20260820 -> origin/codex/hotfix-fbs-100-orders-20260820
all-pg-fixture-comparison	Run actions/checkout@v4	2026-10-07T02:43:32.9867751Z  * [new branch]          codex/hotfix-fbs-packaging-flag -> origin/codex/hotfix-fbs-packaging-flag
all-pg-fixture-comparison	Run actions/checkout@v4	2026-10-07T02:43:32.9869103Z  * [new branch]          codex/hotfix-ozon-kiz   -> origin/codex/hotfix-ozon-kiz
all-pg-fixture-comparison	Run actions/checkout@v4	2026-10-07T02:43:32.9870105Z  * [new branch]          codex/invoice-row-location -> origin/codex/invoice-row-location
all-pg-fixture-comparison	Run actions/checkout@v4	2026-10-07T02:43:32.9871301Z  * [new branch]          codex/knowledge-inbound-guide-20260824 -> origin/codex/knowledge-inbound-guide-20260824
all-pg-fixture-comparison	Run actions/checkout@v4	2026-10-07T02:43:32.9872560Z  * [new branch]          codex/mp-dashboard-e2e-20260815 -> origin/codex/mp-dashboard-e2e-20260815
all-pg-fixture-comparison	Run actions/checkout@v4	2026-10-07T02:43:32.9873838Z  * [new branch]          codex/night-ready-acceptance-1006 -> origin/codex/night-ready-acceptance-1006
all-pg-fixture-comparison	Run actions/checkout@v4	2026-10-07T02:43:32.9875216Z  * [new branch]          codex/night-ready-candidate-1006-inrepo -> origin/codex/night-ready-candidate-1006-inrepo
all-pg-fixture-comparison	Run actions/checkout@v4	2026-10-07T02:43:32.9876907Z  * [new branch]          codex/night-ready-exact-staging-1006 -> origin/codex/night-ready-exact-staging-1006
all-pg-fixture-comparison	Run actions/checkout@v4	2026-10-07T02:43:32.9878471Z  * [new branch]          codex/night-ready-exact-staging-redis-1006 -> origin/codex/night-ready-exact-staging-redis-1006
all-pg-fixture-comparison	Run actions/checkout@v4	2026-10-07T02:43:32.9879939Z  * [new branch]          codex/night-ready-migration-compat-1006 -> origin/codex/night-ready-migration-compat-1006
all-pg-fixture-comparison	Run actions/checkout@v4	2026-10-07T02:43:32.9881197Z  * [new branch]          codex/night-ready-staging-1006 -> origin/codex/night-ready-staging-1006
all-pg-fixture-comparison	Run actions/checkout@v4	2026-10-07T02:43:32.9882583Z  * [new branch]          codex/night-ready-staging-db-head-rollback-1006 -> origin/codex/night-ready-staging-db-head-rollback-1006
all-pg-fixture-comparison	Run actions/checkout@v4	2026-10-07T02:43:32.9884344Z  * [new branch]          codex/night-ready-staging-migration-deploy-1006 -> origin/codex/night-ready-staging-migration-deploy-1006
all-pg-fixture-comparison	Run actions/checkout@v4	2026-10-07T02:43:32.9886192Z  * [new branch]          codex/night-ready-staging-rollback-1006 -> origin/codex/night-ready-staging-rollback-1006
all-pg-fixture-comparison	Run actions/checkout@v4	2026-10-07T02:43:32.9887487Z  * [new branch]          codex/night-release-5beb52da-1 -> origin/codex/night-release-5beb52da-1
all-pg-fixture-comparison	Run actions/checkout@v4	2026-10-07T02:43:32.9888654Z  * [new branch]          codex/night-requirements-20261006 -> origin/codex/night-requirements-20261006
all-pg-fixture-comparison	Run actions/checkout@v4	2026-10-07T02:43:32.9889969Z  * [new branch]          codex/night1007-658     -> origin/codex/night1007-658
all-pg-fixture-comparison	Run actions/checkout@v4	2026-10-07T02:43:32.9890833Z  * [new branch]          codex/night1007-671-687 -> origin/codex/night1007-671-687
all-pg-fixture-comparison	Run actions/checkout@v4	2026-10-07T02:43:32.9891794Z  * [new branch]          codex/night1007-675-release -> origin/codex/night1007-675-release
all-pg-fixture-comparison	Run actions/checkout@v4	2026-10-07T02:43:32.9892727Z  * [new branch]          codex/night1007-679-680 -> origin/codex/night1007-679-680
all-pg-fixture-comparison	Run actions/checkout@v4	2026-10-07T02:43:32.9893594Z  * [new branch]          codex/night1007-681     -> origin/codex/night1007-681
all-pg-fixture-comparison	Run actions/checkout@v4	2026-10-07T02:43:32.9894459Z  * [new branch]          codex/night1007-684-586 -> origin/codex/night1007-684-586
all-pg-fixture-comparison	Run actions/checkout@v4	2026-10-07T02:43:32.9895411Z  * [new branch]          codex/night1007-integration -> origin/codex/night1007-integration
all-pg-fixture-comparison	Run actions/checkout@v4	2026-10-07T02:43:32.9897145Z  * [new branch]          codex/night1007-print-regressions-646cb4 -> origin/codex/night1007-print-regressions-646cb4
all-pg-fixture-comparison	Run actions/checkout@v4	2026-10-07T02:43:32.9898497Z  * [new branch]          codex/night1007-wms652-ci-fix -> origin/codex/night1007-wms652-ci-fix
all-pg-fixture-comparison	Run actions/checkout@v4	2026-10-07T02:43:32.9899848Z  * [new branch]          codex/owner-frontend-correction-proof-20261006 -> origin/codex/owner-frontend-correction-proof-20261006
all-pg-fixture-comparison	Run actions/checkout@v4	2026-10-07T02:43:32.9901145Z  * [new branch]          codex/ozon-catalog-20260825 -> origin/codex/ozon-catalog-20260825
all-pg-fixture-comparison	Run actions/checkout@v4	2026-10-07T02:43:32.9902111Z  * [new branch]          codex/ozon-fbs-20260825 -> origin/codex/ozon-fbs-20260825
all-pg-fixture-comparison	Run actions/checkout@v4	2026-10-07T02:43:32.9903038Z  * [new branch]          codex/ozon-stock-20260825 -> origin/codex/ozon-stock-20260825
all-pg-fixture-comparison	Run actions/checkout@v4	2026-10-07T02:43:32.9904123Z  * [new branch]          codex/ozon-test-key-marker-20260824 -> origin/codex/ozon-test-key-marker-20260824
all-pg-fixture-comparison	Run actions/checkout@v4	2026-10-07T02:43:32.9905429Z  * [new branch]          codex/priority-five-release-20261006 -> origin/codex/priority-five-release-20261006
all-pg-fixture-comparison	Run actions/checkout@v4	2026-10-07T02:43:32.9907271Z  * [new branch]          codex/priority-five-review-20261006 -> origin/codex/priority-five-review-20261006
all-pg-fixture-comparison	Run actions/checkout@v4	2026-10-07T02:43:32.9908685Z  * [new branch]          codex/priority-five-staging-proof-20261006 -> origin/codex/priority-five-staging-proof-20261006
all-pg-fixture-comparison	Run actions/checkout@v4	2026-10-07T02:43:32.9910060Z  * [new branch]          codex/regress-live-cases-20260825 -> origin/codex/regress-live-cases-20260825
all-pg-fixture-comparison	Run actions/checkout@v4	2026-10-07T02:43:32.9911216Z  * [new branch]          codex/release-20261006-astra-a -> origin/codex/release-20261006-astra-a
all-pg-fixture-comparison	Run actions/checkout@v4	2026-10-07T02:43:32.9912313Z  * [new branch]          codex/release-20261006-astra-b -> origin/codex/release-20261006-astra-b
all-pg-fixture-comparison	Run actions/checkout@v4	2026-10-07T02:43:32.9913411Z  * [new branch]          codex/release-ci-final-20261006 -> origin/codex/release-ci-final-20261006
all-pg-fixture-comparison	Run actions/checkout@v4	2026-10-07T02:43:32.9914505Z  * [new branch]          codex/release-log-2026-09-27 -> origin/codex/release-log-2026-09-27
all-pg-fixture-comparison	Run actions/checkout@v4	2026-10-07T02:43:32.9916001Z  * [new branch]          codex/reporting-backend-core-20260823 -> origin/codex/reporting-backend-core-20260823
all-pg-fixture-comparison	Run actions/checkout@v4	2026-10-07T02:43:32.9917405Z  * [new branch]          codex/reporting-stage-finish-20260823 -> origin/codex/reporting-stage-finish-20260823
all-pg-fixture-comparison	Run actions/checkout@v4	2026-10-07T02:43:32.9918722Z  * [new branch]          codex/staging-sync-login-20260914 -> origin/codex/staging-sync-login-20260914
all-pg-fixture-comparison	Run actions/checkout@v4	2026-10-07T02:43:32.9919902Z  * [new branch]          codex/storage-stage-20260823 -> origin/codex/storage-stage-20260823
all-pg-fixture-comparison	Run actions/checkout@v4	2026-10-07T02:43:32.9920966Z  * [new branch]          codex/trello-wms-20261005 -> origin/codex/trello-wms-20261005
all-pg-fixture-comparison	Run actions/checkout@v4	2026-10-07T02:43:32.9921974Z  * [new branch]          codex/trello-wms-20261006 -> origin/codex/trello-wms-20261006
all-pg-fixture-comparison	Run actions/checkout@v4	2026-10-07T02:43:32.9922985Z  * [new branch]          codex/trello-wms-20261006-1200 -> origin/codex/trello-wms-20261006-1200
all-pg-fixture-comparison	Run actions/checkout@v4	2026-10-07T02:43:32.9924073Z  * [new branch]          codex/tsd-package-20260913 -> origin/codex/tsd-package-20260913
all-pg-fixture-comparison	Run actions/checkout@v4	2026-10-07T02:43:32.9925176Z  * [new branch]          codex/tsd-package-stage-release -> origin/codex/tsd-package-stage-release
all-pg-fixture-comparison	Run actions/checkout@v4	2026-10-07T02:43:32.9926696Z  * [new branch]          codex/tsd-staging-merge-20260913 -> origin/codex/tsd-staging-merge-20260913
all-pg-fixture-comparison	Run actions/checkout@v4	2026-10-07T02:43:32.9927875Z  * [new branch]          codex/volna9-01-backend-only -> origin/codex/volna9-01-backend-only
all-pg-fixture-comparison	Run actions/checkout@v4	2026-10-07T02:43:32.9929230Z  * [new branch]          codex/volna9-02-status-only -> origin/codex/volna9-02-status-only
all-pg-fixture-comparison	Run actions/checkout@v4	2026-10-07T02:43:32.9930372Z  * [new branch]          codex/volna9-03-backend-only -> origin/codex/volna9-03-backend-only
all-pg-fixture-comparison	Run actions/checkout@v4	2026-10-07T02:43:32.9931503Z  * [new branch]          codex/volna9-04-backend-only -> origin/codex/volna9-04-backend-only
all-pg-fixture-comparison	Run actions/checkout@v4	2026-10-07T02:43:32.9932624Z  * [new branch]          codex/volna9-05-backend-only -> origin/codex/volna9-05-backend-only
all-pg-fixture-comparison	Run actions/checkout@v4	2026-10-07T02:43:32.9933849Z  * [new branch]          codex/volna9-06-print-order-only -> origin/codex/volna9-06-print-order-only
all-pg-fixture-comparison	Run actions/checkout@v4	2026-10-07T02:43:32.9935204Z  * [new branch]          codex/weekly-release-20260909 -> origin/codex/weekly-release-20260909
all-pg-fixture-comparison	Run actions/checkout@v4	2026-10-07T02:43:32.9936587Z  * [new branch]          codex/wms-chat-20260911 -> origin/codex/wms-chat-20260911
all-pg-fixture-comparison	Run actions/checkout@v4	2026-10-07T02:43:32.9937632Z  * [new branch]          codex/wms-chat-evening-20260910 -> origin/codex/wms-chat-evening-20260910
all-pg-fixture-comparison	Run actions/checkout@v4	2026-10-07T02:43:32.9938816Z  * [new branch]          codex/wms-integrations-20260911 -> origin/codex/wms-integrations-20260911
all-pg-fixture-comparison	Run actions/checkout@v4	2026-10-07T02:43:32.9939879Z  * [new branch]          codex/wms-ozon-20260911 -> origin/codex/wms-ozon-20260911
all-pg-fixture-comparison	Run actions/checkout@v4	2026-10-07T02:43:32.9940978Z  * [new branch]          codex/wms-ozon-generator-20260911 -> origin/codex/wms-ozon-generator-20260911
all-pg-fixture-comparison	Run actions/checkout@v4	2026-10-07T02:43:32.9942458Z  * [new branch]          codex/wms-pick-container-scan -> origin/codex/wms-pick-container-scan
all-pg-fixture-comparison	Run actions/checkout@v4	2026-10-07T02:43:32.9943764Z  * [new branch]          codex/wms-pipeline-unified-v2-20260820 -> origin/codex/wms-pipeline-unified-v2-20260820
all-pg-fixture-comparison	Run actions/checkout@v4	2026-10-07T02:43:32.9944986Z  * [new branch]          codex/wms-print-20260911 -> origin/codex/wms-print-20260911
all-pg-fixture-comparison	Run actions/checkout@v4	2026-10-07T02:43:32.9946917Z  * [new branch]          codex/wms-priority-legacy-test-harness-20261006 -> origin/codex/wms-priority-legacy-test-harness-20261006
all-pg-fixture-comparison	Run actions/checkout@v4	2026-10-07T02:43:32.9948354Z  * [new branch]          codex/wms-psp-backlog-20260921 -> origin/codex/wms-psp-backlog-20260921
all-pg-fixture-comparison	Run actions/checkout@v4	2026-10-07T02:43:32.9949651Z  * [new branch]          codex/wms-qr-review-evidence-20261006 -> origin/codex/wms-qr-review-evidence-20261006
all-pg-fixture-comparison	Run actions/checkout@v4	2026-10-07T02:43:32.9950868Z  * [new branch]          codex/wms-release-20260911 -> origin/codex/wms-release-20260911
all-pg-fixture-comparison	Run actions/checkout@v4	2026-10-07T02:43:32.9952023Z  * [new branch]          codex/wms-release-ozon-terminal -> origin/codex/wms-release-ozon-terminal
all-pg-fixture-comparison	Run actions/checkout@v4	2026-10-07T02:43:32.9953151Z  * [new branch]          codex/wms-storage-20260911 -> origin/codex/wms-storage-20260911
all-pg-fixture-comparison	Run actions/checkout@v4	2026-10-07T02:43:32.9954237Z  * [new branch]          codex/wms-storage-final-20260911 -> origin/codex/wms-storage-final-20260911
all-pg-fixture-comparison	Run actions/checkout@v4	2026-10-07T02:43:32.9955304Z  * [new branch]          codex/wms-transfer-urgent -> origin/codex/wms-transfer-urgent
all-pg-fixture-comparison	Run actions/checkout@v4	2026-10-07T02:43:32.9957252Z  * [new branch]          codex/wms-wave-storage-category-inbound-split-20260828 -> origin/codex/wms-wave-storage-category-inbound-split-20260828
all-pg-fixture-comparison	Run actions/checkout@v4	2026-10-07T02:43:32.9959108Z  * [new branch]          codex/wms000-night-backlog-normalization -> origin/codex/wms000-night-backlog-normalization
all-pg-fixture-comparison	Run actions/checkout@v4	2026-10-07T02:43:32.9960367Z  * [new branch]          codex/wms010-backlog40  -> origin/codex/wms010-backlog40
all-pg-fixture-comparison	Run actions/checkout@v4	2026-10-07T02:43:32.9961459Z  * [new branch]          codex/wms011-backlog40  -> origin/codex/wms011-backlog40
all-pg-fixture-comparison	Run actions/checkout@v4	2026-10-07T02:43:32.9962690Z  * [new branch]          codex/wms013-backlog40  -> origin/codex/wms013-backlog40
all-pg-fixture-comparison	Run actions/checkout@v4	2026-10-07T02:43:32.9963795Z  * [new branch]          codex/wms040-backlog40  -> origin/codex/wms040-backlog40
all-pg-fixture-comparison	Run actions/checkout@v4	2026-10-07T02:43:32.9964673Z  * [new branch]          codex/wms045-backlog40  -> origin/codex/wms045-backlog40
all-pg-fixture-comparison	Run actions/checkout@v4	2026-10-07T02:43:32.9965991Z  * [new branch]          codex/wms058-availability-followup -> origin/codex/wms058-availability-followup
all-pg-fixture-comparison	Run actions/checkout@v4	2026-10-07T02:43:32.9967075Z  * [new branch]          codex/wms058-backlog40  -> origin/codex/wms058-backlog40
all-pg-fixture-comparison	Run actions/checkout@v4	2026-10-07T02:43:32.9967975Z  * [new branch]          codex/wms058-browser-qa -> origin/codex/wms058-browser-qa
all-pg-fixture-comparison	Run actions/checkout@v4	2026-10-07T02:43:32.9968964Z  * [new branch]          codex/wms058-mp-box-source -> origin/codex/wms058-mp-box-source
all-pg-fixture-comparison	Run actions/checkout@v4	2026-10-07T02:43:32.9970346Z  * [new branch]          codex/wms058-overplan-source -> origin/codex/wms058-overplan-source
all-pg-fixture-comparison	Run actions/checkout@v4	2026-10-07T02:43:32.9971395Z  * [new branch]          codex/wms058-review-fix -> origin/codex/wms058-review-fix
all-pg-fixture-comparison	Run actions/checkout@v4	2026-10-07T02:43:32.9972393Z  * [new branch]          codex/wms080-392-review-fix -> origin/codex/wms080-392-review-fix
all-pg-fixture-comparison	Run actions/checkout@v4	2026-10-07T02:43:32.9973367Z  * [new branch]          codex/wms080-backlog40  -> origin/codex/wms080-backlog40
all-pg-fixture-comparison	Run actions/checkout@v4	2026-10-07T02:43:32.9974258Z  * [new branch]          codex/wms081-backlog40  -> origin/codex/wms081-backlog40
all-pg-fixture-comparison	Run actions/checkout@v4	2026-10-07T02:43:32.9975183Z  * [new branch]          codex/wms081-defect-compat -> origin/codex/wms081-defect-compat
all-pg-fixture-comparison	Run actions/checkout@v4	2026-10-07T02:43:32.9976534Z  * [new branch]          codex/wms082-085-emulator-meta -> origin/codex/wms082-085-emulator-meta
all-pg-fixture-comparison	Run actions/checkout@v4	2026-10-07T02:43:32.9977615Z  * [new branch]          codex/wms082-backlog40  -> origin/codex/wms082-backlog40
all-pg-fixture-comparison	Run actions/checkout@v4	2026-10-07T02:43:32.9978556Z  * [new branch]          codex/wms083-backlog40  -> origin/codex/wms083-backlog40
all-pg-fixture-comparison	Run actions/checkout@v4	2026-10-07T02:43:32.9979481Z  * [new branch]          codex/wms084-backlog40  -> origin/codex/wms084-backlog40
all-pg-fixture-comparison	Run actions/checkout@v4	2026-10-07T02:43:32.9980486Z  * [new branch]          codex/wms084-emulator-delete -> origin/codex/wms084-emulator-delete
all-pg-fixture-comparison	Run actions/checkout@v4	2026-10-07T02:43:32.9981675Z  * [new branch]          codex/wms084-packing-test-contract -> origin/codex/wms084-packing-test-contract
all-pg-fixture-comparison	Run actions/checkout@v4	2026-10-07T02:43:32.9982826Z  * [new branch]          codex/wms084-rebind     -> origin/codex/wms084-rebind
all-pg-fixture-comparison	Run actions/checkout@v4	2026-10-07T02:43:32.9983698Z  * [new branch]          codex/wms085-backlog40  -> origin/codex/wms085-backlog40
all-pg-fixture-comparison	Run actions/checkout@v4	2026-10-07T02:43:32.9984581Z  * [new branch]          codex/wms086-backlog40  -> origin/codex/wms086-backlog40
all-pg-fixture-comparison	Run actions/checkout@v4	2026-10-07T02:43:32.9986021Z  * [new branch]          codex/wms087-backlog40  -> origin/codex/wms087-backlog40
all-pg-fixture-comparison	Run actions/checkout@v4	2026-10-07T02:43:32.9986899Z  * [new branch]          codex/wms091-backlog40  -> origin/codex/wms091-backlog40
all-pg-fixture-comparison	Run actions/checkout@v4	2026-10-07T02:43:32.9987737Z  * [new branch]          codex/wms092-backlog40  -> origin/codex/wms092-backlog40
all-pg-fixture-comparison	Run actions/checkout@v4	2026-10-07T02:43:32.9988638Z  * [new branch]          codex/wms095-backlog40  -> origin/codex/wms095-backlog40
all-pg-fixture-comparison	Run actions/checkout@v4	2026-10-07T02:43:32.9989747Z  * [new branch]          codex/wms095-import-error-backlog40 -> origin/codex/wms095-import-error-backlog40
all-pg-fixture-comparison	Run actions/checkout@v4	2026-10-07T02:43:32.9990963Z  * [new branch]          codex/wms096-backlog40  -> origin/codex/wms096-backlog40
all-pg-fixture-comparison	Run actions/checkout@v4	2026-10-07T02:43:32.9992216Z  * [new branch]          codex/wms110-backlog40  -> origin/codex/wms110-backlog40
all-pg-fixture-comparison	Run actions/checkout@v4	2026-10-07T02:43:32.9993121Z  * [new branch]          codex/wms115-backlog40  -> origin/codex/wms115-backlog40
all-pg-fixture-comparison	Run actions/checkout@v4	2026-10-07T02:43:32.9993989Z  * [new branch]          codex/wms123-backlog40  -> origin/codex/wms123-backlog40
all-pg-fixture-comparison	Run actions/checkout@v4	2026-10-07T02:43:32.9994849Z  * [new branch]          codex/wms272-backlog40  -> origin/codex/wms272-backlog40
all-pg-fixture-comparison	Run actions/checkout@v4	2026-10-07T02:43:32.9996054Z  * [new branch]          codex/wms272-resume-backlog40 -> origin/codex/wms272-resume-backlog40
all-pg-fixture-comparison	Run actions/checkout@v4	2026-10-07T02:43:32.9997124Z  * [new branch]          codex/wms273-backlog40  -> origin/codex/wms273-backlog40
all-pg-fixture-comparison	Run actions/checkout@v4	2026-10-07T02:43:32.9998017Z  * [new branch]          codex/wms276-backlog40  -> origin/codex/wms276-backlog40
all-pg-fixture-comparison	Run actions/checkout@v4	2026-10-07T02:43:32.9998885Z  * [new branch]          codex/wms277-backlog40  -> origin/codex/wms277-backlog40
all-pg-fixture-comparison	Run actions/checkout@v4	2026-10-07T02:43:32.9999725Z  * [new branch]          codex/wms277-catalog    -> origin/codex/wms277-catalog
all-pg-fixture-comparison	Run actions/checkout@v4	2026-10-07T02:43:33.0000767Z  * [new branch]          codex/wms277-import-sku-collision -> origin/codex/wms277-import-sku-collision
all-pg-fixture-comparison	Run actions/checkout@v4	2026-10-07T02:43:33.0001803Z  * [new branch]          codex/wms278-backlog40  -> origin/codex/wms278-backlog40
all-pg-fixture-comparison	Run actions/checkout@v4	2026-10-07T02:43:33.0002660Z  * [new branch]          codex/wms387-training   -> origin/codex/wms387-training
all-pg-fixture-comparison	Run actions/checkout@v4	2026-10-07T02:43:33.0003524Z  * [new branch]          codex/wms389-backlog40  -> origin/codex/wms389-backlog40
all-pg-fixture-comparison	Run actions/checkout@v4	2026-10-07T02:43:33.0004385Z  * [new branch]          codex/wms390-backlog40  -> origin/codex/wms390-backlog40
all-pg-fixture-comparison	Run actions/checkout@v4	2026-10-07T02:43:33.0005825Z  * [new branch]          codex/wms391-backlog40  -> origin/codex/wms391-backlog40
all-pg-fixture-comparison	Run actions/checkout@v4	2026-10-07T02:43:33.0006707Z  * [new branch]          codex/wms392-backlog40  -> origin/codex/wms392-backlog40
all-pg-fixture-comparison	Run actions/checkout@v4	2026-10-07T02:43:33.0007643Z  * [new branch]          codex/wms392-review-tests -> origin/codex/wms392-review-tests
all-pg-fixture-comparison	Run actions/checkout@v4	2026-10-07T02:43:33.0008564Z  * [new branch]          codex/wms394-kiz-ui     -> origin/codex/wms394-kiz-ui
all-pg-fixture-comparison	Run actions/checkout@v4	2026-10-07T02:43:33.0009501Z  * [new branch]          codex/wms395-pool-inline -> origin/codex/wms395-pool-inline
all-pg-fixture-comparison	Run actions/checkout@v4	2026-10-07T02:43:33.0010427Z  * [new branch]          codex/wms396-stage      -> origin/codex/wms396-stage
all-pg-fixture-comparison	Run actions/checkout@v4	2026-10-07T02:43:33.0011400Z  * [new branch]          codex/wms396-staging-release -> origin/codex/wms396-staging-release
all-pg-fixture-comparison	Run actions/checkout@v4	2026-10-07T02:43:33.0012392Z  * [new branch]          codex/wms396-true-api   -> origin/codex/wms396-true-api
all-pg-fixture-comparison	Run actions/checkout@v4	2026-10-07T02:43:33.0013262Z  * [new branch]          codex/wms397-api        -> origin/codex/wms397-api
all-pg-fixture-comparison	Run actions/checkout@v4	2026-10-07T02:43:33.0014172Z  * [new branch]          codex/wms399-chat-design -> origin/codex/wms399-chat-design
all-pg-fixture-comparison	Run actions/checkout@v4	2026-10-07T02:43:33.0015317Z  * [new branch]          codex/wms401-android-build-proof -> origin/codex/wms401-android-build-proof
all-pg-fixture-comparison	Run actions/checkout@v4	2026-10-07T02:43:33.0016809Z  * [new branch]          codex/wms406-backfill-final-plan -> origin/codex/wms406-backfill-final-plan
all-pg-fixture-comparison	Run actions/checkout@v4	2026-10-07T02:43:33.0017886Z  * [new branch]          codex/wms406-invoice    -> origin/codex/wms406-invoice
all-pg-fixture-comparison	Run actions/checkout@v4	2026-10-07T02:43:33.0018771Z  * [new branch]          codex/wms406-report     -> origin/codex/wms406-report
all-pg-fixture-comparison	Run actions/checkout@v4	2026-10-07T02:43:33.0019813Z  * [new branch]          codex/wms408-billing-unification -> origin/codex/wms408-billing-unification
all-pg-fixture-comparison	Run actions/checkout@v4	2026-10-07T02:43:33.0020947Z  * [new branch]          codex/wms415-coord-20260910 -> origin/codex/wms415-coord-20260910
all-pg-fixture-comparison	Run actions/checkout@v4	2026-10-07T02:43:33.0022452Z  * [new branch]          codex/wms418-catalog-publication-filter -> origin/codex/wms418-catalog-publication-filter
all-pg-fixture-comparison	Run actions/checkout@v4	2026-10-07T02:43:33.0023669Z  * [new branch]          codex/wms418-loviana-off -> origin/codex/wms418-loviana-off
all-pg-fixture-comparison	Run actions/checkout@v4	2026-10-07T02:43:33.0024784Z  * [new branch]          codex/wms425-marketplace-hotfix -> origin/codex/wms425-marketplace-hotfix
all-pg-fixture-comparison	Run actions/checkout@v4	2026-10-07T02:43:33.0026226Z  * [new branch]          codex/wms433-stage-user-only -> origin/codex/wms433-stage-user-only
all-pg-fixture-comparison	Run actions/checkout@v4	2026-10-07T02:43:33.0027418Z  * [new branch]          codex/wms433-support-bot-concept -> origin/codex/wms433-support-bot-concept
all-pg-fixture-comparison	Run actions/checkout@v4	2026-10-07T02:43:33.0028567Z  * [new branch]          codex/wms437-analyst-cases -> origin/codex/wms437-analyst-cases
all-pg-fixture-comparison	Run actions/checkout@v4	2026-10-07T02:43:33.0029702Z  * [new branch]          codex/wms437-small-task-process -> origin/codex/wms437-small-task-process
all-pg-fixture-comparison	Run actions/checkout@v4	2026-10-07T02:43:33.0030732Z  * [new branch]          codex/wms440-tsd        -> origin/codex/wms440-tsd
all-pg-fixture-comparison	Run actions/checkout@v4	2026-10-07T02:43:33.0031616Z  * [new branch]          codex/wms440-tsd-ui     -> origin/codex/wms440-tsd-ui
all-pg-fixture-comparison	Run actions/checkout@v4	2026-10-07T02:43:33.0032487Z  * [new branch]          codex/wms441-c10-evidence -> origin/codex/wms441-c10-evidence
all-pg-fixture-comparison	Run actions/checkout@v4	2026-10-07T02:43:33.0033355Z  * [new branch]          codex/wms441-tsd        -> origin/codex/wms441-tsd
all-pg-fixture-comparison	Run actions/checkout@v4	2026-10-07T02:43:33.0034210Z  * [new branch]          codex/wms441-tsd-ui     -> origin/codex/wms441-tsd-ui
all-pg-fixture-comparison	Run actions/checkout@v4	2026-10-07T02:43:33.0035028Z  * [new branch]          codex/wms442-tsd        -> origin/codex/wms442-tsd
all-pg-fixture-comparison	Run actions/checkout@v4	2026-10-07T02:43:33.0036112Z  * [new branch]          codex/wms442-tsd-ui     -> origin/codex/wms442-tsd-ui
all-pg-fixture-comparison	Run actions/checkout@v4	2026-10-07T02:43:33.0036993Z  * [new branch]          codex/wms443-tsd        -> origin/codex/wms443-tsd
all-pg-fixture-comparison	Run actions/checkout@v4	2026-10-07T02:43:33.0037866Z  * [new branch]          codex/wms443-tsd-ui     -> origin/codex/wms443-tsd-ui
all-pg-fixture-comparison	Run actions/checkout@v4	2026-10-07T02:43:33.0038731Z  * [new branch]          codex/wms444-tsd        -> origin/codex/wms444-tsd
all-pg-fixture-comparison	Run actions/checkout@v4	2026-10-07T02:43:33.0039587Z  * [new branch]          codex/wms444-tsd-ui     -> origin/codex/wms444-tsd-ui
all-pg-fixture-comparison	Run actions/checkout@v4	2026-10-07T02:43:33.0040437Z  * [new branch]          codex/wms445-tsd        -> origin/codex/wms445-tsd
all-pg-fixture-comparison	Run actions/checkout@v4	2026-10-07T02:43:33.0041439Z  * [new branch]          codex/wms445-tsd-server-truth -> origin/codex/wms445-tsd-server-truth
all-pg-fixture-comparison	Run actions/checkout@v4	2026-10-07T02:43:33.0042659Z  * [new branch]          codex/wms445-tsd-ui     -> origin/codex/wms445-tsd-ui
all-pg-fixture-comparison	Run actions/checkout@v4	2026-10-07T02:43:33.0043809Z  * [new branch]          codex/wms447-full-marketplace-labels -> origin/codex/wms447-full-marketplace-labels
all-pg-fixture-comparison	Run actions/checkout@v4	2026-10-07T02:43:33.0045002Z  * [new branch]          codex/wms460-fbs-qr-scan -> origin/codex/wms460-fbs-qr-scan
all-pg-fixture-comparison	Run actions/checkout@v4	2026-10-07T02:43:33.0046485Z  * [new branch]          codex/wms475-537-prefetch-ci-repair-20261006 -> origin/codex/wms475-537-prefetch-ci-repair-20261006
all-pg-fixture-comparison	Run actions/checkout@v4	2026-10-07T02:43:33.0048075Z  * [new branch]          codex/wms476-auto-legacy-guard -> origin/codex/wms476-auto-legacy-guard
all-pg-fixture-comparison	Run actions/checkout@v4	2026-10-07T02:43:33.0049278Z  * [new branch]          codex/wms476-implementation-sol-high -> origin/codex/wms476-implementation-sol-high
all-pg-fixture-comparison	Run actions/checkout@v4	2026-10-07T02:43:33.0050600Z  * [new branch]          codex/wms476-staging-release-20260923 -> origin/codex/wms476-staging-release-20260923
all-pg-fixture-comparison	Run actions/checkout@v4	2026-10-07T02:43:33.0051866Z  * [new branch]          codex/wms477-backend-review-fix -> origin/codex/wms477-backend-review-fix
all-pg-fixture-comparison	Run actions/checkout@v4	2026-10-07T02:43:33.0052899Z  * [new branch]          codex/wms477-p3-notice  -> origin/codex/wms477-p3-notice
all-pg-fixture-comparison	Run actions/checkout@v4	2026-10-07T02:43:33.0053951Z  * [new branch]          codex/wms483-prod-release-20260920 -> origin/codex/wms483-prod-release-20260920
all-pg-fixture-comparison	Run actions/checkout@v4	2026-10-07T02:43:33.0055075Z  * [new branch]          codex/wms483-wb-zero-refresh -> origin/codex/wms483-wb-zero-refresh
all-pg-fixture-comparison	Run actions/checkout@v4	2026-10-07T02:43:33.0056364Z  * [new branch]          codex/wms489-staging-release -> origin/codex/wms489-staging-release
all-pg-fixture-comparison	Run actions/checkout@v4	2026-10-07T02:43:33.0057588Z  * [new branch]          codex/wms501-performance-isolation-audit -> origin/codex/wms501-performance-isolation-audit
all-pg-fixture-comparison	Run actions/checkout@v4	2026-10-07T02:43:33.0059018Z  * [new branch]          codex/wms502-stock-sorting-incident -> origin/codex/wms502-stock-sorting-incident
all-pg-fixture-comparison	Run actions/checkout@v4	2026-10-07T02:43:33.0060529Z  * [new branch]          codex/wms506-silent-kiz-print -> origin/codex/wms506-silent-kiz-print
all-pg-fixture-comparison	Run actions/checkout@v4	2026-10-07T02:43:33.0061717Z  * [new branch]          codex/wms508-persistent-form-cards -> origin/codex/wms508-persistent-form-cards
all-pg-fixture-comparison	Run actions/checkout@v4	2026-10-07T02:43:33.0062914Z  * [new branch]          codex/wms514-clickable-mockup -> origin/codex/wms514-clickable-mockup
all-pg-fixture-comparison	Run actions/checkout@v4	2026-10-07T02:43:33.0064101Z  * [new branch]          codex/wms514-staging-release-20260924 -> origin/codex/wms514-staging-release-20260924
all-pg-fixture-comparison	Run actions/checkout@v4	2026-10-07T02:43:33.0065411Z  * [new branch]          codex/wms515-client-registry -> origin/codex/wms515-client-registry
all-pg-fixture-comparison	Run actions/checkout@v4	2026-10-07T02:43:33.0066900Z  * [new branch]          codex/wms517-current-release-analysis -> origin/codex/wms517-current-release-analysis
all-pg-fixture-comparison	Run actions/checkout@v4	2026-10-07T02:43:33.0068333Z  * [new branch]          codex/wms517-dynamicmac-independent-review -> origin/codex/wms517-dynamicmac-independent-review
all-pg-fixture-comparison	Run actions/checkout@v4	2026-10-07T02:43:33.0069764Z  * [new branch]          codex/wms517-mac-dynamic-eligible -> origin/codex/wms517-mac-dynamic-eligible
all-pg-fixture-comparison	Run actions/checkout@v4	2026-10-07T02:43:33.0070947Z  * [new branch]          codex/wms517-mac-test-contract -> origin/codex/wms517-mac-test-contract
all-pg-fixture-comparison	Run actions/checkout@v4	2026-10-07T02:43:33.0072154Z  * [new branch]          codex/wms517-price-by-product-group -> origin/codex/wms517-price-by-product-group
all-pg-fixture-comparison	Run actions/checkout@v4	2026-10-07T02:43:33.0073447Z  * [new branch]          codex/wms517-sales-report-contract -> origin/codex/wms517-sales-report-contract
all-pg-fixture-comparison	Run actions/checkout@v4	2026-10-07T02:43:33.0074802Z  * [new branch]          codex/wms517-scoped-integration-20261006 -> origin/codex/wms517-scoped-integration-20261006
all-pg-fixture-comparison	Run actions/checkout@v4	2026-10-07T02:43:33.0076355Z  * [new branch]          codex/wms517-staging-20261001 -> origin/codex/wms517-staging-20261001
all-pg-fixture-comparison	Run actions/checkout@v4	2026-10-07T02:43:33.0077555Z  * [new branch]          codex/wms519-artifact-pdf-hotfix -> origin/codex/wms519-artifact-pdf-hotfix
all-pg-fixture-comparison	Run actions/checkout@v4	2026-10-07T02:43:33.0078834Z  * [new branch]          codex/wms519-kiz-label-aspect-ratio -> origin/codex/wms519-kiz-label-aspect-ratio
all-pg-fixture-comparison	Run actions/checkout@v4	2026-10-07T02:43:33.0079834Z  * [new branch]          codex/wms519-post-deploy-docs -> origin/codex/wms519-post-deploy-docs
all-pg-fixture-comparison	Run actions/checkout@v4	2026-10-07T02:43:33.0080589Z  * [new branch]          codex/wms520-requirements -> origin/codex/wms520-requirements
all-pg-fixture-comparison	Run actions/checkout@v4	2026-10-07T02:43:33.0081934Z  * [new branch]          codex/wms521-kiz-release -> origin/codex/wms521-kiz-release
all-pg-fixture-comparison	Run actions/checkout@v4	2026-10-07T02:43:33.0082690Z  * [new branch]          codex/wms523-auto-import-pools -> origin/codex/wms523-auto-import-pools
all-pg-fixture-comparison	Run actions/checkout@v4	2026-10-07T02:43:33.0083266Z  * [new branch]          codex/wms524-confirm-order -> origin/codex/wms524-confirm-order
all-pg-fixture-comparison	Run actions/checkout@v4	2026-10-07T02:43:33.0083793Z  * [new branch]          codex/wms524-print-blank -> origin/codex/wms524-print-blank
all-pg-fixture-comparison	Run actions/checkout@v4	2026-10-07T02:43:33.0084328Z  * [new branch]          codex/wms533-client-hardening -> origin/codex/wms533-client-hardening
all-pg-fixture-comparison	Run actions/checkout@v4	2026-10-07T02:43:33.0084851Z  * [new branch]          codex/wms533-five-events -> origin/codex/wms533-five-events
all-pg-fixture-comparison	Run actions/checkout@v4	2026-10-07T02:43:33.0085373Z  * [new branch]          codex/wms533-prod-five-events -> origin/codex/wms533-prod-five-events
all-pg-fixture-comparison	Run actions/checkout@v4	2026-10-07T02:43:33.0086303Z  * [new branch]          codex/wms533-seller-stock-events -> origin/codex/wms533-seller-stock-events
all-pg-fixture-comparison	Run actions/checkout@v4	2026-10-07T02:43:33.0086996Z  * [new branch]          codex/wms537-pg-fixture-review-20261006 -> origin/codex/wms537-pg-fixture-review-20261006
all-pg-fixture-comparison	Run actions/checkout@v4	2026-10-07T02:43:33.0087632Z  * [new branch]          codex/wms550-sorting-scan -> origin/codex/wms550-sorting-scan
all-pg-fixture-comparison	Run actions/checkout@v4	2026-10-07T02:43:33.0088278Z  * [new branch]          codex/wms582-yandex-market-api -> origin/codex/wms582-yandex-market-api
all-pg-fixture-comparison	Run actions/checkout@v4	2026-10-07T02:43:33.0089089Z  * [new branch]          codex/wms584-589-release-evidence-20260930 -> origin/codex/wms584-589-release-evidence-20260930
all-pg-fixture-comparison	Run actions/checkout@v4	2026-10-07T02:43:33.0089762Z  * [new branch]          codex/wms591-avpack-6300 -> origin/codex/wms591-avpack-6300
all-pg-fixture-comparison	Run actions/checkout@v4	2026-10-07T02:43:33.0090266Z  * [new branch]          codex/wms593-597-urgent -> origin/codex/wms593-597-urgent
all-pg-fixture-comparison	Run actions/checkout@v4	2026-10-07T02:43:33.0090777Z  * [new branch]          codex/wms602-fbs-cell-scan -> origin/codex/wms602-fbs-cell-scan
all-pg-fixture-comparison	Run actions/checkout@v4	2026-10-07T02:43:33.0091438Z  * [new branch]          codex/wms603-box-scan   -> origin/codex/wms603-box-scan
all-pg-fixture-comparison	Run actions/checkout@v4	2026-10-07T02:43:33.0092002Z  * [new branch]          codex/wms604-staging-integration -> origin/codex/wms604-staging-integration
all-pg-fixture-comparison	Run actions/checkout@v4	2026-10-07T02:43:33.0092617Z  * [new branch]          codex/wms604-unified-packing -> origin/codex/wms604-unified-packing
all-pg-fixture-comparison	Run actions/checkout@v4	2026-10-07T02:43:33.0093364Z  * [new branch]          codex/wms607-artmaks-acceptance-updater-contract -> origin/codex/wms607-artmaks-acceptance-updater-contract
all-pg-fixture-comparison	Run actions/checkout@v4	2026-10-07T02:43:33.0094149Z  * [new branch]          codex/wms607-artmaks-direct-repair -> origin/codex/wms607-artmaks-direct-repair
all-pg-fixture-comparison	Run actions/checkout@v4	2026-10-07T02:43:33.0094851Z  * [new branch]          codex/wms607-artmaks-installer-findings -> origin/codex/wms607-artmaks-installer-findings
all-pg-fixture-comparison	Run actions/checkout@v4	2026-10-07T02:43:33.0095554Z  * [new branch]          codex/wms607-artmaks-repair-review -> origin/codex/wms607-artmaks-repair-review
all-pg-fixture-comparison	Run actions/checkout@v4	2026-10-07T02:43:33.0096519Z  * [new branch]          codex/wms607-artmaks-test-contract -> origin/codex/wms607-artmaks-test-contract
all-pg-fixture-comparison	Run actions/checkout@v4	2026-10-07T02:43:33.0097156Z  * [new branch]          codex/wms607-instant-print -> origin/codex/wms607-instant-print
all-pg-fixture-comparison	Run actions/checkout@v4	2026-10-07T02:43:33.0097733Z  * [new branch]          codex/wms607-mac-single-binary -> origin/codex/wms607-mac-single-binary
all-pg-fixture-comparison	Run actions/checkout@v4	2026-10-07T02:43:33.0098400Z  * [new branch]          codex/wms607-printer-failure-analysis -> origin/codex/wms607-printer-failure-analysis
all-pg-fixture-comparison	Run actions/checkout@v4	2026-10-07T02:43:33.0099024Z  * [new branch]          codex/wms607-staging-print -> origin/codex/wms607-staging-print
all-pg-fixture-comparison	Run actions/checkout@v4	2026-10-07T02:43:33.0099549Z  * [new branch]          codex/wms607-windows-x64 -> origin/codex/wms607-windows-x64
all-pg-fixture-comparison	Run actions/checkout@v4	2026-10-07T02:43:33.0100100Z  * [new branch]          codex/wms608-scanned-row-first -> origin/codex/wms608-scanned-row-first
all-pg-fixture-comparison	Run actions/checkout@v4	2026-10-07T02:43:33.0100712Z  * [new branch]          codex/wms610-fbs-picking-columns -> origin/codex/wms610-fbs-picking-columns
all-pg-fixture-comparison	Run actions/checkout@v4	2026-10-07T02:43:33.0101340Z  * [new branch]          codex/wms611-fbs-print-disabled -> origin/codex/wms611-fbs-print-disabled
all-pg-fixture-comparison	Run actions/checkout@v4	2026-10-07T02:43:33.0101940Z  * [new branch]          codex/wms612-delivery-checks -> origin/codex/wms612-delivery-checks
all-pg-fixture-comparison	Run actions/checkout@v4	2026-10-07T02:43:33.0102481Z  * [new branch]          codex/wms612-staging-all -> origin/codex/wms612-staging-all
all-pg-fixture-comparison	Run actions/checkout@v4	2026-10-07T02:43:33.0103193Z  * [new branch]          codex/wms614-616-prod-release -> origin/codex/wms614-616-prod-release
all-pg-fixture-comparison	Run actions/checkout@v4	2026-10-07T02:43:33.0103728Z  * [new branch]          codex/wms617-video-demo -> origin/codex/wms617-video-demo
all-pg-fixture-comparison	Run actions/checkout@v4	2026-10-07T02:43:33.0104207Z  * [new branch]          codex/wms618-staging    -> origin/codex/wms618-staging
all-pg-fixture-comparison	Run actions/checkout@v4	2026-10-07T02:43:33.0104723Z  * [new branch]          codex/wms622-fbo-kiz-recovery -> origin/codex/wms622-fbo-kiz-recovery
all-pg-fixture-comparison	Run actions/checkout@v4	2026-10-07T02:43:33.0105329Z  * [new branch]          codex/wms623-artmaks-unused-pdfs -> origin/codex/wms623-artmaks-unused-pdfs
all-pg-fixture-comparison	Run actions/checkout@v4	2026-10-07T02:43:33.0106263Z  * [new branch]          codex/wms624-developer-requests-current -> origin/codex/wms624-developer-requests-current
all-pg-fixture-comparison	Run actions/checkout@v4	2026-10-07T02:43:33.0106907Z  * [new branch]          codex/wms624-sync-cadence -> origin/codex/wms624-sync-cadence
all-pg-fixture-comparison	Run actions/checkout@v4	2026-10-07T02:43:33.0107470Z  * [new branch]          codex/wms625-print-reliability -> origin/codex/wms625-print-reliability
all-pg-fixture-comparison	Run actions/checkout@v4	2026-10-07T02:43:33.0108083Z  * [new branch]          codex/wms626-astra-effort-limit -> origin/codex/wms626-astra-effort-limit
all-pg-fixture-comparison	Run actions/checkout@v4	2026-10-07T02:43:33.0108974Z  * [new branch]          codex/wms627-artmaks-stock-reconcile -> origin/codex/wms627-artmaks-stock-reconcile
all-pg-fixture-comparison	Run actions/checkout@v4	2026-10-07T02:43:33.0109792Z  * [new branch]          codex/wms628-artmaks-wrong-scan -> origin/codex/wms628-artmaks-wrong-scan
all-pg-fixture-comparison	Run actions/checkout@v4	2026-10-07T02:43:33.0110373Z  * [new branch]          codex/wms628-production -> origin/codex/wms628-production
all-pg-fixture-comparison	Run actions/checkout@v4	2026-10-07T02:43:33.0111047Z  * [new branch]          codex/wms629-packing-scroll -> origin/codex/wms629-packing-scroll
all-pg-fixture-comparison	Run actions/checkout@v4	2026-10-07T02:43:33.0111734Z  * [new branch]          codex/wms636-typecheck-validation-20261006 -> origin/codex/wms636-typecheck-validation-20261006
all-pg-fixture-comparison	Run actions/checkout@v4	2026-10-07T02:43:33.0112815Z  * [new branch]          codex/wms651-counter-copy -> origin/codex/wms651-counter-copy
all-pg-fixture-comparison	Run actions/checkout@v4	2026-10-07T02:43:33.0113652Z  * [new branch]          codex/wms652-517-release-acceptance-20261006 -> origin/codex/wms652-517-release-acceptance-20261006
all-pg-fixture-comparison	Run actions/checkout@v4	2026-10-07T02:43:33.0114562Z  * [new branch]          codex/wms652-abort-boundary-review-20261007 -> origin/codex/wms652-abort-boundary-review-20261007
all-pg-fixture-comparison	Run actions/checkout@v4	2026-10-07T02:43:33.0115357Z  * [new branch]          codex/wms652-acceptance-evidence -> origin/codex/wms652-acceptance-evidence
all-pg-fixture-comparison	Run actions/checkout@v4	2026-10-07T02:43:33.0116586Z  * [new branch]          codex/wms652-accepted-reference-contract-20261007 -> origin/codex/wms652-accepted-reference-contract-20261007
all-pg-fixture-comparison	Run actions/checkout@v4	2026-10-07T02:43:33.0117599Z  * [new branch]          codex/wms652-all-pg-fixture-comparison -> origin/codex/wms652-all-pg-fixture-comparison
all-pg-fixture-comparison	Run actions/checkout@v4	2026-10-07T02:43:33.0118469Z  * [new branch]          codex/wms652-backup-boundary-format -> origin/codex/wms652-backup-boundary-format
all-pg-fixture-comparison	Run actions/checkout@v4	2026-10-07T02:43:33.0119243Z  * [new branch]          codex/wms652-backup-fixture-boundary-20261007 -> origin/codex/wms652-backup-fixture-boundary-20261007
all-pg-fixture-comparison	Run actions/checkout@v4	2026-10-07T02:43:33.0120166Z  * [new branch]          codex/wms652-backup-fixture-review -> origin/codex/wms652-backup-fixture-review
all-pg-fixture-comparison	Run actions/checkout@v4	2026-10-07T02:43:33.0121104Z  * [new branch]          codex/wms652-backup-format-ledger-review-20261007 -> origin/codex/wms652-backup-format-ledger-review-20261007
all-pg-fixture-comparison	Run actions/checkout@v4	2026-10-07T02:43:33.0122102Z  * [new branch]          codex/wms652-batch-pid-contract-20261007 -> origin/codex/wms652-batch-pid-contract-20261007
all-pg-fixture-comparison	Run actions/checkout@v4	2026-10-07T02:43:33.0122899Z  * [new branch]          codex/wms652-batch-pid-fixture-fix -> origin/codex/wms652-batch-pid-fixture-fix
all-pg-fixture-comparison	Run actions/checkout@v4	2026-10-07T02:43:33.0123736Z  * [new branch]          codex/wms652-batch-pid-fixture-review-20261007 -> origin/codex/wms652-batch-pid-fixture-review-20261007
all-pg-fixture-comparison	Run actions/checkout@v4	2026-10-07T02:43:33.0124555Z  * [new branch]          codex/wms652-bot-night  -> origin/codex/wms652-bot-night
all-pg-fixture-comparison	Run actions/checkout@v4	2026-10-07T02:43:33.0125299Z  * [new branch]          codex/wms652-cdp-ambiguity-contract-20261007 -> origin/codex/wms652-cdp-ambiguity-contract-20261007
all-pg-fixture-comparison	Run actions/checkout@v4	2026-10-07T02:43:33.0126308Z  * [new branch]          codex/wms652-cdp-cancel-contract-20261007 -> origin/codex/wms652-cdp-cancel-contract-20261007
all-pg-fixture-comparison	Run actions/checkout@v4	2026-10-07T02:43:33.0127431Z  * [new branch]          codex/wms652-cdp-contract-review-20261007 -> origin/codex/wms652-cdp-contract-review-20261007
all-pg-fixture-comparison	Run actions/checkout@v4	2026-10-07T02:43:33.0128445Z  * [new branch]          codex/wms652-cdp-explicit-abort-diagnostic -> origin/codex/wms652-cdp-explicit-abort-diagnostic
all-pg-fixture-comparison	Run actions/checkout@v4	2026-10-07T02:43:33.0129464Z  * [new branch]          codex/wms652-cdp-fixture-source-review-20261007 -> origin/codex/wms652-cdp-fixture-source-review-20261007
all-pg-fixture-comparison	Run actions/checkout@v4	2026-10-07T02:43:33.0130437Z  * [new branch]          codex/wms652-cdp-known-cancel-fixture -> origin/codex/wms652-cdp-known-cancel-fixture
all-pg-fixture-comparison	Run actions/checkout@v4	2026-10-07T02:43:33.0131151Z  * [new branch]          codex/wms652-cdp-r1-rereview-20261007 -> origin/codex/wms652-cdp-r1-rereview-20261007
all-pg-fixture-comparison	Run actions/checkout@v4	2026-10-07T02:43:33.0132060Z  * [new branch]          codex/wms652-checkpoint-requirements -> origin/codex/wms652-checkpoint-requirements
all-pg-fixture-comparison	Run actions/checkout@v4	2026-10-07T02:43:33.0132889Z  * [new branch]          codex/wms652-ci-delta-review -> origin/codex/wms652-ci-delta-review
all-pg-fixture-comparison	Run actions/checkout@v4	2026-10-07T02:43:33.0133442Z  * [new branch]          codex/wms652-ci-two-shards -> origin/codex/wms652-ci-two-shards
all-pg-fixture-comparison	Run actions/checkout@v4	2026-10-07T02:43:33.0134257Z  * [new branch]          codex/wms652-critical-fbs-contracts -> origin/codex/wms652-critical-fbs-contracts
all-pg-fixture-comparison	Run actions/checkout@v4	2026-10-07T02:43:33.0135164Z  * [new branch]          codex/wms652-disjoint-contract-corrections -> origin/codex/wms652-disjoint-contract-corrections
all-pg-fixture-comparison	Run actions/checkout@v4	2026-10-07T02:43:33.0136281Z  * [new branch]          codex/wms652-final-bootstrap-pin-20261007 -> origin/codex/wms652-final-bootstrap-pin-20261007
all-pg-fixture-comparison	Run actions/checkout@v4	2026-10-07T02:43:33.0137278Z  * [new branch]          codex/wms652-final-infrastructure-pin-review-20261007 -> origin/codex/wms652-final-infrastructure-pin-review-20261007
all-pg-fixture-comparison	Run actions/checkout@v4	2026-10-07T02:43:33.0138375Z  * [new branch]          codex/wms652-final-source-pin-review-20261007 -> origin/codex/wms652-final-source-pin-review-20261007
all-pg-fixture-comparison	Run actions/checkout@v4	2026-10-07T02:43:33.0139568Z  * [new branch]          codex/wms652-final-stock-source-pin-20261007 -> origin/codex/wms652-final-stock-source-pin-20261007
all-pg-fixture-comparison	Run actions/checkout@v4	2026-10-07T02:43:33.0140609Z  * [new branch]          codex/wms652-frontend-report-identities-20261007 -> origin/codex/wms652-frontend-report-identities-20261007
all-pg-fixture-comparison	Run actions/checkout@v4	2026-10-07T02:43:33.0141562Z  * [new branch]          codex/wms652-independent-main-check -> origin/codex/wms652-independent-main-check
all-pg-fixture-comparison	Run actions/checkout@v4	2026-10-07T02:43:33.0142432Z  * [new branch]          codex/wms652-infrastructure-acceptance-20261007 -> origin/codex/wms652-infrastructure-acceptance-20261007
all-pg-fixture-comparison	Run actions/checkout@v4	2026-10-07T02:43:33.0143441Z  * [new branch]          codex/wms652-infrastructure-corrections-review-20261007 -> origin/codex/wms652-infrastructure-corrections-review-20261007
all-pg-fixture-comparison	Run actions/checkout@v4	2026-10-07T02:43:33.0144566Z  * [new branch]          codex/wms652-nested-stock-acceptance-20261007 -> origin/codex/wms652-nested-stock-acceptance-20261007
all-pg-fixture-comparison	Run actions/checkout@v4	2026-10-07T02:43:33.0145761Z  * [new branch]          codex/wms652-nested-stock-causal-review-20261007 -> origin/codex/wms652-nested-stock-causal-review-20261007
all-pg-fixture-comparison	Run actions/checkout@v4	2026-10-07T02:43:33.0146804Z  * [new branch]          codex/wms652-nested-stock-fix-review-20261007 -> origin/codex/wms652-nested-stock-fix-review-20261007
all-pg-fixture-comparison	Run actions/checkout@v4	2026-10-07T02:43:33.0147887Z  * [new branch]          codex/wms652-nested-stock-publish-requirements-20261007 -> origin/codex/wms652-nested-stock-publish-requirements-20261007
all-pg-fixture-comparison	Run actions/checkout@v4	2026-10-07T02:43:33.0148991Z  * [new branch]          codex/wms652-nested-stock-test-contract-20261007 -> origin/codex/wms652-nested-stock-test-contract-20261007
all-pg-fixture-comparison	Run actions/checkout@v4	2026-10-07T02:43:33.0149795Z  * [new branch]          codex/wms652-night-reader -> origin/codex/wms652-night-reader
all-pg-fixture-comparison	Run actions/checkout@v4	2026-10-07T02:43:33.0150368Z  * [new branch]          codex/wms652-night-repair -> origin/codex/wms652-night-repair
all-pg-fixture-comparison	Run actions/checkout@v4	2026-10-07T02:43:33.0150941Z  * [new branch]          codex/wms652-pdf-probe  -> origin/codex/wms652-pdf-probe
all-pg-fixture-comparison	Run actions/checkout@v4	2026-10-07T02:43:33.0151659Z  * [new branch]          codex/wms652-pg-collector-peer-review -> origin/codex/wms652-pg-collector-peer-review
all-pg-fixture-comparison	Run actions/checkout@v4	2026-10-07T02:43:33.0152597Z  * [new branch]          codex/wms652-portable-backup-proof-20261007 -> origin/codex/wms652-portable-backup-proof-20261007
all-pg-fixture-comparison	Run actions/checkout@v4	2026-10-07T02:43:33.0153791Z  * [new branch]          codex/wms652-process-fixes-review-20261007 -> origin/codex/wms652-process-fixes-review-20261007
all-pg-fixture-comparison	Run actions/checkout@v4	2026-10-07T02:43:33.0154465Z  * [new branch]          codex/wms652-process-gates -> origin/codex/wms652-process-gates
all-pg-fixture-comparison	Run actions/checkout@v4	2026-10-07T02:43:33.0155331Z  * [new branch]          codex/wms652-process-protection-requirements -> origin/codex/wms652-process-protection-requirements
all-pg-fixture-comparison	Run actions/checkout@v4	2026-10-07T02:43:33.0156465Z  * [new branch]          codex/wms652-prod-env-negative-canary-20261007 -> origin/codex/wms652-prod-env-negative-canary-20261007
all-pg-fixture-comparison	Run actions/checkout@v4	2026-10-07T02:43:33.0157489Z  * [new branch]          codex/wms652-realqr-cdp-lifecycle-diagnostic -> origin/codex/wms652-realqr-cdp-lifecycle-diagnostic
all-pg-fixture-comparison	Run actions/checkout@v4	2026-10-07T02:43:33.0158565Z  * [new branch]          codex/wms652-reference-migration-review-20261007 -> origin/codex/wms652-reference-migration-review-20261007
all-pg-fixture-comparison	Run actions/checkout@v4	2026-10-07T02:43:33.0159322Z  * [new branch]          codex/wms652-regression-guard -> origin/codex/wms652-regression-guard
all-pg-fixture-comparison	Run actions/checkout@v4	2026-10-07T02:43:33.0160133Z  * [new branch]          codex/wms652-release-ci-20261006 -> origin/codex/wms652-release-ci-20261006
all-pg-fixture-comparison	Run actions/checkout@v4	2026-10-07T02:43:33.0161051Z  * [new branch]          codex/wms652-release-execution-evidence-20261007 -> origin/codex/wms652-release-execution-evidence-20261007
all-pg-fixture-comparison	Run actions/checkout@v4	2026-10-07T02:43:33.0162147Z  * [new branch]          codex/wms652-remount-interception-diagnosis-20261007 -> origin/codex/wms652-remount-interception-diagnosis-20261007
all-pg-fixture-comparison	Run actions/checkout@v4	2026-10-07T02:43:33.0163091Z  * [new branch]          codex/wms652-required-check-canary-20261006 -> origin/codex/wms652-required-check-canary-20261006
all-pg-fixture-comparison	Run actions/checkout@v4	2026-10-07T02:43:33.0164006Z  * [new branch]          codex/wms652-reviewed-contract-corrections -> origin/codex/wms652-reviewed-contract-corrections
all-pg-fixture-comparison	Run actions/checkout@v4	2026-10-07T02:43:33.0165213Z  * [new branch]          codex/wms652-reviewed-infrastructure-pin-20261007 -> origin/codex/wms652-reviewed-infrastructure-pin-20261007
all-pg-fixture-comparison	Run actions/checkout@v4	2026-10-07T02:43:33.0166377Z  * [new branch]          codex/wms652-reviewed-stock-source-pin-20261007 -> origin/codex/wms652-reviewed-stock-source-pin-20261007
all-pg-fixture-comparison	Run actions/checkout@v4	2026-10-07T02:43:33.0167299Z  * [new branch]          codex/wms652-server-deploy-gate -> origin/codex/wms652-server-deploy-gate
all-pg-fixture-comparison	Run actions/checkout@v4	2026-10-07T02:43:33.0167888Z  * [new branch]          codex/wms652-sonnet-frontend -> origin/codex/wms652-sonnet-frontend
all-pg-fixture-comparison	Run actions/checkout@v4	2026-10-07T02:43:33.0168711Z  * [new branch]          codex/wms652-stock-outer-commit-guard -> origin/codex/wms652-stock-outer-commit-guard
all-pg-fixture-comparison	Run actions/checkout@v4	2026-10-07T02:43:33.0169508Z  * [new branch]          codex/wms652-trusted-anchor -> origin/codex/wms652-trusted-anchor
all-pg-fixture-comparison	Run actions/checkout@v4	2026-10-07T02:43:33.0170034Z  * [new branch]          codex/wms652-ui-gate    -> origin/codex/wms652-ui-gate
all-pg-fixture-comparison	Run actions/checkout@v4	2026-10-07T02:43:33.0170839Z  * [new branch]          codex/wms652-warehouse-sc-sqlite-diagnostic -> origin/codex/wms652-warehouse-sc-sqlite-diagnostic
all-pg-fixture-comparison	Run actions/checkout@v4	2026-10-07T02:43:33.0171642Z  * [new branch]          codex/wms653-scope-attribution-20261006 -> origin/codex/wms653-scope-attribution-20261006
all-pg-fixture-comparison	Run actions/checkout@v4	2026-10-07T02:43:33.0172623Z  * [new branch]          codex/wms653-scope-independent-review-20261006 -> origin/codex/wms653-scope-independent-review-20261006
all-pg-fixture-comparison	Run actions/checkout@v4	2026-10-07T02:43:33.0173553Z  * [new branch]          codex/wms653-shared-proof-independent-review-20261006 -> origin/codex/wms653-shared-proof-independent-review-20261006
all-pg-fixture-comparison	Run actions/checkout@v4	2026-10-07T02:43:33.0174489Z  * [new branch]          codex/wms654-product-20261006 -> origin/codex/wms654-product-20261006
all-pg-fixture-comparison	Run actions/checkout@v4	2026-10-07T02:43:33.0175077Z  * [new branch]          codex/wms659-imperia-boxes -> origin/codex/wms659-imperia-boxes
all-pg-fixture-comparison	Run actions/checkout@v4	2026-10-07T02:43:33.0175695Z  * [new branch]          codex/wms660-barcodes   -> origin/codex/wms660-barcodes
all-pg-fixture-comparison	Run actions/checkout@v4	2026-10-07T02:43:33.0176331Z  * [new branch]          codex/wms661-analyst-20261006 -> origin/codex/wms661-analyst-20261006
all-pg-fixture-comparison	Run actions/checkout@v4	2026-10-07T02:43:33.0176974Z  * [new branch]          codex/wms661-installed-baseline-tests -> origin/codex/wms661-installed-baseline-tests
all-pg-fixture-comparison	Run actions/checkout@v4	2026-10-07T02:43:33.0177719Z  * [new branch]          codex/wms661-reviewed-ordered-integration -> origin/codex/wms661-reviewed-ordered-integration
all-pg-fixture-comparison	Run actions/checkout@v4	2026-10-07T02:43:33.0178864Z  * [new branch]          codex/wms661-runtime-preflight-20261006 -> origin/codex/wms661-runtime-preflight-20261006
all-pg-fixture-comparison	Run actions/checkout@v4	2026-10-07T02:43:33.0179639Z  * [new branch]          codex/wms661-testwriter-baseline-20261006 -> origin/codex/wms661-testwriter-baseline-20261006
all-pg-fixture-comparison	Run actions/checkout@v4	2026-10-07T02:43:33.0180482Z  * [new branch]          codex/wms662-663-owner-supersession-gate-20261006 -> origin/codex/wms662-663-owner-supersession-gate-20261006
all-pg-fixture-comparison	Run actions/checkout@v4	2026-10-07T02:43:33.0181183Z  * [new branch]          codex/wms662-663-priority -> origin/codex/wms662-663-priority
all-pg-fixture-comparison	Run actions/checkout@v4	2026-10-07T02:43:33.0181694Z  * [new branch]          codex/wms662-f6-testwriter -> origin/codex/wms662-f6-testwriter
all-pg-fixture-comparison	Run actions/checkout@v4	2026-10-07T02:43:33.0182371Z  * [new branch]          codex/wms662-format-only-correction-20261006 -> origin/codex/wms662-format-only-correction-20261006
all-pg-fixture-comparison	Run actions/checkout@v4	2026-10-07T02:43:33.0183181Z  * [new branch]          codex/wms662-live-delivery-contract-20261006 -> origin/codex/wms662-live-delivery-contract-20261006
all-pg-fixture-comparison	Run actions/checkout@v4	2026-10-07T02:43:33.0183970Z  * [new branch]          codex/wms662-prod-handoff -> origin/codex/wms662-prod-handoff
all-pg-fixture-comparison	Run actions/checkout@v4	2026-10-07T02:43:33.0184509Z  * [new branch]          codex/wms662-review-c36b8ab -> origin/codex/wms662-review-c36b8ab
all-pg-fixture-comparison	Run actions/checkout@v4	2026-10-07T02:43:33.0185157Z  * [new branch]          codex/wms662-scoped-integration-20261006 -> origin/codex/wms662-scoped-integration-20261006
all-pg-fixture-comparison	Run actions/checkout@v4	2026-10-07T02:43:33.0186252Z  * [new branch]          codex/wms663-boxes-single-checkbox-20261006 -> origin/codex/wms663-boxes-single-checkbox-20261006
all-pg-fixture-comparison	Run actions/checkout@v4	2026-10-07T02:43:33.0187112Z  * [new branch]          codex/wms663-owner-checkbox-test-contract-20261006 -> origin/codex/wms663-owner-checkbox-test-contract-20261006
all-pg-fixture-comparison	Run actions/checkout@v4	2026-10-07T02:43:33.0188000Z  * [new branch]          codex/wms663-pre-set-recovery-contract-20261006 -> origin/codex/wms663-pre-set-recovery-contract-20261006
all-pg-fixture-comparison	Run actions/checkout@v4	2026-10-07T02:43:33.0189002Z  * [new branch]          codex/wms663-readonly-ozon-status-20261006 -> origin/codex/wms663-readonly-ozon-status-20261006
all-pg-fixture-comparison	Run actions/checkout@v4	2026-10-07T02:43:33.0189760Z  * [new branch]          codex/wms663-release-retry-acceptance -> origin/codex/wms663-release-retry-acceptance
all-pg-fixture-comparison	Run actions/checkout@v4	2026-10-07T02:43:33.0190425Z  * [new branch]          codex/wms663-release-retry-fix -> origin/codex/wms663-release-retry-fix
all-pg-fixture-comparison	Run actions/checkout@v4	2026-10-07T02:43:33.0191212Z  * [new branch]          codex/wms663-required-order-checkbox-contract-20261006 -> origin/codex/wms663-required-order-checkbox-contract-20261006
all-pg-fixture-comparison	Run actions/checkout@v4	2026-10-07T02:43:33.0192211Z  * [new branch]          codex/wms663-requirements-completeness-contract-20261006 -> origin/codex/wms663-requirements-completeness-contract-20261006
all-pg-fixture-comparison	Run actions/checkout@v4	2026-10-07T02:43:33.0193061Z  * [new branch]          codex/wms663-retry-contract-20261006 -> origin/codex/wms663-retry-contract-20261006
all-pg-fixture-comparison	Run actions/checkout@v4	2026-10-07T02:43:33.0193753Z  * [new branch]          codex/wms663-scoped-priority-20261006 -> origin/codex/wms663-scoped-priority-20261006
all-pg-fixture-comparison	Run actions/checkout@v4	2026-10-07T02:43:33.0194388Z  * [new branch]          codex/wms664-dispatcher-stall -> origin/codex/wms664-dispatcher-stall
all-pg-fixture-comparison	Run actions/checkout@v4	2026-10-07T02:43:33.0195040Z  * [new branch]          codex/wms665-avpack-withdrawal-helper -> origin/codex/wms665-avpack-withdrawal-helper
all-pg-fixture-comparison	Run actions/checkout@v4	2026-10-07T02:43:33.0195965Z  * [new branch]          codex/wms665-full-sold-operational-check-20261006 -> origin/codex/wms665-full-sold-operational-check-20261006
all-pg-fixture-comparison	Run actions/checkout@v4	2026-10-07T02:43:33.0196844Z  * [new branch]          codex/wms665-production-url-hotfix-20261006 -> origin/codex/wms665-production-url-hotfix-20261006
all-pg-fixture-comparison	Run actions/checkout@v4	2026-10-07T02:43:33.0197706Z  * [new branch]          codex/wms666-ci-history-independent-review-20261006 -> origin/codex/wms666-ci-history-independent-review-20261006
all-pg-fixture-comparison	Run actions/checkout@v4	2026-10-07T02:43:33.0198535Z  * [new branch]          codex/wms666-ci-history-scope-20261006 -> origin/codex/wms666-ci-history-scope-20261006
all-pg-fixture-comparison	Run actions/checkout@v4	2026-10-07T02:43:33.0199414Z  * [new branch]          codex/wms666-ci-qr-finish-20261006 -> origin/codex/wms666-ci-qr-finish-20261006
all-pg-fixture-comparison	Run actions/checkout@v4	2026-10-07T02:43:33.0200130Z  * [new branch]          codex/wms666-doc-history-scope-fix-20261006 -> origin/codex/wms666-doc-history-scope-fix-20261006
all-pg-fixture-comparison	Run actions/checkout@v4	2026-10-07T02:43:33.0201069Z  * [new branch]          codex/wms666-legacy-harness-review-20261006 -> origin/codex/wms666-legacy-harness-review-20261006
all-pg-fixture-comparison	Run actions/checkout@v4	2026-10-07T02:43:33.0201801Z  * [new branch]          codex/wms666-priority-etalon-20261006 -> origin/codex/wms666-priority-etalon-20261006
all-pg-fixture-comparison	Run actions/checkout@v4	2026-10-07T02:43:33.0202488Z  * [new branch]          codex/wms666-release-c11-acceptance -> origin/codex/wms666-release-c11-acceptance
all-pg-fixture-comparison	Run actions/checkout@v4	2026-10-07T02:43:33.0203226Z  * [new branch]          codex/wms666-remote-browser-proof-20261006 -> origin/codex/wms666-remote-browser-proof-20261006
all-pg-fixture-comparison	Run actions/checkout@v4	2026-10-07T02:43:33.0204016Z  * [new branch]          codex/wms666-staging-c11-acceptance-20261006 -> origin/codex/wms666-staging-c11-acceptance-20261006
all-pg-fixture-comparison	Run actions/checkout@v4	2026-10-07T02:43:33.0204811Z  * [new branch]          codex/wms666-task-scope-correction-20261006 -> origin/codex/wms666-task-scope-correction-20261006
all-pg-fixture-comparison	Run actions/checkout@v4	2026-10-07T02:43:33.0205521Z  * [new branch]          codex/wms666-unified-fbs-packing -> origin/codex/wms666-unified-fbs-packing
all-pg-fixture-comparison	Run actions/checkout@v4	2026-10-07T02:43:33.0206227Z  * [new branch]          codex/wms667-stock-filter -> origin/codex/wms667-stock-filter
all-pg-fixture-comparison	Run actions/checkout@v4	2026-10-07T02:43:33.0206747Z  * [new branch]          codex/wms667-visual-runner -> origin/codex/wms667-visual-runner
all-pg-fixture-comparison	Run actions/checkout@v4	2026-10-07T02:43:33.0207343Z  * [new branch]          codex/wms668-dispatcher-batch-final -> origin/codex/wms668-dispatcher-batch-final
all-pg-fixture-comparison	Run actions/checkout@v4	2026-10-07T02:43:33.0208112Z  * [new branch]          codex/wms669-urgent-confirmed-contract-20261006 -> origin/codex/wms669-urgent-confirmed-contract-20261006
all-pg-fixture-comparison	Run actions/checkout@v4	2026-10-07T02:43:33.0208866Z  * [new branch]          codex/wms672-673-analyst-20261006 -> origin/codex/wms672-673-analyst-20261006
all-pg-fixture-comparison	Run actions/checkout@v4	2026-10-07T02:43:33.0209559Z  * [new branch]          codex/wms672-673-prerequisite-integration -> origin/codex/wms672-673-prerequisite-integration
all-pg-fixture-comparison	Run actions/checkout@v4	2026-10-07T02:43:33.0210385Z  * [new branch]          codex/wms672-c5-cache-clock-trace -> origin/codex/wms672-c5-cache-clock-trace
all-pg-fixture-comparison	Run actions/checkout@v4	2026-10-07T02:43:33.0211001Z  * [new branch]          codex/wms672-c5-cache-debug-trace -> origin/codex/wms672-c5-cache-debug-trace
all-pg-fixture-comparison	Run actions/checkout@v4	2026-10-07T02:43:33.0211582Z  * [new branch]          codex/wms672-c5-cache-trace -> origin/codex/wms672-c5-cache-trace
all-pg-fixture-comparison	Run actions/checkout@v4	2026-10-07T02:43:33.0212149Z  * [new branch]          codex/wms672-c5-linux-diagnostic -> origin/codex/wms672-c5-linux-diagnostic
all-pg-fixture-comparison	Run actions/checkout@v4	2026-10-07T02:43:33.0212747Z  * [new branch]          codex/wms672-c5-linux-fix-check -> origin/codex/wms672-c5-linux-fix-check
all-pg-fixture-comparison	Run actions/checkout@v4	2026-10-07T02:43:33.0213344Z  * [new branch]          codex/wms672-c5-peer-drain-check -> origin/codex/wms672-c5-peer-drain-check
all-pg-fixture-comparison	Run actions/checkout@v4	2026-10-07T02:43:33.0214048Z  * [new branch]          codex/wms672-c5-raster-resource-comparison -> origin/codex/wms672-c5-raster-resource-comparison
all-pg-fixture-comparison	Run actions/checkout@v4	2026-10-07T02:43:33.0214760Z  * [new branch]          codex/wms672-c5-target-cache-trace -> origin/codex/wms672-c5-target-cache-trace
all-pg-fixture-comparison	Run actions/checkout@v4	2026-10-07T02:43:33.0215451Z  * [new branch]          codex/wms672-functional-finish-20261006 -> origin/codex/wms672-functional-finish-20261006
all-pg-fixture-comparison	Run actions/checkout@v4	2026-10-07T02:43:33.0216337Z  * [new branch]          codex/wms672-native-decode-fix -> origin/codex/wms672-native-decode-fix
all-pg-fixture-comparison	Run actions/checkout@v4	2026-10-07T02:43:33.0217031Z  * [new branch]          codex/wms672-native-error-contract-20261007 -> origin/codex/wms672-native-error-contract-20261007
all-pg-fixture-comparison	Run actions/checkout@v4	2026-10-07T02:43:33.0217711Z  * [new branch]          codex/wms672-native-fix-review -> origin/codex/wms672-native-fix-review
all-pg-fixture-comparison	Run actions/checkout@v4	2026-10-07T02:43:33.0218382Z  * [new branch]          codex/wms672-peer-drain-contract-20261007 -> origin/codex/wms672-peer-drain-contract-20261007
all-pg-fixture-comparison	Run actions/checkout@v4	2026-10-07T02:43:33.0219124Z  * [new branch]          codex/wms672-peer-drain-source-review -> origin/codex/wms672-peer-drain-source-review
all-pg-fixture-comparison	Run actions/checkout@v4	2026-10-07T02:43:33.0219905Z  * [new branch]          codex/wms672-raster-analyst-acceptance-20261007 -> origin/codex/wms672-raster-analyst-acceptance-20261007
all-pg-fixture-comparison	Run actions/checkout@v4	2026-10-07T02:43:33.0220753Z  * [new branch]          codex/wms672-raster-resource-contract-20261007 -> origin/codex/wms672-raster-resource-contract-20261007
all-pg-fixture-comparison	Run actions/checkout@v4	2026-10-07T02:43:33.0221473Z  * [new branch]          codex/wms672-raster-resource-fix -> origin/codex/wms672-raster-resource-fix
all-pg-fixture-comparison	Run actions/checkout@v4	2026-10-07T02:43:33.0222315Z  * [new branch]          codex/wms672-raster-resource-review-20261007 -> origin/codex/wms672-raster-resource-review-20261007
all-pg-fixture-comparison	Run actions/checkout@v4	2026-10-07T02:43:33.0223086Z  * [new branch]          codex/wms675-ci-topology-proof-20261006 -> origin/codex/wms675-ci-topology-proof-20261006
all-pg-fixture-comparison	Run actions/checkout@v4	2026-10-07T02:43:33.0223838Z  * [new branch]          codex/wms675-incident-regression-20261006 -> origin/codex/wms675-incident-regression-20261006
all-pg-fixture-comparison	Run actions/checkout@v4	2026-10-07T02:43:33.0224596Z  * [new branch]          codex/wms675-live-reconciliation-20261006 -> origin/codex/wms675-live-reconciliation-20261006
all-pg-fixture-comparison	Run actions/checkout@v4	2026-10-07T02:43:33.0225414Z  * [new branch]          codex/wms676-crosscheck-astra -> origin/codex/wms676-crosscheck-astra
all-pg-fixture-comparison	Run actions/checkout@v4	2026-10-07T02:43:33.0226219Z  * [new branch]          codex/wms676-night-review-fallback -> origin/codex/wms676-night-review-fallback
all-pg-fixture-comparison	Run actions/checkout@v4	2026-10-07T02:43:33.0227012Z  * [new branch]          codex/wms676-sol61-pipeline -> origin/codex/wms676-sol61-pipeline
all-pg-fixture-comparison	Run actions/checkout@v4	2026-10-07T02:43:33.0227632Z  * [new branch]          codex/wms679-fbw-analysis-source349 -> origin/codex/wms679-fbw-analysis-source349
all-pg-fixture-comparison	Run actions/checkout@v4	2026-10-07T02:43:33.0228341Z  * [new branch]          codex/wms681-682-morning-intake-20261006 -> origin/codex/wms681-682-morning-intake-20261006
all-pg-fixture-comparison	Run actions/checkout@v4	2026-10-07T02:43:33.0228969Z  * [new branch]          codex/wms681-qr-recovery -> origin/codex/wms681-qr-recovery
all-pg-fixture-comparison	Run actions/checkout@v4	2026-10-07T02:43:33.0229526Z  * [new branch]          codex/wms681-real-wb-qr-hotfix -> origin/codex/wms681-real-wb-qr-hotfix
all-pg-fixture-comparison	Run actions/checkout@v4	2026-10-07T02:43:33.0230138Z  * [new branch]          deploy/wb-emulator-real-order-qr -> origin/deploy/wb-emulator-real-order-qr
all-pg-fixture-comparison	Run actions/checkout@v4	2026-10-07T02:43:33.0230768Z  * [new branch]          docs/owner-requirements-20260831 -> origin/docs/owner-requirements-20260831
all-pg-fixture-comparison	Run actions/checkout@v4	2026-10-07T02:43:33.0231600Z  * [new branch]          docs/wms-system-review-protocol-20260812 -> origin/docs/wms-system-review-protocol-20260812
all-pg-fixture-comparison	Run actions/checkout@v4	2026-10-07T02:43:33.0232227Z  * [new branch]          docs/wms469-470-backlog -> origin/docs/wms469-470-backlog
all-pg-fixture-comparison	Run actions/checkout@v4	2026-10-07T02:43:33.0232767Z  * [new branch]          docs/wms561-ship-by-in-supply -> origin/docs/wms561-ship-by-in-supply
all-pg-fixture-comparison	Run actions/checkout@v4	2026-10-07T02:43:33.0233359Z  * [new branch]          docs/wms584-585-tsd-walkthrough -> origin/docs/wms584-585-tsd-walkthrough
all-pg-fixture-comparison	Run actions/checkout@v4	2026-10-07T02:43:33.0233965Z  * [new branch]          docs/wms648-ozon-catalog-backlog -> origin/docs/wms648-ozon-catalog-backlog
all-pg-fixture-comparison	Run actions/checkout@v4	2026-10-07T02:43:33.0234568Z  * [new branch]          docs/wms649-shk-po-ploshchadke -> origin/docs/wms649-shk-po-ploshchadke
all-pg-fixture-comparison	Run actions/checkout@v4	2026-10-07T02:43:33.0235065Z  * [new branch]          etalon                  -> origin/etalon
all-pg-fixture-comparison	Run actions/checkout@v4	2026-10-07T02:43:33.0235669Z  * [new branch]          feat/cz-print-split-artifact -> origin/feat/cz-print-split-artifact
all-pg-fixture-comparison	Run actions/checkout@v4	2026-10-07T02:43:33.0236300Z  * [new branch]          feat/fbs-warehouse-filter-20260812 -> origin/feat/fbs-warehouse-filter-20260812
all-pg-fixture-comparison	Run actions/checkout@v4	2026-10-07T02:43:33.0236933Z  * [new branch]          feat/ff-inbound-create-20260812 -> origin/feat/ff-inbound-create-20260812
all-pg-fixture-comparison	Run actions/checkout@v4	2026-10-07T02:43:33.0237540Z  * [new branch]          feat/marking-import-s3-storage -> origin/feat/marking-import-s3-storage
all-pg-fixture-comparison	Run actions/checkout@v4	2026-10-07T02:43:33.0238100Z  * [new branch]          feat/mobile-fbs-demo-seed -> origin/feat/mobile-fbs-demo-seed
all-pg-fixture-comparison	Run actions/checkout@v4	2026-10-07T02:43:33.0238637Z  * [new branch]          feat/product-barcode-print -> origin/feat/product-barcode-print
all-pg-fixture-comparison	Run actions/checkout@v4	2026-10-07T02:43:33.0239153Z  * [new branch]          feat/wms056-audit-trail -> origin/feat/wms056-audit-trail
all-pg-fixture-comparison	Run actions/checkout@v4	2026-10-07T02:43:33.0239658Z  * [new branch]          feat/wms062-warehouse-docs -> origin/feat/wms062-warehouse-docs
all-pg-fixture-comparison	Run actions/checkout@v4	2026-10-07T02:43:33.0240197Z  * [new branch]          feat/wms111-wb-cancel-return -> origin/feat/wms111-wb-cancel-return
all-pg-fixture-comparison	Run actions/checkout@v4	2026-10-07T02:43:33.0240750Z  * [new branch]          feat/wms121-supply-identity -> origin/feat/wms121-supply-identity
all-pg-fixture-comparison	Run actions/checkout@v4	2026-10-07T02:43:33.0241290Z  * [new branch]          feat/wms270-login-and-ports -> origin/feat/wms270-login-and-ports
all-pg-fixture-comparison	Run actions/checkout@v4	2026-10-07T02:43:33.0241842Z  * [new branch]          feat/wms338-stock-min-formula -> origin/feat/wms338-stock-min-formula
all-pg-fixture-comparison	Run actions/checkout@v4	2026-10-07T02:43:33.0242540Z  * [new branch]          feat/wms349-merge-service -> origin/feat/wms349-merge-service
all-pg-fixture-comparison	Run actions/checkout@v4	2026-10-07T02:43:33.0243027Z  * [new branch]          feat/wms363-ozon-tsd    -> origin/feat/wms363-ozon-tsd
all-pg-fixture-comparison	Run actions/checkout@v4	2026-10-07T02:43:33.0243483Z  * [new branch]          feat/wms397-chat-mvp    -> origin/feat/wms397-chat-mvp
all-pg-fixture-comparison	Run actions/checkout@v4	2026-10-07T02:43:33.0243975Z  * [new branch]          feat/wms401-mobile-followup -> origin/feat/wms401-mobile-followup
all-pg-fixture-comparison	Run actions/checkout@v4	2026-10-07T02:43:33.0244530Z  * [new branch]          feat/wms433-assistant-release -> origin/feat/wms433-assistant-release
all-pg-fixture-comparison	Run actions/checkout@v4	2026-10-07T02:43:33.0245085Z  * [new branch]          feat/wms433-tenant-rollout -> origin/feat/wms433-tenant-rollout
all-pg-fixture-comparison	Run actions/checkout@v4	2026-10-07T02:43:33.0245720Z  * [new branch]          feat/wms447-fbs-box-count -> origin/feat/wms447-fbs-box-count
all-pg-fixture-comparison	Run actions/checkout@v4	2026-10-07T02:43:33.0246293Z  * [new branch]          feat/wms453-455-boxes-shared-pool -> origin/feat/wms453-455-boxes-shared-pool
all-pg-fixture-comparison	Run actions/checkout@v4	2026-10-07T02:43:33.0246864Z  * [new branch]          feat/wms469-stock-dialog -> origin/feat/wms469-stock-dialog
all-pg-fixture-comparison	Run actions/checkout@v4	2026-10-07T02:43:33.0247390Z  * [new branch]          feat/wms529-stock-vs-location -> origin/feat/wms529-stock-vs-location
all-pg-fixture-comparison	Run actions/checkout@v4	2026-10-07T02:43:33.0247915Z  * [new branch]          feat/wms534-intake-box  -> origin/feat/wms534-intake-box
all-pg-fixture-comparison	Run actions/checkout@v4	2026-10-07T02:43:33.0248384Z  * [new branch]          feat/wms536-scan-layer  -> origin/feat/wms536-scan-layer
all-pg-fixture-comparison	Run actions/checkout@v4	2026-10-07T02:43:33.0248932Z  * [new branch]          feat/wms539-artmaks-cells-import -> origin/feat/wms539-artmaks-cells-import
all-pg-fixture-comparison	Run actions/checkout@v4	2026-10-07T02:43:33.0249497Z  * [new branch]          feat/wms631-print-agent -> origin/feat/wms631-print-agent
all-pg-fixture-comparison	Run actions/checkout@v4	2026-10-07T02:43:33.0250031Z  * [new branch]          feat/wms633-chz-copies  -> origin/feat/wms633-chz-copies
all-pg-fixture-comparison	Run actions/checkout@v4	2026-10-07T02:43:33.0250685Z  * [new branch]          feat/wms636-wb-rejected-filter -> origin/feat/wms636-wb-rejected-filter
all-pg-fixture-comparison	Run actions/checkout@v4	2026-10-07T02:43:33.0251235Z  * [new branch]          feat/wms641-support-agent -> origin/feat/wms641-support-agent
all-pg-fixture-comparison	Run actions/checkout@v4	2026-10-07T02:43:33.0251744Z  * [new branch]          feat/wms650-sorting-impl -> origin/feat/wms650-sorting-impl
all-pg-fixture-comparison	Run actions/checkout@v4	2026-10-07T02:43:33.0252248Z  * [new branch]          feat/wms650-sorting-mockup -> origin/feat/wms650-sorting-mockup
all-pg-fixture-comparison	Run actions/checkout@v4	2026-10-07T02:43:33.0252784Z  * [new branch]          fix/auth-staff-e2e-20260815 -> origin/fix/auth-staff-e2e-20260815
all-pg-fixture-comparison	Run actions/checkout@v4	2026-10-07T02:43:33.0253321Z  * [new branch]          fix/cis-pool-full-20260821 -> origin/fix/cis-pool-full-20260821
all-pg-fixture-comparison	Run actions/checkout@v4	2026-10-07T02:43:33.0253859Z  * [new branch]          fix/cz-artifact-print-scale -> origin/fix/cz-artifact-print-scale
all-pg-fixture-comparison	Run actions/checkout@v4	2026-10-07T02:43:33.0254376Z  * [new branch]          fix/deploy-hard-reset   -> origin/fix/deploy-hard-reset
all-pg-fixture-comparison	Run actions/checkout@v4	2026-10-07T02:43:33.0254904Z  * [new branch]          fix/fbs-box-controls-20260901 -> origin/fix/fbs-box-controls-20260901
all-pg-fixture-comparison	Run actions/checkout@v4	2026-10-07T02:43:33.0255483Z  * [new branch]          fix/fbs-supplier-status-sync -> origin/fix/fbs-supplier-status-sync
all-pg-fixture-comparison	Run actions/checkout@v4	2026-10-07T02:43:33.0256335Z  * [new branch]          fix/inventory-owner-block-20260902 -> origin/fix/inventory-owner-block-20260902
all-pg-fixture-comparison	Run actions/checkout@v4	2026-10-07T02:43:33.0257112Z  * [new branch]          fix/inventory-unexpected-product-scan-20260901 -> origin/fix/inventory-unexpected-product-scan-20260901
all-pg-fixture-comparison	Run actions/checkout@v4	2026-10-07T02:43:33.0257818Z  * [new branch]          fix/kiz-gs-restore-20260821 -> origin/fix/kiz-gs-restore-20260821
all-pg-fixture-comparison	Run actions/checkout@v4	2026-10-07T02:43:33.0258362Z  * [new branch]          fix/no-distribution-20260821 -> origin/fix/no-distribution-20260821
all-pg-fixture-comparison	Run actions/checkout@v4	2026-10-07T02:43:33.0259033Z  * [new branch]          fix/outbound-reserve-from-sorting-20260902 -> origin/fix/outbound-reserve-from-sorting-20260902
all-pg-fixture-comparison	Run actions/checkout@v4	2026-10-07T02:43:33.0259720Z  * [new branch]          fix/packing-optional-20260819 -> origin/fix/packing-optional-20260819
all-pg-fixture-comparison	Run actions/checkout@v4	2026-10-07T02:43:33.0260299Z  * [new branch]          fix/packing-optional-to-prod -> origin/fix/packing-optional-to-prod
all-pg-fixture-comparison	Run actions/checkout@v4	2026-10-07T02:43:33.0260853Z  * [new branch]          fix/picklist-size-20260819 -> origin/fix/picklist-size-20260819
all-pg-fixture-comparison	Run actions/checkout@v4	2026-10-07T02:43:33.0261353Z  * [new branch]          fix/print-pdf-dialog    -> origin/fix/print-pdf-dialog
all-pg-fixture-comparison	Run actions/checkout@v4	2026-10-07T02:43:33.0261984Z  * [new branch]          fix/print-restore-proven -> origin/fix/print-restore-proven
all-pg-fixture-comparison	Run actions/checkout@v4	2026-10-07T02:43:33.0262514Z  * [new branch]          fix/review-findings-20260902 -> origin/fix/review-findings-20260902
all-pg-fixture-comparison	Run actions/checkout@v4	2026-10-07T02:43:33.0263133Z  * [new branch]          fix/seller-honest-sign-sync-20260819 -> origin/fix/seller-honest-sign-sync-20260819
all-pg-fixture-comparison	Run actions/checkout@v4	2026-10-07T02:43:33.0263764Z  * [new branch]          fix/warehouse-single-20260821 -> origin/fix/warehouse-single-20260821
all-pg-fixture-comparison	Run actions/checkout@v4	2026-10-07T02:43:33.0264355Z  * [new branch]          fix/wb-label-seller-line-height -> origin/fix/wb-label-seller-line-height
all-pg-fixture-comparison	Run actions/checkout@v4	2026-10-07T02:43:33.0264946Z  * [new branch]          fix/wb-label-seller-line-trim -> origin/fix/wb-label-seller-line-trim
all-pg-fixture-comparison	Run actions/checkout@v4	2026-10-07T02:43:33.0265501Z  * [new branch]          fix/wb-meta-method-20260821 -> origin/fix/wb-meta-method-20260821
all-pg-fixture-comparison	Run actions/checkout@v4	2026-10-07T02:43:33.0266164Z  * [new branch]          fix/wb-token-save-500   -> origin/fix/wb-token-save-500
all-pg-fixture-comparison	Run actions/checkout@v4	2026-10-07T02:43:33.0266711Z  * [new branch]          fix/wms-fbs-single-pick-by-cell -> origin/fix/wms-fbs-single-pick-by-cell
all-pg-fixture-comparison	Run actions/checkout@v4	2026-10-07T02:43:33.0267284Z  * [new branch]          fix/wms-session-regression -> origin/fix/wms-session-regression
all-pg-fixture-comparison	Run actions/checkout@v4	2026-10-07T02:43:33.0267894Z  * [new branch]          fix/wms487-tape-print-missing-codes -> origin/fix/wms487-tape-print-missing-codes
all-pg-fixture-comparison	Run actions/checkout@v4	2026-10-07T02:43:33.0268488Z  * [new branch]          fix/wms517-price-snapshot -> origin/fix/wms517-price-snapshot
all-pg-fixture-comparison	Run actions/checkout@v4	2026-10-07T02:43:33.0268975Z  * [new branch]          fix/wms517-sold-only    -> origin/fix/wms517-sold-only
all-pg-fixture-comparison	Run actions/checkout@v4	2026-10-07T02:43:33.0269478Z  * [new branch]          fix/wms625-on-etalon-20261003 -> origin/fix/wms625-on-etalon-20261003
all-pg-fixture-comparison	Run actions/checkout@v4	2026-10-07T02:43:33.0270202Z  * [new branch]          fix/wms634-fbo-date-delegated -> origin/fix/wms634-fbo-date-delegated
all-pg-fixture-comparison	Run actions/checkout@v4	2026-10-07T02:43:33.0270734Z  * [new branch]          fix/wms635-kiz-no-wb-wait -> origin/fix/wms635-kiz-no-wb-wait
all-pg-fixture-comparison	Run actions/checkout@v4	2026-10-07T02:43:33.0271280Z  * [new branch]          fix/wms639-scan-no-wb-readback -> origin/fix/wms639-scan-no-wb-readback
all-pg-fixture-comparison	Run actions/checkout@v4	2026-10-07T02:43:33.0271858Z  * [new branch]          fix/wms640-scan-kiz-no-wb-wait -> origin/fix/wms640-scan-kiz-no-wb-wait
all-pg-fixture-comparison	Run actions/checkout@v4	2026-10-07T02:43:33.0272461Z  * [new branch]          fix/wms641-kiz-delete-background -> origin/fix/wms641-kiz-delete-background
all-pg-fixture-comparison	Run actions/checkout@v4	2026-10-07T02:43:33.0273075Z  * [new branch]          fix/wms642-kiz-no-locks-handover -> origin/fix/wms642-kiz-no-locks-handover
all-pg-fixture-comparison	Run actions/checkout@v4	2026-10-07T02:43:33.0273710Z  * [new branch]          fix/wms643-no-print-when-unchecked -> origin/fix/wms643-no-print-when-unchecked
all-pg-fixture-comparison	Run actions/checkout@v4	2026-10-07T02:43:33.0274343Z  * [new branch]          fix/wms652-contract-check-merge -> origin/fix/wms652-contract-check-merge
all-pg-fixture-comparison	Run actions/checkout@v4	2026-10-07T02:43:33.0274897Z  * [new branch]          fix/wms656-full-kiz-label -> origin/fix/wms656-full-kiz-label
all-pg-fixture-comparison	Run actions/checkout@v4	2026-10-07T02:43:33.0275450Z  * [new branch]          fix/wms666-product-stock-scope -> origin/fix/wms666-product-stock-scope
all-pg-fixture-comparison	Run actions/checkout@v4	2026-10-07T02:43:33.0276254Z  * [new branch]          hotfix/avpack-bulk-print-after-kiz-clear -> origin/hotfix/avpack-bulk-print-after-kiz-clear
all-pg-fixture-comparison	Run actions/checkout@v4	2026-10-07T02:43:33.0276913Z  * [new branch]          hotfix/boxes-print-all-qr -> origin/hotfix/boxes-print-all-qr
all-pg-fixture-comparison	Run actions/checkout@v4	2026-10-07T02:43:33.0277530Z  * [new branch]          hotfix/cz-print-regression-2026-07-07 -> origin/hotfix/cz-print-regression-2026-07-07
all-pg-fixture-comparison	Run actions/checkout@v4	2026-10-07T02:43:33.0278151Z  * [new branch]          hotfix/inbound-qty-blur-v2 -> origin/hotfix/inbound-qty-blur-v2
all-pg-fixture-comparison	Run actions/checkout@v4	2026-10-07T02:43:33.0278786Z  * [new branch]          hotfix/inbound-table-header-alignment -> origin/hotfix/inbound-table-header-alignment
all-pg-fixture-comparison	Run actions/checkout@v4	2026-10-07T02:43:33.0279468Z  * [new branch]          hotfix/ozon-requirements-int-sku -> origin/hotfix/ozon-requirements-int-sku
all-pg-fixture-comparison	Run actions/checkout@v4	2026-10-07T02:43:33.0280096Z  * [new branch]          hotfix/tz-print-landscape-revert -> origin/hotfix/tz-print-landscape-revert
all-pg-fixture-comparison	Run actions/checkout@v4	2026-10-07T02:43:33.0280737Z  * [new branch]          hotfix/wb-unified-token-fbs-intake -> origin/hotfix/wb-unified-token-fbs-intake
all-pg-fixture-comparison	Run actions/checkout@v4	2026-10-07T02:43:33.0281436Z  * [new branch]          hotfix/wms622-628-restore -> origin/hotfix/wms622-628-restore
all-pg-fixture-comparison	Run actions/checkout@v4	2026-10-07T02:43:33.0281975Z  * [new branch]          integration/fbs-fixes-20260821 -> origin/integration/fbs-fixes-20260821
all-pg-fixture-comparison	Run actions/checkout@v4	2026-10-07T02:43:33.0282455Z  * [new branch]          main                    -> origin/main
all-pg-fixture-comparison	Run actions/checkout@v4	2026-10-07T02:43:33.0282925Z  * [new branch]          mobile/android7-v014-recovery -> origin/mobile/android7-v014-recovery
all-pg-fixture-comparison	Run actions/checkout@v4	2026-10-07T02:43:33.0283430Z  * [new branch]          mobile/feat-fbs         -> origin/mobile/feat-fbs
all-pg-fixture-comparison	Run actions/checkout@v4	2026-10-07T02:43:33.0283881Z  * [new branch]          mockup/psp2-clickable   -> origin/mockup/psp2-clickable
all-pg-fixture-comparison	Run actions/checkout@v4	2026-10-07T02:43:33.0284659Z  * [new branch]          night/catalog-box-lookup-20260823/lane-1/01-catalog-box-lookup -> origin/night/catalog-box-lookup-20260823/lane-1/01-catalog-box-lookup
all-pg-fixture-comparison	Run actions/checkout@v4	2026-10-07T02:43:33.0285692Z  * [new branch]          night/volna-9-recovery/lane-1/01-wb-marking -> origin/night/volna-9-recovery/lane-1/01-wb-marking
all-pg-fixture-comparison	Run actions/checkout@v4	2026-10-07T02:43:33.0286522Z  * [new branch]          night/volna-9-recovery/lane-1/04-warehouse-switch -> origin/night/volna-9-recovery/lane-1/04-warehouse-switch
all-pg-fixture-comparison	Run actions/checkout@v4	2026-10-07T02:43:33.0287323Z  * [new branch]          night/volna-9-recovery/lane-1/07-reporting -> origin/night/volna-9-recovery/lane-1/07-reporting
all-pg-fixture-comparison	Run actions/checkout@v4	2026-10-07T02:43:33.0288109Z  * [new branch]          night/volna-9-recovery/lane-2/02-verdikt-screen -> origin/night/volna-9-recovery/lane-2/02-verdikt-screen
all-pg-fixture-comparison	Run actions/checkout@v4	2026-10-07T02:43:33.0288885Z  * [new branch]          night/volna-9-recovery/lane-2/05-prod-slow -> origin/night/volna-9-recovery/lane-2/05-prod-slow
all-pg-fixture-comparison	Run actions/checkout@v4	2026-10-07T02:43:33.0289608Z  * [new branch]          night/volna-9-recovery/lane-2/08-storage -> origin/night/volna-9-recovery/lane-2/08-storage
all-pg-fixture-comparison	Run actions/checkout@v4	2026-10-07T02:43:33.0290539Z  * [new branch]          night/volna-9-recovery/lane-3/03-no-distribution-mode -> origin/night/volna-9-recovery/lane-3/03-no-distribution-mode
all-pg-fixture-comparison	Run actions/checkout@v4	2026-10-07T02:43:33.0291441Z  * [new branch]          night/volna-9-recovery/lane-3/06-picking-list-order -> origin/night/volna-9-recovery/lane-3/06-picking-list-order
all-pg-fixture-comparison	Run actions/checkout@v4	2026-10-07T02:43:33.0292235Z  * [new branch]          night/volna-9-recovery/lane-3/09-billing -> origin/night/volna-9-recovery/lane-3/09-billing
all-pg-fixture-comparison	Run actions/checkout@v4	2026-10-07T02:43:33.0292899Z  * [new branch]          night/volna-9/lane-1/01-wb-marking -> origin/night/volna-9/lane-1/01-wb-marking
all-pg-fixture-comparison	Run actions/checkout@v4	2026-10-07T02:43:33.0293508Z  * [new branch]          night/volna-9/lane-1/07-reporting -> origin/night/volna-9/lane-1/07-reporting
all-pg-fixture-comparison	Run actions/checkout@v4	2026-10-07T02:43:33.0294093Z  * [new branch]          night/volna-9/lane-1/defect-01 -> origin/night/volna-9/lane-1/defect-01
all-pg-fixture-comparison	Run actions/checkout@v4	2026-10-07T02:43:33.0294660Z  * [new branch]          night/volna-9/lane-1/feature-07 -> origin/night/volna-9/lane-1/feature-07
all-pg-fixture-comparison	Run actions/checkout@v4	2026-10-07T02:43:33.0295295Z  * [new branch]          night/volna-9/lane-2/02-verdikt-screen -> origin/night/volna-9/lane-2/02-verdikt-screen
all-pg-fixture-comparison	Run actions/checkout@v4	2026-10-07T02:43:33.0296148Z  * [new branch]          night/volna-9/lane-2/08-storage -> origin/night/volna-9/lane-2/08-storage
all-pg-fixture-comparison	Run actions/checkout@v4	2026-10-07T02:43:33.0296751Z  * [new branch]          night/volna-9/lane-2/defect-02 -> origin/night/volna-9/lane-2/defect-02
all-pg-fixture-comparison	Run actions/checkout@v4	2026-10-07T02:43:33.0297420Z  * [new branch]          night/volna-9/lane-3/03-no-distribution-mode -> origin/night/volna-9/lane-3/03-no-distribution-mode
all-pg-fixture-comparison	Run actions/checkout@v4	2026-10-07T02:43:33.0298086Z  * [new branch]          night/volna-9/lane-3/09-billing -> origin/night/volna-9/lane-3/09-billing
all-pg-fixture-comparison	Run actions/checkout@v4	2026-10-07T02:43:33.0298644Z  * [new branch]          night/volna-9/lane-3/defect-03 -> origin/night/volna-9/lane-3/defect-03
all-pg-fixture-comparison	Run actions/checkout@v4	2026-10-07T02:43:33.0299277Z  * [new branch]          night/volna-9/lane-4/04-warehouse-switch -> origin/night/volna-9/lane-4/04-warehouse-switch
all-pg-fixture-comparison	Run actions/checkout@v4	2026-10-07T02:43:33.0299914Z  * [new branch]          night/volna-9/lane-4/defect-04 -> origin/night/volna-9/lane-4/defect-04
all-pg-fixture-comparison	Run actions/checkout@v4	2026-10-07T02:43:33.0300500Z  * [new branch]          night/volna-9/lane-5/05-prod-slow -> origin/night/volna-9/lane-5/05-prod-slow
all-pg-fixture-comparison	Run actions/checkout@v4	2026-10-07T02:43:33.0301081Z  * [new branch]          night/volna-9/lane-5/defect-05 -> origin/night/volna-9/lane-5/defect-05
all-pg-fixture-comparison	Run actions/checkout@v4	2026-10-07T02:43:33.0301858Z  * [new branch]          night/volna-9/lane-6/06-picking-list-order -> origin/night/volna-9/lane-6/06-picking-list-order
all-pg-fixture-comparison	Run actions/checkout@v4	2026-10-07T02:43:33.0302505Z  * [new branch]          night/volna-9/lane-6/defect-06 -> origin/night/volna-9/lane-6/defect-06
all-pg-fixture-comparison	Run actions/checkout@v4	2026-10-07T02:43:33.0303021Z  * [new branch]          night/wms-653-5beb52da  -> origin/night/wms-653-5beb52da
all-pg-fixture-comparison	Run actions/checkout@v4	2026-10-07T02:43:33.0303491Z  * [new branch]          night/wms-654-5beb52da  -> origin/night/wms-654-5beb52da
all-pg-fixture-comparison	Run actions/checkout@v4	2026-10-07T02:43:33.0303948Z  * [new branch]          night/wms-657-5beb52da  -> origin/night/wms-657-5beb52da
all-pg-fixture-comparison	Run actions/checkout@v4	2026-10-07T02:43:33.0304404Z  * [new branch]          night/wms-658-5beb52da  -> origin/night/wms-658-5beb52da
all-pg-fixture-comparison	Run actions/checkout@v4	2026-10-07T02:43:33.0304867Z  * [new branch]          night/wms-659-5beb52da  -> origin/night/wms-659-5beb52da
all-pg-fixture-comparison	Run actions/checkout@v4	2026-10-07T02:43:33.0305495Z  * [new branch]          night/zadachi-2026-08-21-20260821-r04/lane-1/01 -> origin/night/zadachi-2026-08-21-20260821-r04/lane-1/01
all-pg-fixture-comparison	Run actions/checkout@v4	2026-10-07T02:43:33.0306417Z  * [new branch]          night/zadachi-2026-08-21-20260821-r04/lane-1/07 -> origin/night/zadachi-2026-08-21-20260821-r04/lane-1/07
all-pg-fixture-comparison	Run actions/checkout@v4	2026-10-07T02:43:33.0307186Z  * [new branch]          night/zadachi-2026-08-21-20260821-r04/lane-2/02 -> origin/night/zadachi-2026-08-21-20260821-r04/lane-2/02
all-pg-fixture-comparison	Run actions/checkout@v4	2026-10-07T02:43:33.0307950Z  * [new branch]          night/zadachi-2026-08-21-20260821-r04/lane-2/08 -> origin/night/zadachi-2026-08-21-20260821-r04/lane-2/08
all-pg-fixture-comparison	Run actions/checkout@v4	2026-10-07T02:43:33.0308717Z  * [new branch]          night/zadachi-2026-08-21-20260821-r04/lane-3/03 -> origin/night/zadachi-2026-08-21-20260821-r04/lane-3/03
all-pg-fixture-comparison	Run actions/checkout@v4	2026-10-07T02:43:33.0309489Z  * [new branch]          night/zadachi-2026-08-21-20260821-r04/lane-3/09 -> origin/night/zadachi-2026-08-21-20260821-r04/lane-3/09
all-pg-fixture-comparison	Run actions/checkout@v4	2026-10-07T02:43:33.0310375Z  * [new branch]          night/zadachi-2026-08-21-20260821-r04/lane-4/04 -> origin/night/zadachi-2026-08-21-20260821-r04/lane-4/04
all-pg-fixture-comparison	Run actions/checkout@v4	2026-10-07T02:43:33.0311139Z  * [new branch]          night/zadachi-2026-08-21-20260821-r04/lane-5/05 -> origin/night/zadachi-2026-08-21-20260821-r04/lane-5/05
all-pg-fixture-comparison	Run actions/checkout@v4	2026-10-07T02:43:33.0311908Z  * [new branch]          night/zadachi-2026-08-21-20260821-r04/lane-6/06 -> origin/night/zadachi-2026-08-21-20260821-r04/lane-6/06
all-pg-fixture-comparison	Run actions/checkout@v4	2026-10-07T02:43:33.0312630Z  * [new branch]          process/pipeline-on-etalon-20260821 -> origin/process/pipeline-on-etalon-20260821
all-pg-fixture-comparison	Run actions/checkout@v4	2026-10-07T02:43:33.0313275Z  * [new branch]          release/2026-10-02-packing-stock -> origin/release/2026-10-02-packing-stock
all-pg-fixture-comparison	Run actions/checkout@v4	2026-10-07T02:43:33.0313816Z  * [new branch]          release/2026-10-03-ready -> origin/release/2026-10-03-ready
all-pg-fixture-comparison	Run actions/checkout@v4	2026-10-07T02:43:33.0314326Z  * [new branch]          release/barcode-tall-label -> origin/release/barcode-tall-label
all-pg-fixture-comparison	Run actions/checkout@v4	2026-10-07T02:43:33.0314853Z  * [new branch]          release/inbound-print-fix -> origin/release/inbound-print-fix
all-pg-fixture-comparison	Run actions/checkout@v4	2026-10-07T02:43:33.0315354Z  * [new branch]          release/wms641-agent-v1 -> origin/release/wms641-agent-v1
all-pg-fixture-comparison	Run actions/checkout@v4	2026-10-07T02:43:33.0315963Z  * [new branch]          release/wms641-agent-v2 -> origin/release/wms641-agent-v2
all-pg-fixture-comparison	Run actions/checkout@v4	2026-10-07T02:43:33.0316435Z  * [new branch]          release/wms641-agent-v3 -> origin/release/wms641-agent-v3
all-pg-fixture-comparison	Run actions/checkout@v4	2026-10-07T02:43:33.0317028Z  * [new branch]          review/pick-and-binding-fixes-20260816 -> origin/review/pick-and-binding-fixes-20260816
all-pg-fixture-comparison	Run actions/checkout@v4	2026-10-07T02:43:33.0317774Z  * [new branch]          review/system-wide-orchestrator-20260812 -> origin/review/system-wide-orchestrator-20260812
all-pg-fixture-comparison	Run actions/checkout@v4	2026-10-07T02:43:33.0318415Z  * [new branch]          speed/test-infra-20260830 -> origin/speed/test-infra-20260830
all-pg-fixture-comparison	Run actions/checkout@v4	2026-10-07T02:43:33.0318864Z  * [new branch]          staging                 -> origin/staging
all-pg-fixture-comparison	Run actions/checkout@v4	2026-10-07T02:43:33.0319291Z  * [new branch]          support-task/WMS-651-4  -> origin/support-task/WMS-651-4
all-pg-fixture-comparison	Run actions/checkout@v4	2026-10-07T02:43:33.0319763Z  * [new branch]          support-task/WMS-653-6  -> origin/support-task/WMS-653-6
all-pg-fixture-comparison	Run actions/checkout@v4	2026-10-07T02:43:33.0320227Z  * [new branch]          support-task/WMS-654-7  -> origin/support-task/WMS-654-7
all-pg-fixture-comparison	Run actions/checkout@v4	2026-10-07T02:43:33.0320805Z  * [new branch]          support-task/WMS-657-8  -> origin/support-task/WMS-657-8
all-pg-fixture-comparison	Run actions/checkout@v4	2026-10-07T02:43:33.0321264Z  * [new branch]          support-task/WMS-658-9  -> origin/support-task/WMS-658-9
all-pg-fixture-comparison	Run actions/checkout@v4	2026-10-07T02:43:33.0321735Z  * [new branch]          support-task/WMS-661-14 -> origin/support-task/WMS-661-14
all-pg-fixture-comparison	Run actions/checkout@v4	2026-10-07T02:43:33.0322207Z  * [new branch]          support-task/WMS-667-18 -> origin/support-task/WMS-667-18
all-pg-fixture-comparison	Run actions/checkout@v4	2026-10-07T02:43:33.0322678Z  * [new branch]          support-task/WMS-677-22 -> origin/support-task/WMS-677-22
all-pg-fixture-comparison	Run actions/checkout@v4	2026-10-07T02:43:33.0323144Z  * [new branch]          support-task/WMS-679-26 -> origin/support-task/WMS-679-26
all-pg-fixture-comparison	Run actions/checkout@v4	2026-10-07T02:43:33.0323607Z  * [new branch]          support-task/WMS-680-27 -> origin/support-task/WMS-680-27
all-pg-fixture-comparison	Run actions/checkout@v4	2026-10-07T02:43:33.0324077Z  * [new branch]          support-task/WMS-683-29 -> origin/support-task/WMS-683-29
all-pg-fixture-comparison	Run actions/checkout@v4	2026-10-07T02:43:33.0324599Z  * [new branch]          test/wms672-c7-c10-c11-20261006 -> origin/test/wms672-c7-c10-c11-20261006
all-pg-fixture-comparison	Run actions/checkout@v4	2026-10-07T02:43:33.0325081Z  * [new tag]             tsd-preview             -> tsd-preview
all-pg-fixture-comparison	Run actions/checkout@v4	2026-10-07T02:43:33.0325648Z  * [new tag]             wms-print-direct-v2026.09.30.1 -> wms-print-direct-v2026.09.30.1
all-pg-fixture-comparison	Run actions/checkout@v4	2026-10-07T02:43:33.0326187Z  * [new tag]             wms-print-direct-v2026.09.30.2 -> wms-print-direct-v2026.09.30.2
all-pg-fixture-comparison	Run actions/checkout@v4	2026-10-07T02:43:33.0326711Z  * [new tag]             wms-print-direct-v2026.09.30.3 -> wms-print-direct-v2026.09.30.3
all-pg-fixture-comparison	Run actions/checkout@v4	2026-10-07T02:43:33.0327225Z  * [new tag]             wms-print-direct-v2026.09.30.4 -> wms-print-direct-v2026.09.30.4
all-pg-fixture-comparison	Run actions/checkout@v4	2026-10-07T02:43:33.0327737Z  * [new tag]             wms-print-direct-v2026.09.30.5 -> wms-print-direct-v2026.09.30.5
all-pg-fixture-comparison	Run actions/checkout@v4	2026-10-07T02:43:33.0328287Z  * [new tag]             wms-print-direct-v2026.10.01.1-rc1 -> wms-print-direct-v2026.10.01.1-rc1
all-pg-fixture-comparison	Run actions/checkout@v4	2026-10-07T02:43:33.0328914Z  * [new tag]             wms-print-v2026.09.13.1 -> wms-print-v2026.09.13.1
all-pg-fixture-comparison	Run actions/checkout@v4	2026-10-07T02:43:33.0329343Z  * [new tag]             wms-print-v2026.09.13.2 -> wms-print-v2026.09.13.2
all-pg-fixture-comparison	Run actions/checkout@v4	2026-10-07T02:43:33.0329756Z  * [new tag]             wms-print-v2026.09.13.3 -> wms-print-v2026.09.13.3
all-pg-fixture-comparison	Run actions/checkout@v4	2026-10-07T02:43:33.0330934Z [command]/usr/bin/git branch --list --remote origin/codex/wms652-all-pg-fixture-comparison
all-pg-fixture-comparison	Run actions/checkout@v4	2026-10-07T02:43:33.0331469Z   origin/codex/wms652-all-pg-fixture-comparison
all-pg-fixture-comparison	Run actions/checkout@v4	2026-10-07T02:43:33.0332241Z [command]/usr/bin/git rev-parse refs/remotes/origin/codex/wms652-all-pg-fixture-comparison
all-pg-fixture-comparison	Run actions/checkout@v4	2026-10-07T02:43:33.0332707Z b568bfdddd8b106799428ce81451b406ffe9860b
all-pg-fixture-comparison	Run actions/checkout@v4	2026-10-07T02:43:33.0333446Z ##[endgroup]
all-pg-fixture-comparison	Run actions/checkout@v4	2026-10-07T02:43:33.0333802Z ##[group]Determining the checkout info
all-pg-fixture-comparison	Run actions/checkout@v4	2026-10-07T02:43:33.0334210Z ##[endgroup]
all-pg-fixture-comparison	Run actions/checkout@v4	2026-10-07T02:43:33.0334435Z [command]/usr/bin/git sparse-checkout disable
all-pg-fixture-comparison	Run actions/checkout@v4	2026-10-07T02:43:33.0335114Z [command]/usr/bin/git config --local --unset-all extensions.worktreeConfig
all-pg-fixture-comparison	Run actions/checkout@v4	2026-10-07T02:43:33.0336198Z ##[group]Checking out the ref
all-pg-fixture-comparison	Run actions/checkout@v4	2026-10-07T02:43:33.0336859Z [command]/usr/bin/git checkout --progress --force -B codex/wms652-all-pg-fixture-comparison refs/remotes/origin/codex/wms652-all-pg-fixture-comparison
all-pg-fixture-comparison	Run actions/checkout@v4	2026-10-07T02:43:34.0449963Z Updating files:  97% (6392/6555)
all-pg-fixture-comparison	Run actions/checkout@v4	2026-10-07T02:43:34.0520642Z Updating files:  98% (6424/6555)
all-pg-fixture-comparison	Run actions/checkout@v4	2026-10-07T02:43:34.0601076Z Updating files:  99% (6490/6555)
all-pg-fixture-comparison	Run actions/checkout@v4	2026-10-07T02:43:34.0601564Z Updating files: 100% (6555/6555)
all-pg-fixture-comparison	Run actions/checkout@v4	2026-10-07T02:43:34.0602018Z Updating files: 100% (6555/6555), done.
all-pg-fixture-comparison	Run actions/checkout@v4	2026-10-07T02:43:34.0697855Z Switched to a new branch 'codex/wms652-all-pg-fixture-comparison'
all-pg-fixture-comparison	Run actions/checkout@v4	2026-10-07T02:43:34.0704641Z branch 'codex/wms652-all-pg-fixture-comparison' set up to track 'origin/codex/wms652-all-pg-fixture-comparison'.
all-pg-fixture-comparison	Run actions/checkout@v4	2026-10-07T02:43:34.0784072Z ##[endgroup]
all-pg-fixture-comparison	Run actions/checkout@v4	2026-10-07T02:43:34.0837387Z [command]/usr/bin/git log -1 --format=%H
all-pg-fixture-comparison	Run actions/checkout@v4	2026-10-07T02:43:34.0866032Z b568bfdddd8b106799428ce81451b406ffe9860b
all-pg-fixture-comparison	Run actions/setup-python@v5	﻿2026-10-07T02:43:34.1133341Z ##[group]Run actions/setup-python@v5
all-pg-fixture-comparison	Run actions/setup-python@v5	2026-10-07T02:43:34.1133644Z with:
all-pg-fixture-comparison	Run actions/setup-python@v5	2026-10-07T02:43:34.1133842Z   python-version: 3.11
all-pg-fixture-comparison	Run actions/setup-python@v5	2026-10-07T02:43:34.1134063Z   cache: pip
all-pg-fixture-comparison	Run actions/setup-python@v5	2026-10-07T02:43:34.1134301Z   cache-dependency-path: backend/pyproject.toml
all-pg-fixture-comparison	Run actions/setup-python@v5	2026-10-07T02:43:34.1134607Z   check-latest: false
all-pg-fixture-comparison	Run actions/setup-python@v5	2026-10-07T02:43:34.1137224Z   token: ***
all-pg-fixture-comparison	Run actions/setup-python@v5	2026-10-07T02:43:34.1137447Z   update-environment: true
all-pg-fixture-comparison	Run actions/setup-python@v5	2026-10-07T02:43:34.1137694Z   allow-prereleases: false
all-pg-fixture-comparison	Run actions/setup-python@v5	2026-10-07T02:43:34.1137921Z   freethreaded: false
all-pg-fixture-comparison	Run actions/setup-python@v5	2026-10-07T02:43:34.1138133Z ##[endgroup]
all-pg-fixture-comparison	Run actions/setup-python@v5	2026-10-07T02:43:34.2460089Z ##[group]Installed versions
all-pg-fixture-comparison	Run actions/setup-python@v5	2026-10-07T02:43:34.2546971Z (node:3293) [DEP0040] DeprecationWarning: The `punycode` module is deprecated. Please use a userland alternative instead.
all-pg-fixture-comparison	Run actions/setup-python@v5	2026-10-07T02:43:34.2547916Z (Use `node --trace-deprecation ...` to show where the warning was created)
all-pg-fixture-comparison	Run actions/setup-python@v5	2026-10-07T02:43:34.2548919Z Successfully set up CPython (3.11.16)
all-pg-fixture-comparison	Run actions/setup-python@v5	2026-10-07T02:43:34.2549797Z ##[endgroup]
all-pg-fixture-comparison	Run actions/setup-python@v5	2026-10-07T02:43:34.2953704Z [command]/opt/hostedtoolcache/Python/3.11.16/x64/bin/pip cache dir
all-pg-fixture-comparison	Run actions/setup-python@v5	2026-10-07T02:43:36.7206446Z /home/runner/.cache/pip
all-pg-fixture-comparison	Run actions/setup-python@v5	2026-10-07T02:43:36.9523995Z pip cache is not found
all-pg-fixture-comparison	Install deps	﻿2026-10-07T02:43:36.9667907Z ##[group]Run python -m pip install -U pip
all-pg-fixture-comparison	Install deps	2026-10-07T02:43:36.9668310Z [36;1mpython -m pip install -U pip[0m
all-pg-fixture-comparison	Install deps	2026-10-07T02:43:36.9668605Z [36;1mpip install -e ".[dev]"[0m
all-pg-fixture-comparison	Install deps	2026-10-07T02:43:36.9886566Z shell: /usr/bin/bash -e {0}
all-pg-fixture-comparison	Install deps	2026-10-07T02:43:36.9886932Z env:
all-pg-fixture-comparison	Install deps	2026-10-07T02:43:36.9887301Z   pythonLocation: /opt/hostedtoolcache/Python/3.11.16/x64
all-pg-fixture-comparison	Install deps	2026-10-07T02:43:36.9887952Z   PKG_CONFIG_PATH: /opt/hostedtoolcache/Python/3.11.16/x64/lib/pkgconfig
all-pg-fixture-comparison	Install deps	2026-10-07T02:43:36.9888584Z   Python_ROOT_DIR: /opt/hostedtoolcache/Python/3.11.16/x64
all-pg-fixture-comparison	Install deps	2026-10-07T02:43:36.9889139Z   Python2_ROOT_DIR: /opt/hostedtoolcache/Python/3.11.16/x64
all-pg-fixture-comparison	Install deps	2026-10-07T02:43:36.9889693Z   Python3_ROOT_DIR: /opt/hostedtoolcache/Python/3.11.16/x64
all-pg-fixture-comparison	Install deps	2026-10-07T02:43:36.9890265Z   LD_LIBRARY_PATH: /opt/hostedtoolcache/Python/3.11.16/x64/lib
all-pg-fixture-comparison	Install deps	2026-10-07T02:43:36.9890991Z ##[endgroup]
all-pg-fixture-comparison	Install deps	2026-10-07T02:43:38.5594786Z Requirement already satisfied: pip in /opt/hostedtoolcache/Python/3.11.16/x64/lib/python3.11/site-packages (26.2.1)
all-pg-fixture-comparison	Install deps	2026-10-07T02:43:39.3797798Z Obtaining file:///home/runner/work/WMS/WMS/backend
all-pg-fixture-comparison	Install deps	2026-10-07T02:43:39.3822382Z   Installing build dependencies: started
all-pg-fixture-comparison	Install deps	2026-10-07T02:43:40.1116349Z   Installing build dependencies: finished with status 'done'
all-pg-fixture-comparison	Install deps	2026-10-07T02:43:40.1122864Z   Checking if build backend supports build_editable: started
all-pg-fixture-comparison	Install deps	2026-10-07T02:43:40.6120188Z   Checking if build backend supports build_editable: finished with status 'done'
all-pg-fixture-comparison	Install deps	2026-10-07T02:43:40.6128361Z   Getting requirements to build editable: started
all-pg-fixture-comparison	Install deps	2026-10-07T02:43:40.9464541Z   Getting requirements to build editable: finished with status 'done'
all-pg-fixture-comparison	Install deps	2026-10-07T02:43:40.9474056Z   Preparing editable metadata (pyproject.toml): started
all-pg-fixture-comparison	Install deps	2026-10-07T02:43:41.1417708Z   Preparing editable metadata (pyproject.toml): finished with status 'done'
all-pg-fixture-comparison	Install deps	2026-10-07T02:43:41.2527083Z Collecting fastapi>=0.110 (from wms-backend==0.1.0)
all-pg-fixture-comparison	Install deps	2026-10-07T02:43:41.3003338Z   Downloading fastapi-0.142.2-py3-none-any.whl.metadata (27 kB)
all-pg-fixture-comparison	Install deps	2026-10-07T02:43:41.3433770Z Collecting uvicorn>=0.27 (from uvicorn[standard]>=0.27->wms-backend==0.1.0)
all-pg-fixture-comparison	Install deps	2026-10-07T02:43:41.3480094Z   Downloading uvicorn-0.54.0-py3-none-any.whl.metadata (6.6 kB)
all-pg-fixture-comparison	Install deps	2026-10-07T02:43:41.3634182Z Collecting python-multipart>=0.0.9 (from wms-backend==0.1.0)
all-pg-fixture-comparison	Install deps	2026-10-07T02:43:41.3671386Z   Downloading python_multipart-0.0.32-py3-none-any.whl.metadata (2.1 kB)
all-pg-fixture-comparison	Install deps	2026-10-07T02:43:41.4638029Z Collecting pydantic>=2.6 (from wms-backend==0.1.0)
all-pg-fixture-comparison	Install deps	2026-10-07T02:43:41.4680169Z   Downloading pydantic-2.13.5-py3-none-any.whl.metadata (110 kB)
all-pg-fixture-comparison	Install deps	2026-10-07T02:43:41.4966446Z Collecting pydantic-settings>=2.2 (from wms-backend==0.1.0)
all-pg-fixture-comparison	Install deps	2026-10-07T02:43:41.5003019Z   Downloading pydantic_settings-2.15.0-py3-none-any.whl.metadata (3.9 kB)
all-pg-fixture-comparison	Install deps	2026-10-07T02:43:41.7782698Z Collecting sqlalchemy<2.1,>=2.0 (from wms-backend==0.1.0)
all-pg-fixture-comparison	Install deps	2026-10-07T02:43:41.7826296Z   Downloading sqlalchemy-2.0.54-cp311-cp311-manylinux2014_x86_64.manylinux_2_17_x86_64.manylinux_2_28_x86_64.whl.metadata (9.7 kB)
all-pg-fixture-comparison	Install deps	2026-10-07T02:43:41.9347336Z Collecting greenlet>=3.0 (from wms-backend==0.1.0)
all-pg-fixture-comparison	Install deps	2026-10-07T02:43:41.9386281Z   Downloading greenlet-3.5.6-cp311-cp311-manylinux_2_24_x86_64.manylinux_2_28_x86_64.whl.metadata (3.8 kB)
all-pg-fixture-comparison	Install deps	2026-10-07T02:43:41.9575879Z Collecting alembic>=1.13 (from wms-backend==0.1.0)
all-pg-fixture-comparison	Install deps	2026-10-07T02:43:41.9613529Z   Downloading alembic-1.20.0-py3-none-any.whl.metadata (7.3 kB)
all-pg-fixture-comparison	Install deps	2026-10-07T02:43:41.9774588Z Collecting psycopg>=3.1 (from psycopg[binary]>=3.1->wms-backend==0.1.0)
all-pg-fixture-comparison	Install deps	2026-10-07T02:43:41.9811593Z   Downloading psycopg-3.3.6-py3-none-any.whl.metadata (4.4 kB)
all-pg-fixture-comparison	Install deps	2026-10-07T02:43:42.0193525Z Collecting bcrypt>=4.1 (from wms-backend==0.1.0)
all-pg-fixture-comparison	Install deps	2026-10-07T02:43:42.0230808Z   Downloading bcrypt-5.0.0-cp39-abi3-manylinux_2_34_x86_64.whl.metadata (10 kB)
all-pg-fixture-comparison	Install deps	2026-10-07T02:43:42.0384393Z Collecting pyjwt>=2.8 (from wms-backend==0.1.0)
all-pg-fixture-comparison	Install deps	2026-10-07T02:43:42.0420328Z   Downloading pyjwt-2.15.1-py3-none-any.whl.metadata (3.5 kB)
all-pg-fixture-comparison	Install deps	2026-10-07T02:43:42.0537543Z Collecting email-validator>=2.1 (from wms-backend==0.1.0)
all-pg-fixture-comparison	Install deps	2026-10-07T02:43:42.0576500Z   Downloading email_validator-2.3.0-py3-none-any.whl.metadata (26 kB)
all-pg-fixture-comparison	Install deps	2026-10-07T02:43:42.0896857Z Collecting celery>=5.3 (from celery[redis]>=5.3->wms-backend==0.1.0)
all-pg-fixture-comparison	Install deps	2026-10-07T02:43:42.0939820Z   Downloading celery-5.6.3-py3-none-any.whl.metadata (23 kB)
all-pg-fixture-comparison	Install deps	2026-10-07T02:43:42.1214558Z Collecting httpx>=0.27 (from wms-backend==0.1.0)
all-pg-fixture-comparison	Install deps	2026-10-07T02:43:42.1257821Z   Downloading httpx-0.28.1-py3-none-any.whl.metadata (7.1 kB)
all-pg-fixture-comparison	Install deps	2026-10-07T02:43:42.2933916Z Collecting cryptography>=42.0 (from wms-backend==0.1.0)
all-pg-fixture-comparison	Install deps	2026-10-07T02:43:42.2975176Z   Downloading cryptography-50.0.2-cp311-abi3-manylinux_2_34_x86_64.whl.metadata (4.4 kB)
all-pg-fixture-comparison	Install deps	2026-10-07T02:43:42.4415218Z Collecting pymupdf>=1.24 (from wms-backend==0.1.0)
all-pg-fixture-comparison	Install deps	2026-10-07T02:43:42.4454645Z   Downloading pymupdf-1.28.2-cp310-abi3-manylinux_2_28_x86_64.whl.metadata (26 kB)
all-pg-fixture-comparison	Install deps	2026-10-07T02:43:42.4684436Z Collecting zxing-cpp>=3.0 (from wms-backend==0.1.0)
all-pg-fixture-comparison	Install deps	2026-10-07T02:43:42.4748983Z   Downloading zxing_cpp-3.1.1-cp311-cp311-manylinux_2_27_x86_64.manylinux_2_28_x86_64.whl.metadata (2.3 kB)
all-pg-fixture-comparison	Install deps	2026-10-07T02:43:42.4884823Z Collecting openpyxl>=3.1 (from wms-backend==0.1.0)
all-pg-fixture-comparison	Install deps	2026-10-07T02:43:42.4921265Z   Downloading openpyxl-3.1.5-py2.py3-none-any.whl.metadata (2.5 kB)
all-pg-fixture-comparison	Install deps	2026-10-07T02:43:42.6840183Z Collecting boto3>=1.34 (from wms-backend==0.1.0)
all-pg-fixture-comparison	Install deps	2026-10-07T02:43:42.6882066Z   Downloading boto3-1.43.108-py3-none-any.whl.metadata (6.6 kB)
all-pg-fixture-comparison	Install deps	2026-10-07T02:43:43.0226806Z Collecting ruff>=0.4 (from wms-backend==0.1.0)
all-pg-fixture-comparison	Install deps	2026-10-07T02:43:43.0268836Z   Downloading ruff-0.16.10-py3-none-manylinux_2_17_x86_64.manylinux2014_x86_64.whl.metadata (20 kB)
all-pg-fixture-comparison	Install deps	2026-10-07T02:43:43.1267600Z Collecting mypy>=1.10 (from wms-backend==0.1.0)
all-pg-fixture-comparison	Install deps	2026-10-07T02:43:43.1309837Z   Downloading mypy-2.4.0-cp311-cp311-manylinux2014_x86_64.manylinux_2_17_x86_64.manylinux_2_28_x86_64.whl.metadata (2.4 kB)
all-pg-fixture-comparison	Install deps	2026-10-07T02:43:43.1877797Z Collecting pytest>=8.0 (from wms-backend==0.1.0)
all-pg-fixture-comparison	Install deps	2026-10-07T02:43:43.1915997Z   Downloading pytest-9.1.1-py3-none-any.whl.metadata (7.6 kB)
all-pg-fixture-comparison	Install deps	2026-10-07T02:43:43.2107367Z Collecting pytest-asyncio>=0.23 (from wms-backend==0.1.0)
all-pg-fixture-comparison	Install deps	2026-10-07T02:43:43.2144059Z   Downloading pytest_asyncio-1.4.0-py3-none-any.whl.metadata (4.1 kB)
all-pg-fixture-comparison	Install deps	2026-10-07T02:43:43.2294162Z Collecting pytest-xdist>=3.5 (from wms-backend==0.1.0)
all-pg-fixture-comparison	Install deps	2026-10-07T02:43:43.2371951Z   Downloading pytest_xdist-3.8.0-py3-none-any.whl.metadata (3.0 kB)
all-pg-fixture-comparison	Install deps	2026-10-07T02:43:43.2597620Z Collecting types-requests>=2.32.0.20240622 (from wms-backend==0.1.0)
all-pg-fixture-comparison	Install deps	2026-10-07T02:43:43.2642843Z   Downloading types_requests-2.33.0.20261006-py3-none-any.whl.metadata (2.2 kB)
all-pg-fixture-comparison	Install deps	2026-10-07T02:43:43.2765675Z Collecting aiosqlite>=0.20 (from wms-backend==0.1.0)
all-pg-fixture-comparison	Install deps	2026-10-07T02:43:43.2808209Z   Downloading aiosqlite-0.22.1-py3-none-any.whl.metadata (4.3 kB)
all-pg-fixture-comparison	Install deps	2026-10-07T02:43:43.2935428Z Collecting qrcode>=7.4 (from qrcode[pil]>=7.4; extra == "dev"->wms-backend==0.1.0)
all-pg-fixture-comparison	Install deps	2026-10-07T02:43:43.2986933Z   Downloading qrcode-8.2-py3-none-any.whl.metadata (17 kB)
all-pg-fixture-comparison	Install deps	2026-10-07T02:43:43.3108426Z Collecting pypng>=0.20220615 (from wms-backend==0.1.0)
all-pg-fixture-comparison	Install deps	2026-10-07T02:43:43.3143950Z   Downloading pypng-0.20220715.0-py3-none-any.whl.metadata (13 kB)
all-pg-fixture-comparison	Install deps	2026-10-07T02:43:43.3254797Z Collecting python-barcode>=0.15 (from wms-backend==0.1.0)
all-pg-fixture-comparison	Install deps	2026-10-07T02:43:43.3288870Z   Downloading python_barcode-0.16.1-py3-none-any.whl.metadata (2.7 kB)
all-pg-fixture-comparison	Install deps	2026-10-07T02:43:43.3460364Z Collecting typing-extensions>=4.6.0 (from sqlalchemy<2.1,>=2.0->wms-backend==0.1.0)
all-pg-fixture-comparison	Install deps	2026-10-07T02:43:43.3496696Z   Downloading typing_extensions-4.16.0-py3-none-any.whl.metadata (3.3 kB)
all-pg-fixture-comparison	Install deps	2026-10-07T02:43:43.3652504Z Collecting Mako (from alembic>=1.13->wms-backend==0.1.0)
all-pg-fixture-comparison	Install deps	2026-10-07T02:43:43.3686469Z   Downloading mako-1.4.3-py3-none-any.whl.metadata (2.9 kB)
all-pg-fixture-comparison	Install deps	2026-10-07T02:43:43.5729023Z Collecting botocore<1.44.0,>=1.43.108 (from boto3>=1.34->wms-backend==0.1.0)
all-pg-fixture-comparison	Install deps	2026-10-07T02:43:43.5769949Z   Downloading botocore-1.43.108-py3-none-any.whl.metadata (5.6 kB)
all-pg-fixture-comparison	Install deps	2026-10-07T02:43:43.5895288Z Collecting jmespath<2.0.0,>=0.7.1 (from boto3>=1.34->wms-backend==0.1.0)
all-pg-fixture-comparison	Install deps	2026-10-07T02:43:43.5929411Z   Downloading jmespath-1.1.0-py3-none-any.whl.metadata (7.6 kB)
all-pg-fixture-comparison	Install deps	2026-10-07T02:43:43.6072563Z Collecting s3transfer<0.20.0,>=0.19.0 (from boto3>=1.34->wms-backend==0.1.0)
all-pg-fixture-comparison	Install deps	2026-10-07T02:43:43.6108549Z   Downloading s3transfer-0.19.2-py3-none-any.whl.metadata (1.7 kB)
all-pg-fixture-comparison	Install deps	2026-10-07T02:43:43.6237076Z Collecting python-dateutil<3.0.0,>=2.1 (from botocore<1.44.0,>=1.43.108->boto3>=1.34->wms-backend==0.1.0)
all-pg-fixture-comparison	Install deps	2026-10-07T02:43:43.6271599Z   Downloading python_dateutil-2.9.0.post0-py2.py3-none-any.whl.metadata (8.4 kB)
all-pg-fixture-comparison	Install deps	2026-10-07T02:43:43.6465271Z Collecting urllib3!=2.2.0,<3,>=1.25.4 (from botocore<1.44.0,>=1.43.108->boto3>=1.34->wms-backend==0.1.0)
all-pg-fixture-comparison	Install deps	2026-10-07T02:43:43.6500916Z   Downloading urllib3-2.8.0-py3-none-any.whl.metadata (7.4 kB)
all-pg-fixture-comparison	Install deps	2026-10-07T02:43:43.6638471Z Collecting six>=1.5 (from python-dateutil<3.0.0,>=2.1->botocore<1.44.0,>=1.43.108->boto3>=1.34->wms-backend==0.1.0)
all-pg-fixture-comparison	Install deps	2026-10-07T02:43:43.6674322Z   Downloading six-1.17.0-py2.py3-none-any.whl.metadata (1.7 kB)
all-pg-fixture-comparison	Install deps	2026-10-07T02:43:43.6998394Z Collecting billiard<5.0,>=4.2.1 (from celery>=5.3->celery[redis]>=5.3->wms-backend==0.1.0)
all-pg-fixture-comparison	Install deps	2026-10-07T02:43:43.7036090Z   Downloading billiard-4.3.1-py3-none-any.whl.metadata (5.0 kB)
all-pg-fixture-comparison	Install deps	2026-10-07T02:43:43.7254230Z Collecting kombu>=5.6.0 (from celery>=5.3->celery[redis]>=5.3->wms-backend==0.1.0)
all-pg-fixture-comparison	Install deps	2026-10-07T02:43:43.7300056Z   Downloading kombu-5.6.2-py3-none-any.whl.metadata (3.5 kB)
all-pg-fixture-comparison	Install deps	2026-10-07T02:43:43.7431990Z Collecting vine<6.0,>=5.1.0 (from celery>=5.3->celery[redis]>=5.3->wms-backend==0.1.0)
all-pg-fixture-comparison	Install deps	2026-10-07T02:43:43.7467811Z   Downloading vine-5.1.0-py3-none-any.whl.metadata (2.7 kB)
all-pg-fixture-comparison	Install deps	2026-10-07T02:43:43.7613601Z Collecting click<9.0,>=8.1.2 (from celery>=5.3->celery[redis]>=5.3->wms-backend==0.1.0)
all-pg-fixture-comparison	Install deps	2026-10-07T02:43:43.7648227Z   Downloading click-8.5.0-py3-none-any.whl.metadata (2.6 kB)
all-pg-fixture-comparison	Install deps	2026-10-07T02:43:43.7742364Z Collecting click-didyoumean>=0.3.0 (from celery>=5.3->celery[redis]>=5.3->wms-backend==0.1.0)
all-pg-fixture-comparison	Install deps	2026-10-07T02:43:43.7780729Z   Downloading click_didyoumean-0.3.1-py3-none-any.whl.metadata (3.9 kB)
all-pg-fixture-comparison	Install deps	2026-10-07T02:43:43.7883904Z Collecting click-repl>=0.2.0 (from celery>=5.3->celery[redis]>=5.3->wms-backend==0.1.0)
all-pg-fixture-comparison	Install deps	2026-10-07T02:43:43.7922744Z   Downloading click_repl-0.4.1-py3-none-any.whl.metadata (3.7 kB)
all-pg-fixture-comparison	Install deps	2026-10-07T02:43:43.8020873Z Collecting click-plugins>=1.1.1 (from celery>=5.3->celery[redis]>=5.3->wms-backend==0.1.0)
all-pg-fixture-comparison	Install deps	2026-10-07T02:43:43.8060370Z   Downloading click_plugins-1.1.1.2-py2.py3-none-any.whl.metadata (6.5 kB)
all-pg-fixture-comparison	Install deps	2026-10-07T02:43:43.8245858Z Collecting tzlocal (from celery>=5.3->celery[redis]>=5.3->wms-backend==0.1.0)
all-pg-fixture-comparison	Install deps	2026-10-07T02:43:43.8280719Z   Downloading tzlocal-5.4.4-py3-none-any.whl.metadata (7.7 kB)
all-pg-fixture-comparison	Install deps	2026-10-07T02:43:43.9182263Z Collecting prompt_toolkit>=3.0.36 (from click-repl>=0.2.0->celery>=5.3->celery[redis]>=5.3->wms-backend==0.1.0)
all-pg-fixture-comparison	Install deps	2026-10-07T02:43:43.9225429Z   Downloading prompt_toolkit-3.0.53-py3-none-any.whl.metadata (6.4 kB)
all-pg-fixture-comparison	Install deps	2026-10-07T02:43:44.0234294Z Collecting cffi>=2.0.0 (from cryptography>=42.0->wms-backend==0.1.0)
all-pg-fixture-comparison	Install deps	2026-10-07T02:43:44.0274258Z   Downloading cffi-2.1.1-cp311-cp311-manylinux2014_x86_64.manylinux_2_17_x86_64.whl.metadata (2.5 kB)
all-pg-fixture-comparison	Install deps	2026-10-07T02:43:44.0390365Z Collecting pycparser (from cffi>=2.0.0->cryptography>=42.0->wms-backend==0.1.0)
all-pg-fixture-comparison	Install deps	2026-10-07T02:43:44.0428336Z   Downloading pycparser-3.0-py3-none-any.whl.metadata (8.2 kB)
all-pg-fixture-comparison	Install deps	2026-10-07T02:43:44.0564497Z Collecting dnspython>=2.0.0 (from email-validator>=2.1->wms-backend==0.1.0)
all-pg-fixture-comparison	Install deps	2026-10-07T02:43:44.0608417Z   Downloading dnspython-2.8.0-py3-none-any.whl.metadata (5.7 kB)
all-pg-fixture-comparison	Install deps	2026-10-07T02:43:44.0792980Z Collecting idna>=2.0.0 (from email-validator>=2.1->wms-backend==0.1.0)
all-pg-fixture-comparison	Install deps	2026-10-07T02:43:44.0827822Z   Downloading idna-3.20-py3-none-any.whl.metadata (7.2 kB)
all-pg-fixture-comparison	Install deps	2026-10-07T02:43:44.1063017Z Collecting starlette>=0.46.0 (from fastapi>=0.110->wms-backend==0.1.0)
all-pg-fixture-comparison	Install deps	2026-10-07T02:43:44.1102986Z   Downloading starlette-1.7.0-py3-none-any.whl.metadata (6.6 kB)
all-pg-fixture-comparison	Install deps	2026-10-07T02:43:44.1252928Z Collecting typing-inspection>=0.4.2 (from fastapi>=0.110->wms-backend==0.1.0)
all-pg-fixture-comparison	Install deps	2026-10-07T02:43:44.1291999Z   Downloading typing_inspection-0.4.4-py3-none-any.whl.metadata (2.6 kB)
all-pg-fixture-comparison	Install deps	2026-10-07T02:43:44.1396091Z Collecting annotated-doc>=0.0.2 (from fastapi>=0.110->wms-backend==0.1.0)
all-pg-fixture-comparison	Install deps	2026-10-07T02:43:44.1432188Z   Downloading annotated_doc-0.0.5-py3-none-any.whl.metadata (6.5 kB)
all-pg-fixture-comparison	Install deps	2026-10-07T02:43:44.1606941Z Collecting opentelemetry-api>=1.44.0 (from fastapi>=0.110->wms-backend==0.1.0)
all-pg-fixture-comparison	Install deps	2026-10-07T02:43:44.1642658Z   Downloading opentelemetry_api-1.45.1-py3-none-any.whl.metadata (1.4 kB)
all-pg-fixture-comparison	Install deps	2026-10-07T02:43:44.1840343Z Collecting anyio (from httpx>=0.27->wms-backend==0.1.0)
all-pg-fixture-comparison	Install deps	2026-10-07T02:43:44.1876091Z   Downloading anyio-4.15.1-py3-none-any.whl.metadata (4.7 kB)
all-pg-fixture-comparison	Install deps	2026-10-07T02:43:44.2065404Z Collecting certifi (from httpx>=0.27->wms-backend==0.1.0)
all-pg-fixture-comparison	Install deps	2026-10-07T02:43:44.2108038Z   Downloading certifi-2026.7.22-py3-none-any.whl.metadata (2.5 kB)
all-pg-fixture-comparison	Install deps	2026-10-07T02:43:44.2257562Z Collecting httpcore==1.* (from httpx>=0.27->wms-backend==0.1.0)
all-pg-fixture-comparison	Install deps	2026-10-07T02:43:44.2296690Z   Downloading httpcore-1.0.9-py3-none-any.whl.metadata (21 kB)
all-pg-fixture-comparison	Install deps	2026-10-07T02:43:44.2435255Z Collecting h11>=0.16 (from httpcore==1.*->httpx>=0.27->wms-backend==0.1.0)
all-pg-fixture-comparison	Install deps	2026-10-07T02:43:44.2487174Z   Downloading h11-0.16.0-py3-none-any.whl.metadata (8.3 kB)
all-pg-fixture-comparison	Install deps	2026-10-07T02:43:44.2662394Z Collecting amqp<6.0.0,>=5.1.1 (from kombu>=5.6.0->celery>=5.3->celery[redis]>=5.3->wms-backend==0.1.0)
all-pg-fixture-comparison	Install deps	2026-10-07T02:43:44.2716616Z   Downloading amqp-5.4.1-py3-none-any.whl.metadata (9.4 kB)
all-pg-fixture-comparison	Install deps	2026-10-07T02:43:44.2850370Z Collecting tzdata>=2025.2 (from kombu>=5.6.0->celery>=5.3->celery[redis]>=5.3->wms-backend==0.1.0)
all-pg-fixture-comparison	Install deps	2026-10-07T02:43:44.2884773Z   Downloading tzdata-2026.5-py2.py3-none-any.whl.metadata (1.4 kB)
all-pg-fixture-comparison	Install deps	2026-10-07T02:43:44.3036918Z Collecting packaging (from kombu>=5.6.0->celery>=5.3->celery[redis]>=5.3->wms-backend==0.1.0)
all-pg-fixture-comparison	Install deps	2026-10-07T02:43:44.3071607Z   Downloading packaging-26.3-py3-none-any.whl.metadata (3.5 kB)
all-pg-fixture-comparison	Install deps	2026-10-07T02:43:44.3202854Z Collecting mypy_extensions>=1.0.0 (from mypy>=1.10->wms-backend==0.1.0)
all-pg-fixture-comparison	Install deps	2026-10-07T02:43:44.3236485Z   Downloading mypy_extensions-1.1.0-py3-none-any.whl.metadata (1.1 kB)
all-pg-fixture-comparison	Install deps	2026-10-07T02:43:44.3346864Z Collecting pathspec>=1.0.0 (from mypy>=1.10->wms-backend==0.1.0)
all-pg-fixture-comparison	Install deps	2026-10-07T02:43:44.3384086Z   Downloading pathspec-1.1.1-py3-none-any.whl.metadata (14 kB)
all-pg-fixture-comparison	Install deps	2026-10-07T02:43:44.4596592Z Collecting librt>=0.16.0 (from mypy>=1.10->wms-backend==0.1.0)
all-pg-fixture-comparison	Install deps	2026-10-07T02:43:44.4636761Z   Downloading librt-0.16.0-cp311-cp311-manylinux2014_x86_64.manylinux_2_17_x86_64.manylinux_2_28_x86_64.whl.metadata (1.3 kB)
all-pg-fixture-comparison	Install deps	2026-10-07T02:43:44.5066374Z Collecting ast-serialize<1.0.0,>=0.11.2 (from mypy>=1.10->wms-backend==0.1.0)
all-pg-fixture-comparison	Install deps	2026-10-07T02:43:44.5108840Z   Downloading ast_serialize-0.12.1-cp39-abi3-manylinux_2_17_x86_64.manylinux2014_x86_64.whl.metadata (1.4 kB)
all-pg-fixture-comparison	Install deps	2026-10-07T02:43:44.5235062Z Collecting et-xmlfile (from openpyxl>=3.1->wms-backend==0.1.0)
all-pg-fixture-comparison	Install deps	2026-10-07T02:43:44.5273150Z   Downloading et_xmlfile-2.0.0-py3-none-any.whl.metadata (2.7 kB)
all-pg-fixture-comparison	Install deps	2026-10-07T02:43:44.5469709Z Collecting wcwidth>=0.1.4 (from prompt_toolkit>=3.0.36->click-repl>=0.2.0->celery>=5.3->celery[redis]>=5.3->wms-backend==0.1.0)
all-pg-fixture-comparison	Install deps	2026-10-07T02:43:44.5508871Z   Downloading wcwidth-0.9.2-cp310-abi3-manylinux2014_x86_64.manylinux_2_17_x86_64.whl.metadata (23 kB)
all-pg-fixture-comparison	Install deps	2026-10-07T02:43:44.7558342Z Collecting psycopg-binary==3.3.6 (from psycopg[binary]>=3.1->wms-backend==0.1.0)
all-pg-fixture-comparison	Install deps	2026-10-07T02:43:44.7604733Z   Downloading psycopg_binary-3.3.6-cp311-cp311-manylinux2014_x86_64.manylinux_2_17_x86_64.whl.metadata (2.7 kB)
all-pg-fixture-comparison	Install deps	2026-10-07T02:43:44.7724391Z Collecting annotated-types>=0.6.0 (from pydantic>=2.6->wms-backend==0.1.0)
all-pg-fixture-comparison	Install deps	2026-10-07T02:43:44.7773115Z   Downloading annotated_types-0.8.0-py3-none-any.whl.metadata (15 kB)
all-pg-fixture-comparison	Install deps	2026-10-07T02:43:45.4647189Z Collecting pydantic-core==2.46.5 (from pydantic>=2.6->wms-backend==0.1.0)
all-pg-fixture-comparison	Install deps	2026-10-07T02:43:45.4687890Z   Downloading pydantic_core-2.46.5-cp311-cp311-manylinux_2_17_x86_64.manylinux2014_x86_64.whl.metadata (6.6 kB)
all-pg-fixture-comparison	Install deps	2026-10-07T02:43:45.4904779Z Collecting python-dotenv>=0.21.0 (from pydantic-settings>=2.2->wms-backend==0.1.0)
all-pg-fixture-comparison	Install deps	2026-10-07T02:43:45.4941420Z   Downloading python_dotenv-1.2.4-py3-none-any.whl.metadata (29 kB)
all-pg-fixture-comparison	Install deps	2026-10-07T02:43:45.5087441Z Collecting iniconfig>=1.0.1 (from pytest>=8.0->wms-backend==0.1.0)
all-pg-fixture-comparison	Install deps	2026-10-07T02:43:45.5123544Z   Downloading iniconfig-2.3.1-py3-none-any.whl.metadata (2.8 kB)
all-pg-fixture-comparison	Install deps	2026-10-07T02:43:45.5259776Z Collecting pluggy<2,>=1.5 (from pytest>=8.0->wms-backend==0.1.0)
all-pg-fixture-comparison	Install deps	2026-10-07T02:43:45.5294355Z   Downloading pluggy-1.6.0-py3-none-any.whl.metadata (4.8 kB)
all-pg-fixture-comparison	Install deps	2026-10-07T02:43:45.5457718Z Collecting pygments>=2.7.2 (from pytest>=8.0->wms-backend==0.1.0)
all-pg-fixture-comparison	Install deps	2026-10-07T02:43:45.5493672Z   Downloading pygments-2.21.0-py3-none-any.whl.metadata (2.5 kB)
all-pg-fixture-comparison	Install deps	2026-10-07T02:43:45.5670728Z Collecting execnet>=2.1 (from pytest-xdist>=3.5->wms-backend==0.1.0)
all-pg-fixture-comparison	Install deps	2026-10-07T02:43:45.5704792Z   Downloading execnet-2.1.2-py3-none-any.whl.metadata (2.9 kB)
all-pg-fixture-comparison	Install deps	2026-10-07T02:43:45.7439805Z Collecting pillow>=9.1.0 (from qrcode[pil]>=7.4; extra == "dev"->wms-backend==0.1.0)
all-pg-fixture-comparison	Install deps	2026-10-07T02:43:45.7479291Z   Downloading pillow-12.3.0-cp311-cp311-manylinux_2_27_x86_64.manylinux_2_28_x86_64.whl.metadata (9.1 kB)
all-pg-fixture-comparison	Install deps	2026-10-07T02:43:45.7964811Z Collecting httptools>=0.8.0 (from uvicorn[standard]>=0.27->wms-backend==0.1.0)
all-pg-fixture-comparison	Install deps	2026-10-07T02:43:45.8004733Z   Downloading httptools-0.8.0-cp311-cp311-manylinux1_x86_64.manylinux_2_28_x86_64.manylinux_2_5_x86_64.whl.metadata (3.5 kB)
all-pg-fixture-comparison	Install deps	2026-10-07T02:43:45.8386843Z Collecting pyyaml>=5.1 (from uvicorn[standard]>=0.27->wms-backend==0.1.0)
all-pg-fixture-comparison	Install deps	2026-10-07T02:43:45.8443995Z   Downloading pyyaml-6.0.3-cp311-cp311-manylinux2014_x86_64.manylinux_2_17_x86_64.manylinux_2_28_x86_64.whl.metadata (2.4 kB)
all-pg-fixture-comparison	Install deps	2026-10-07T02:43:45.8818318Z Collecting uvloop>=0.15.1 (from uvicorn[standard]>=0.27->wms-backend==0.1.0)
all-pg-fixture-comparison	Install deps	2026-10-07T02:43:45.8859787Z   Downloading uvloop-0.23.0-cp311-cp311-manylinux2014_x86_64.manylinux_2_17_x86_64.manylinux_2_28_x86_64.whl.metadata (5.1 kB)
all-pg-fixture-comparison	Install deps	2026-10-07T02:43:45.9526816Z Collecting watchfiles>=0.20 (from uvicorn[standard]>=0.27->wms-backend==0.1.0)
all-pg-fixture-comparison	Install deps	2026-10-07T02:43:45.9565446Z   Downloading watchfiles-1.3.0-cp310-abi3-manylinux_2_17_x86_64.manylinux2014_x86_64.whl.metadata (4.9 kB)
all-pg-fixture-comparison	Install deps	2026-10-07T02:43:46.1294529Z Collecting websockets>=13.0 (from uvicorn[standard]>=0.27->wms-backend==0.1.0)
all-pg-fixture-comparison	Install deps	2026-10-07T02:43:46.1345216Z   Downloading websockets-17.2-cp311-cp311-manylinux1_x86_64.manylinux_2_28_x86_64.manylinux_2_5_x86_64.whl.metadata (6.3 kB)
all-pg-fixture-comparison	Install deps	2026-10-07T02:43:46.1681982Z Collecting redis!=4.5.5,!=5.0.2,<6.5,>=4.5.2 (from kombu[redis]; extra == "redis"->celery[redis]>=5.3->wms-backend==0.1.0)
all-pg-fixture-comparison	Install deps	2026-10-07T02:43:46.1717233Z   Downloading redis-6.4.0-py3-none-any.whl.metadata (10 kB)
all-pg-fixture-comparison	Install deps	2026-10-07T02:43:46.2263058Z Collecting MarkupSafe>=2.0 (from Mako->alembic>=1.13->wms-backend==0.1.0)
all-pg-fixture-comparison	Install deps	2026-10-07T02:43:46.2307135Z   Downloading markupsafe-3.0.4-cp311-cp311-manylinux2014_x86_64.manylinux_2_17_x86_64.manylinux_2_28_x86_64.whl.metadata (2.7 kB)
all-pg-fixture-comparison	Install deps	2026-10-07T02:43:46.2421460Z Downloading sqlalchemy-2.0.54-cp311-cp311-manylinux2014_x86_64.manylinux_2_17_x86_64.manylinux_2_28_x86_64.whl (3.4 MB)
all-pg-fixture-comparison	Install deps	2026-10-07T02:43:46.2803656Z    ━━━━━━━━━━━━━━━━━━━━━━━━━━━━━━━━━━━━━━━━ 3.4/3.4 MB 98.4 MB/s  0:00:00
all-pg-fixture-comparison	Install deps	2026-10-07T02:43:46.2843623Z Downloading aiosqlite-0.22.1-py3-none-any.whl (17 kB)
all-pg-fixture-comparison	Install deps	2026-10-07T02:43:46.2896903Z Downloading alembic-1.20.0-py3-none-any.whl (268 kB)
all-pg-fixture-comparison	Install deps	2026-10-07T02:43:46.2972823Z Downloading bcrypt-5.0.0-cp39-abi3-manylinux_2_34_x86_64.whl (278 kB)
all-pg-fixture-comparison	Install deps	2026-10-07T02:43:46.3046032Z Downloading boto3-1.43.108-py3-none-any.whl (140 kB)
all-pg-fixture-comparison	Install deps	2026-10-07T02:43:46.3101467Z Downloading botocore-1.43.108-py3-none-any.whl (16.0 MB)
all-pg-fixture-comparison	Install deps	2026-10-07T02:43:46.3810538Z    ━━━━━━━━━━━━━━━━━━━━━━━━━━━━━━━━━━━━━━━━ 16.0/16.0 MB 231.5 MB/s  0:00:00
all-pg-fixture-comparison	Install deps	2026-10-07T02:43:46.3851305Z Downloading jmespath-1.1.0-py3-none-any.whl (20 kB)
all-pg-fixture-comparison	Install deps	2026-10-07T02:43:46.3908768Z Downloading python_dateutil-2.9.0.post0-py2.py3-none-any.whl (229 kB)
all-pg-fixture-comparison	Install deps	2026-10-07T02:43:46.3970950Z Downloading s3transfer-0.19.2-py3-none-any.whl (90 kB)
all-pg-fixture-comparison	Install deps	2026-10-07T02:43:46.4029075Z Downloading urllib3-2.8.0-py3-none-any.whl (135 kB)
all-pg-fixture-comparison	Install deps	2026-10-07T02:43:46.4084565Z Downloading celery-5.6.3-py3-none-any.whl (451 kB)
all-pg-fixture-comparison	Install deps	2026-10-07T02:43:46.4146046Z Downloading billiard-4.3.1-py3-none-any.whl (90 kB)
all-pg-fixture-comparison	Install deps	2026-10-07T02:43:46.4198878Z Downloading click-8.5.0-py3-none-any.whl (125 kB)
all-pg-fixture-comparison	Install deps	2026-10-07T02:43:46.4254770Z Downloading vine-5.1.0-py3-none-any.whl (9.6 kB)
all-pg-fixture-comparison	Install deps	2026-10-07T02:43:46.4309157Z Downloading click_didyoumean-0.3.1-py3-none-any.whl (3.6 kB)
all-pg-fixture-comparison	Install deps	2026-10-07T02:43:46.4362986Z Downloading click_plugins-1.1.1.2-py2.py3-none-any.whl (11 kB)
all-pg-fixture-comparison	Install deps	2026-10-07T02:43:46.4419062Z Downloading click_repl-0.4.1-py3-none-any.whl (14 kB)
all-pg-fixture-comparison	Install deps	2026-10-07T02:43:46.4510270Z Downloading cryptography-50.0.2-cp311-abi3-manylinux_2_34_x86_64.whl (4.8 MB)
all-pg-fixture-comparison	Install deps	2026-10-07T02:43:46.4677022Z    ━━━━━━━━━━━━━━━━━━━━━━━━━━━━━━━━━━━━━━━━ 4.8/4.8 MB 316.5 MB/s  0:00:00
all-pg-fixture-comparison	Install deps	2026-10-07T02:43:46.4715086Z Downloading cffi-2.1.1-cp311-cp311-manylinux2014_x86_64.manylinux_2_17_x86_64.whl (217 kB)
all-pg-fixture-comparison	Install deps	2026-10-07T02:43:46.4774768Z Downloading email_validator-2.3.0-py3-none-any.whl (35 kB)
all-pg-fixture-comparison	Install deps	2026-10-07T02:43:46.4833926Z Downloading dnspython-2.8.0-py3-none-any.whl (331 kB)
all-pg-fixture-comparison	Install deps	2026-10-07T02:43:46.4896504Z Downloading fastapi-0.142.2-py3-none-any.whl (144 kB)
all-pg-fixture-comparison	Install deps	2026-10-07T02:43:46.4956089Z Downloading annotated_doc-0.0.5-py3-none-any.whl (5.3 kB)
all-pg-fixture-comparison	Install deps	2026-10-07T02:43:46.5011140Z Downloading greenlet-3.5.6-cp311-cp311-manylinux_2_24_x86_64.manylinux_2_28_x86_64.whl (624 kB)
all-pg-fixture-comparison	Install deps	2026-10-07T02:43:46.5078116Z    ━━━━━━━━━━━━━━━━━━━━━━━━━━━━━━━━━━━━━━━━ 624.4/624.4 kB 108.3 MB/s  0:00:00
all-pg-fixture-comparison	Install deps	2026-10-07T02:43:46.5113511Z Downloading httpx-0.28.1-py3-none-any.whl (73 kB)
all-pg-fixture-comparison	Install deps	2026-10-07T02:43:46.5174943Z Downloading httpcore-1.0.9-py3-none-any.whl (78 kB)
all-pg-fixture-comparison	Install deps	2026-10-07T02:43:46.5230467Z Downloading h11-0.16.0-py3-none-any.whl (37 kB)
all-pg-fixture-comparison	Install deps	2026-10-07T02:43:46.5285106Z Downloading idna-3.20-py3-none-any.whl (69 kB)
all-pg-fixture-comparison	Install deps	2026-10-07T02:43:46.5344585Z Downloading kombu-5.6.2-py3-none-any.whl (214 kB)
all-pg-fixture-comparison	Install deps	2026-10-07T02:43:46.5401375Z Downloading amqp-5.4.1-py3-none-any.whl (51 kB)
all-pg-fixture-comparison	Install deps	2026-10-07T02:43:46.5464701Z Downloading mypy-2.4.0-cp311-cp311-manylinux2014_x86_64.manylinux_2_17_x86_64.manylinux_2_28_x86_64.whl (15.4 MB)
all-pg-fixture-comparison	Install deps	2026-10-07T02:43:46.6404344Z    ━━━━━━━━━━━━━━━━━━━━━━━━━━━━━━━━━━━━━━━━ 15.4/15.4 MB 170.2 MB/s  0:00:00
all-pg-fixture-comparison	Install deps	2026-10-07T02:43:46.6444901Z Downloading ast_serialize-0.12.1-cp39-abi3-manylinux_2_17_x86_64.manylinux2014_x86_64.whl (1.3 MB)
all-pg-fixture-comparison	Install deps	2026-10-07T02:43:46.6514930Z    ━━━━━━━━━━━━━━━━━━━━━━━━━━━━━━━━━━━━━━━━ 1.3/1.3 MB 226.8 MB/s  0:00:00
all-pg-fixture-comparison	Install deps	2026-10-07T02:43:46.6551805Z Downloading librt-0.16.0-cp311-cp311-manylinux2014_x86_64.manylinux_2_17_x86_64.manylinux_2_28_x86_64.whl (515 kB)
all-pg-fixture-comparison	Install deps	2026-10-07T02:43:46.6620475Z Downloading mypy_extensions-1.1.0-py3-none-any.whl (5.0 kB)
all-pg-fixture-comparison	Install deps	2026-10-07T02:43:46.6672631Z Downloading openpyxl-3.1.5-py2.py3-none-any.whl (250 kB)
all-pg-fixture-comparison	Install deps	2026-10-07T02:43:46.6731454Z Downloading opentelemetry_api-1.45.1-py3-none-any.whl (60 kB)
all-pg-fixture-comparison	Install deps	2026-10-07T02:43:46.6787836Z Downloading pathspec-1.1.1-py3-none-any.whl (57 kB)
all-pg-fixture-comparison	Install deps	2026-10-07T02:43:46.6867878Z Downloading prompt_toolkit-3.0.53-py3-none-any.whl (392 kB)
all-pg-fixture-comparison	Install deps	2026-10-07T02:43:46.6932865Z Downloading psycopg-3.3.6-py3-none-any.whl (215 kB)
all-pg-fixture-comparison	Install deps	2026-10-07T02:43:46.7034332Z Downloading psycopg_binary-3.3.6-cp311-cp311-manylinux2014_x86_64.manylinux_2_17_x86_64.whl (5.3 MB)
all-pg-fixture-comparison	Install deps	2026-10-07T02:43:46.7302031Z    ━━━━━━━━━━━━━━━━━━━━━━━━━━━━━━━━━━━━━━━━ 5.3/5.3 MB 204.3 MB/s  0:00:00
all-pg-fixture-comparison	Install deps	2026-10-07T02:43:46.7338817Z Downloading pydantic-2.13.5-py3-none-any.whl (472 kB)
all-pg-fixture-comparison	Install deps	2026-10-07T02:43:46.7413017Z Downloading pydantic_core-2.46.5-cp311-cp311-manylinux_2_17_x86_64.manylinux2014_x86_64.whl (2.1 MB)
all-pg-fixture-comparison	Install deps	2026-10-07T02:43:46.7493745Z    ━━━━━━━━━━━━━━━━━━━━━━━━━━━━━━━━━━━━━━━━ 2.1/2.1 MB 306.0 MB/s  0:00:00
all-pg-fixture-comparison	Install deps	2026-10-07T02:43:46.7532838Z Downloading annotated_types-0.8.0-py3-none-any.whl (13 kB)
all-pg-fixture-comparison	Install deps	2026-10-07T02:43:46.7587487Z Downloading pydantic_settings-2.15.0-py3-none-any.whl (69 kB)
all-pg-fixture-comparison	Install deps	2026-10-07T02:43:46.7645789Z Downloading pyjwt-2.15.1-py3-none-any.whl (33 kB)
all-pg-fixture-comparison	Install deps	2026-10-07T02:43:46.7706348Z Downloading pymupdf-1.28.2-cp310-abi3-manylinux_2_28_x86_64.whl (25.8 MB)
all-pg-fixture-comparison	Install deps	2026-10-07T02:43:46.8617021Z    ━━━━━━━━━━━━━━━━━━━━━━━━━━━━━━━━━━━━━━━━ 25.8/25.8 MB 288.5 MB/s  0:00:00
all-pg-fixture-comparison	Install deps	2026-10-07T02:43:46.8675719Z Downloading pypng-0.20220715.0-py3-none-any.whl (58 kB)
all-pg-fixture-comparison	Install deps	2026-10-07T02:43:46.8733491Z Downloading pytest-9.1.1-py3-none-any.whl (386 kB)
all-pg-fixture-comparison	Install deps	2026-10-07T02:43:46.8802445Z Downloading pluggy-1.6.0-py3-none-any.whl (20 kB)
all-pg-fixture-comparison	Install deps	2026-10-07T02:43:46.8857493Z Downloading iniconfig-2.3.1-py3-none-any.whl (7.6 kB)
all-pg-fixture-comparison	Install deps	2026-10-07T02:43:46.8914076Z Downloading packaging-26.3-py3-none-any.whl (129 kB)
all-pg-fixture-comparison	Install deps	2026-10-07T02:43:46.8974726Z Downloading pygments-2.21.0-py3-none-any.whl (1.3 MB)
all-pg-fixture-comparison	Install deps	2026-10-07T02:43:46.9043921Z    ━━━━━━━━━━━━━━━━━━━━━━━━━━━━━━━━━━━━━━━━ 1.3/1.3 MB 212.6 MB/s  0:00:00
all-pg-fixture-comparison	Install deps	2026-10-07T02:43:46.9079988Z Downloading pytest_asyncio-1.4.0-py3-none-any.whl (16 kB)
all-pg-fixture-comparison	Install deps	2026-10-07T02:43:46.9131309Z Downloading pytest_xdist-3.8.0-py3-none-any.whl (46 kB)
all-pg-fixture-comparison	Install deps	2026-10-07T02:43:46.9186967Z Downloading execnet-2.1.2-py3-none-any.whl (40 kB)
all-pg-fixture-comparison	Install deps	2026-10-07T02:43:46.9241994Z Downloading python_barcode-0.16.1-py3-none-any.whl (228 kB)
all-pg-fixture-comparison	Install deps	2026-10-07T02:43:46.9306226Z Downloading python_dotenv-1.2.4-py3-none-any.whl (23 kB)
all-pg-fixture-comparison	Install deps	2026-10-07T02:43:46.9362046Z Downloading python_multipart-0.0.32-py3-none-any.whl (30 kB)
all-pg-fixture-comparison	Install deps	2026-10-07T02:43:46.9413918Z Downloading qrcode-8.2-py3-none-any.whl (45 kB)
all-pg-fixture-comparison	Install deps	2026-10-07T02:43:46.9468591Z Downloading pillow-12.3.0-cp311-cp311-manylinux_2_27_x86_64.manylinux_2_28_x86_64.whl (6.9 MB)
all-pg-fixture-comparison	Install deps	2026-10-07T02:43:46.9681611Z    ━━━━━━━━━━━━━━━━━━━━━━━━━━━━━━━━━━━━━━━━ 6.9/6.9 MB 350.3 MB/s  0:00:00
all-pg-fixture-comparison	Install deps	2026-10-07T02:43:46.9719435Z Downloading ruff-0.16.10-py3-none-manylinux_2_17_x86_64.manylinux2014_x86_64.whl (10.4 MB)
all-pg-fixture-comparison	Install deps	2026-10-07T02:43:47.0078802Z    ━━━━━━━━━━━━━━━━━━━━━━━━━━━━━━━━━━━━━━━━ 10.4/10.4 MB 302.4 MB/s  0:00:00
all-pg-fixture-comparison	Install deps	2026-10-07T02:43:47.0119468Z Downloading six-1.17.0-py2.py3-none-any.whl (11 kB)
all-pg-fixture-comparison	Install deps	2026-10-07T02:43:47.0181893Z Downloading starlette-1.7.0-py3-none-any.whl (78 kB)
all-pg-fixture-comparison	Install deps	2026-10-07T02:43:47.0240472Z Downloading anyio-4.15.1-py3-none-any.whl (132 kB)
all-pg-fixture-comparison	Install deps	2026-10-07T02:43:47.0296125Z Downloading types_requests-2.33.0.20261006-py3-none-any.whl (21 kB)
all-pg-fixture-comparison	Install deps	2026-10-07T02:43:47.0350085Z Downloading typing_extensions-4.16.0-py3-none-any.whl (45 kB)
all-pg-fixture-comparison	Install deps	2026-10-07T02:43:47.0405104Z Downloading typing_inspection-0.4.4-py3-none-any.whl (14 kB)
all-pg-fixture-comparison	Install deps	2026-10-07T02:43:47.0470965Z Downloading tzdata-2026.5-py2.py3-none-any.whl (347 kB)
all-pg-fixture-comparison	Install deps	2026-10-07T02:43:47.0550456Z Downloading uvicorn-0.54.0-py3-none-any.whl (87 kB)
all-pg-fixture-comparison	Install deps	2026-10-07T02:43:47.0606941Z Downloading httptools-0.8.0-cp311-cp311-manylinux1_x86_64.manylinux_2_28_x86_64.manylinux_2_5_x86_64.whl (464 kB)
all-pg-fixture-comparison	Install deps	2026-10-07T02:43:47.0760735Z Downloading pyyaml-6.0.3-cp311-cp311-manylinux2014_x86_64.manylinux_2_17_x86_64.manylinux_2_28_x86_64.whl (806 kB)
all-pg-fixture-comparison	Install deps	2026-10-07T02:43:47.0821859Z    ━━━━━━━━━━━━━━━━━━━━━━━━━━━━━━━━━━━━━━━━ 806.6/806.6 kB 151.1 MB/s  0:00:00
all-pg-fixture-comparison	Install deps	2026-10-07T02:43:47.0861302Z Downloading uvloop-0.23.0-cp311-cp311-manylinux2014_x86_64.manylinux_2_17_x86_64.manylinux_2_28_x86_64.whl (4.0 MB)
all-pg-fixture-comparison	Install deps	2026-10-07T02:43:47.0990973Z    ━━━━━━━━━━━━━━━━━━━━━━━━━━━━━━━━━━━━━━━━ 4.0/4.0 MB 353.6 MB/s  0:00:00
all-pg-fixture-comparison	Install deps	2026-10-07T02:43:47.1049928Z Downloading watchfiles-1.3.0-cp310-abi3-manylinux_2_17_x86_64.manylinux2014_x86_64.whl (458 kB)
all-pg-fixture-comparison	Install deps	2026-10-07T02:43:47.1123508Z Downloading wcwidth-0.9.2-cp310-abi3-manylinux2014_x86_64.manylinux_2_17_x86_64.whl (769 kB)
all-pg-fixture-comparison	Install deps	2026-10-07T02:43:47.1173709Z    ━━━━━━━━━━━━━━━━━━━━━━━━━━━━━━━━━━━━━━━━ 769.8/769.8 kB 177.0 MB/s  0:00:00
all-pg-fixture-comparison	Install deps	2026-10-07T02:43:47.1208339Z Downloading websockets-17.2-cp311-cp311-manylinux1_x86_64.manylinux_2_28_x86_64.manylinux_2_5_x86_64.whl (225 kB)
all-pg-fixture-comparison	Install deps	2026-10-07T02:43:47.1280179Z Downloading zxing_cpp-3.1.1-cp311-cp311-manylinux_2_27_x86_64.manylinux_2_28_x86_64.whl (1.1 MB)
all-pg-fixture-comparison	Install deps	2026-10-07T02:43:47.1343686Z    ━━━━━━━━━━━━━━━━━━━━━━━━━━━━━━━━━━━━━━━━ 1.1/1.1 MB 199.9 MB/s  0:00:00
all-pg-fixture-comparison	Install deps	2026-10-07T02:43:47.1378798Z Downloading certifi-2026.7.22-py3-none-any.whl (136 kB)
all-pg-fixture-comparison	Install deps	2026-10-07T02:43:47.1434665Z Downloading et_xmlfile-2.0.0-py3-none-any.whl (18 kB)
all-pg-fixture-comparison	Install deps	2026-10-07T02:43:47.1501355Z Downloading redis-6.4.0-py3-none-any.whl (279 kB)
all-pg-fixture-comparison	Install deps	2026-10-07T02:43:47.1574852Z Downloading mako-1.4.3-py3-none-any.whl (80 kB)
all-pg-fixture-comparison	Install deps	2026-10-07T02:43:47.1634966Z Downloading markupsafe-3.0.4-cp311-cp311-manylinux2014_x86_64.manylinux_2_17_x86_64.manylinux_2_28_x86_64.whl (22 kB)
all-pg-fixture-comparison	Install deps	2026-10-07T02:43:47.1684898Z Downloading pycparser-3.0-py3-none-any.whl (48 kB)
all-pg-fixture-comparison	Install deps	2026-10-07T02:43:47.1737608Z Downloading tzlocal-5.4.4-py3-none-any.whl (18 kB)
all-pg-fixture-comparison	Install deps	2026-10-07T02:43:47.4313400Z Building wheels for collected packages: wms-backend
all-pg-fixture-comparison	Install deps	2026-10-07T02:43:47.4322347Z   Building editable for wms-backend (pyproject.toml): started
all-pg-fixture-comparison	Install deps	2026-10-07T02:43:47.6665250Z   Building editable for wms-backend (pyproject.toml): finished with status 'done'
all-pg-fixture-comparison	Install deps	2026-10-07T02:43:47.6671199Z   Created wheel for wms-backend: filename=wms_backend-0.1.0-0.editable-py3-none-any.whl size=3077 sha256=a0045c38db4b4fc4b62d6cbe856f41590af087a6935890494ffeeb20e2dd625d
all-pg-fixture-comparison	Install deps	2026-10-07T02:43:47.6672951Z   Stored in directory: /tmp/pip-ephem-wheel-cache-r4z020qt/wheels/26/11/5b/89ad3c9e29691b924ee9e05063c147a3e1befbcc743214281d
all-pg-fixture-comparison	Install deps	2026-10-07T02:43:47.6688962Z Successfully built wms-backend
all-pg-fixture-comparison	Install deps	2026-10-07T02:43:47.8058232Z Installing collected packages: pypng, zxing-cpp, websockets, wcwidth, vine, uvloop, urllib3, tzlocal, tzdata, typing-extensions, six, ruff, redis, qrcode, pyyaml, python-multipart, python-dotenv, python-barcode, pymupdf, pyjwt, pygments, pycparser, psycopg-binary, pluggy, pillow, pathspec, packaging, mypy_extensions, MarkupSafe, librt, jmespath, iniconfig, idna, httptools, h11, greenlet, execnet, et-xmlfile, dnspython, click, certifi, billiard, bcrypt, ast-serialize, annotated-types, annotated-doc, aiosqlite, uvicorn, typing-inspection, types-requests, sqlalchemy, python-dateutil, pytest, pydantic-core, psycopg, prompt_toolkit, opentelemetry-api, openpyxl, mypy, Mako, httpcore, email-validator, click-plugins, click-didyoumean, cffi, anyio, amqp, watchfiles, starlette, pytest-xdist, pytest-asyncio, pydantic, kombu, httpx, cryptography, click-repl, botocore, alembic, s3transfer, pydantic-settings, fastapi, celery, boto3, wms-backend
all-pg-fixture-comparison	Install deps	2026-10-07T02:43:57.3710714Z 
all-pg-fixture-comparison	Install deps	2026-10-07T02:43:57.3750746Z Successfully installed Mako-1.4.3 MarkupSafe-3.0.4 aiosqlite-0.22.1 alembic-1.20.0 amqp-5.4.1 annotated-doc-0.0.5 annotated-types-0.8.0 anyio-4.15.1 ast-serialize-0.12.1 bcrypt-5.0.0 billiard-4.3.1 boto3-1.43.108 botocore-1.43.108 celery-5.6.3 certifi-2026.7.22 cffi-2.1.1 click-8.5.0 click-didyoumean-0.3.1 click-plugins-1.1.1.2 click-repl-0.4.1 cryptography-50.0.2 dnspython-2.8.0 email-validator-2.3.0 et-xmlfile-2.0.0 execnet-2.1.2 fastapi-0.142.2 greenlet-3.5.6 h11-0.16.0 httpcore-1.0.9 httptools-0.8.0 httpx-0.28.1 idna-3.20 iniconfig-2.3.1 jmespath-1.1.0 kombu-5.6.2 librt-0.16.0 mypy-2.4.0 mypy_extensions-1.1.0 openpyxl-3.1.5 opentelemetry-api-1.45.1 packaging-26.3 pathspec-1.1.1 pillow-12.3.0 pluggy-1.6.0 prompt_toolkit-3.0.53 psycopg-3.3.6 psycopg-binary-3.3.6 pycparser-3.0 pydantic-2.13.5 pydantic-core-2.46.5 pydantic-settings-2.15.0 pygments-2.21.0 pyjwt-2.15.1 pymupdf-1.28.2 pypng-0.20220715.0 pytest-9.1.1 pytest-asyncio-1.4.0 pytest-xdist-3.8.0 python-barcode-0.16.1 python-dateutil-2.9.0.post0 python-dotenv-1.2.4 python-multipart-0.0.32 pyyaml-6.0.3 qrcode-8.2 redis-6.4.0 ruff-0.16.10 s3transfer-0.19.2 six-1.17.0 sqlalchemy-2.0.54 starlette-1.7.0 types-requests-2.33.0.20261006 typing-extensions-4.16.0 typing-inspection-0.4.4 tzdata-2026.5 tzlocal-5.4.4 urllib3-2.8.0 uvicorn-0.54.0 uvloop-0.23.0 vine-5.1.0 watchfiles-1.3.0 wcwidth-0.9.2 websockets-17.2 wms-backend-0.1.0 zxing-cpp-3.1.1
all-pg-fixture-comparison	Ruff	﻿2026-10-07T02:43:57.7710542Z ##[group]Run python ../scripts/ci/pg-comparison/execute.py ruff
all-pg-fixture-comparison	Ruff	2026-10-07T02:43:57.7711103Z [36;1mpython ../scripts/ci/pg-comparison/execute.py ruff[0m
all-pg-fixture-comparison	Ruff	2026-10-07T02:43:57.7777755Z shell: /usr/bin/bash -e {0}
all-pg-fixture-comparison	Ruff	2026-10-07T02:43:57.7778054Z env:
all-pg-fixture-comparison	Ruff	2026-10-07T02:43:57.7778368Z   pythonLocation: /opt/hostedtoolcache/Python/3.11.16/x64
all-pg-fixture-comparison	Ruff	2026-10-07T02:43:57.7778915Z   PKG_CONFIG_PATH: /opt/hostedtoolcache/Python/3.11.16/x64/lib/pkgconfig
all-pg-fixture-comparison	Ruff	2026-10-07T02:43:57.7779460Z   Python_ROOT_DIR: /opt/hostedtoolcache/Python/3.11.16/x64
all-pg-fixture-comparison	Ruff	2026-10-07T02:43:57.7779951Z   Python2_ROOT_DIR: /opt/hostedtoolcache/Python/3.11.16/x64
all-pg-fixture-comparison	Ruff	2026-10-07T02:43:57.7780420Z   Python3_ROOT_DIR: /opt/hostedtoolcache/Python/3.11.16/x64
all-pg-fixture-comparison	Ruff	2026-10-07T02:43:57.7780897Z   LD_LIBRARY_PATH: /opt/hostedtoolcache/Python/3.11.16/x64/lib
all-pg-fixture-comparison	Ruff	2026-10-07T02:43:57.7781488Z ##[endgroup]
all-pg-fixture-comparison	Ruff	2026-10-07T02:43:58.0948269Z All checks passed!
all-pg-fixture-comparison	Mypy	﻿2026-10-07T02:43:58.1067245Z ##[group]Run python ../scripts/ci/pg-comparison/execute.py mypy
all-pg-fixture-comparison	Mypy	2026-10-07T02:43:58.1067888Z [36;1mpython ../scripts/ci/pg-comparison/execute.py mypy[0m
all-pg-fixture-comparison	Mypy	2026-10-07T02:43:58.1132024Z shell: /usr/bin/bash -e {0}
all-pg-fixture-comparison	Mypy	2026-10-07T02:43:58.1132346Z env:
all-pg-fixture-comparison	Mypy	2026-10-07T02:43:58.1132683Z   pythonLocation: /opt/hostedtoolcache/Python/3.11.16/x64
all-pg-fixture-comparison	Mypy	2026-10-07T02:43:58.1133267Z   PKG_CONFIG_PATH: /opt/hostedtoolcache/Python/3.11.16/x64/lib/pkgconfig
all-pg-fixture-comparison	Mypy	2026-10-07T02:43:58.1133838Z   Python_ROOT_DIR: /opt/hostedtoolcache/Python/3.11.16/x64
all-pg-fixture-comparison	Mypy	2026-10-07T02:43:58.1134343Z   Python2_ROOT_DIR: /opt/hostedtoolcache/Python/3.11.16/x64
all-pg-fixture-comparison	Mypy	2026-10-07T02:43:58.1134858Z   Python3_ROOT_DIR: /opt/hostedtoolcache/Python/3.11.16/x64
all-pg-fixture-comparison	Mypy	2026-10-07T02:43:58.1135381Z   LD_LIBRARY_PATH: /opt/hostedtoolcache/Python/3.11.16/x64/lib
all-pg-fixture-comparison	Mypy	2026-10-07T02:43:58.1136149Z ##[endgroup]
all-pg-fixture-comparison	Mypy	2026-10-07T02:44:18.7546765Z Success: no issues found in 563 source files
all-pg-fixture-comparison	Run actions/setup-node@v4	﻿2026-10-07T02:44:18.7687281Z ##[group]Run actions/setup-node@v4
all-pg-fixture-comparison	Run actions/setup-node@v4	2026-10-07T02:44:18.7687590Z with:
all-pg-fixture-comparison	Run actions/setup-node@v4	2026-10-07T02:44:18.7687777Z   node-version: 20
all-pg-fixture-comparison	Run actions/setup-node@v4	2026-10-07T02:44:18.7687983Z   cache: npm
all-pg-fixture-comparison	Run actions/setup-node@v4	2026-10-07T02:44:18.7688232Z   cache-dependency-path: frontend/package-lock.json
all-pg-fixture-comparison	Run actions/setup-node@v4	2026-10-07T02:44:18.7688544Z   always-auth: false
all-pg-fixture-comparison	Run actions/setup-node@v4	2026-10-07T02:44:18.7688756Z   check-latest: false
all-pg-fixture-comparison	Run actions/setup-node@v4	2026-10-07T02:44:18.7690995Z   token: ***
all-pg-fixture-comparison	Run actions/setup-node@v4	2026-10-07T02:44:18.7691185Z env:
all-pg-fixture-comparison	Run actions/setup-node@v4	2026-10-07T02:44:18.7691441Z   pythonLocation: /opt/hostedtoolcache/Python/3.11.16/x64
all-pg-fixture-comparison	Run actions/setup-node@v4	2026-10-07T02:44:18.7691879Z   PKG_CONFIG_PATH: /opt/hostedtoolcache/Python/3.11.16/x64/lib/pkgconfig
all-pg-fixture-comparison	Run actions/setup-node@v4	2026-10-07T02:44:18.7692310Z   Python_ROOT_DIR: /opt/hostedtoolcache/Python/3.11.16/x64
all-pg-fixture-comparison	Run actions/setup-node@v4	2026-10-07T02:44:18.7692705Z   Python2_ROOT_DIR: /opt/hostedtoolcache/Python/3.11.16/x64
all-pg-fixture-comparison	Run actions/setup-node@v4	2026-10-07T02:44:18.7693088Z   Python3_ROOT_DIR: /opt/hostedtoolcache/Python/3.11.16/x64
all-pg-fixture-comparison	Run actions/setup-node@v4	2026-10-07T02:44:18.7693477Z   LD_LIBRARY_PATH: /opt/hostedtoolcache/Python/3.11.16/x64/lib
all-pg-fixture-comparison	Run actions/setup-node@v4	2026-10-07T02:44:18.7693815Z ##[endgroup]
all-pg-fixture-comparison	Run actions/setup-node@v4	2026-10-07T02:44:18.9146852Z Attempting to download 20...
all-pg-fixture-comparison	Run actions/setup-node@v4	2026-10-07T02:44:18.9254346Z (node:4047) [DEP0040] DeprecationWarning: The `punycode` module is deprecated. Please use a userland alternative instead.
all-pg-fixture-comparison	Run actions/setup-node@v4	2026-10-07T02:44:18.9255282Z (Use `node --trace-deprecation ...` to show where the warning was created)
all-pg-fixture-comparison	Run actions/setup-node@v4	2026-10-07T02:44:20.0025096Z Acquiring 20.20.2 - x64 from https://github.com/actions/node-versions/releases/download/20.20.2-23521894959/node-20.20.2-linux-x64.tar.gz
all-pg-fixture-comparison	Run actions/setup-node@v4	2026-10-07T02:44:20.6113874Z Extracting ...
all-pg-fixture-comparison	Run actions/setup-node@v4	2026-10-07T02:44:20.6249423Z [command]/usr/bin/tar xz --strip 1 --warning=no-unknown-keyword --overwrite -C /home/runner/work/_temp/2d104ec2-524c-41be-8eb0-86df2adcb27e -f /home/runner/work/_temp/89a6a379-5835-44c3-a3a6-065323b977c6
all-pg-fixture-comparison	Run actions/setup-node@v4	2026-10-07T02:44:21.6209177Z Adding to the cache ...
all-pg-fixture-comparison	Run actions/setup-node@v4	2026-10-07T02:44:23.6262610Z ##[group]Environment details
all-pg-fixture-comparison	Run actions/setup-node@v4	2026-10-07T02:44:23.8905219Z node: v20.20.2
all-pg-fixture-comparison	Run actions/setup-node@v4	2026-10-07T02:44:23.8905961Z npm: 10.8.2
all-pg-fixture-comparison	Run actions/setup-node@v4	2026-10-07T02:44:23.8906338Z yarn: 1.22.22
all-pg-fixture-comparison	Run actions/setup-node@v4	2026-10-07T02:44:23.8907059Z ##[endgroup]
all-pg-fixture-comparison	Run actions/setup-node@v4	2026-10-07T02:44:23.8928102Z [command]/opt/hostedtoolcache/node/20.20.2/x64/bin/npm config get cache
all-pg-fixture-comparison	Run actions/setup-node@v4	2026-10-07T02:44:23.9972482Z /home/runner/.npm
all-pg-fixture-comparison	Run actions/setup-node@v4	2026-10-07T02:44:24.2165195Z npm cache is not found
all-pg-fixture-comparison	Install frontend helpers for backend HTTP contract tests	﻿2026-10-07T02:44:24.2333123Z ##[group]Run npm ci --prefix ../frontend
all-pg-fixture-comparison	Install frontend helpers for backend HTTP contract tests	2026-10-07T02:44:24.2333497Z [36;1mnpm ci --prefix ../frontend[0m
all-pg-fixture-comparison	Install frontend helpers for backend HTTP contract tests	2026-10-07T02:44:24.2399227Z shell: /usr/bin/bash -e {0}
all-pg-fixture-comparison	Install frontend helpers for backend HTTP contract tests	2026-10-07T02:44:24.2399542Z env:
all-pg-fixture-comparison	Install frontend helpers for backend HTTP contract tests	2026-10-07T02:44:24.2399876Z   pythonLocation: /opt/hostedtoolcache/Python/3.11.16/x64
all-pg-fixture-comparison	Install frontend helpers for backend HTTP contract tests	2026-10-07T02:44:24.2400470Z   PKG_CONFIG_PATH: /opt/hostedtoolcache/Python/3.11.16/x64/lib/pkgconfig
all-pg-fixture-comparison	Install frontend helpers for backend HTTP contract tests	2026-10-07T02:44:24.2401048Z   Python_ROOT_DIR: /opt/hostedtoolcache/Python/3.11.16/x64
all-pg-fixture-comparison	Install frontend helpers for backend HTTP contract tests	2026-10-07T02:44:24.2401544Z   Python2_ROOT_DIR: /opt/hostedtoolcache/Python/3.11.16/x64
all-pg-fixture-comparison	Install frontend helpers for backend HTTP contract tests	2026-10-07T02:44:24.2402044Z   Python3_ROOT_DIR: /opt/hostedtoolcache/Python/3.11.16/x64
all-pg-fixture-comparison	Install frontend helpers for backend HTTP contract tests	2026-10-07T02:44:24.2402566Z   LD_LIBRARY_PATH: /opt/hostedtoolcache/Python/3.11.16/x64/lib
all-pg-fixture-comparison	Install frontend helpers for backend HTTP contract tests	2026-10-07T02:44:24.2403187Z ##[endgroup]
all-pg-fixture-comparison	Install frontend helpers for backend HTTP contract tests	2026-10-07T02:44:25.7053996Z npm warn deprecated whatwg-encoding@3.1.1: Use @exodus/bytes instead for a more spec-conformant and faster implementation
all-pg-fixture-comparison	Install frontend helpers for backend HTTP contract tests	2026-10-07T02:44:38.0468888Z 
all-pg-fixture-comparison	Install frontend helpers for backend HTTP contract tests	2026-10-07T02:44:38.0469816Z added 329 packages, and audited 330 packages in 14s
all-pg-fixture-comparison	Install frontend helpers for backend HTTP contract tests	2026-10-07T02:44:38.0470483Z 
all-pg-fixture-comparison	Install frontend helpers for backend HTTP contract tests	2026-10-07T02:44:38.0471099Z 85 packages are looking for funding
all-pg-fixture-comparison	Install frontend helpers for backend HTTP contract tests	2026-10-07T02:44:38.0471732Z   run `npm fund` for details
all-pg-fixture-comparison	Install frontend helpers for backend HTTP contract tests	2026-10-07T02:44:38.0973014Z 
all-pg-fixture-comparison	Install frontend helpers for backend HTTP contract tests	2026-10-07T02:44:38.0974076Z 15 vulnerabilities (1 low, 3 moderate, 9 high, 2 critical)
all-pg-fixture-comparison	Install frontend helpers for backend HTTP contract tests	2026-10-07T02:44:38.0974543Z 
all-pg-fixture-comparison	Install frontend helpers for backend HTTP contract tests	2026-10-07T02:44:38.0975180Z To address issues that do not require attention, run:
all-pg-fixture-comparison	Install frontend helpers for backend HTTP contract tests	2026-10-07T02:44:38.0976211Z   npm audit fix
all-pg-fixture-comparison	Install frontend helpers for backend HTTP contract tests	2026-10-07T02:44:38.0976502Z 
all-pg-fixture-comparison	Install frontend helpers for backend HTTP contract tests	2026-10-07T02:44:38.0977005Z To address all issues (including breaking changes), run:
all-pg-fixture-comparison	Install frontend helpers for backend HTTP contract tests	2026-10-07T02:44:38.0977807Z   npm audit fix --force
all-pg-fixture-comparison	Install frontend helpers for backend HTTP contract tests	2026-10-07T02:44:38.0978216Z 
all-pg-fixture-comparison	Install frontend helpers for backend HTTP contract tests	2026-10-07T02:44:38.0978542Z Run `npm audit` for details.
all-pg-fixture-comparison	Install exact native batch driver	﻿2026-10-07T02:44:38.1355235Z ##[group]Run pip install asyncpg==0.31.0
all-pg-fixture-comparison	Install exact native batch driver	2026-10-07T02:44:38.1355938Z [36;1mpip install asyncpg==0.31.0[0m
all-pg-fixture-comparison	Install exact native batch driver	2026-10-07T02:44:38.1422205Z shell: /usr/bin/bash -e {0}
all-pg-fixture-comparison	Install exact native batch driver	2026-10-07T02:44:38.1422552Z env:
all-pg-fixture-comparison	Install exact native batch driver	2026-10-07T02:44:38.1422916Z   pythonLocation: /opt/hostedtoolcache/Python/3.11.16/x64
all-pg-fixture-comparison	Install exact native batch driver	2026-10-07T02:44:38.1423551Z   PKG_CONFIG_PATH: /opt/hostedtoolcache/Python/3.11.16/x64/lib/pkgconfig
all-pg-fixture-comparison	Install exact native batch driver	2026-10-07T02:44:38.1424180Z   Python_ROOT_DIR: /opt/hostedtoolcache/Python/3.11.16/x64
all-pg-fixture-comparison	Install exact native batch driver	2026-10-07T02:44:38.1424735Z   Python2_ROOT_DIR: /opt/hostedtoolcache/Python/3.11.16/x64
all-pg-fixture-comparison	Install exact native batch driver	2026-10-07T02:44:38.1425286Z   Python3_ROOT_DIR: /opt/hostedtoolcache/Python/3.11.16/x64
all-pg-fixture-comparison	Install exact native batch driver	2026-10-07T02:44:38.1426245Z   LD_LIBRARY_PATH: /opt/hostedtoolcache/Python/3.11.16/x64/lib
all-pg-fixture-comparison	Install exact native batch driver	2026-10-07T02:44:38.1427396Z   WMS_TEST_DATABASE_URL: ***127.0.0.1:55466/wms_test_662_batch
all-pg-fixture-comparison	Install exact native batch driver	2026-10-07T02:44:38.1427875Z ##[endgroup]
all-pg-fixture-comparison	Install exact native batch driver	2026-10-07T02:44:38.5623732Z Collecting asyncpg==0.31.0
all-pg-fixture-comparison	Install exact native batch driver	2026-10-07T02:44:38.6209253Z   Downloading asyncpg-0.31.0-cp311-cp311-manylinux2014_x86_64.manylinux_2_17_x86_64.manylinux_2_28_x86_64.whl.metadata (4.4 kB)
all-pg-fixture-comparison	Install exact native batch driver	2026-10-07T02:44:38.6730759Z Downloading asyncpg-0.31.0-cp311-cp311-manylinux2014_x86_64.manylinux_2_17_x86_64.manylinux_2_28_x86_64.whl (3.0 MB)
all-pg-fixture-comparison	Install exact native batch driver	2026-10-07T02:44:38.7748459Z    ━━━━━━━━━━━━━━━━━━━━━━━━━━━━━━━━━━━━━━━━ 3.0/3.0 MB 36.0 MB/s  0:00:00
all-pg-fixture-comparison	Install exact native batch driver	2026-10-07T02:44:38.8584873Z Installing collected packages: asyncpg
all-pg-fixture-comparison	Install exact native batch driver	2026-10-07T02:44:38.9620429Z Successfully installed asyncpg-0.31.0
all-pg-fixture-comparison	WMS-662 isolated batch lock order on real PostgreSQL / command01	﻿2026-10-07T02:44:39.0142332Z ##[group]Run python ../scripts/ci/pg-comparison/execute.py command01
all-pg-fixture-comparison	WMS-662 isolated batch lock order on real PostgreSQL / command01	2026-10-07T02:44:39.0142876Z [36;1mpython ../scripts/ci/pg-comparison/execute.py command01[0m
all-pg-fixture-comparison	WMS-662 isolated batch lock order on real PostgreSQL / command01	2026-10-07T02:44:39.0206270Z shell: /usr/bin/bash -e {0}
all-pg-fixture-comparison	WMS-662 isolated batch lock order on real PostgreSQL / command01	2026-10-07T02:44:39.0206540Z env:
all-pg-fixture-comparison	WMS-662 isolated batch lock order on real PostgreSQL / command01	2026-10-07T02:44:39.0206827Z   pythonLocation: /opt/hostedtoolcache/Python/3.11.16/x64
all-pg-fixture-comparison	WMS-662 isolated batch lock order on real PostgreSQL / command01	2026-10-07T02:44:39.0207312Z   PKG_CONFIG_PATH: /opt/hostedtoolcache/Python/3.11.16/x64/lib/pkgconfig
all-pg-fixture-comparison	WMS-662 isolated batch lock order on real PostgreSQL / command01	2026-10-07T02:44:39.0207799Z   Python_ROOT_DIR: /opt/hostedtoolcache/Python/3.11.16/x64
all-pg-fixture-comparison	WMS-662 isolated batch lock order on real PostgreSQL / command01	2026-10-07T02:44:39.0208247Z   Python2_ROOT_DIR: /opt/hostedtoolcache/Python/3.11.16/x64
all-pg-fixture-comparison	WMS-662 isolated batch lock order on real PostgreSQL / command01	2026-10-07T02:44:39.0208687Z   Python3_ROOT_DIR: /opt/hostedtoolcache/Python/3.11.16/x64
all-pg-fixture-comparison	WMS-662 isolated batch lock order on real PostgreSQL / command01	2026-10-07T02:44:39.0209124Z   LD_LIBRARY_PATH: /opt/hostedtoolcache/Python/3.11.16/x64/lib
all-pg-fixture-comparison	WMS-662 isolated batch lock order on real PostgreSQL / command01	2026-10-07T02:44:39.0209904Z   WMS_TEST_DATABASE_URL: ***127.0.0.1:55466/wms_test_662_batch
all-pg-fixture-comparison	WMS-662 isolated batch lock order on real PostgreSQL / command01	2026-10-07T02:44:39.0210296Z ##[endgroup]
all-pg-fixture-comparison	WMS-662 isolated batch lock order on real PostgreSQL / command01	2026-10-07T02:44:50.0737851Z warning: The `fitz` API is deprecated and will be removed in future. Use `import pymupdf` instead.
all-pg-fixture-comparison	WMS-662 isolated batch lock order on real PostgreSQL / command01	2026-10-07T02:44:50.0759621Z BATCH PG evidence: writer_pids={'batch': 219, 'ordinary': 209}; pg_cycle=False; actual_wait=[(209, [219], 'INSERT INTO fbs_shipment_reversal_ledger (id, tenant_id, fbs_order_id, product_id, storage_location_id, source_warehouse_id, container_kind, container_id, source_mode, quantity, shortage_quantity, negative_quantity, ozon_positions_json, wb_operation_id, written_off_by_user_id, written_off_at, shipment_movement_id, reversed_at, reversal_movement_id) VALUES ($1::UUID, $2::UUID, $3::UUID, $4::UUID, $5::UUID, $6::UUID, $7::VARCHAR, $8::UUID, $9::VARCHAR, $10::INTEGER, $11::INTEGER, $12::INTEGER, $13::JSON, $14::UUID, $15::UUID, $16::TIMESTAMP WITH TIME ZONE, $17::UUID, $18::TIMESTAMP WITH TIME ZONE, $19::UUID) RETURNING fbs_shipment_reversal_ledger.created_at'), (219, [], 'SELECT sellers.id \nFROM sellers \nWHERE sellers.id = $1::UUID AND sellers.tenant_id = $2::UUID FOR NO KEY UPDATE')]; trace=[('batch', 'attempt', 'products', 219), ('batch', 'acquired', 'products', 219), ('batch', 'attempt', 'products', 219), ('batch', 'acquired', 'products', 219), ('batch', 'attempt', 'products', 219), ('batch', 'acquired', 'products', 219), ('batch', 'attempt', 'products', 219), ('batch', 'acquired', 'products', 219), ('batch', 'attempt', 'products', 219), ('batch', 'acquired', 'products', 219), ('batch', 'attempt', 'sellers', 219), ('batch', 'acquired', 'sellers', 219), ('batch', 'attempt', 'products', 219), ('batch', 'acquired', 'products', 219), ('batch', 'attempt', 'products', 219), ('batch', 'acquired', 'products', 219), ('batch', 'attempt', 'products', 219), ('batch', 'acquired', 'products', 219), ('batch', 'attempt', 'products', 219), ('batch', 'acquired', 'products', 219), ('batch', 'attempt', 'sellers', 219), ('batch', 'acquired', 'sellers', 219), ('ordinary', 'attempt', 'products', 219), ('ordinary', 'acquired', 'products', 219), ('ordinary', 'attempt', 'products', 219), ('ordinary', 'acquired', 'products', 219), ('ordinary', 'attempt', 'products', 219), ('ordinary', 'acquired', 'products', 219), ('ordinary', 'attempt', 'products', 219), ('ordinary', 'acquired', 'products', 219), ('ordinary', 'attempt', 'sellers', 219), ('ordinary', 'acquired', 'sellers', 219)]; sqlstates=[]; results=[None, None]; balances={'662-0-1': 1800, '662-1-1': 1800, '662-2-1': 1800}; stock={UUID('e50758e5-f9fc-4594-b3e1-3d601aa1d673'): 12, UUID('801595de-2be5-42ee-9735-3521eac5b687'): 10}; reserves={}; issues=[]
all-pg-fixture-comparison	WMS-662 isolated batch lock order on real PostgreSQL / command01	2026-10-07T02:44:50.0773026Z .
all-pg-fixture-comparison	WMS-662 isolated batch lock order on real PostgreSQL / command01	2026-10-07T02:44:50.0773652Z =============================== warnings summary ===============================
all-pg-fixture-comparison	WMS-662 isolated batch lock order on real PostgreSQL / command01	2026-10-07T02:44:50.0774289Z app/main.py:19
all-pg-fixture-comparison	WMS-662 isolated batch lock order on real PostgreSQL / command01	2026-10-07T02:44:50.0776656Z   /home/runner/work/WMS/WMS/backend/app/main.py:19: StarletteDeprecationWarning: 'HTTP_422_UNPROCESSABLE_ENTITY' is deprecated. Use 'HTTP_422_UNPROCESSABLE_CONTENT' instead.
all-pg-fixture-comparison	WMS-662 isolated batch lock order on real PostgreSQL / command01	2026-10-07T02:44:50.0778440Z     from app.api.billing_profile_marketplace import router as billing_profile_marketplace_router
all-pg-fixture-comparison	WMS-662 isolated batch lock order on real PostgreSQL / command01	2026-10-07T02:44:50.0779145Z 
all-pg-fixture-comparison	WMS-662 isolated batch lock order on real PostgreSQL / command01	2026-10-07T02:44:50.0779627Z -- Docs: https://docs.pytest.org/en/stable/how-to/capture-warnings.html
all-pg-fixture-comparison	WMS-662 isolated batch lock order on real PostgreSQL / command01	2026-10-07T02:44:50.0780647Z 1 passed, 1 warning in 3.55s
all-pg-fixture-comparison	WMS-662 isolated steady-state lock order on real PostgreSQL / command02	﻿2026-10-07T02:44:50.0853899Z ##[group]Run python ../scripts/ci/pg-comparison/execute.py command02
all-pg-fixture-comparison	WMS-662 isolated steady-state lock order on real PostgreSQL / command02	2026-10-07T02:44:50.0854434Z [36;1mpython ../scripts/ci/pg-comparison/execute.py command02[0m
all-pg-fixture-comparison	WMS-662 isolated steady-state lock order on real PostgreSQL / command02	2026-10-07T02:44:50.0918366Z shell: /usr/bin/bash -e {0}
all-pg-fixture-comparison	WMS-662 isolated steady-state lock order on real PostgreSQL / command02	2026-10-07T02:44:50.0918641Z env:
all-pg-fixture-comparison	WMS-662 isolated steady-state lock order on real PostgreSQL / command02	2026-10-07T02:44:50.0918935Z   pythonLocation: /opt/hostedtoolcache/Python/3.11.16/x64
all-pg-fixture-comparison	WMS-662 isolated steady-state lock order on real PostgreSQL / command02	2026-10-07T02:44:50.0919446Z   PKG_CONFIG_PATH: /opt/hostedtoolcache/Python/3.11.16/x64/lib/pkgconfig
all-pg-fixture-comparison	WMS-662 isolated steady-state lock order on real PostgreSQL / command02	2026-10-07T02:44:50.0919951Z   Python_ROOT_DIR: /opt/hostedtoolcache/Python/3.11.16/x64
all-pg-fixture-comparison	WMS-662 isolated steady-state lock order on real PostgreSQL / command02	2026-10-07T02:44:50.0935103Z   Python2_ROOT_DIR: /opt/hostedtoolcache/Python/3.11.16/x64
all-pg-fixture-comparison	WMS-662 isolated steady-state lock order on real PostgreSQL / command02	2026-10-07T02:44:50.0935885Z   Python3_ROOT_DIR: /opt/hostedtoolcache/Python/3.11.16/x64
all-pg-fixture-comparison	WMS-662 isolated steady-state lock order on real PostgreSQL / command02	2026-10-07T02:44:50.0936627Z   LD_LIBRARY_PATH: /opt/hostedtoolcache/Python/3.11.16/x64/lib
all-pg-fixture-comparison	WMS-662 isolated steady-state lock order on real PostgreSQL / command02	2026-10-07T02:44:50.0937918Z   WMS_TEST_DATABASE_URL: ***127.0.0.1:55468/wms_test_662_steady
all-pg-fixture-comparison	WMS-662 isolated steady-state lock order on real PostgreSQL / command02	2026-10-07T02:44:50.0938579Z ##[endgroup]
all-pg-fixture-comparison	WMS-662 isolated steady-state lock order on real PostgreSQL / command02	2026-10-07T02:44:57.8245952Z warning: The `fitz` API is deprecated and will be removed in future. Use `import pymupdf` instead.
all-pg-fixture-comparison	WMS-662 isolated steady-state lock order on real PostgreSQL / command02	2026-10-07T02:44:58.1760673Z STEADY STATE SQL evidence: product_ids={'P1': '981c976c-74ed-4723-a51c-71d72da23024', 'P2': '046f6914-bfeb-4a0b-b370-0fe1ca87a788'}; order_ids={'A': 'd9b8c42c-2deb-4fc1-a06f-ad365c1e63e9', 'B': '582b3194-ddc9-4563-8a68-338b8a0e9bab', 'C': 'f1a8ff48-427b-468e-826f-cd6710bf4e91'}; product_locks=[('batch', 'attempt', 225, {'tenant_id_1': '104d3cb0-c08c-4935-9d67-fe19d2322aaf', 'id_1': "[UUID('046f6914-bfeb-4a0b-b370-0fe1ca87a788'), UUID('981c976c-74ed-4723-a51c-71d72da23024')]"}), ('batch', 'acquired', 225, {'tenant_id_1': '104d3cb0-c08c-4935-9d67-fe19d2322aaf', 'id_1': "[UUID('046f6914-bfeb-4a0b-b370-0fe1ca87a788'), UUID('981c976c-74ed-4723-a51c-71d72da23024')]"}), ('batch', 'attempt', 225, {'tenant_id_1': '104d3cb0-c08c-4935-9d67-fe19d2322aaf', 'id_1': '981c976c-74ed-4723-a51c-71d72da23024'}), ('batch', 'acquired', 225, {'tenant_id_1': '104d3cb0-c08c-4935-9d67-fe19d2322aaf', 'id_1': '981c976c-74ed-4723-a51c-71d72da23024'}), ('batch', 'attempt', 225, {'tenant_id_1': '104d3cb0-c08c-4935-9d67-fe19d2322aaf', 'id_1': '981c976c-74ed-4723-a51c-71d72da23024'}), ('batch', 'acquired', 225, {'tenant_id_1': '104d3cb0-c08c-4935-9d67-fe19d2322aaf', 'id_1': '981c976c-74ed-4723-a51c-71d72da23024'}), ('batch', 'attempt', 225, {'tenant_id_1': '104d3cb0-c08c-4935-9d67-fe19d2322aaf', 'id_1': '981c976c-74ed-4723-a51c-71d72da23024'}), ('batch', 'acquired', 225, {'tenant_id_1': '104d3cb0-c08c-4935-9d67-fe19d2322aaf', 'id_1': '981c976c-74ed-4723-a51c-71d72da23024'}), ('batch', 'attempt', 225, {'tenant_id_1': '104d3cb0-c08c-4935-9d67-fe19d2322aaf', 'id_1': '981c976c-74ed-4723-a51c-71d72da23024'}), ('batch', 'acquired', 225, {'tenant_id_1': '104d3cb0-c08c-4935-9d67-fe19d2322aaf', 'id_1': '981c976c-74ed-4723-a51c-71d72da23024'}), ('batch', 'attempt', 225, {'tenant_id_1': '104d3cb0-c08c-4935-9d67-fe19d2322aaf', 'id_1': '046f6914-bfeb-4a0b-b370-0fe1ca87a788'}), ('batch', 'acquired', 225, {'tenant_id_1': '104d3cb0-c08c-4935-9d67-fe19d2322aaf', 'id_1': '046f6914-bfeb-4a0b-b370-0fe1ca87a788'}), ('batch', 'attempt', 225, {'tenant_id_1': '104d3cb0-c08c-4935-9d67-fe19d2322aaf', 'id_1': '046f6914-bfeb-4a0b-b370-0fe1ca87a788'}), ('batch', 'acquired', 225, {'tenant_id_1': '104d3cb0-c08c-4935-9d67-fe19d2322aaf', 'id_1': '046f6914-bfeb-4a0b-b370-0fe1ca87a788'}), ('batch', 'attempt', 225, {'tenant_id_1': '104d3cb0-c08c-4935-9d67-fe19d2322aaf', 'id_1': '046f6914-bfeb-4a0b-b370-0fe1ca87a788'}), ('batch', 'acquired', 225, {'tenant_id_1': '104d3cb0-c08c-4935-9d67-fe19d2322aaf', 'id_1': '046f6914-bfeb-4a0b-b370-0fe1ca87a788'}), ('batch', 'attempt', 225, {'tenant_id_1': '104d3cb0-c08c-4935-9d67-fe19d2322aaf', 'id_1': '046f6914-bfeb-4a0b-b370-0fe1ca87a788'}), ('batch', 'acquired', 225, {'tenant_id_1': '104d3cb0-c08c-4935-9d67-fe19d2322aaf', 'id_1': '046f6914-bfeb-4a0b-b370-0fe1ca87a788'}), ('ordinary', 'attempt', 225, {'tenant_id_1': '104d3cb0-c08c-4935-9d67-fe19d2322aaf', 'id_1': '046f6914-bfeb-4a0b-b370-0fe1ca87a788'}), ('ordinary', 'acquired', 225, {'tenant_id_1': '104d3cb0-c08c-4935-9d67-fe19d2322aaf', 'id_1': '046f6914-bfeb-4a0b-b370-0fe1ca87a788'}), ('ordinary', 'attempt', 225, {'tenant_id_1': '104d3cb0-c08c-4935-9d67-fe19d2322aaf', 'id_1': '046f6914-bfeb-4a0b-b370-0fe1ca87a788'}), ('ordinary', 'acquired', 225, {'tenant_id_1': '104d3cb0-c08c-4935-9d67-fe19d2322aaf', 'id_1': '046f6914-bfeb-4a0b-b370-0fe1ca87a788'}), ('ordinary', 'attempt', 225, {'tenant_id_1': '104d3cb0-c08c-4935-9d67-fe19d2322aaf', 'id_1': '046f6914-bfeb-4a0b-b370-0fe1ca87a788'}), ('ordinary', 'acquired', 225, {'tenant_id_1': '104d3cb0-c08c-4935-9d67-fe19d2322aaf', 'id_1': '046f6914-bfeb-4a0b-b370-0fe1ca87a788'}), ('ordinary', 'attempt', 225, {'tenant_id_1': '104d3cb0-c08c-4935-9d67-fe19d2322aaf', 'id_1': '046f6914-bfeb-4a0b-b370-0fe1ca87a788'}), ('ordinary', 'acquired', 225, {'tenant_id_1': '104d3cb0-c08c-4935-9d67-fe19d2322aaf', 'id_1': '046f6914-bfeb-4a0b-b370-0fe1ca87a788'})]; order_updates=[('batch', 'attempt', 225, 'UPDATE fbs_orders SET id=:id, tenant_id=:tenant_id, seller_id=:seller_id, warehouse_id=:warehouse_id, product_id=:product_id, marketplace=:marketplace, external_order_id=:external_order_id, wb_order_id=:wb_order_id, wb_rid=:wb_rid, wb_nm_id=:wb_nm_id, wb_chrt_id=:wb_chrt_id, wb_article=:wb_article, wb_barcode=:wb_barcode, price=:price, is_legal=:is_legal, cargo_type=:cargo_type, wb_office_id=:wb_office_id, wb_warehouse_id=:wb_warehouse_id, wb_supply_id=:wb_supply_id, can_pvz=:can_pvz, supply_id=:supply_id, sticker_code=:sticker_code, sticker_barcode=:sticker_barcode, sticker_file=:sticker_file, trbx_id=:trbx_id, status=:status, wb_status=:wb_status, supplier_status=:supplier_status, created_at_wb=:created_at_wb, deadline_at=:deadline_at, mapping_status=:mapping_status, reserve_status=:reserve_status, pick_status=:pick_status, picked_at=:picked_at, pack_status=:pack_status, packed_at=:packed_at, sticker_status=:sticker_status, sticker_applied_at=:sticker_applied_at, required_meta_json=:required_meta_json, optional_meta_json=:optional_meta_json, meta_details_json=:meta_details_json, metadata_delivery_allowed=:metadata_delivery_allowed, metadata_last_checked_at=:metadata_last_checked_at, last_wb_sync_at=:last_wb_sync_at, created_at=:created_at, updated_at=:updated_at WHERE fbs_orders.id = :fbs_orders_id', {'id': 'None', 'tenant_id': 'None', 'seller_id': 'None', 'warehouse_id': 'None', 'product_id': 'None', 'marketplace': 'None', 'external_order_id': 'None', 'wb_order_id': 'None', 'wb_rid': 'None', 'wb_nm_id': 'None', 'wb_chrt_id': 'None', 'wb_article': 'None', 'wb_barcode': 'None', 'price': 'None', 'is_legal': 'None', 'cargo_type': 'None', 'wb_office_id': 'None', 'wb_warehouse_id': 'None', 'wb_supply_id': 'None', 'can_pvz': 'None', 'supply_id': 'None', 'sticker_code': 'None', 'sticker_barcode': 'None', 'sticker_file': 'None', 'trbx_id': 'None', 'status': 'None', 'wb_status': 'None', 'supplier_status': 'None', 'created_at_wb': 'None', 'deadline_at': 'None', 'mapping_status': 'None', 'reserve_status': 'None', 'pick_status': 'None', 'picked_at': 'None', 'pack_status': 'None', 'packed_at': 'None', 'sticker_status': 'None', 'sticker_applied_at': 'None', 'required_meta_json': 'None', 'optional_meta_json': 'None', 'meta_details_json': 'None', 'metadata_delivery_allowed': 'None', 'metadata_last_checked_at': 'None', 'last_wb_sync_at': '2026-10-07 02:44:56.802883+00:00', 'created_at': 'None', 'updated_at': 'None', 'fbs_orders_id': '582b3194-ddc9-4563-8a68-338b8a0e9bab'}), ('batch', 'acquired', 225, 'UPDATE fbs_orders SET id=:id, tenant_id=:tenant_id, seller_id=:seller_id, warehouse_id=:warehouse_id, product_id=:product_id, marketplace=:marketplace, external_order_id=:external_order_id, wb_order_id=:wb_order_id, wb_rid=:wb_rid, wb_nm_id=:wb_nm_id, wb_chrt_id=:wb_chrt_id, wb_article=:wb_article, wb_barcode=:wb_barcode, price=:price, is_legal=:is_legal, cargo_type=:cargo_type, wb_office_id=:wb_office_id, wb_warehouse_id=:wb_warehouse_id, wb_supply_id=:wb_supply_id, can_pvz=:can_pvz, supply_id=:supply_id, sticker_code=:sticker_code, sticker_barcode=:sticker_barcode, sticker_file=:sticker_file, trbx_id=:trbx_id, status=:status, wb_status=:wb_status, supplier_status=:supplier_status, created_at_wb=:created_at_wb, deadline_at=:deadline_at, mapping_status=:mapping_status, reserve_status=:reserve_status, pick_status=:pick_status, picked_at=:picked_at, pack_status=:pack_status, packed_at=:packed_at, sticker_status=:sticker_status, sticker_applied_at=:sticker_applied_at, required_meta_json=:required_meta_json, optional_meta_json=:optional_meta_json, meta_details_json=:meta_details_json, metadata_delivery_allowed=:metadata_delivery_allowed, metadata_last_checked_at=:metadata_last_checked_at, last_wb_sync_at=:last_wb_sync_at, created_at=:created_at, updated_at=:updated_at WHERE fbs_orders.id = :fbs_orders_id', {'id': 'None', 'tenant_id': 'None', 'seller_id': 'None', 'warehouse_id': 'None', 'product_id': 'None', 'marketplace': 'None', 'external_order_id': 'None', 'wb_order_id': 'None', 'wb_rid': 'None', 'wb_nm_id': 'None', 'wb_chrt_id': 'None', 'wb_article': 'None', 'wb_barcode': 'None', 'price': 'None', 'is_legal': 'None', 'cargo_type': 'None', 'wb_office_id': 'None', 'wb_warehouse_id': 'None', 'wb_supply_id': 'None', 'can_pvz': 'None', 'supply_id': 'None', 'sticker_code': 'None', 'sticker_barcode': 'None', 'sticker_file': 'None', 'trbx_id': 'None', 'status': 'None', 'wb_status': 'None', 'supplier_status': 'None', 'created_at_wb': 'None', 'deadline_at': 'None', 'mapping_status': 'None', 'reserve_status': 'None', 'pick_status': 'None', 'picked_at': 'None', 'pack_status': 'None', 'packed_at': 'None', 'sticker_status': 'None', 'sticker_applied_at': 'None', 'required_meta_json': 'None', 'optional_meta_json': 'None', 'meta_details_json': 'None', 'metadata_delivery_allowed': 'None', 'metadata_last_checked_at': 'None', 'last_wb_sync_at': '2026-10-07 02:44:56.802883+00:00', 'created_at': 'None', 'updated_at': 'None', 'fbs_orders_id': '582b3194-ddc9-4563-8a68-338b8a0e9bab'}), ('batch', 'attempt', 225, 'UPDATE fbs_orders SET id=:id, tenant_id=:tenant_id, seller_id=:seller_id, warehouse_id=:warehouse_id, product_id=:product_id, marketplace=:marketplace, external_order_id=:external_order_id, wb_order_id=:wb_order_id, wb_rid=:wb_rid, wb_nm_id=:wb_nm_id, wb_chrt_id=:wb_chrt_id, wb_article=:wb_article, wb_barcode=:wb_barcode, price=:price, is_legal=:is_legal, cargo_type=:cargo_type, wb_office_id=:wb_office_id, wb_warehouse_id=:wb_warehouse_id, wb_supply_id=:wb_supply_id, can_pvz=:can_pvz, supply_id=:supply_id, sticker_code=:sticker_code, sticker_barcode=:sticker_barcode, sticker_file=:sticker_file, trbx_id=:trbx_id, status=:status, wb_status=:wb_status, supplier_status=:supplier_status, created_at_wb=:created_at_wb, deadline_at=:deadline_at, mapping_status=:mapping_status, reserve_status=:reserve_status, pick_status=:pick_status, picked_at=:picked_at, pack_status=:pack_status, packed_at=:packed_at, sticker_status=:sticker_status, sticker_applied_at=:sticker_applied_at, required_meta_json=:required_meta_json, optional_meta_json=:optional_meta_json, meta_details_json=:meta_details_json, metadata_delivery_allowed=:metadata_delivery_allowed, metadata_last_checked_at=:metadata_last_checked_at, last_wb_sync_at=:last_wb_sync_at, created_at=:created_at, updated_at=:updated_at WHERE fbs_orders.id = :fbs_orders_id', {'id': 'None', 'tenant_id': 'None', 'seller_id': 'None', 'warehouse_id': 'None', 'product_id': 'None', 'marketplace': 'None', 'external_order_id': 'None', 'wb_order_id': 'None', 'wb_rid': 'None', 'wb_nm_id': 'None', 'wb_chrt_id': 'None', 'wb_article': 'None', 'wb_barcode': 'None', 'price': 'None', 'is_legal': 'None', 'cargo_type': 'None', 'wb_office_id': 'None', 'wb_warehouse_id': 'None', 'wb_supply_id': 'None', 'can_pvz': 'None', 'supply_id': 'None', 'sticker_code': 'None', 'sticker_barcode': 'None', 'sticker_file': 'None', 'trbx_id': 'None', 'status': 'None', 'wb_status': 'None', 'supplier_status': 'None', 'created_at_wb': 'None', 'deadline_at': 'None', 'mapping_status': 'None', 'reserve_status': 'None', 'pick_status': 'None', 'picked_at': 'None', 'pack_status': 'None', 'packed_at': 'None', 'sticker_status': 'None', 'sticker_applied_at': 'None', 'required_meta_json': 'None', 'optional_meta_json': 'None', 'meta_details_json': 'None', 'metadata_delivery_allowed': 'None', 'metadata_last_checked_at': 'None', 'last_wb_sync_at': '2026-10-07 02:44:56.802883+00:00', 'created_at': 'None', 'updated_at': 'None', 'fbs_orders_id': 'd9b8c42c-2deb-4fc1-a06f-ad365c1e63e9'}), ('batch', 'acquired', 225, 'UPDATE fbs_orders SET id=:id, tenant_id=:tenant_id, seller_id=:seller_id, warehouse_id=:warehouse_id, product_id=:product_id, marketplace=:marketplace, external_order_id=:external_order_id, wb_order_id=:wb_order_id, wb_rid=:wb_rid, wb_nm_id=:wb_nm_id, wb_chrt_id=:wb_chrt_id, wb_article=:wb_article, wb_barcode=:wb_barcode, price=:price, is_legal=:is_legal, cargo_type=:cargo_type, wb_office_id=:wb_office_id, wb_warehouse_id=:wb_warehouse_id, wb_supply_id=:wb_supply_id, can_pvz=:can_pvz, supply_id=:supply_id, sticker_code=:sticker_code, sticker_barcode=:sticker_barcode, sticker_file=:sticker_file, trbx_id=:trbx_id, status=:status, wb_status=:wb_status, supplier_status=:supplier_status, created_at_wb=:created_at_wb, deadline_at=:deadline_at, mapping_status=:mapping_status, reserve_status=:reserve_status, pick_status=:pick_status, picked_at=:picked_at, pack_status=:pack_status, packed_at=:packed_at, sticker_status=:sticker_status, sticker_applied_at=:sticker_applied_at, required_meta_json=:required_meta_json, optional_meta_json=:optional_meta_json, meta_details_json=:meta_details_json, metadata_delivery_allowed=:metadata_delivery_allowed, metadata_last_checked_at=:metadata_last_checked_at, last_wb_sync_at=:last_wb_sync_at, created_at=:created_at, updated_at=:updated_at WHERE fbs_orders.id = :fbs_orders_id', {'id': 'None', 'tenant_id': 'None', 'seller_id': 'None', 'warehouse_id': 'None', 'product_id': 'None', 'marketplace': 'None', 'external_order_id': 'None', 'wb_order_id': 'None', 'wb_rid': 'None', 'wb_nm_id': 'None', 'wb_chrt_id': 'None', 'wb_article': 'None', 'wb_barcode': 'None', 'price': 'None', 'is_legal': 'None', 'cargo_type': 'None', 'wb_office_id': 'None', 'wb_warehouse_id': 'None', 'wb_supply_id': 'None', 'can_pvz': 'None', 'supply_id': 'None', 'sticker_code': 'None', 'sticker_barcode': 'None', 'sticker_file': 'None', 'trbx_id': 'None', 'status': 'None', 'wb_status': 'None', 'supplier_status': 'None', 'created_at_wb': 'None', 'deadline_at': 'None', 'mapping_status': 'None', 'reserve_status': 'None', 'pick_status': 'None', 'picked_at': 'None', 'pack_status': 'None', 'packed_at': 'None', 'sticker_status': 'None', 'sticker_applied_at': 'None', 'required_meta_json': 'None', 'optional_meta_json': 'None', 'meta_details_json': 'None', 'metadata_delivery_allowed': 'None', 'metadata_last_checked_at': 'None', 'last_wb_sync_at': '2026-10-07 02:44:56.802883+00:00', 'created_at': 'None', 'updated_at': 'None', 'fbs_orders_id': 'd9b8c42c-2deb-4fc1-a06f-ad365c1e63e9'}), ('batch', 'attempt', 225, 'UPDATE fbs_orders SET id=:id, tenant_id=:tenant_id, seller_id=:seller_id, warehouse_id=:warehouse_id, product_id=:product_id, marketplace=:marketplace, external_order_id=:external_order_id, wb_order_id=:wb_order_id, wb_rid=:wb_rid, wb_nm_id=:wb_nm_id, wb_chrt_id=:wb_chrt_id, wb_article=:wb_article, wb_barcode=:wb_barcode, price=:price, is_legal=:is_legal, cargo_type=:cargo_type, wb_office_id=:wb_office_id, wb_warehouse_id=:wb_warehouse_id, wb_supply_id=:wb_supply_id, can_pvz=:can_pvz, supply_id=:supply_id, sticker_code=:sticker_code, sticker_barcode=:sticker_barcode, sticker_file=:sticker_file, trbx_id=:trbx_id, status=:status, wb_status=:wb_status, supplier_status=:supplier_status, created_at_wb=:created_at_wb, deadline_at=:deadline_at, mapping_status=:mapping_status, reserve_status=:reserve_status, pick_status=:pick_status, picked_at=:picked_at, pack_status=:pack_status, packed_at=:packed_at, sticker_status=:sticker_status, sticker_applied_at=:sticker_applied_at, required_meta_json=:required_meta_json, optional_meta_json=:optional_meta_json, meta_details_json=:meta_details_json, metadata_delivery_allowed=:metadata_delivery_allowed, metadata_last_checked_at=:metadata_last_checked_at, last_wb_sync_at=:last_wb_sync_at, created_at=:created_at, updated_at=:updated_at WHERE fbs_orders.id = :fbs_orders_id', {'id': 'None', 'tenant_id': 'None', 'seller_id': 'None', 'warehouse_id': 'None', 'product_id': 'None', 'marketplace': 'None', 'external_order_id': 'None', 'wb_order_id': 'None', 'wb_rid': 'None', 'wb_nm_id': 'None', 'wb_chrt_id': 'None', 'wb_article': 'None', 'wb_barcode': 'None', 'price': 'None', 'is_legal': 'None', 'cargo_type': 'None', 'wb_office_id': 'None', 'wb_warehouse_id': 'None', 'wb_supply_id': 'None', 'can_pvz': 'None', 'supply_id': 'None', 'sticker_code': 'None', 'sticker_barcode': 'None', 'sticker_file': 'None', 'trbx_id': 'None', 'status': 'None', 'wb_status': 'None', 'supplier_status': 'None', 'created_at_wb': 'None', 'deadline_at': 'None', 'mapping_status': 'None', 'reserve_status': 'released', 'pick_status': 'None', 'picked_at': 'None', 'pack_status': 'None', 'packed_at': 'None', 'sticker_status': 'None', 'sticker_applied_at': 'None', 'required_meta_json': 'None', 'optional_meta_json': 'None', 'meta_details_json': 'None', 'metadata_delivery_allowed': 'None', 'metadata_last_checked_at': 'None', 'last_wb_sync_at': 'None', 'created_at': 'None', 'updated_at': 'None', 'fbs_orders_id': 'd9b8c42c-2deb-4fc1-a06f-ad365c1e63e9'}), ('batch', 'acquired', 225, 'UPDATE fbs_orders SET id=:id, tenant_id=:tenant_id, seller_id=:seller_id, warehouse_id=:warehouse_id, product_id=:product_id, marketplace=:marketplace, external_order_id=:external_order_id, wb_order_id=:wb_order_id, wb_rid=:wb_rid, wb_nm_id=:wb_nm_id, wb_chrt_id=:wb_chrt_id, wb_article=:wb_article, wb_barcode=:wb_barcode, price=:price, is_legal=:is_legal, cargo_type=:cargo_type, wb_office_id=:wb_office_id, wb_warehouse_id=:wb_warehouse_id, wb_supply_id=:wb_supply_id, can_pvz=:can_pvz, supply_id=:supply_id, sticker_code=:sticker_code, sticker_barcode=:sticker_barcode, sticker_file=:sticker_file, trbx_id=:trbx_id, status=:status, wb_status=:wb_status, supplier_status=:supplier_status, created_at_wb=:created_at_wb, deadline_at=:deadline_at, mapping_status=:mapping_status, reserve_status=:reserve_status, pick_status=:pick_status, picked_at=:picked_at, pack_status=:pack_status, packed_at=:packed_at, sticker_status=:sticker_status, sticker_applied_at=:sticker_applied_at, required_meta_json=:required_meta_json, optional_meta_json=:optional_meta_json, meta_details_json=:meta_details_json, metadata_delivery_allowed=:metadata_delivery_allowed, metadata_last_checked_at=:metadata_last_checked_at, last_wb_sync_at=:last_wb_sync_at, created_at=:created_at, updated_at=:updated_at WHERE fbs_orders.id = :fbs_orders_id', {'id': 'None', 'tenant_id': 'None', 'seller_id': 'None', 'warehouse_id': 'None', 'product_id': 'None', 'marketplace': 'None', 'external_order_id': 'None', 'wb_order_id': 'None', 'wb_rid': 'None', 'wb_nm_id': 'None', 'wb_chrt_id': 'None', 'wb_article': 'None', 'wb_barcode': 'None', 'price': 'None', 'is_legal': 'None', 'cargo_type': 'None', 'wb_office_id': 'None', 'wb_warehouse_id': 'None', 'wb_supply_id': 'None', 'can_pvz': 'None', 'supply_id': 'None', 'sticker_code': 'None', 'sticker_barcode': 'None', 'sticker_file': 'None', 'trbx_id': 'None', 'status': 'None', 'wb_status': 'None', 'supplier_status': 'None', 'created_at_wb': 'None', 'deadline_at': 'None', 'mapping_status': 'None', 'reserve_status': 'released', 'pick_status': 'None', 'picked_at': 'None', 'pack_status': 'None', 'packed_at': 'None', 'sticker_status': 'None', 'sticker_applied_at': 'None', 'required_meta_json': 'None', 'optional_meta_json': 'None', 'meta_details_json': 'None', 'metadata_delivery_allowed': 'None', 'metadata_last_checked_at': 'None', 'last_wb_sync_at': 'None', 'created_at': 'None', 'updated_at': 'None', 'fbs_orders_id': 'd9b8c42c-2deb-4fc1-a06f-ad365c1e63e9'}), ('batch', 'attempt', 225, 'UPDATE fbs_orders SET id=:id, tenant_id=:tenant_id, seller_id=:seller_id, warehouse_id=:warehouse_id, product_id=:product_id, marketplace=:marketplace, external_order_id=:external_order_id, wb_order_id=:wb_order_id, wb_rid=:wb_rid, wb_nm_id=:wb_nm_id, wb_chrt_id=:wb_chrt_id, wb_article=:wb_article, wb_barcode=:wb_barcode, price=:price, is_legal=:is_legal, cargo_type=:cargo_type, wb_office_id=:wb_office_id, wb_warehouse_id=:wb_warehouse_id, wb_supply_id=:wb_supply_id, can_pvz=:can_pvz, supply_id=:supply_id, sticker_code=:sticker_code, sticker_barcode=:sticker_barcode, sticker_file=:sticker_file, trbx_id=:trbx_id, status=:status, wb_status=:wb_status, supplier_status=:supplier_status, created_at_wb=:created_at_wb, deadline_at=:deadline_at, mapping_status=:mapping_status, reserve_status=:reserve_status, pick_status=:pick_status, picked_at=:picked_at, pack_status=:pack_status, packed_at=:packed_at, sticker_status=:sticker_status, sticker_applied_at=:sticker_applied_at, required_meta_json=:required_meta_json, optional_meta_json=:optional_meta_json, meta_details_json=:meta_details_json, metadata_delivery_allowed=:metadata_delivery_allowed, metadata_last_checked_at=:metadata_last_checked_at, last_wb_sync_at=:last_wb_sync_at, created_at=:created_at, updated_at=:updated_at WHERE fbs_orders.id = :fbs_orders_id', {'id': 'None', 'tenant_id': 'None', 'seller_id': 'None', 'warehouse_id': 'None', 'product_id': 'None', 'marketplace': 'None', 'external_order_id': 'None', 'wb_order_id': 'None', 'wb_rid': 'None', 'wb_nm_id': 'None', 'wb_chrt_id': 'None', 'wb_article': 'None', 'wb_barcode': 'None', 'price': 'None', 'is_legal': 'None', 'cargo_type': 'None', 'wb_office_id': 'None', 'wb_warehouse_id': 'None', 'wb_supply_id': 'None', 'can_pvz': 'None', 'supply_id': 'None', 'sticker_code': 'None', 'sticker_barcode': 'None', 'sticker_file': 'None', 'trbx_id': 'None', 'status': 'None', 'wb_status': 'None', 'supplier_status': 'None', 'created_at_wb': 'None', 'deadline_at': 'None', 'mapping_status': 'None', 'reserve_status': 'released', 'pick_status': 'None', 'picked_at': 'None', 'pack_status': 'None', 'packed_at': 'None', 'sticker_status': 'None', 'sticker_applied_at': 'None', 'required_meta_json': 'None', 'optional_meta_json': 'None', 'meta_details_json': 'None', 'metadata_delivery_allowed': 'None', 'metadata_last_checked_at': 'None', 'last_wb_sync_at': 'None', 'created_at': 'None', 'updated_at': 'None', 'fbs_orders_id': '582b3194-ddc9-4563-8a68-338b8a0e9bab'}), ('batch', 'acquired', 225, 'UPDATE fbs_orders SET id=:id, tenant_id=:tenant_id, seller_id=:seller_id, warehouse_id=:warehouse_id, product_id=:product_id, marketplace=:marketplace, external_order_id=:external_order_id, wb_order_id=:wb_order_id, wb_rid=:wb_rid, wb_nm_id=:wb_nm_id, wb_chrt_id=:wb_chrt_id, wb_article=:wb_article, wb_barcode=:wb_barcode, price=:price, is_legal=:is_legal, cargo_type=:cargo_type, wb_office_id=:wb_office_id, wb_warehouse_id=:wb_warehouse_id, wb_supply_id=:wb_supply_id, can_pvz=:can_pvz, supply_id=:supply_id, sticker_code=:sticker_code, sticker_barcode=:sticker_barcode, sticker_file=:sticker_file, trbx_id=:trbx_id, status=:status, wb_status=:wb_status, supplier_status=:supplier_status, created_at_wb=:created_at_wb, deadline_at=:deadline_at, mapping_status=:mapping_status, reserve_status=:reserve_status, pick_status=:pick_status, picked_at=:picked_at, pack_status=:pack_status, packed_at=:packed_at, sticker_status=:sticker_status, sticker_applied_at=:sticker_applied_at, required_meta_json=:required_meta_json, optional_meta_json=:optional_meta_json, meta_details_json=:meta_details_json, metadata_delivery_allowed=:metadata_delivery_allowed, metadata_last_checked_at=:metadata_last_checked_at, last_wb_sync_at=:last_wb_sync_at, created_at=:created_at, updated_at=:updated_at WHERE fbs_orders.id = :fbs_orders_id', {'id': 'None', 'tenant_id': 'None', 'seller_id': 'None', 'warehouse_id': 'None', 'product_id': 'None', 'marketplace': 'None', 'external_order_id': 'None', 'wb_order_id': 'None', 'wb_rid': 'None', 'wb_nm_id': 'None', 'wb_chrt_id': 'None', 'wb_article': 'None', 'wb_barcode': 'None', 'price': 'None', 'is_legal': 'None', 'cargo_type': 'None', 'wb_office_id': 'None', 'wb_warehouse_id': 'None', 'wb_supply_id': 'None', 'can_pvz': 'None', 'supply_id': 'None', 'sticker_code': 'None', 'sticker_barcode': 'None', 'sticker_file': 'None', 'trbx_id': 'None', 'status': 'None', 'wb_status': 'None', 'supplier_status': 'None', 'created_at_wb': 'None', 'deadline_at': 'None', 'mapping_status': 'None', 'reserve_status': 'released', 'pick_status': 'None', 'picked_at': 'None', 'pack_status': 'None', 'packed_at': 'None', 'sticker_status': 'None', 'sticker_applied_at': 'None', 'required_meta_json': 'None', 'optional_meta_json': 'None', 'meta_details_json': 'None', 'metadata_delivery_allowed': 'None', 'metadata_last_checked_at': 'None', 'last_wb_sync_at': 'None', 'created_at': 'None', 'updated_at': 'None', 'fbs_orders_id': '582b3194-ddc9-4563-8a68-338b8a0e9bab'}), ('ordinary', 'attempt', 224, 'UPDATE fbs_orders SET id=:id, tenant_id=:tenant_id, seller_id=:seller_id, warehouse_id=:warehouse_id, product_id=:product_id, marketplace=:marketplace, external_order_id=:external_order_id, wb_order_id=:wb_order_id, wb_rid=:wb_rid, wb_nm_id=:wb_nm_id, wb_chrt_id=:wb_chrt_id, wb_article=:wb_article, wb_barcode=:wb_barcode, price=:price, is_legal=:is_legal, cargo_type=:cargo_type, wb_office_id=:wb_office_id, wb_warehouse_id=:wb_warehouse_id, wb_supply_id=:wb_supply_id, can_pvz=:can_pvz, supply_id=:supply_id, sticker_code=:sticker_code, sticker_barcode=:sticker_barcode, sticker_file=:sticker_file, trbx_id=:trbx_id, status=:status, wb_status=:wb_status, supplier_status=:supplier_status, created_at_wb=:created_at_wb, deadline_at=:deadline_at, mapping_status=:mapping_status, reserve_status=:reserve_status, pick_status=:pick_status, picked_at=:picked_at, pack_status=:pack_status, packed_at=:packed_at, sticker_status=:sticker_status, sticker_applied_at=:sticker_applied_at, required_meta_json=:required_meta_json, optional_meta_json=:optional_meta_json, meta_details_json=:meta_details_json, metadata_delivery_allowed=:metadata_delivery_allowed, metadata_last_checked_at=:metadata_last_checked_at, last_wb_sync_at=:last_wb_sync_at, created_at=:created_at, updated_at=:updated_at WHERE fbs_orders.id = :fbs_orders_id', {'id': 'None', 'tenant_id': 'None', 'seller_id': 'None', 'warehouse_id': 'None', 'product_id': 'None', 'marketplace': 'None', 'external_order_id': 'None', 'wb_order_id': 'None', 'wb_rid': 'None', 'wb_nm_id': 'None', 'wb_chrt_id': 'None', 'wb_article': 'None', 'wb_barcode': 'None', 'price': 'None', 'is_legal': 'None', 'cargo_type': 'None', 'wb_office_id': 'None', 'wb_warehouse_id': 'None', 'wb_supply_id': 'None', 'can_pvz': 'None', 'supply_id': 'None', 'sticker_code': 'None', 'sticker_barcode': 'None', 'sticker_file': 'None', 'trbx_id': 'None', 'status': 'None', 'wb_status': 'awaiting_deliver', 'supplier_status': 'posting_in_carriage', 'created_at_wb': 'None', 'deadline_at': 'None', 'mapping_status': 'None', 'reserve_status': 'None', 'pick_status': 'None', 'picked_at': 'None', 'pack_status': 'None', 'packed_at': 'None', 'sticker_status': 'None', 'sticker_applied_at': 'None', 'required_meta_json': 'None', 'optional_meta_json': 'None', 'meta_details_json': "{'ozon_requirements': {'kinds': []}, 'ozon_assembly': {'posting_numbers': ['662-2-1']}, 'ozon_posting_readback': {'status': 'awaiting_deliver', 'substatus': 'posting_in_carriage', 'message': None}}", 'metadata_delivery_allowed': 'None', 'metadata_last_checked_at': 'None', 'last_wb_sync_at': 'None', 'created_at': 'None', 'updated_at': 'None', 'fbs_orders_id': 'f1a8ff48-427b-468e-826f-cd6710bf4e91'}), ('ordinary', 'acquired', 224, 'UPDATE fbs_orders SET id=:id, tenant_id=:tenant_id, seller_id=:seller_id, warehouse_id=:warehouse_id, product_id=:product_id, marketplace=:marketplace, external_order_id=:external_order_id, wb_order_id=:wb_order_id, wb_rid=:wb_rid, wb_nm_id=:wb_nm_id, wb_chrt_id=:wb_chrt_id, wb_article=:wb_article, wb_barcode=:wb_barcode, price=:price, is_legal=:is_legal, cargo_type=:cargo_type, wb_office_id=:wb_office_id, wb_warehouse_id=:wb_warehouse_id, wb_supply_id=:wb_supply_id, can_pvz=:can_pvz, supply_id=:supply_id, sticker_code=:sticker_code, sticker_barcode=:sticker_barcode, sticker_file=:sticker_file, trbx_id=:trbx_id, status=:status, wb_status=:wb_status, supplier_status=:supplier_status, created_at_wb=:created_at_wb, deadline_at=:deadline_at, mapping_status=:mapping_status, reserve_status=:reserve_status, pick_status=:pick_status, picked_at=:picked_at, pack_status=:pack_status, packed_at=:packed_at, sticker_status=:sticker_status, sticker_applied_at=:sticker_applied_at, required_meta_json=:required_meta_json, optional_meta_json=:optional_meta_json, meta_details_json=:meta_details_json, metadata_delivery_allowed=:metadata_delivery_allowed, metadata_last_checked_at=:metadata_last_checked_at, last_wb_sync_at=:last_wb_sync_at, created_at=:created_at, updated_at=:updated_at WHERE fbs_orders.id = :fbs_orders_id', {'id': 'None', 'tenant_id': 'None', 'seller_id': 'None', 'warehouse_id': 'None', 'product_id': 'None', 'marketplace': 'None', 'external_order_id': 'None', 'wb_order_id': 'None', 'wb_rid': 'None', 'wb_nm_id': 'None', 'wb_chrt_id': 'None', 'wb_article': 'None', 'wb_barcode': 'None', 'price': 'None', 'is_legal': 'None', 'cargo_type': 'None', 'wb_office_id': 'None', 'wb_warehouse_id': 'None', 'wb_supply_id': 'None', 'can_pvz': 'None', 'supply_id': 'None', 'sticker_code': 'None', 'sticker_barcode': 'None', 'sticker_file': 'None', 'trbx_id': 'None', 'status': 'None', 'wb_status': 'awaiting_deliver', 'supplier_status': 'posting_in_carriage', 'created_at_wb': 'None', 'deadline_at': 'None', 'mapping_status': 'None', 'reserve_status': 'None', 'pick_status': 'None', 'picked_at': 'None', 'pack_status': 'None', 'packed_at': 'None', 'sticker_status': 'None', 'sticker_applied_at': 'None', 'required_meta_json': 'None', 'optional_meta_json': 'None', 'meta_details_json': "{'ozon_requirements': {'kinds': []}, 'ozon_assembly': {'posting_numbers': ['662-2-1']}, 'ozon_posting_readback': {'status': 'awaiting_deliver', 'substatus': 'posting_in_carriage', 'message': None}}", 'metadata_delivery_allowed': 'None', 'metadata_last_checked_at': 'None', 'last_wb_sync_at': 'None', 'created_at': 'None', 'updated_at': 'None', 'fbs_orders_id': 'f1a8ff48-427b-468e-826f-cd6710bf4e91'}), ('ordinary', 'attempt', 225, 'UPDATE fbs_orders SET id=:id, tenant_id=:tenant_id, seller_id=:seller_id, warehouse_id=:warehouse_id, product_id=:product_id, marketplace=:marketplace, external_order_id=:external_order_id, wb_order_id=:wb_order_id, wb_rid=:wb_rid, wb_nm_id=:wb_nm_id, wb_chrt_id=:wb_chrt_id, wb_article=:wb_article, wb_barcode=:wb_barcode, price=:price, is_legal=:is_legal, cargo_type=:cargo_type, wb_office_id=:wb_office_id, wb_warehouse_id=:wb_warehouse_id, wb_supply_id=:wb_supply_id, can_pvz=:can_pvz, supply_id=:supply_id, sticker_code=:sticker_code, sticker_barcode=:sticker_barcode, sticker_file=:sticker_file, trbx_id=:trbx_id, status=:status, wb_status=:wb_status, supplier_status=:supplier_status, created_at_wb=:created_at_wb, deadline_at=:deadline_at, mapping_status=:mapping_status, reserve_status=:reserve_status, pick_status=:pick_status, picked_at=:picked_at, pack_status=:pack_status, packed_at=:packed_at, sticker_status=:sticker_status, sticker_applied_at=:sticker_applied_at, required_meta_json=:required_meta_json, optional_meta_json=:optional_meta_json, meta_details_json=:meta_details_json, metadata_delivery_allowed=:metadata_delivery_allowed, metadata_last_checked_at=:metadata_last_checked_at, last_wb_sync_at=:last_wb_sync_at, created_at=:created_at, updated_at=:updated_at WHERE fbs_orders.id = :fbs_orders_id', {'id': 'None', 'tenant_id': 'None', 'seller_id': 'None', 'warehouse_id': 'None', 'product_id': 'None', 'marketplace': 'None', 'external_order_id': 'None', 'wb_order_id': 'None', 'wb_rid': 'None', 'wb_nm_id': 'None', 'wb_chrt_id': 'None', 'wb_article': 'None', 'wb_barcode': 'None', 'price': 'None', 'is_legal': 'None', 'cargo_type': 'None', 'wb_office_id': 'None', 'wb_warehouse_id': 'None', 'wb_supply_id': 'None', 'can_pvz': 'None', 'supply_id': 'None', 'sticker_code': 'None', 'sticker_barcode': 'None', 'sticker_file': 'None', 'trbx_id': 'None', 'status': 'None', 'wb_status': 'None', 'supplier_status': 'None', 'created_at_wb': 'None', 'deadline_at': 'None', 'mapping_status': 'None', 'reserve_status': 'released', 'pick_status': 'None', 'picked_at': 'None', 'pack_status': 'None', 'packed_at': 'None', 'sticker_status': 'None', 'sticker_applied_at': 'None', 'required_meta_json': 'None', 'optional_meta_json': 'None', 'meta_details_json': 'None', 'metadata_delivery_allowed': 'None', 'metadata_last_checked_at': 'None', 'last_wb_sync_at': 'None', 'created_at': 'None', 'updated_at': 'None', 'fbs_orders_id': 'f1a8ff48-427b-468e-826f-cd6710bf4e91'}), ('ordinary', 'acquired', 225, 'UPDATE fbs_orders SET id=:id, tenant_id=:tenant_id, seller_id=:seller_id, warehouse_id=:warehouse_id, product_id=:product_id, marketplace=:marketplace, external_order_id=:external_order_id, wb_order_id=:wb_order_id, wb_rid=:wb_rid, wb_nm_id=:wb_nm_id, wb_chrt_id=:wb_chrt_id, wb_article=:wb_article, wb_barcode=:wb_barcode, price=:price, is_legal=:is_legal, cargo_type=:cargo_type, wb_office_id=:wb_office_id, wb_warehouse_id=:wb_warehouse_id, wb_supply_id=:wb_supply_id, can_pvz=:can_pvz, supply_id=:supply_id, sticker_code=:sticker_code, sticker_barcode=:sticker_barcode, sticker_file=:sticker_file, trbx_id=:trbx_id, status=:status, wb_status=:wb_status, supplier_status=:supplier_status, created_at_wb=:created_at_wb, deadline_at=:deadline_at, mapping_status=:mapping_status, reserve_status=:reserve_status, pick_status=:pick_status, picked_at=:picked_at, pack_status=:pack_status, packed_at=:packed_at, sticker_status=:sticker_status, sticker_applied_at=:sticker_applied_at, required_meta_json=:required_meta_json, optional_meta_json=:optional_meta_json, meta_details_json=:meta_details_json, metadata_delivery_allowed=:metadata_delivery_allowed, metadata_last_checked_at=:metadata_last_checked_at, last_wb_sync_at=:last_wb_sync_at, created_at=:created_at, updated_at=:updated_at WHERE fbs_orders.id = :fbs_orders_id', {'id': 'None', 'tenant_id': 'None', 'seller_id': 'None', 'warehouse_id': 'None', 'product_id': 'None', 'marketplace': 'None', 'external_order_id': 'None', 'wb_order_id': 'None', 'wb_rid': 'None', 'wb_nm_id': 'None', 'wb_chrt_id': 'None', 'wb_article': 'None', 'wb_barcode': 'None', 'price': 'None', 'is_legal': 'None', 'cargo_type': 'None', 'wb_office_id': 'None', 'wb_warehouse_id': 'None', 'wb_supply_id': 'None', 'can_pvz': 'None', 'supply_id': 'None', 'sticker_code': 'None', 'sticker_barcode': 'None', 'sticker_file': 'None', 'trbx_id': 'None', 'status': 'None', 'wb_status': 'None', 'supplier_status': 'None', 'created_at_wb': 'None', 'deadline_at': 'None', 'mapping_status': 'None', 'reserve_status': 'released', 'pick_status': 'None', 'picked_at': 'None', 'pack_status': 'None', 'packed_at': 'None', 'sticker_status': 'None', 'sticker_applied_at': 'None', 'required_meta_json': 'None', 'optional_meta_json': 'None', 'meta_details_json': 'None', 'metadata_delivery_allowed': 'None', 'metadata_last_checked_at': 'None', 'last_wb_sync_at': 'None', 'created_at': 'None', 'updated_at': 'None', 'fbs_orders_id': 'f1a8ff48-427b-468e-826f-cd6710bf4e91'}), ('ordinary', 'attempt', 225, 'UPDATE fbs_orders SET id=:id, tenant_id=:tenant_id, seller_id=:seller_id, warehouse_id=:warehouse_id, product_id=:product_id, marketplace=:marketplace, external_order_id=:external_order_id, wb_order_id=:wb_order_id, wb_rid=:wb_rid, wb_nm_id=:wb_nm_id, wb_chrt_id=:wb_chrt_id, wb_article=:wb_article, wb_barcode=:wb_barcode, price=:price, is_legal=:is_legal, cargo_type=:cargo_type, wb_office_id=:wb_office_id, wb_warehouse_id=:wb_warehouse_id, wb_supply_id=:wb_supply_id, can_pvz=:can_pvz, supply_id=:supply_id, sticker_code=:sticker_code, sticker_barcode=:sticker_barcode, sticker_file=:sticker_file, trbx_id=:trbx_id, status=:status, wb_status=:wb_status, supplier_status=:supplier_status, created_at_wb=:created_at_wb, deadline_at=:deadline_at, mapping_status=:mapping_status, reserve_status=:reserve_status, pick_status=:pick_status, picked_at=:picked_at, pack_status=:pack_status, packed_at=:packed_at, sticker_status=:sticker_status, sticker_applied_at=:sticker_applied_at, required_meta_json=:required_meta_json, optional_meta_json=:optional_meta_json, meta_details_json=:meta_details_json, metadata_delivery_allowed=:metadata_delivery_allowed, metadata_last_checked_at=:metadata_last_checked_at, last_wb_sync_at=:last_wb_sync_at, created_at=:created_at, updated_at=:updated_at WHERE fbs_orders.id = :fbs_orders_id', {'id': 'None', 'tenant_id': 'None', 'seller_id': 'None', 'warehouse_id': 'None', 'product_id': 'None', 'marketplace': 'None', 'external_order_id': 'None', 'wb_order_id': 'None', 'wb_rid': 'None', 'wb_nm_id': 'None', 'wb_chrt_id': 'None', 'wb_article': 'None', 'wb_barcode': 'None', 'price': 'None', 'is_legal': 'None', 'cargo_type': 'None', 'wb_office_id': 'None', 'wb_warehouse_id': 'None', 'wb_supply_id': 'None', 'can_pvz': 'None', 'supply_id': 'None', 'sticker_code': 'None', 'sticker_barcode': 'None', 'sticker_file': 'None', 'trbx_id': 'None', 'status': 'in_delivery', 'wb_status': 'None', 'supplier_status': 'None', 'created_at_wb': 'None', 'deadline_at': 'None', 'mapping_status': 'None', 'reserve_status': 'None', 'pick_status': 'None', 'picked_at': 'None', 'pack_status': 'None', 'packed_at': 'None', 'sticker_status': 'None', 'sticker_applied_at': 'None', 'required_meta_json': 'None', 'optional_meta_json': 'None', 'meta_details_json': 'None', 'metadata_delivery_allowed': 'None', 'metadata_last_checked_at': 'None', 'last_wb_sync_at': 'None', 'created_at': 'None', 'updated_at': 'None', 'fbs_orders_id': 'f1a8ff48-427b-468e-826f-cd6710bf4e91'}), ('ordinary', 'acquired', 225, 'UPDATE fbs_orders SET id=:id, tenant_id=:tenant_id, seller_id=:seller_id, warehouse_id=:warehouse_id, product_id=:product_id, marketplace=:marketplace, external_order_id=:external_order_id, wb_order_id=:wb_order_id, wb_rid=:wb_rid, wb_nm_id=:wb_nm_id, wb_chrt_id=:wb_chrt_id, wb_article=:wb_article, wb_barcode=:wb_barcode, price=:price, is_legal=:is_legal, cargo_type=:cargo_type, wb_office_id=:wb_office_id, wb_warehouse_id=:wb_warehouse_id, wb_supply_id=:wb_supply_id, can_pvz=:can_pvz, supply_id=:supply_id, sticker_code=:sticker_code, sticker_barcode=:sticker_barcode, sticker_file=:sticker_file, trbx_id=:trbx_id, status=:status, wb_status=:wb_status, supplier_status=:supplier_status, created_at_wb=:created_at_wb, deadline_at=:deadline_at, mapping_status=:mapping_status, reserve_status=:reserve_status, pick_status=:pick_status, picked_at=:picked_at, pack_status=:pack_status, packed_at=:packed_at, sticker_status=:sticker_status, sticker_applied_at=:sticker_applied_at, required_meta_json=:required_meta_json, optional_meta_json=:optional_meta_json, meta_details_json=:meta_details_json, metadata_delivery_allowed=:metadata_delivery_allowed, metadata_last_checked_at=:metadata_last_checked_at, last_wb_sync_at=:last_wb_sync_at, created_at=:created_at, updated_at=:updated_at WHERE fbs_orders.id = :fbs_orders_id', {'id': 'None', 'tenant_id': 'None', 'seller_id': 'None', 'warehouse_id': 'None', 'product_id': 'None', 'marketplace': 'None', 'external_order_id': 'None', 'wb_order_id': 'None', 'wb_rid': 'None', 'wb_nm_id': 'None', 'wb_chrt_id': 'None', 'wb_article': 'None', 'wb_barcode': 'None', 'price': 'None', 'is_legal': 'None', 'cargo_type': 'None', 'wb_office_id': 'None', 'wb_warehouse_id': 'None', 'wb_supply_id': 'None', 'can_pvz': 'None', 'supply_id': 'None', 'sticker_code': 'None', 'sticker_barcode': 'None', 'sticker_file': 'None', 'trbx_id': 'None', 'status': 'in_delivery', 'wb_status': 'None', 'supplier_status': 'None', 'created_at_wb': 'None', 'deadline_at': 'None', 'mapping_status': 'None', 'reserve_status': 'None', 'pick_status': 'None', 'picked_at': 'None', 'pack_status': 'None', 'packed_at': 'None', 'sticker_status': 'None', 'sticker_applied_at': 'None', 'required_meta_json': 'None', 'optional_meta_json': 'None', 'meta_details_json': 'None', 'metadata_delivery_allowed': 'None', 'metadata_last_checked_at': 'None', 'last_wb_sync_at': 'None', 'created_at': 'None', 'updated_at': 'None', 'fbs_orders_id': 'f1a8ff48-427b-468e-826f-cd6710bf4e91'})]
all-pg-fixture-comparison	WMS-662 isolated steady-state lock order on real PostgreSQL / command02	2026-10-07T02:44:59.5381657Z BATCH PG evidence: writer_pids={'batch': 225, 'ordinary': 224}; pg_cycle=False; actual_wait=[(224, [225], 'INSERT INTO fbs_shipment_reversal_ledger (id, tenant_id, fbs_order_id, product_id, storage_location_id, source_warehouse_id, container_kind, container_id, source_mode, quantity, shortage_quantity, negative_quantity, ozon_positions_json, wb_operation_id, written_off_by_user_id, written_off_at, shipment_movement_id, reversed_at, reversal_movement_id) VALUES ($1::UUID, $2::UUID, $3::UUID, $4::UUID, $5::UUID, $6::UUID, $7::VARCHAR, $8::UUID, $9::VARCHAR, $10::INTEGER, $11::INTEGER, $12::INTEGER, $13::JSON, $14::UUID, $15::UUID, $16::TIMESTAMP WITH TIME ZONE, $17::UUID, $18::TIMESTAMP WITH TIME ZONE, $19::UUID) RETURNING fbs_shipment_reversal_ledger.created_at'), (225, [], 'SELECT sellers.id \nFROM sellers \nWHERE sellers.id = $1::UUID AND sellers.tenant_id = $2::UUID FOR NO KEY UPDATE')]; trace=[('batch', 'attempt', 'products', 225), ('batch', 'acquired', 'products', 225), ('batch', 'attempt', 'products', 225), ('batch', 'acquired', 'products', 225), ('batch', 'attempt', 'products', 225), ('batch', 'acquired', 'products', 225), ('batch', 'attempt', 'products', 225), ('batch', 'acquired', 'products', 225), ('batch', 'attempt', 'products', 225), ('batch', 'acquired', 'products', 225), ('batch', 'attempt', 'sellers', 225), ('batch', 'acquired', 'sellers', 225), ('batch', 'attempt', 'products', 225), ('batch', 'acquired', 'products', 225), ('batch', 'attempt', 'products', 225), ('batch', 'acquired', 'products', 225), ('batch', 'attempt', 'products', 225), ('batch', 'acquired', 'products', 225), ('batch', 'attempt', 'products', 225), ('batch', 'acquired', 'products', 225), ('batch', 'attempt', 'sellers', 225), ('batch', 'acquired', 'sellers', 225), ('ordinary', 'attempt', 'products', 225), ('ordinary', 'acquired', 'products', 225), ('ordinary', 'attempt', 'products', 225), ('ordinary', 'acquired', 'products', 225), ('ordinary', 'attempt', 'products', 225), ('ordinary', 'acquired', 'products', 225), ('ordinary', 'attempt', 'products', 225), ('ordinary', 'acquired', 'products', 225), ('ordinary', 'attempt', 'sellers', 225), ('ordinary', 'acquired', 'sellers', 225)]; sqlstates=[]; results=[None, None]; balances={'662-0-1': 1800, '662-1-1': 1800, '662-2-1': 1800}; stock={UUID('981c976c-74ed-4723-a51c-71d72da23024'): 12, UUID('046f6914-bfeb-4a0b-b370-0fe1ca87a788'): 10}; reserves={}; issues=[]
all-pg-fixture-comparison	WMS-662 isolated steady-state lock order on real PostgreSQL / command02	2026-10-07T02:44:59.5390383Z .
all-pg-fixture-comparison	WMS-662 isolated steady-state lock order on real PostgreSQL / command02	2026-10-07T02:44:59.5391673Z =============================== warnings summary ===============================
all-pg-fixture-comparison	WMS-662 isolated steady-state lock order on real PostgreSQL / command02	2026-10-07T02:44:59.5392902Z app/main.py:19
all-pg-fixture-comparison	WMS-662 isolated steady-state lock order on real PostgreSQL / command02	2026-10-07T02:44:59.5394797Z   /home/runner/work/WMS/WMS/backend/app/main.py:19: StarletteDeprecationWarning: 'HTTP_422_UNPROCESSABLE_ENTITY' is deprecated. Use 'HTTP_422_UNPROCESSABLE_CONTENT' instead.
all-pg-fixture-comparison	WMS-662 isolated steady-state lock order on real PostgreSQL / command02	2026-10-07T02:44:59.5397301Z     from app.api.billing_profile_marketplace import router as billing_profile_marketplace_router
all-pg-fixture-comparison	WMS-662 isolated steady-state lock order on real PostgreSQL / command02	2026-10-07T02:44:59.5397976Z 
all-pg-fixture-comparison	WMS-662 isolated steady-state lock order on real PostgreSQL / command02	2026-10-07T02:44:59.5398464Z -- Docs: https://docs.pytest.org/en/stable/how-to/capture-warnings.html
all-pg-fixture-comparison	WMS-662 isolated steady-state lock order on real PostgreSQL / command02	2026-10-07T02:44:59.5399213Z 1 passed, 1 warning in 4.15s
all-pg-fixture-comparison	PostgreSQL locks and immutable migration guards / command03	﻿2026-10-07T02:44:59.5468590Z ##[group]Run python ../scripts/ci/pg-comparison/execute.py command03
all-pg-fixture-comparison	PostgreSQL locks and immutable migration guards / command03	2026-10-07T02:44:59.5469118Z [36;1mpython ../scripts/ci/pg-comparison/execute.py command03[0m
all-pg-fixture-comparison	PostgreSQL locks and immutable migration guards / command03	2026-10-07T02:44:59.5532105Z shell: /usr/bin/bash -e {0}
all-pg-fixture-comparison	PostgreSQL locks and immutable migration guards / command03	2026-10-07T02:44:59.5532383Z env:
all-pg-fixture-comparison	PostgreSQL locks and immutable migration guards / command03	2026-10-07T02:44:59.5532670Z   pythonLocation: /opt/hostedtoolcache/Python/3.11.16/x64
all-pg-fixture-comparison	PostgreSQL locks and immutable migration guards / command03	2026-10-07T02:44:59.5533172Z   PKG_CONFIG_PATH: /opt/hostedtoolcache/Python/3.11.16/x64/lib/pkgconfig
all-pg-fixture-comparison	PostgreSQL locks and immutable migration guards / command03	2026-10-07T02:44:59.5533660Z   Python_ROOT_DIR: /opt/hostedtoolcache/Python/3.11.16/x64
all-pg-fixture-comparison	PostgreSQL locks and immutable migration guards / command03	2026-10-07T02:44:59.5534099Z   Python2_ROOT_DIR: /opt/hostedtoolcache/Python/3.11.16/x64
all-pg-fixture-comparison	PostgreSQL locks and immutable migration guards / command03	2026-10-07T02:44:59.5534530Z   Python3_ROOT_DIR: /opt/hostedtoolcache/Python/3.11.16/x64
all-pg-fixture-comparison	PostgreSQL locks and immutable migration guards / command03	2026-10-07T02:44:59.5534959Z   LD_LIBRARY_PATH: /opt/hostedtoolcache/Python/3.11.16/x64/lib
all-pg-fixture-comparison	PostgreSQL locks and immutable migration guards / command03	2026-10-07T02:44:59.5535961Z   WMS_TEST_DATABASE_URL: postgresql+psycopg_***127.0.0.1:5432/wms_test_517
all-pg-fixture-comparison	PostgreSQL locks and immutable migration guards / command03	2026-10-07T02:44:59.5536429Z ##[endgroup]
all-pg-fixture-comparison	PostgreSQL locks and immutable migration guards / command03	2026-10-07T02:45:08.8731306Z ============================= test session starts ==============================
all-pg-fixture-comparison	PostgreSQL locks and immutable migration guards / command03	2026-10-07T02:45:08.8732132Z platform linux -- Python 3.11.16, pytest-9.1.1, pluggy-1.6.0
all-pg-fixture-comparison	PostgreSQL locks and immutable migration guards / command03	2026-10-07T02:45:08.8732833Z rootdir: /home/runner/work/WMS/WMS/backend
all-pg-fixture-comparison	PostgreSQL locks and immutable migration guards / command03	2026-10-07T02:45:08.8733402Z configfile: pyproject.toml
all-pg-fixture-comparison	PostgreSQL locks and immutable migration guards / command03	2026-10-07T02:45:08.8733981Z plugins: asyncio-1.4.0, xdist-3.8.0, anyio-4.15.1
all-pg-fixture-comparison	PostgreSQL locks and immutable migration guards / command03	2026-10-07T02:45:08.8734730Z asyncio: mode=Mode.AUTO, debug=False, asyncio_default_fixture_loop_scope=None, asyncio_default_test_loop_scope=function
all-pg-fixture-comparison	PostgreSQL locks and immutable migration guards / command03	2026-10-07T02:45:08.8735381Z collected 98 items / 93 deselected / 5 selected
all-pg-fixture-comparison	PostgreSQL locks and immutable migration guards / command03	2026-10-07T02:45:08.8735986Z 
all-pg-fixture-comparison	PostgreSQL locks and immutable migration guards / command03	2026-10-07T02:45:08.8736381Z tests/test_withdrawal_ledger.py ..                                       [ 40%]
all-pg-fixture-comparison	PostgreSQL locks and immutable migration guards / command03	2026-10-07T02:45:08.8737006Z tests/test_wb_order_price_snapshot.py .                                  [ 60%]
all-pg-fixture-comparison	PostgreSQL locks and immutable migration guards / command03	2026-10-07T02:45:08.8737605Z tests/test_withdrawal_readiness.py ..                                    [100%]
all-pg-fixture-comparison	PostgreSQL locks and immutable migration guards / command03	2026-10-07T02:45:08.8737912Z 
all-pg-fixture-comparison	PostgreSQL locks and immutable migration guards / command03	2026-10-07T02:45:08.8738159Z =============================== warnings summary ===============================
all-pg-fixture-comparison	PostgreSQL locks and immutable migration guards / command03	2026-10-07T02:45:08.8738508Z app/main.py:19
all-pg-fixture-comparison	PostgreSQL locks and immutable migration guards / command03	2026-10-07T02:45:08.8739309Z   /home/runner/work/WMS/WMS/backend/app/main.py:19: StarletteDeprecationWarning: 'HTTP_422_UNPROCESSABLE_ENTITY' is deprecated. Use 'HTTP_422_UNPROCESSABLE_CONTENT' instead.
all-pg-fixture-comparison	PostgreSQL locks and immutable migration guards / command03	2026-10-07T02:45:08.8740330Z     from app.api.billing_profile_marketplace import router as billing_profile_marketplace_router
all-pg-fixture-comparison	PostgreSQL locks and immutable migration guards / command03	2026-10-07T02:45:08.8740714Z 
all-pg-fixture-comparison	PostgreSQL locks and immutable migration guards / command03	2026-10-07T02:45:08.8741024Z -- Docs: https://docs.pytest.org/en/stable/how-to/capture-warnings.html
all-pg-fixture-comparison	PostgreSQL locks and immutable migration guards / command03	2026-10-07T02:45:08.8741948Z - generated xml file: /home/runner/work/_temp/release-postgres/517-withdrawal.xml -
all-pg-fixture-comparison	PostgreSQL locks and immutable migration guards / command03	2026-10-07T02:45:08.8742546Z ================= 5 passed, 93 deselected, 1 warning in 3.95s ==================
all-pg-fixture-comparison	PostgreSQL locks and immutable migration guards / command04	﻿2026-10-07T02:45:08.8825301Z ##[group]Run python ../scripts/ci/pg-comparison/execute.py command04
all-pg-fixture-comparison	PostgreSQL locks and immutable migration guards / command04	2026-10-07T02:45:08.8826156Z [36;1mpython ../scripts/ci/pg-comparison/execute.py command04[0m
all-pg-fixture-comparison	PostgreSQL locks and immutable migration guards / command04	2026-10-07T02:45:08.8890497Z shell: /usr/bin/bash -e {0}
all-pg-fixture-comparison	PostgreSQL locks and immutable migration guards / command04	2026-10-07T02:45:08.8890774Z env:
all-pg-fixture-comparison	PostgreSQL locks and immutable migration guards / command04	2026-10-07T02:45:08.8891059Z   pythonLocation: /opt/hostedtoolcache/Python/3.11.16/x64
all-pg-fixture-comparison	PostgreSQL locks and immutable migration guards / command04	2026-10-07T02:45:08.8891553Z   PKG_CONFIG_PATH: /opt/hostedtoolcache/Python/3.11.16/x64/lib/pkgconfig
all-pg-fixture-comparison	PostgreSQL locks and immutable migration guards / command04	2026-10-07T02:45:08.8892038Z   Python_ROOT_DIR: /opt/hostedtoolcache/Python/3.11.16/x64
all-pg-fixture-comparison	PostgreSQL locks and immutable migration guards / command04	2026-10-07T02:45:08.8892473Z   Python2_ROOT_DIR: /opt/hostedtoolcache/Python/3.11.16/x64
all-pg-fixture-comparison	PostgreSQL locks and immutable migration guards / command04	2026-10-07T02:45:08.8892899Z   Python3_ROOT_DIR: /opt/hostedtoolcache/Python/3.11.16/x64
all-pg-fixture-comparison	PostgreSQL locks and immutable migration guards / command04	2026-10-07T02:45:08.8893327Z   LD_LIBRARY_PATH: /opt/hostedtoolcache/Python/3.11.16/x64/lib
all-pg-fixture-comparison	PostgreSQL locks and immutable migration guards / command04	2026-10-07T02:45:08.8894068Z   WMS_TEST_DATABASE_URL: postgresql+psycopg_***127.0.0.1:5432/wms_test_517
all-pg-fixture-comparison	PostgreSQL locks and immutable migration guards / command04	2026-10-07T02:45:08.8894497Z ##[endgroup]
all-pg-fixture-comparison	PostgreSQL locks and immutable migration guards / command04	2026-10-07T02:45:16.8690977Z ============================= test session starts ==============================
all-pg-fixture-comparison	PostgreSQL locks and immutable migration guards / command04	2026-10-07T02:45:16.8692271Z platform linux -- Python 3.11.16, pytest-9.1.1, pluggy-1.6.0
all-pg-fixture-comparison	PostgreSQL locks and immutable migration guards / command04	2026-10-07T02:45:16.8694065Z rootdir: /home/runner/work/WMS/WMS/backend
all-pg-fixture-comparison	PostgreSQL locks and immutable migration guards / command04	2026-10-07T02:45:16.8699777Z configfile: pyproject.toml
all-pg-fixture-comparison	PostgreSQL locks and immutable migration guards / command04	2026-10-07T02:45:16.8703001Z plugins: asyncio-1.4.0, xdist-3.8.0, anyio-4.15.1
all-pg-fixture-comparison	PostgreSQL locks and immutable migration guards / command04	2026-10-07T02:45:16.8704983Z asyncio: mode=Mode.AUTO, debug=False, asyncio_default_fixture_loop_scope=None, asyncio_default_test_loop_scope=function
all-pg-fixture-comparison	PostgreSQL locks and immutable migration guards / command04	2026-10-07T02:45:16.8706559Z collected 1 item
all-pg-fixture-comparison	PostgreSQL locks and immutable migration guards / command04	2026-10-07T02:45:16.8706802Z 
all-pg-fixture-comparison	PostgreSQL locks and immutable migration guards / command04	2026-10-07T02:45:16.8707317Z tests/test_wms659_bulk_inbound_boxes.py .                                [100%]
all-pg-fixture-comparison	PostgreSQL locks and immutable migration guards / command04	2026-10-07T02:45:16.8707921Z 
all-pg-fixture-comparison	PostgreSQL locks and immutable migration guards / command04	2026-10-07T02:45:16.8708458Z =============================== warnings summary ===============================
all-pg-fixture-comparison	PostgreSQL locks and immutable migration guards / command04	2026-10-07T02:45:16.8709200Z app/main.py:19
all-pg-fixture-comparison	PostgreSQL locks and immutable migration guards / command04	2026-10-07T02:45:16.8711212Z   /home/runner/work/WMS/WMS/backend/app/main.py:19: StarletteDeprecationWarning: 'HTTP_422_UNPROCESSABLE_ENTITY' is deprecated. Use 'HTTP_422_UNPROCESSABLE_CONTENT' instead.
all-pg-fixture-comparison	PostgreSQL locks and immutable migration guards / command04	2026-10-07T02:45:16.8713396Z     from app.api.billing_profile_marketplace import router as billing_profile_marketplace_router
all-pg-fixture-comparison	PostgreSQL locks and immutable migration guards / command04	2026-10-07T02:45:16.8714135Z 
all-pg-fixture-comparison	PostgreSQL locks and immutable migration guards / command04	2026-10-07T02:45:16.8714789Z -- Docs: https://docs.pytest.org/en/stable/how-to/capture-warnings.html
all-pg-fixture-comparison	PostgreSQL locks and immutable migration guards / command04	2026-10-07T02:45:16.8716043Z ========================= 1 passed, 1 warning in 2.65s =========================
all-pg-fixture-comparison	PostgreSQL locks and immutable migration guards / command05	﻿2026-10-07T02:45:16.8804537Z ##[group]Run python ../scripts/ci/pg-comparison/execute.py command05
all-pg-fixture-comparison	PostgreSQL locks and immutable migration guards / command05	2026-10-07T02:45:16.8805075Z [36;1mpython ../scripts/ci/pg-comparison/execute.py command05[0m
all-pg-fixture-comparison	PostgreSQL locks and immutable migration guards / command05	2026-10-07T02:45:16.8868424Z shell: /usr/bin/bash -e {0}
all-pg-fixture-comparison	PostgreSQL locks and immutable migration guards / command05	2026-10-07T02:45:16.8868704Z env:
all-pg-fixture-comparison	PostgreSQL locks and immutable migration guards / command05	2026-10-07T02:45:16.8868997Z   pythonLocation: /opt/hostedtoolcache/Python/3.11.16/x64
all-pg-fixture-comparison	PostgreSQL locks and immutable migration guards / command05	2026-10-07T02:45:16.8869509Z   PKG_CONFIG_PATH: /opt/hostedtoolcache/Python/3.11.16/x64/lib/pkgconfig
all-pg-fixture-comparison	PostgreSQL locks and immutable migration guards / command05	2026-10-07T02:45:16.8869999Z   Python_ROOT_DIR: /opt/hostedtoolcache/Python/3.11.16/x64
all-pg-fixture-comparison	PostgreSQL locks and immutable migration guards / command05	2026-10-07T02:45:16.8870429Z   Python2_ROOT_DIR: /opt/hostedtoolcache/Python/3.11.16/x64
all-pg-fixture-comparison	PostgreSQL locks and immutable migration guards / command05	2026-10-07T02:45:16.8870859Z   Python3_ROOT_DIR: /opt/hostedtoolcache/Python/3.11.16/x64
all-pg-fixture-comparison	PostgreSQL locks and immutable migration guards / command05	2026-10-07T02:45:16.8871288Z   LD_LIBRARY_PATH: /opt/hostedtoolcache/Python/3.11.16/x64/lib
all-pg-fixture-comparison	PostgreSQL locks and immutable migration guards / command05	2026-10-07T02:45:16.8872033Z   WMS_TEST_DATABASE_URL: postgresql+psycopg_***127.0.0.1:5432/wms_test_517
all-pg-fixture-comparison	PostgreSQL locks and immutable migration guards / command05	2026-10-07T02:45:16.8872497Z ##[endgroup]
all-pg-fixture-comparison	PostgreSQL locks and immutable migration guards / command05	2026-10-07T02:45:28.5477310Z ============================= test session starts ==============================
all-pg-fixture-comparison	PostgreSQL locks and immutable migration guards / command05	2026-10-07T02:45:28.5479117Z platform linux -- Python 3.11.16, pytest-9.1.1, pluggy-1.6.0
all-pg-fixture-comparison	PostgreSQL locks and immutable migration guards / command05	2026-10-07T02:45:28.5506353Z rootdir: /home/runner/work/WMS/WMS/backend
all-pg-fixture-comparison	PostgreSQL locks and immutable migration guards / command05	2026-10-07T02:45:28.5526524Z configfile: pyproject.toml
all-pg-fixture-comparison	PostgreSQL locks and immutable migration guards / command05	2026-10-07T02:45:28.5527279Z plugins: asyncio-1.4.0, xdist-3.8.0, anyio-4.15.1
all-pg-fixture-comparison	PostgreSQL locks and immutable migration guards / command05	2026-10-07T02:45:28.5528067Z asyncio: mode=Mode.AUTO, debug=False, asyncio_default_fixture_loop_scope=None, asyncio_default_test_loop_scope=function
all-pg-fixture-comparison	PostgreSQL locks and immutable migration guards / command05	2026-10-07T02:45:28.5528943Z collected 1 item
all-pg-fixture-comparison	PostgreSQL locks and immutable migration guards / command05	2026-10-07T02:45:28.5529080Z 
all-pg-fixture-comparison	PostgreSQL locks and immutable migration guards / command05	2026-10-07T02:45:28.5529400Z tests/test_wms537_draft_supply_stickers.py .                             [100%]
all-pg-fixture-comparison	PostgreSQL locks and immutable migration guards / command05	2026-10-07T02:45:28.5529732Z 
all-pg-fixture-comparison	PostgreSQL locks and immutable migration guards / command05	2026-10-07T02:45:28.5529974Z =============================== warnings summary ===============================
all-pg-fixture-comparison	PostgreSQL locks and immutable migration guards / command05	2026-10-07T02:45:28.5530312Z app/main.py:19
all-pg-fixture-comparison	PostgreSQL locks and immutable migration guards / command05	2026-10-07T02:45:28.5531107Z   /home/runner/work/WMS/WMS/backend/app/main.py:19: StarletteDeprecationWarning: 'HTTP_422_UNPROCESSABLE_ENTITY' is deprecated. Use 'HTTP_422_UNPROCESSABLE_CONTENT' instead.
all-pg-fixture-comparison	PostgreSQL locks and immutable migration guards / command05	2026-10-07T02:45:28.5532100Z     from app.api.billing_profile_marketplace import router as billing_profile_marketplace_router
all-pg-fixture-comparison	PostgreSQL locks and immutable migration guards / command05	2026-10-07T02:45:28.5532481Z 
all-pg-fixture-comparison	PostgreSQL locks and immutable migration guards / command05	2026-10-07T02:45:28.5532781Z -- Docs: https://docs.pytest.org/en/stable/how-to/capture-warnings.html
all-pg-fixture-comparison	PostgreSQL locks and immutable migration guards / command05	2026-10-07T02:45:28.5533329Z ========================= 1 passed, 1 warning in 6.01s =========================
all-pg-fixture-comparison	Required PostgreSQL handoff cancellation documents and catalog contracts / command06	﻿2026-10-07T02:45:28.5574447Z ##[group]Run python ../scripts/ci/pg-comparison/execute.py command06
all-pg-fixture-comparison	Required PostgreSQL handoff cancellation documents and catalog contracts / command06	2026-10-07T02:45:28.5574970Z [36;1mpython ../scripts/ci/pg-comparison/execute.py command06[0m
all-pg-fixture-comparison	Required PostgreSQL handoff cancellation documents and catalog contracts / command06	2026-10-07T02:45:28.5638404Z shell: /usr/bin/bash -e {0}
all-pg-fixture-comparison	Required PostgreSQL handoff cancellation documents and catalog contracts / command06	2026-10-07T02:45:28.5638665Z env:
all-pg-fixture-comparison	Required PostgreSQL handoff cancellation documents and catalog contracts / command06	2026-10-07T02:45:28.5638942Z   pythonLocation: /opt/hostedtoolcache/Python/3.11.16/x64
all-pg-fixture-comparison	Required PostgreSQL handoff cancellation documents and catalog contracts / command06	2026-10-07T02:45:28.5639413Z   PKG_CONFIG_PATH: /opt/hostedtoolcache/Python/3.11.16/x64/lib/pkgconfig
all-pg-fixture-comparison	Required PostgreSQL handoff cancellation documents and catalog contracts / command06	2026-10-07T02:45:28.5639882Z   Python_ROOT_DIR: /opt/hostedtoolcache/Python/3.11.16/x64
all-pg-fixture-comparison	Required PostgreSQL handoff cancellation documents and catalog contracts / command06	2026-10-07T02:45:28.5640296Z   Python2_ROOT_DIR: /opt/hostedtoolcache/Python/3.11.16/x64
all-pg-fixture-comparison	Required PostgreSQL handoff cancellation documents and catalog contracts / command06	2026-10-07T02:45:28.5640698Z   Python3_ROOT_DIR: /opt/hostedtoolcache/Python/3.11.16/x64
all-pg-fixture-comparison	Required PostgreSQL handoff cancellation documents and catalog contracts / command06	2026-10-07T02:45:28.5641104Z   LD_LIBRARY_PATH: /opt/hostedtoolcache/Python/3.11.16/x64/lib
all-pg-fixture-comparison	Required PostgreSQL handoff cancellation documents and catalog contracts / command06	2026-10-07T02:45:28.5641452Z ##[endgroup]
all-pg-fixture-comparison	Required PostgreSQL handoff cancellation documents and catalog contracts / command06	2026-10-07T02:46:31.3198884Z 1d1d7acea7c52e82db68ea0df17df81088b60a4ad6548f80e1993767ec549396
all-pg-fixture-comparison	Required PostgreSQL handoff cancellation documents and catalog contracts / command06	2026-10-07T02:46:31.3200298Z 127.0.0.1:55462 - no response
all-pg-fixture-comparison	Required PostgreSQL handoff cancellation documents and catalog contracts / command06	2026-10-07T02:46:31.3201303Z 127.0.0.1:55462 - accepting connections
all-pg-fixture-comparison	Required PostgreSQL handoff cancellation documents and catalog contracts / command06	2026-10-07T02:46:31.3202145Z 8889797e19f5ed2ac8e5b875064b20b859d65775143550a4d04f6f5bb0311c17
all-pg-fixture-comparison	Required PostgreSQL handoff cancellation documents and catalog contracts / command06	2026-10-07T02:46:31.3202808Z 127.0.0.1:55467 - no response
all-pg-fixture-comparison	Required PostgreSQL handoff cancellation documents and catalog contracts / command06	2026-10-07T02:46:31.3203295Z 127.0.0.1:55467 - accepting connections
all-pg-fixture-comparison	Required PostgreSQL handoff cancellation documents and catalog contracts / command06	2026-10-07T02:46:31.3203945Z ..........                                                               [100%]
all-pg-fixture-comparison	Required PostgreSQL handoff cancellation documents and catalog contracts / command06	2026-10-07T02:46:31.3204717Z =============================== warnings summary ===============================
all-pg-fixture-comparison	Required PostgreSQL handoff cancellation documents and catalog contracts / command06	2026-10-07T02:46:31.3205480Z app/main.py:19
all-pg-fixture-comparison	Required PostgreSQL handoff cancellation documents and catalog contracts / command06	2026-10-07T02:46:31.3207491Z   /home/runner/work/WMS/WMS/backend/app/main.py:19: StarletteDeprecationWarning: 'HTTP_422_UNPROCESSABLE_ENTITY' is deprecated. Use 'HTTP_422_UNPROCESSABLE_CONTENT' instead.
all-pg-fixture-comparison	Required PostgreSQL handoff cancellation documents and catalog contracts / command06	2026-10-07T02:46:31.3209530Z     from app.api.billing_profile_marketplace import router as billing_profile_marketplace_router
all-pg-fixture-comparison	Required PostgreSQL handoff cancellation documents and catalog contracts / command06	2026-10-07T02:46:31.3210312Z 
all-pg-fixture-comparison	Required PostgreSQL handoff cancellation documents and catalog contracts / command06	2026-10-07T02:46:31.3210907Z -- Docs: https://docs.pytest.org/en/stable/how-to/capture-warnings.html
all-pg-fixture-comparison	Required PostgreSQL handoff cancellation documents and catalog contracts / command06	2026-10-07T02:46:31.3211745Z 10 passed, 1 warning in 6.16s
all-pg-fixture-comparison	Required PostgreSQL handoff cancellation documents and catalog contracts / command06	2026-10-07T02:46:31.3212489Z ....                                                                     [100%]
all-pg-fixture-comparison	Required PostgreSQL handoff cancellation documents and catalog contracts / command06	2026-10-07T02:46:31.3213326Z =============================== warnings summary ===============================
all-pg-fixture-comparison	Required PostgreSQL handoff cancellation documents and catalog contracts / command06	2026-10-07T02:46:31.3214128Z app/main.py:19
all-pg-fixture-comparison	Required PostgreSQL handoff cancellation documents and catalog contracts / command06	2026-10-07T02:46:31.3216333Z   /home/runner/work/WMS/WMS/backend/app/main.py:19: StarletteDeprecationWarning: 'HTTP_422_UNPROCESSABLE_ENTITY' is deprecated. Use 'HTTP_422_UNPROCESSABLE_CONTENT' instead.
all-pg-fixture-comparison	Required PostgreSQL handoff cancellation documents and catalog contracts / command06	2026-10-07T02:46:31.3218646Z     from app.api.billing_profile_marketplace import router as billing_profile_marketplace_router
all-pg-fixture-comparison	Required PostgreSQL handoff cancellation documents and catalog contracts / command06	2026-10-07T02:46:31.3219371Z 
all-pg-fixture-comparison	Required PostgreSQL handoff cancellation documents and catalog contracts / command06	2026-10-07T02:46:31.3219795Z -- Docs: https://docs.pytest.org/en/stable/how-to/capture-warnings.html
all-pg-fixture-comparison	Required PostgreSQL handoff cancellation documents and catalog contracts / command06	2026-10-07T02:46:31.3220511Z 4 passed, 1 warning in 3.98s
all-pg-fixture-comparison	Required PostgreSQL handoff cancellation documents and catalog contracts / command06	2026-10-07T02:46:31.3221234Z ......                                                                   [100%]
all-pg-fixture-comparison	Required PostgreSQL handoff cancellation documents and catalog contracts / command06	2026-10-07T02:46:31.3222257Z =============================== warnings summary ===============================
all-pg-fixture-comparison	Required PostgreSQL handoff cancellation documents and catalog contracts / command06	2026-10-07T02:46:31.3223224Z app/main.py:19
all-pg-fixture-comparison	Required PostgreSQL handoff cancellation documents and catalog contracts / command06	2026-10-07T02:46:31.3224901Z   /home/runner/work/WMS/WMS/backend/app/main.py:19: StarletteDeprecationWarning: 'HTTP_422_UNPROCESSABLE_ENTITY' is deprecated. Use 'HTTP_422_UNPROCESSABLE_CONTENT' instead.
all-pg-fixture-comparison	Required PostgreSQL handoff cancellation documents and catalog contracts / command06	2026-10-07T02:46:31.3227362Z     from app.api.billing_profile_marketplace import router as billing_profile_marketplace_router
all-pg-fixture-comparison	Required PostgreSQL handoff cancellation documents and catalog contracts / command06	2026-10-07T02:46:31.3228216Z 
all-pg-fixture-comparison	Required PostgreSQL handoff cancellation documents and catalog contracts / command06	2026-10-07T02:46:31.3228822Z -- Docs: https://docs.pytest.org/en/stable/how-to/capture-warnings.html
all-pg-fixture-comparison	Required PostgreSQL handoff cancellation documents and catalog contracts / command06	2026-10-07T02:46:31.3229535Z 6 passed, 1 warning in 7.21s
all-pg-fixture-comparison	Required PostgreSQL handoff cancellation documents and catalog contracts / command06	2026-10-07T02:46:31.3230204Z .....                                                                    [100%]
all-pg-fixture-comparison	Required PostgreSQL handoff cancellation documents and catalog contracts / command06	2026-10-07T02:46:31.3230900Z =============================== warnings summary ===============================
all-pg-fixture-comparison	Required PostgreSQL handoff cancellation documents and catalog contracts / command06	2026-10-07T02:46:31.3231500Z app/main.py:19
all-pg-fixture-comparison	Required PostgreSQL handoff cancellation documents and catalog contracts / command06	2026-10-07T02:46:31.3232856Z   /home/runner/work/WMS/WMS/backend/app/main.py:19: StarletteDeprecationWarning: 'HTTP_422_UNPROCESSABLE_ENTITY' is deprecated. Use 'HTTP_422_UNPROCESSABLE_CONTENT' instead.
all-pg-fixture-comparison	Required PostgreSQL handoff cancellation documents and catalog contracts / command06	2026-10-07T02:46:31.3234727Z     from app.api.billing_profile_marketplace import router as billing_profile_marketplace_router
all-pg-fixture-comparison	Required PostgreSQL handoff cancellation documents and catalog contracts / command06	2026-10-07T02:46:31.3235355Z 
all-pg-fixture-comparison	Required PostgreSQL handoff cancellation documents and catalog contracts / command06	2026-10-07T02:46:31.3236049Z -- Docs: https://docs.pytest.org/en/stable/how-to/capture-warnings.html
all-pg-fixture-comparison	Required PostgreSQL handoff cancellation documents and catalog contracts / command06	2026-10-07T02:46:31.3236758Z 5 passed, 1 warning in 2.45s
all-pg-fixture-comparison	Required PostgreSQL handoff cancellation documents and catalog contracts / command06	2026-10-07T02:46:31.3237375Z ......                                                                   [100%]
all-pg-fixture-comparison	Required PostgreSQL handoff cancellation documents and catalog contracts / command06	2026-10-07T02:46:31.3238130Z =============================== warnings summary ===============================
all-pg-fixture-comparison	Required PostgreSQL handoff cancellation documents and catalog contracts / command06	2026-10-07T02:46:31.3238709Z app/main.py:19
all-pg-fixture-comparison	Required PostgreSQL handoff cancellation documents and catalog contracts / command06	2026-10-07T02:46:31.3240063Z   /home/runner/work/WMS/WMS/backend/app/main.py:19: StarletteDeprecationWarning: 'HTTP_422_UNPROCESSABLE_ENTITY' is deprecated. Use 'HTTP_422_UNPROCESSABLE_CONTENT' instead.
all-pg-fixture-comparison	Required PostgreSQL handoff cancellation documents and catalog contracts / command06	2026-10-07T02:46:31.3241856Z     from app.api.billing_profile_marketplace import router as billing_profile_marketplace_router
all-pg-fixture-comparison	Required PostgreSQL handoff cancellation documents and catalog contracts / command06	2026-10-07T02:46:31.3242571Z 
all-pg-fixture-comparison	Required PostgreSQL handoff cancellation documents and catalog contracts / command06	2026-10-07T02:46:31.3243115Z -- Docs: https://docs.pytest.org/en/stable/how-to/capture-warnings.html
all-pg-fixture-comparison	Required PostgreSQL handoff cancellation documents and catalog contracts / command06	2026-10-07T02:46:31.3243835Z 6 passed, 1 warning in 11.85s
all-pg-fixture-comparison	Required PostgreSQL handoff cancellation documents and catalog contracts / command06	2026-10-07T02:46:31.3244416Z 662.xml: 10 executed, no skipped/failure/error
all-pg-fixture-comparison	Required PostgreSQL handoff cancellation documents and catalog contracts / command06	2026-10-07T02:46:31.3245064Z 662-f6.xml: 4 executed, no skipped/failure/error
all-pg-fixture-comparison	Required PostgreSQL handoff cancellation documents and catalog contracts / command06	2026-10-07T02:46:31.3246005Z 663-669-670-683.xml: 6 executed, no skipped/failure/error
all-pg-fixture-comparison	Required PostgreSQL handoff cancellation documents and catalog contracts / command06	2026-10-07T02:46:31.3246801Z 663-release-retry.xml: 5 executed, no skipped/failure/error
all-pg-fixture-comparison	Required PostgreSQL handoff cancellation documents and catalog contracts / command06	2026-10-07T02:46:31.3247674Z fbs-concurrency.xml: 6 executed, no skipped/failure/error
all-pg-fixture-comparison	WMS-675 real incident recovery on isolated PostgreSQL / command07	﻿2026-10-07T02:46:31.3328387Z ##[group]Run python ../scripts/ci/pg-comparison/execute.py command07
all-pg-fixture-comparison	WMS-675 real incident recovery on isolated PostgreSQL / command07	2026-10-07T02:46:31.3329319Z [36;1mpython ../scripts/ci/pg-comparison/execute.py command07[0m
all-pg-fixture-comparison	WMS-675 real incident recovery on isolated PostgreSQL / command07	2026-10-07T02:46:31.3402607Z shell: /usr/bin/bash -e {0}
all-pg-fixture-comparison	WMS-675 real incident recovery on isolated PostgreSQL / command07	2026-10-07T02:46:31.3402874Z env:
all-pg-fixture-comparison	WMS-675 real incident recovery on isolated PostgreSQL / command07	2026-10-07T02:46:31.3403159Z   pythonLocation: /opt/hostedtoolcache/Python/3.11.16/x64
all-pg-fixture-comparison	WMS-675 real incident recovery on isolated PostgreSQL / command07	2026-10-07T02:46:31.3403632Z   PKG_CONFIG_PATH: /opt/hostedtoolcache/Python/3.11.16/x64/lib/pkgconfig
all-pg-fixture-comparison	WMS-675 real incident recovery on isolated PostgreSQL / command07	2026-10-07T02:46:31.3404107Z   Python_ROOT_DIR: /opt/hostedtoolcache/Python/3.11.16/x64
all-pg-fixture-comparison	WMS-675 real incident recovery on isolated PostgreSQL / command07	2026-10-07T02:46:31.3404510Z   Python2_ROOT_DIR: /opt/hostedtoolcache/Python/3.11.16/x64
all-pg-fixture-comparison	WMS-675 real incident recovery on isolated PostgreSQL / command07	2026-10-07T02:46:31.3404934Z   Python3_ROOT_DIR: /opt/hostedtoolcache/Python/3.11.16/x64
all-pg-fixture-comparison	WMS-675 real incident recovery on isolated PostgreSQL / command07	2026-10-07T02:46:31.3405344Z   LD_LIBRARY_PATH: /opt/hostedtoolcache/Python/3.11.16/x64/lib
all-pg-fixture-comparison	WMS-675 real incident recovery on isolated PostgreSQL / command07	2026-10-07T02:46:31.3406341Z   WMS_TEST_DATABASE_URL: postgresql+psycopg_***postgres:5432/wms_test_675_incident
all-pg-fixture-comparison	WMS-675 real incident recovery on isolated PostgreSQL / command07	2026-10-07T02:46:31.3406786Z ##[endgroup]
all-pg-fixture-comparison	WMS-675 real incident recovery on isolated PostgreSQL / command07	2026-10-07T02:46:41.9718599Z 127.0.0.1 postgres
all-pg-fixture-comparison	WMS-675 real incident recovery on isolated PostgreSQL / command07	2026-10-07T02:46:41.9722365Z warning: The `fitz` API is deprecated and will be removed in future. Use `import pymupdf` instead.
all-pg-fixture-comparison	WMS-675 real incident recovery on isolated PostgreSQL / command07	2026-10-07T02:46:41.9723949Z WMS675 isolated database: wms_test_675_incident 172.18.0.2:5432
all-pg-fixture-comparison	WMS-675 real incident recovery on isolated PostgreSQL / command07	2026-10-07T02:46:41.9726598Z WMS675 recovery verified: expense=26 reserve=16->1 facts=11->26 charges=22->52 existing IDs preserved; repeat expense/facts/charges delta=0; SKU deltas=4/8/5/0/2/7
all-pg-fixture-comparison	WMS-675 real incident recovery on isolated PostgreSQL / command07	2026-10-07T02:46:41.9742052Z .
all-pg-fixture-comparison	WMS-675 real incident recovery on isolated PostgreSQL / command07	2026-10-07T02:46:41.9742868Z =============================== warnings summary ===============================
all-pg-fixture-comparison	WMS-675 real incident recovery on isolated PostgreSQL / command07	2026-10-07T02:46:41.9743338Z app/main.py:19
all-pg-fixture-comparison	WMS-675 real incident recovery on isolated PostgreSQL / command07	2026-10-07T02:46:41.9744244Z   /home/runner/work/WMS/WMS/backend/app/main.py:19: StarletteDeprecationWarning: 'HTTP_422_UNPROCESSABLE_ENTITY' is deprecated. Use 'HTTP_422_UNPROCESSABLE_CONTENT' instead.
all-pg-fixture-comparison	WMS-675 real incident recovery on isolated PostgreSQL / command07	2026-10-07T02:46:41.9745392Z     from app.api.billing_profile_marketplace import router as billing_profile_marketplace_router
all-pg-fixture-comparison	WMS-675 real incident recovery on isolated PostgreSQL / command07	2026-10-07T02:46:41.9746074Z 
all-pg-fixture-comparison	WMS-675 real incident recovery on isolated PostgreSQL / command07	2026-10-07T02:46:41.9746415Z -- Docs: https://docs.pytest.org/en/stable/how-to/capture-warnings.html
all-pg-fixture-comparison	WMS-675 real incident recovery on isolated PostgreSQL / command07	2026-10-07T02:46:41.9746905Z 1 passed, 1 warning in 5.02s
all-pg-fixture-comparison	Fresh PostgreSQL migration chain and withdrawal rollback / command08	﻿2026-10-07T02:46:41.9813995Z ##[group]Run python ../scripts/ci/pg-comparison/execute.py command08
all-pg-fixture-comparison	Fresh PostgreSQL migration chain and withdrawal rollback / command08	2026-10-07T02:46:41.9814526Z [36;1mpython ../scripts/ci/pg-comparison/execute.py command08[0m
all-pg-fixture-comparison	Fresh PostgreSQL migration chain and withdrawal rollback / command08	2026-10-07T02:46:41.9877788Z shell: /usr/bin/bash -e {0}
all-pg-fixture-comparison	Fresh PostgreSQL migration chain and withdrawal rollback / command08	2026-10-07T02:46:41.9878064Z env:
all-pg-fixture-comparison	Fresh PostgreSQL migration chain and withdrawal rollback / command08	2026-10-07T02:46:41.9878354Z   pythonLocation: /opt/hostedtoolcache/Python/3.11.16/x64
all-pg-fixture-comparison	Fresh PostgreSQL migration chain and withdrawal rollback / command08	2026-10-07T02:46:41.9878874Z   PKG_CONFIG_PATH: /opt/hostedtoolcache/Python/3.11.16/x64/lib/pkgconfig
all-pg-fixture-comparison	Fresh PostgreSQL migration chain and withdrawal rollback / command08	2026-10-07T02:46:41.9879359Z   Python_ROOT_DIR: /opt/hostedtoolcache/Python/3.11.16/x64
all-pg-fixture-comparison	Fresh PostgreSQL migration chain and withdrawal rollback / command08	2026-10-07T02:46:41.9879783Z   Python2_ROOT_DIR: /opt/hostedtoolcache/Python/3.11.16/x64
all-pg-fixture-comparison	Fresh PostgreSQL migration chain and withdrawal rollback / command08	2026-10-07T02:46:41.9880209Z   Python3_ROOT_DIR: /opt/hostedtoolcache/Python/3.11.16/x64
all-pg-fixture-comparison	Fresh PostgreSQL migration chain and withdrawal rollback / command08	2026-10-07T02:46:41.9880648Z   LD_LIBRARY_PATH: /opt/hostedtoolcache/Python/3.11.16/x64/lib
all-pg-fixture-comparison	Fresh PostgreSQL migration chain and withdrawal rollback / command08	2026-10-07T02:46:41.9881414Z   DATABASE_URL: postgresql+psycopg_***127.0.0.1:5432/wms_test_517_migrations
all-pg-fixture-comparison	Fresh PostgreSQL migration chain and withdrawal rollback / command08	2026-10-07T02:46:41.9881942Z   JWT_SECRET_KEY: fixture-only-ci-migration-key-not-a-secret
all-pg-fixture-comparison	Fresh PostgreSQL migration chain and withdrawal rollback / command08	2026-10-07T02:46:41.9882363Z ##[endgroup]
all-pg-fixture-comparison	Fresh PostgreSQL migration chain and withdrawal rollback / command08	2026-10-07T02:46:43.8230286Z INFO  [alembic.runtime.migration] Context impl PostgresqlImpl.
all-pg-fixture-comparison	Fresh PostgreSQL migration chain and withdrawal rollback / command08	2026-10-07T02:46:43.8231292Z INFO  [alembic.runtime.migration] Will assume transactional DDL.
all-pg-fixture-comparison	Fresh PostgreSQL migration chain and withdrawal rollback / command08	2026-10-07T02:46:43.8232429Z INFO  [alembic.runtime.migration] Running upgrade  -> 0001, initial tenants users sellers
all-pg-fixture-comparison	Fresh PostgreSQL migration chain and withdrawal rollback / command08	2026-10-07T02:46:43.8233935Z INFO  [alembic.runtime.migration] Running upgrade 0001 -> 0002, warehouse location product
all-pg-fixture-comparison	Fresh PostgreSQL migration chain and withdrawal rollback / command08	2026-10-07T02:46:43.8235091Z INFO  [alembic.runtime.migration] Running upgrade 0002 -> 0003, inbound intake requests
all-pg-fixture-comparison	Fresh PostgreSQL migration chain and withdrawal rollback / command08	2026-10-07T02:46:43.8236540Z INFO  [alembic.runtime.migration] Running upgrade 0003 -> 0004, inventory balances and inbound posted_at
all-pg-fixture-comparison	Fresh PostgreSQL migration chain and withdrawal rollback / command08	2026-10-07T02:46:43.8237960Z INFO  [alembic.runtime.migration] Running upgrade 0004 -> 0005, inbound line storage, posted_qty, inventory movements
all-pg-fixture-comparison	Fresh PostgreSQL migration chain and withdrawal rollback / command08	2026-10-07T02:46:43.8239516Z INFO  [alembic.runtime.migration] Running upgrade 0005 -> 0006, outbound shipment, stock transfer, nullable movement refs
all-pg-fixture-comparison	Fresh PostgreSQL migration chain and withdrawal rollback / command08	2026-10-07T02:46:43.8240891Z INFO  [alembic.runtime.migration] Running upgrade 0006 -> 0007, background_jobs table
all-pg-fixture-comparison	Fresh PostgreSQL migration chain and withdrawal rollback / command08	2026-10-07T02:46:43.8242225Z INFO  [alembic.runtime.migration] Running upgrade 0007 -> 0008, outbound shipment line shipped_qty (partial ship)
all-pg-fixture-comparison	Fresh PostgreSQL migration chain and withdrawal rollback / command08	2026-10-07T02:46:43.8243666Z INFO  [alembic.runtime.migration] Running upgrade 0008 -> 0009, inbound intake request created_by_seller_id
all-pg-fixture-comparison	Fresh PostgreSQL migration chain and withdrawal rollback / command08	2026-10-07T02:46:43.8244949Z INFO  [alembic.runtime.migration] Running upgrade 0009 -> 0010, inbound seller_id rename; outbound request seller_id
all-pg-fixture-comparison	Fresh PostgreSQL migration chain and withdrawal rollback / command08	2026-10-07T02:46:43.8246613Z INFO  [alembic.runtime.migration] Running upgrade 0010 -> 0011, seller wildberries credentials (encrypted tokens)
all-pg-fixture-comparison	Fresh PostgreSQL migration chain and withdrawal rollback / command08	2026-10-07T02:46:43.8248655Z INFO  [alembic.runtime.migration] Running upgrade 0011 -> 0012, background_jobs.payload_json for job input (e.g. WB seller_id)
all-pg-fixture-comparison	Fresh PostgreSQL migration chain and withdrawal rollback / command08	2026-10-07T02:46:43.8250369Z INFO  [alembic.runtime.migration] Running upgrade 0012 -> 0013, seller_wildberries_imported_cards
all-pg-fixture-comparison	Fresh PostgreSQL migration chain and withdrawal rollback / command08	2026-10-07T02:46:43.8251940Z INFO  [alembic.runtime.migration] Running upgrade 0013 -> 0014, products: wb_nm_id, wb_vendor_code
all-pg-fixture-comparison	Fresh PostgreSQL migration chain and withdrawal rollback / command08	2026-10-07T02:46:43.8253495Z INFO  [alembic.runtime.migration] Running upgrade 0014 -> 0015, seller_wildberries_imported_supplies
all-pg-fixture-comparison	Fresh PostgreSQL migration chain and withdrawal rollback / command08	2026-10-07T02:46:43.8255174Z INFO  [alembic.runtime.migration] Running upgrade 0015 -> 0016, inventory_reservations for outbound holds
all-pg-fixture-comparison	Fresh PostgreSQL migration chain and withdrawal rollback / command08	2026-10-07T02:46:43.8257032Z INFO  [alembic.runtime.migration] Running upgrade 0016 -> 0017, inbound planned_delivery_date
all-pg-fixture-comparison	Fresh PostgreSQL migration chain and withdrawal rollback / command08	2026-10-07T02:46:43.8258919Z INFO  [alembic.runtime.migration] Running upgrade 0017 -> 0018, inbound verification actual_qty and statuses
all-pg-fixture-comparison	Fresh PostgreSQL migration chain and withdrawal rollback / command08	2026-10-07T02:46:43.8260645Z INFO  [alembic.runtime.migration] Running upgrade 0018 -> 0019, users.must_set_password for seller first-login password setup
all-pg-fixture-comparison	Fresh PostgreSQL migration chain and withdrawal rollback / command08	2026-10-07T02:46:43.8262398Z INFO  [alembic.runtime.migration] Running upgrade 0019 -> 0020, outbound_shipment_requests.planned_shipment_date
all-pg-fixture-comparison	Fresh PostgreSQL migration chain and withdrawal rollback / command08	2026-10-07T02:46:43.8264105Z INFO  [alembic.runtime.migration] Running upgrade 0020 -> 0021, marketplace_unload_requests and discrepancy_acts
all-pg-fixture-comparison	Fresh PostgreSQL migration chain and withdrawal rollback / command08	2026-10-07T02:46:43.8266173Z INFO  [alembic.runtime.migration] Running upgrade 0021 -> 0022, marketplace_unload_lines and discrepancy_act_lines
all-pg-fixture-comparison	Fresh PostgreSQL migration chain and withdrawal rollback / command08	2026-10-07T02:46:43.8267117Z INFO  [alembic.runtime.migration] Running upgrade 0022 -> 0023, discrepancy_act_lines.inbound_intake_line_id
all-pg-fixture-comparison	Fresh PostgreSQL migration chain and withdrawal rollback / command08	2026-10-07T02:46:43.8268097Z INFO  [alembic.runtime.migration] Running upgrade 0023 -> 0024, Tenant WB MP warehouse cache, unload wb warehouse id, scan boxes/lines.
all-pg-fixture-comparison	Fresh PostgreSQL migration chain and withdrawal rollback / command08	2026-10-07T02:46:43.8269013Z INFO  [alembic.runtime.migration] Running upgrade 0024 -> a06ee1327d13, storage_locations barcode
all-pg-fixture-comparison	Fresh PostgreSQL migration chain and withdrawal rollback / command08	2026-10-07T02:46:43.8269838Z INFO  [alembic.runtime.migration] Running upgrade a06ee1327d13 -> 126fb26be297, inbound intake distribution lines
all-pg-fixture-comparison	Fresh PostgreSQL migration chain and withdrawal rollback / command08	2026-10-07T02:46:43.8270732Z INFO  [alembic.runtime.migration] Running upgrade 0024 -> 0025, Marketplace unload pick allocations and movement link.
all-pg-fixture-comparison	Fresh PostgreSQL migration chain and withdrawal rollback / command08	2026-10-07T02:46:43.8271632Z INFO  [alembic.runtime.migration] Running upgrade 0025, 126fb26be297 -> 0026, merge alembic heads 0025 and 126fb26be297
all-pg-fixture-comparison	Fresh PostgreSQL migration chain and withdrawal rollback / command08	2026-10-07T02:46:43.8272484Z INFO  [alembic.runtime.migration] Running upgrade 0026 -> 0027, inbound intake planned and actual box counts
all-pg-fixture-comparison	Fresh PostgreSQL migration chain and withdrawal rollback / command08	2026-10-07T02:46:43.8273390Z INFO  [alembic.runtime.migration] Running upgrade 0027 -> 0028, inbound intake boxes with internal barcodes
all-pg-fixture-comparison	Fresh PostgreSQL migration chain and withdrawal rollback / command08	2026-10-07T02:46:43.8274444Z INFO  [alembic.runtime.migration] Running upgrade 0028 -> 0029, inbound box intake lines and box open/close timestamps
all-pg-fixture-comparison	Fresh PostgreSQL migration chain and withdrawal rollback / command08	2026-10-07T02:46:43.8275376Z INFO  [alembic.runtime.migration] Running upgrade 0029 -> 0030, warehouse storage racks and rack-side-position on locations
all-pg-fixture-comparison	Fresh PostgreSQL migration chain and withdrawal rollback / command08	2026-10-07T02:46:43.8276697Z INFO  [alembic.runtime.migration] Running upgrade 0030 -> 0031, marketplace unload seller plan flow: dates, ff_modified, reservations
all-pg-fixture-comparison	Fresh PostgreSQL migration chain and withdrawal rollback / command08	2026-10-07T02:46:43.8277650Z INFO  [alembic.runtime.migration] Running upgrade 0031 -> 0032, warehouse-level outbound inventory reservations
all-pg-fixture-comparison	Fresh PostgreSQL migration chain and withdrawal rollback / command08	2026-10-07T02:46:43.8278586Z INFO  [alembic.runtime.migration] Running upgrade 0032 -> 0033, inbound box putaway: posted_qty on box lines, box_id on distribution
all-pg-fixture-comparison	Fresh PostgreSQL migration chain and withdrawal rollback / command08	2026-10-07T02:46:43.8279504Z INFO  [alembic.runtime.migration] Running upgrade 0033 -> 0034, warehouse_boxes and marketplace unload box links
all-pg-fixture-comparison	Fresh PostgreSQL migration chain and withdrawal rollback / command08	2026-10-07T02:46:43.8280385Z INFO  [alembic.runtime.migration] Running upgrade 0034 -> 0035, ff_staff_permissions for fulfillment staff access blocks
all-pg-fixture-comparison	Fresh PostgreSQL migration chain and withdrawal rollback / command08	2026-10-07T02:46:43.8281542Z INFO  [alembic.runtime.migration] Running upgrade 0035 -> 0036, packaging tasks + inventory unpacked/packed split
all-pg-fixture-comparison	Fresh PostgreSQL migration chain and withdrawal rollback / command08	2026-10-07T02:46:43.8282396Z INFO  [alembic.runtime.migration] Running upgrade 0036 -> 0037, packaging task pick resync warning flag
all-pg-fixture-comparison	Fresh PostgreSQL migration chain and withdrawal rollback / command08	2026-10-07T02:46:43.8283462Z INFO  [alembic.runtime.migration] Running upgrade 0037 -> 0038, staff packaging rate, task billing snapshot, packaging permission
all-pg-fixture-comparison	Fresh PostgreSQL migration chain and withdrawal rollback / command08	2026-10-07T02:46:43.8284484Z INFO  [alembic.runtime.migration] Running upgrade 0038 -> 20260614_0039, products: wb size variant fields (barcode, chrt_id, size)
all-pg-fixture-comparison	Fresh PostgreSQL migration chain and withdrawal rollback / command08	2026-10-07T02:46:43.8285511Z INFO  [alembic.runtime.migration] Running upgrade 20260614_0039 -> 20260615_0040, seller shop delegations + can_manage_seller_shops on users
all-pg-fixture-comparison	Fresh PostgreSQL migration chain and withdrawal rollback / command08	2026-10-07T02:46:43.8286828Z INFO  [alembic.runtime.migration] Running upgrade 20260615_0040 -> 20260616_0041, honest sign marking codes + product flag + packaging line qty_marking_printed
all-pg-fixture-comparison	Fresh PostgreSQL migration chain and withdrawal rollback / command08	2026-10-07T02:46:43.8288158Z INFO  [alembic.runtime.migration] Running upgrade 20260616_0041 -> 20260626_0042, document sequences and document_number on operational docs
all-pg-fixture-comparison	Fresh PostgreSQL migration chain and withdrawal rollback / command08	2026-10-07T02:46:43.8289660Z INFO  [alembic.runtime.migration] Running upgrade 20260626_0042 -> 20260626_0043, marking pools, pool products, extended marking_codes + backfill
all-pg-fixture-comparison	Fresh PostgreSQL migration chain and withdrawal rollback / command08	2026-10-07T02:46:43.8290612Z INFO  [alembic.runtime.migration] Running upgrade 20260626_0043 -> 20260626_0044, marking_code_events journal
all-pg-fixture-comparison	Fresh PostgreSQL migration chain and withdrawal rollback / command08	2026-10-07T02:46:43.8291477Z INFO  [alembic.runtime.migration] Running upgrade 20260626_0044 -> 20260626_0045, marking_code_imports document_number
all-pg-fixture-comparison	Fresh PostgreSQL migration chain and withdrawal rollback / command08	2026-10-07T02:46:43.8292957Z INFO  [alembic.runtime.migration] Running upgrade 20260626_0045 -> 20260626_0046, print_templates
all-pg-fixture-comparison	Fresh PostgreSQL migration chain and withdrawal rollback / command08	2026-10-07T02:46:43.8294756Z INFO  [alembic.runtime.migration] Running upgrade 20260626_0046 -> 20260626_0047, ff_staff_permissions shift_lead for marking reprint queue
all-pg-fixture-comparison	Fresh PostgreSQL migration chain and withdrawal rollback / command08	2026-10-07T02:46:43.8296565Z INFO  [alembic.runtime.migration] Running upgrade 20260626_0047 -> 20260626_0048, marking_reprint_requests for defect / reprint queue
all-pg-fixture-comparison	Fresh PostgreSQL migration chain and withdrawal rollback / command08	2026-10-07T02:46:43.8297872Z INFO  [alembic.runtime.migration] Running upgrade 20260626_0048 -> 20260626_0049, notifications table for in-app notification bus
all-pg-fixture-comparison	Fresh PostgreSQL migration chain and withdrawal rollback / command08	2026-10-07T02:46:43.8298838Z INFO  [alembic.runtime.migration] Running upgrade 20260626_0049 -> 20260626_0050, marking_pools.forecast_days_threshold
all-pg-fixture-comparison	Fresh PostgreSQL migration chain and withdrawal rollback / command08	2026-10-07T02:46:43.8300288Z INFO  [alembic.runtime.migration] Running upgrade 20260626_0050 -> 20260626_0051, seller_marking_credentials (encrypted ЧЗ/СУЗ/МП tokens)
all-pg-fixture-comparison	Fresh PostgreSQL migration chain and withdrawal rollback / command08	2026-10-07T02:46:43.8301982Z INFO  [alembic.runtime.migration] Running upgrade 20260626_0051 -> 20260627_0052, tenant address_storage_enabled flag
all-pg-fixture-comparison	Fresh PostgreSQL migration chain and withdrawal rollback / command08	2026-10-07T02:46:43.8303658Z INFO  [alembic.runtime.migration] Running upgrade 20260627_0052 -> 20260628_0053, print_templates user_id
all-pg-fixture-comparison	Fresh PostgreSQL migration chain and withdrawal rollback / command08	2026-10-07T02:46:43.8305425Z INFO  [alembic.runtime.migration] Running upgrade 20260628_0053 -> 20260629_0054, marketplace unload has_discrepancy flag
all-pg-fixture-comparison	Fresh PostgreSQL migration chain and withdrawal rollback / command08	2026-10-07T02:46:43.8307421Z INFO  [alembic.runtime.migration] Running upgrade 20260629_0054 -> 20260630_0055, marking_code label_artifact_pdf — seller PDF page per CIS from PDF import.
all-pg-fixture-comparison	Fresh PostgreSQL migration chain and withdrawal rollback / command08	2026-10-07T02:46:43.8308585Z INFO  [alembic.runtime.migration] Running upgrade 20260630_0055 -> 20260701_0056, document display sequences and backfill display_number
all-pg-fixture-comparison	Fresh PostgreSQL migration chain and withdrawal rollback / command08	2026-10-07T02:46:43.8309770Z INFO  [alembic.runtime.migration] Running upgrade 20260701_0056 -> 20260705_0057, tenant separate_marking_print_enabled flag
all-pg-fixture-comparison	Fresh PostgreSQL migration chain and withdrawal rollback / command08	2026-10-07T02:46:43.8311067Z INFO  [alembic.runtime.migration] Running upgrade 20260705_0057 -> 20260707_0058, marking_code_import_files — durable storage metadata for source PDF uploads.
all-pg-fixture-comparison	Fresh PostgreSQL migration chain and withdrawal rollback / command08	2026-10-07T02:46:43.8312386Z INFO  [alembic.runtime.migration] Running upgrade 20260707_0058 -> 20260709_0059, Allow NULL product dimensions (unknown volume for billing).
all-pg-fixture-comparison	Fresh PostgreSQL migration chain and withdrawal rollback / command08	2026-10-07T02:46:43.8313645Z INFO  [alembic.runtime.migration] Running upgrade 20260709_0059 -> 20260710_0060, Add durable product TZ import idempotency records.
all-pg-fixture-comparison	Fresh PostgreSQL migration chain and withdrawal rollback / command08	2026-10-07T02:46:43.8314996Z INFO  [alembic.runtime.migration] Running upgrade 20260710_0060 -> 20260710_0061, Add marking print batches ('iterations') and link marking_code_events to them.
all-pg-fixture-comparison	Fresh PostgreSQL migration chain and withdrawal rollback / command08	2026-10-07T02:46:43.8316246Z INFO  [alembic.runtime.migration] Running upgrade 20260710_0061 -> 20260730_0062, FBS orders intake: fbs_orders, markings, reservations.
all-pg-fixture-comparison	Fresh PostgreSQL migration chain and withdrawal rollback / command08	2026-10-07T02:46:43.8317282Z INFO  [alembic.runtime.migration] Running upgrade 20260730_0062 -> 20260730_0063, FBS marketplace token on seller_wildberries_credentials.
all-pg-fixture-comparison	Fresh PostgreSQL migration chain and withdrawal rollback / command08	2026-10-07T02:46:43.8318355Z INFO  [alembic.runtime.migration] Running upgrade 20260730_0063 -> 20260730_0064, FBS supply assembly: fbs_supplies, order supply FK, stickers.
all-pg-fixture-comparison	Fresh PostgreSQL migration chain and withdrawal rollback / command08	2026-10-07T02:46:44.5816248Z INFO  [alembic.runtime.migration] Running upgrade 20260730_0064 -> 20260730_0065, FBS order marking unique constraint (order_id, kind, value).
all-pg-fixture-comparison	Fresh PostgreSQL migration chain and withdrawal rollback / command08	2026-10-07T02:46:44.5818798Z INFO  [alembic.runtime.migration] Running upgrade 20260730_0065 -> 20260730_0066, FBS PVZ trbx (cargo places) and order.trbx_id FK.
all-pg-fixture-comparison	Fresh PostgreSQL migration chain and withdrawal rollback / command08	2026-10-07T02:46:44.5820871Z INFO  [alembic.runtime.migration] Running upgrade 20260730_0066 -> 20260731_0067, Down_revision: 20260730_0066
all-pg-fixture-comparison	Fresh PostgreSQL migration chain and withdrawal rollback / command08	2026-10-07T02:46:44.5822979Z INFO  [alembic.runtime.migration] Running upgrade 20260731_0067 -> 20260802_0068, FBS warehouse binding, stock sync items, and FbsOrder warehouse fields.
all-pg-fixture-comparison	Fresh PostgreSQL migration chain and withdrawal rollback / command08	2026-10-07T02:46:44.5825888Z INFO  [alembic.runtime.migration] Running upgrade 20260802_0068 -> 20260803_0069, FBS operator flow models: picks, print assets, WB ops, packaging fulfillments.
all-pg-fixture-comparison	Fresh PostgreSQL migration chain and withdrawal rollback / command08	2026-10-07T02:46:44.5827992Z INFO  [alembic.runtime.migration] Running upgrade 20260803_0069 -> 20260804_0070, Add the PVZ trbx packaging-box foreign key.
all-pg-fixture-comparison	Fresh PostgreSQL migration chain and withdrawal rollback / command08	2026-10-07T02:46:44.5829773Z INFO  [alembic.runtime.migration] Running upgrade 20260804_0070 -> 20260804_0071, FBS shipment reversal ledger.
all-pg-fixture-comparison	Fresh PostgreSQL migration chain and withdrawal rollback / command08	2026-10-07T02:46:44.5831058Z INFO  [alembic.runtime.migration] Running upgrade 20260804_0071 -> 20260804_0072, Prevent reuse of Chestny Znak codes and physical boxes in FBS shipments.
all-pg-fixture-comparison	Fresh PostgreSQL migration chain and withdrawal rollback / command08	2026-10-07T02:46:44.5832456Z INFO  [alembic.runtime.migration] Running upgrade 20260804_0072 -> 20260806_0073, FBS local physical packing boxes and explicit operator finish.
all-pg-fixture-comparison	Fresh PostgreSQL migration chain and withdrawal rollback / command08	2026-10-07T02:46:44.5833622Z INFO  [alembic.runtime.migration] Running upgrade 20260806_0073 -> 20260806_0074, Bring previously applied FBS packing boxes to the PVZ-aware schema.
all-pg-fixture-comparison	Fresh PostgreSQL migration chain and withdrawal rollback / command08	2026-10-07T02:46:44.5834671Z INFO  [alembic.runtime.migration] Running upgrade 20260806_0074 -> 20260809_0075, Add per-product FBS stock sync flag and limit.
all-pg-fixture-comparison	Fresh PostgreSQL migration chain and withdrawal rollback / command08	2026-10-07T02:46:44.5836725Z INFO  [alembic.runtime.migration] Running upgrade 20260809_0075 -> 20260809_0076, Включить выгрузку остатков на существующих привязках складов ФБС.
all-pg-fixture-comparison	Fresh PostgreSQL migration chain and withdrawal rollback / command08	2026-10-07T02:46:44.5837982Z INFO  [alembic.runtime.migration] Running upgrade 20260809_0076 -> 20260810_0077, Разделить seller-side и WB-side статусы FBS-заказа.
all-pg-fixture-comparison	Fresh PostgreSQL migration chain and withdrawal rollback / command08	2026-10-07T02:46:44.5838928Z INFO  [alembic.runtime.migration] Running upgrade 20260810_0077 -> 20260811_0077, Track FBS supply source.
all-pg-fixture-comparison	Fresh PostgreSQL migration chain and withdrawal rollback / command08	2026-10-07T02:46:44.5839806Z INFO  [alembic.runtime.migration] Running upgrade 20260811_0077 -> 20260811_0078, Store WB supply id on FBS orders.
all-pg-fixture-comparison	Fresh PostgreSQL migration chain and withdrawal rollback / command08	2026-10-07T02:46:44.5841059Z INFO  [alembic.runtime.migration] Running upgrade 20260811_0078 -> 20260812_0077, Stock directions and monthly stock snapshots.
all-pg-fixture-comparison	Fresh PostgreSQL migration chain and withdrawal rollback / command08	2026-10-07T02:46:44.5842212Z INFO  [alembic.runtime.migration] Running upgrade 20260812_0077 -> 20260812_0078, seller staff permissions for seller cabinet users
all-pg-fixture-comparison	Fresh PostgreSQL migration chain and withdrawal rollback / command08	2026-10-07T02:46:44.5843565Z INFO  [alembic.runtime.migration] Running upgrade 20260812_0078 -> 20260812_0079, Inbound returns, stored product volume, and FF-added fact lines.
all-pg-fixture-comparison	Fresh PostgreSQL migration chain and withdrawal rollback / command08	2026-10-07T02:46:44.5844534Z INFO  [alembic.runtime.migration] Running upgrade 20260812_0079 -> 20260813_0080, Packaging task operator events.
all-pg-fixture-comparison	Fresh PostgreSQL migration chain and withdrawal rollback / command08	2026-10-07T02:46:44.5845388Z INFO  [alembic.runtime.migration] Running upgrade 20260813_0080 -> 20260814_0081, Inbound seller waybill number.
all-pg-fixture-comparison	Fresh PostgreSQL migration chain and withdrawal rollback / command08	2026-10-07T02:46:44.5846416Z INFO  [alembic.runtime.migration] Running upgrade 20260814_0081 -> 20260814_0082, Storage location soft delete.
all-pg-fixture-comparison	Fresh PostgreSQL migration chain and withdrawal rollback / command08	2026-10-07T02:46:44.5847293Z INFO  [alembic.runtime.migration] Running upgrade 20260814_0082 -> 20260814_0083, Inbound cargo places and product weight.
all-pg-fixture-comparison	Fresh PostgreSQL migration chain and withdrawal rollback / command08	2026-10-07T02:46:44.5848221Z INFO  [alembic.runtime.migration] Running upgrade 20260814_0083 -> 20260814_0084, Add schema fields for manual FBS KIZ binding.
all-pg-fixture-comparison	Fresh PostgreSQL migration chain and withdrawal rollback / command08	2026-10-07T02:46:44.5849503Z INFO  [alembic.runtime.migration] Running upgrade 20260814_0084 -> 20260814_0085, Track seller-created inbound requests.
all-pg-fixture-comparison	Fresh PostgreSQL migration chain and withdrawal rollback / command08	2026-10-07T02:46:44.5850677Z INFO  [alembic.runtime.migration] Running upgrade 20260814_0085 -> 20260815_0086, Add FBS shipment calendar planning fields.
all-pg-fixture-comparison	Fresh PostgreSQL migration chain and withdrawal rollback / command08	2026-10-07T02:46:44.5851761Z INFO  [alembic.runtime.migration] Running upgrade 20260815_0086 -> 20260816_0087, Drop one-WMS-warehouse-per-seller unique constraint on FBS bindings.
all-pg-fixture-comparison	Fresh PostgreSQL migration chain and withdrawal rollback / command08	2026-10-07T02:46:44.5852937Z INFO  [alembic.runtime.migration] Running upgrade 20260816_0087 -> 20260816_0088, Track WB marketplace-scope check result on seller_wildberries_credentials.
all-pg-fixture-comparison	Fresh PostgreSQL migration chain and withdrawal rollback / command08	2026-10-07T02:46:44.5853959Z INFO  [alembic.runtime.migration] Running upgrade 20260816_0088 -> 20260816_0089, Add fbs_binding_stock_pools table.
all-pg-fixture-comparison	Fresh PostgreSQL migration chain and withdrawal rollback / command08	2026-10-07T02:46:44.5855036Z INFO  [alembic.runtime.migration] Running upgrade 20260816_0089 -> 20260816_0090, Add fbs_stock_pool_debits table (idempotency ledger for order-driven pool debits).
all-pg-fixture-comparison	Fresh PostgreSQL migration chain and withdrawal rollback / command08	2026-10-07T02:46:44.5857110Z INFO  [alembic.runtime.migration] Running upgrade 20260816_0090 -> 20260816_0091, products: wb country of origin and shelf life fields
all-pg-fixture-comparison	Fresh PostgreSQL migration chain and withdrawal rollback / command08	2026-10-07T02:46:44.5858617Z INFO  [alembic.runtime.migration] Running upgrade 20260816_0091 -> 20260820_0092, fbs_orders: технический код стикера WB (тот, что читает сканер)
all-pg-fixture-comparison	Fresh PostgreSQL migration chain and withdrawal rollback / command08	2026-10-07T02:46:44.5859817Z INFO  [alembic.runtime.migration] Running upgrade 20260820_0092 -> 20260821_0093, fbs_supplies: флаг пропуска требования маркировки Честный знак
all-pg-fixture-comparison	Fresh PostgreSQL migration chain and withdrawal rollback / command08	2026-10-07T02:46:44.5860871Z INFO  [alembic.runtime.migration] Running upgrade 20260821_0093 -> 20260822_0094, Add operational warehouse flag and generated scan barcode.
all-pg-fixture-comparison	Fresh PostgreSQL migration chain and withdrawal rollback / command08	2026-10-07T02:46:44.5862192Z INFO  [alembic.runtime.migration] Running upgrade 20260821_0093 -> 20260821_0094, fbs_supplies: сохраняемый режим «без распределения»
all-pg-fixture-comparison	Fresh PostgreSQL migration chain and withdrawal rollback / command08	2026-10-07T02:46:44.5863319Z INFO  [alembic.runtime.migration] Running upgrade 20260821_0094, 20260822_0094 -> 20260823_0095, Merge the no-distribution and operational-warehouse migration heads.
all-pg-fixture-comparison	Fresh PostgreSQL migration chain and withdrawal rollback / command08	2026-10-07T02:46:44.5864885Z INFO  [alembic.runtime.migration] Running upgrade 20260823_0095 -> 20260822_09a, Billing financial core: profiles, tariff versions and immutable ledger.
all-pg-fixture-comparison	Fresh PostgreSQL migration chain and withdrawal rollback / command08	2026-10-07T02:46:44.5866332Z INFO  [alembic.runtime.migration] Running upgrade 20260822_09a -> 20260822_09b, Add immutable billing invoices and run issues.
all-pg-fixture-comparison	Fresh PostgreSQL migration chain and withdrawal rollback / command08	2026-10-07T02:46:44.5867314Z INFO  [alembic.runtime.migration] Running upgrade 20260822_09b -> 20260822_09c, Add the explicit tenant billing activation date.
all-pg-fixture-comparison	Fresh PostgreSQL migration chain and withdrawal rollback / command08	2026-10-07T02:46:44.5868376Z INFO  [alembic.runtime.migration] Running upgrade 20260823_0095 -> 20260823_0096, Закрепить селлера и склад в факте движения.
all-pg-fixture-comparison	Fresh PostgreSQL migration chain and withdrawal rollback / command08	2026-10-07T02:46:44.5869465Z INFO  [alembic.runtime.migration] Running upgrade 20260823_0096, 20260822_09c -> 20260823_0097, Merge canonical reporting and billing heads before storage tables.
all-pg-fixture-comparison	Fresh PostgreSQL migration chain and withdrawal rollback / command08	2026-10-07T02:46:44.5870655Z INFO  [alembic.runtime.migration] Running upgrade 20260823_0097 -> 20260823_0098, Exclude technical FBS routing warehouses from physical storage billing.
all-pg-fixture-comparison	Fresh PostgreSQL migration chain and withdrawal rollback / command08	2026-10-07T02:46:44.5871838Z INFO  [alembic.runtime.migration] Running upgrade 20260823_0098 -> 20260823_0099, Store immutable product dimension observations and active source snapshot.
all-pg-fixture-comparison	Fresh PostgreSQL migration chain and withdrawal rollback / command08	2026-10-07T02:46:44.5872942Z INFO  [alembic.runtime.migration] Running upgrade 20260823_0099 -> 20260823_0100, Add immutable storage measurements and monthly statements.
all-pg-fixture-comparison	Fresh PostgreSQL migration chain and withdrawal rollback / command08	2026-10-07T02:46:44.5873911Z INFO  [alembic.runtime.migration] Running upgrade 20260823_0100 -> 20260825_0111, add generic marketplace account storage
all-pg-fixture-comparison	Fresh PostgreSQL migration chain and withdrawal rollback / command08	2026-10-07T02:46:44.5875301Z INFO  [alembic.runtime.migration] Running upgrade 20260825_0111 -> 20260825_0102, add marketplace identity to shared FBS entities
all-pg-fixture-comparison	Fresh PostgreSQL migration chain and withdrawal rollback / command08	2026-10-07T02:46:44.5877430Z INFO  [alembic.runtime.migration] Running upgrade 20260825_0102 -> 20260825_0103, support Ozon FBS carriage and product country
all-pg-fixture-comparison	Fresh PostgreSQL migration chain and withdrawal rollback / command08	2026-10-07T02:46:44.5879299Z INFO  [alembic.runtime.migration] Running upgrade 20260825_0103 -> 20260825_0104, store complete Ozon FBS posting composition
all-pg-fixture-comparison	Fresh PostgreSQL migration chain and withdrawal rollback / command08	2026-10-07T02:46:44.5881072Z INFO  [alembic.runtime.migration] Running upgrade 20260825_0104 -> 20260825_0105, preserve Ozon FBS composition through packaging and reversal
all-pg-fixture-comparison	Fresh PostgreSQL migration chain and withdrawal rollback / command08	2026-10-07T02:46:44.5882237Z INFO  [alembic.runtime.migration] Running upgrade 20260825_0105 -> 20260825_0106, store Ozon return giveouts and their imported items for inbound intake
all-pg-fixture-comparison	Fresh PostgreSQL migration chain and withdrawal rollback / command08	2026-10-07T02:46:44.5883308Z INFO  [alembic.runtime.migration] Running upgrade 20260825_0106 -> 20260825_0107, add append-only document status and data journal
all-pg-fixture-comparison	Fresh PostgreSQL migration chain and withdrawal rollback / command08	2026-10-07T02:46:44.5884349Z INFO  [alembic.runtime.migration] Running upgrade 20260825_0107 -> 20260825_0108, preserve the operator route order of imported Ozon giveouts
all-pg-fixture-comparison	Fresh PostgreSQL migration chain and withdrawal rollback / command08	2026-10-07T02:46:44.5885952Z INFO  [alembic.runtime.migration] Running upgrade 20260825_0108 -> 20260825_0109, link Ozon marking codes to their posting positions
all-pg-fixture-comparison	Fresh PostgreSQL migration chain and withdrawal rollback / command08	2026-10-07T02:46:44.5887127Z INFO  [alembic.runtime.migration] Running upgrade 20260825_0109 -> 20260826_0110, add reliable operation facts
all-pg-fixture-comparison	Fresh PostgreSQL migration chain and withdrawal rollback / command08	2026-10-07T02:46:44.5889069Z INFO  [alembic.runtime.migration] Running upgrade 20260826_0110 -> 20260826_0111, enforce operation fact tenant boundaries and durable unload recovery markers
all-pg-fixture-comparison	Fresh PostgreSQL migration chain and withdrawal rollback / command08	2026-10-07T02:46:44.5891195Z INFO  [alembic.runtime.migration] Running upgrade 20260826_0111 -> 20260826_0112, add tariff matrix v2 and immutable ledger lines
all-pg-fixture-comparison	Fresh PostgreSQL migration chain and withdrawal rollback / command08	2026-10-07T02:46:44.5893190Z INFO  [alembic.runtime.migration] Running upgrade 20260826_0112 -> 20260827_0113, backfill tariff matrix history and enforce tenant-safe ledger lines.
all-pg-fixture-comparison	Fresh PostgreSQL migration chain and withdrawal rollback / command08	2026-10-07T02:46:44.5894284Z INFO  [alembic.runtime.migration] Running upgrade 20260827_0113 -> 20260827_0114, add immutable additive invoice v2 snapshots
all-pg-fixture-comparison	Fresh PostgreSQL migration chain and withdrawal rollback / command08	2026-10-07T02:46:44.5895499Z INFO  [alembic.runtime.migration] Running upgrade 20260827_0114 -> 20260827_0115, allow the storage service inside the tariff matrix
all-pg-fixture-comparison	Fresh PostgreSQL migration chain and withdrawal rollback / command08	2026-10-07T02:46:44.5896768Z INFO  [alembic.runtime.migration] Running upgrade 20260827_0115 -> 20260828_0116, FBS stock as a percentage rule instead of a stored absolute number
all-pg-fixture-comparison	Fresh PostgreSQL migration chain and withdrawal rollback / command08	2026-10-07T02:46:44.8489902Z INFO  [alembic.runtime.migration] Running upgrade 20260828_0116 -> 20260828_0130, Warehouse structure wave 1: pallets, containers, cargo-place contents.
all-pg-fixture-comparison	Fresh PostgreSQL migration chain and withdrawal rollback / command08	2026-10-07T02:46:44.8491935Z INFO  [alembic.runtime.migration] Running upgrade 20260828_0130 -> 20260828_0170, Warehouse map placement journal.
all-pg-fixture-comparison	Fresh PostgreSQL migration chain and withdrawal rollback / command08	2026-10-07T02:46:44.8493809Z INFO  [alembic.runtime.migration] Running upgrade 20260828_0116 -> 20260828_0160, Add inventory count documents and movement linkage.
all-pg-fixture-comparison	Fresh PostgreSQL migration chain and withdrawal rollback / command08	2026-10-07T02:46:44.8496577Z INFO  [alembic.runtime.migration] Running upgrade 20260823_0100 -> 20260825_0101, Артикул товара уникален внутри продавца, а не на весь тенант.
all-pg-fixture-comparison	Fresh PostgreSQL migration chain and withdrawal rollback / command08	2026-10-07T02:46:44.8498910Z INFO  [alembic.runtime.migration] Running upgrade 20260825_0101 -> 20260826_0102, WB-штрихкод товара уникален внутри продавца, а не на весь тенант.
all-pg-fixture-comparison	Fresh PostgreSQL migration chain and withdrawal rollback / command08	2026-10-07T02:46:44.8501082Z INFO  [alembic.runtime.migration] Running upgrade 20260826_0102 -> 20260826_0103, Link every FBS shipment ledger row to its physical write-off movement.
all-pg-fixture-comparison	Fresh PostgreSQL migration chain and withdrawal rollback / command08	2026-10-07T02:46:44.8503312Z INFO  [alembic.runtime.migration] Running upgrade 20260826_0103 -> 20260827_0104, Record which user initiated an FBS WB operation, when known.
all-pg-fixture-comparison	Fresh PostgreSQL migration chain and withdrawal rollback / command08	2026-10-07T02:46:44.8506045Z INFO  [alembic.runtime.migration] Running upgrade 20260827_0104, 20260828_0116 -> 20260828_0120, Свести две линии миграций в одну: эталон и невлитую цепочку 23–28.08.
all-pg-fixture-comparison	Fresh PostgreSQL migration chain and withdrawal rollback / command08	2026-10-07T02:46:44.8508490Z INFO  [alembic.runtime.migration] Running upgrade 20260828_0120, 20260828_0160, 20260828_0170 -> 20260828_0190, Свести головы всех волн 28.08 в одну.
all-pg-fixture-comparison	Fresh PostgreSQL migration chain and withdrawal rollback / command08	2026-10-07T02:46:44.8510903Z INFO  [alembic.runtime.migration] Running upgrade 20260828_0190 -> 20260828_0210, Снять запрет отрицательного остатка: минус нужен подтверждённой доставке FBS.
all-pg-fixture-comparison	Fresh PostgreSQL migration chain and withdrawal rollback / command08	2026-10-07T02:46:44.8513104Z INFO  [alembic.runtime.migration] Running upgrade 20260828_0210 -> 20260828_0220, Record the user who initiated an inventory movement, when known.
all-pg-fixture-comparison	Fresh PostgreSQL migration chain and withdrawal rollback / command08	2026-10-07T02:46:44.8514460Z INFO  [alembic.runtime.migration] Running upgrade 20260828_0220 -> 20260828_0221, Add the nullable WB product category.
all-pg-fixture-comparison	Fresh PostgreSQL migration chain and withdrawal rollback / command08	2026-10-07T02:46:44.8515501Z INFO  [alembic.runtime.migration] Running upgrade 20260828_0221 -> 20260829_0230, Distinguish warehouse boxes from warehouse cargo places.
all-pg-fixture-comparison	Fresh PostgreSQL migration chain and withdrawal rollback / command08	2026-10-07T02:46:44.8516871Z INFO  [alembic.runtime.migration] Running upgrade 20260829_0230 -> 20260829_0240, Подбор помнит, из какой тары сняли товар.
all-pg-fixture-comparison	Fresh PostgreSQL migration chain and withdrawal rollback / command08	2026-10-07T02:46:44.8517916Z INFO  [alembic.runtime.migration] Running upgrade 20260829_0240 -> 20260829_0241, Подбор ФБС помнит, из какой тары сняли штуку.
all-pg-fixture-comparison	Fresh PostgreSQL migration chain and withdrawal rollback / command08	2026-10-07T02:46:44.8519018Z INFO  [alembic.runtime.migration] Running upgrade 20260829_0241 -> 20260830_0242, Привязать созданную в раскладке тару к документу приёмки.
all-pg-fixture-comparison	Fresh PostgreSQL migration chain and withdrawal rollback / command08	2026-10-07T02:46:44.8520083Z INFO  [alembic.runtime.migration] Running upgrade 20260830_0242 -> 20260830_0243, Хранить ячейку пустой приёмочной тары.
all-pg-fixture-comparison	Fresh PostgreSQL migration chain and withdrawal rollback / command08	2026-10-07T02:46:44.8521114Z INFO  [alembic.runtime.migration] Running upgrade 20260830_0243 -> 20260831_0244, Enable stock sync on active served bindings with configured FBS rules.
all-pg-fixture-comparison	Fresh PostgreSQL migration chain and withdrawal rollback / command08	2026-10-07T02:46:44.8522495Z INFO  [alembic.runtime.migration] Running upgrade 20260831_0244 -> 20260901_0245, Add exact FBS shipment source and write-off audit fields.
all-pg-fixture-comparison	Fresh PostgreSQL migration chain and withdrawal rollback / command08	2026-10-07T02:46:44.8523549Z INFO  [alembic.runtime.migration] Running upgrade 20260901_0245 -> 20260901_0246, Record the physical container on every inventory movement.
all-pg-fixture-comparison	Fresh PostgreSQL migration chain and withdrawal rollback / command08	2026-10-07T02:46:44.8524529Z INFO  [alembic.runtime.migration] Running upgrade 20260901_0246 -> 20260902_0247, Idempotency for inventory "found" scans.
all-pg-fixture-comparison	Fresh PostgreSQL migration chain and withdrawal rollback / command08	2026-10-07T02:46:44.8525436Z INFO  [alembic.runtime.migration] Running upgrade 20260902_0247 -> 20260902_0248, FBS order assembly as a billable service
all-pg-fixture-comparison	Fresh PostgreSQL migration chain and withdrawal rollback / command08	2026-10-07T02:46:44.8527034Z INFO  [alembic.runtime.migration] Running upgrade 20260902_0248 -> 20260904_0251, fbs units allocation mode: per-warehouse quota in pieces
all-pg-fixture-comparison	Fresh PostgreSQL migration chain and withdrawal rollback / command08	2026-10-07T02:46:44.8528311Z INFO  [alembic.runtime.migration] Running upgrade 20260904_0251 -> 20260905_0252, WMS-060: migrate the old displayed remainder into available FBS stock.
all-pg-fixture-comparison	Fresh PostgreSQL migration chain and withdrawal rollback / command08	2026-10-07T02:46:44.8529518Z INFO  [alembic.runtime.migration] Running upgrade 20260902_0248 -> 20260903_0249, Уникальность привязки склада учитывает маркетплейс
all-pg-fixture-comparison	Fresh PostgreSQL migration chain and withdrawal rollback / command08	2026-10-07T02:46:44.8530886Z INFO  [alembic.runtime.migration] Running upgrade 20260903_0249 -> 20260903_0250, Тара, заведённая прямо в документе пересчёта.
all-pg-fixture-comparison	Fresh PostgreSQL migration chain and withdrawal rollback / command08	2026-10-07T02:46:44.8532944Z INFO  [alembic.runtime.migration] Running upgrade 20260903_0250, 20260905_0252 -> 20260905_0253, Свести две линии миграций в одну: остатки WMS-060 и цепочку стенда.
all-pg-fixture-comparison	Fresh PostgreSQL migration chain and withdrawal rollback / command08	2026-10-07T02:46:44.8535036Z INFO  [alembic.runtime.migration] Running upgrade 20260905_0253 -> 20260905_0254, WMS-355: assign whole Ozon positions to boxes, keeping WB orders indivisible.
all-pg-fixture-comparison	Fresh PostgreSQL migration chain and withdrawal rollback / command08	2026-10-07T02:46:44.8537606Z INFO  [alembic.runtime.migration] Running upgrade 20260905_0254 -> 20260908_0256, WMS-351: independent Ozon publication switch with unchanged legacy values.
all-pg-fixture-comparison	Fresh PostgreSQL migration chain and withdrawal rollback / command08	2026-10-07T02:46:44.8538899Z INFO  [alembic.runtime.migration] Running upgrade 20260905_0254 -> 20260906_1100, WMS-381: дата оплаченной подписки у организации.
all-pg-fixture-comparison	Fresh PostgreSQL migration chain and withdrawal rollback / command08	2026-10-07T02:46:44.8539969Z INFO  [alembic.runtime.migration] Running upgrade 20260906_1100 -> 20260906_2300, WMS-382: платежи за подписку через ЮKassa.
all-pg-fixture-comparison	Fresh PostgreSQL migration chain and withdrawal rollback / command08	2026-10-07T02:46:44.8541013Z INFO  [alembic.runtime.migration] Running upgrade 20260906_2300 -> 20260908_0255, WMS-058: preserve actual Ozon pick source when no transfer is needed.
all-pg-fixture-comparison	Fresh PostgreSQL migration chain and withdrawal rollback / command08	2026-10-07T02:46:44.8542222Z INFO  [alembic.runtime.migration] Running upgrade 20260908_0255, 20260908_0256 -> 20260908_0257, WMS-351 WMS-058: join independent production and staging migrations.
all-pg-fixture-comparison	Fresh PostgreSQL migration chain and withdrawal rollback / command08	2026-10-07T02:46:44.8544069Z INFO  [alembic.runtime.migration] Running upgrade 20260908_0257 -> 20260910_0100, WMS-174: is_damaged flag on inbound boxes.
all-pg-fixture-comparison	Fresh PostgreSQL migration chain and withdrawal rollback / command08	2026-10-07T02:46:44.8546354Z INFO  [alembic.runtime.migration] Running upgrade 20260910_0100 -> 20260910_0101, WMS-154: confirmed empty places belong to the existing count document.
all-pg-fixture-comparison	Fresh PostgreSQL migration chain and withdrawal rollback / command08	2026-10-07T02:46:44.8548578Z INFO  [alembic.runtime.migration] Running upgrade 20260908_0257 -> 20260910_1500, WMS-423: tenant_wb_mp_warehouses.wb_warehouse_id -> bigint
all-pg-fixture-comparison	Fresh PostgreSQL migration chain and withdrawal rollback / command08	2026-10-07T02:46:44.8550311Z INFO  [alembic.runtime.migration] Running upgrade 20260908_0257 -> 20260910_0261, WMS-338 remove the retired order-debit ledger and FBS direction flag.
all-pg-fixture-comparison	Fresh PostgreSQL migration chain and withdrawal rollback / command08	2026-10-07T02:46:44.8551695Z INFO  [alembic.runtime.migration] Running upgrade 20260910_0261, 20260910_0101 -> 20260910_0302, WMS-415 join accepted stock and warehouse changes without the separate chat release.
all-pg-fixture-comparison	Fresh PostgreSQL migration chain and withdrawal rollback / command08	2026-10-07T02:46:44.8553197Z INFO  [alembic.runtime.migration] Running upgrade 20260910_0302, 20260910_1500 -> 20260911_0304, WMS-429: merge accepted evening schema and deployed Ozon warehouse width.
all-pg-fixture-comparison	Fresh PostgreSQL migration chain and withdrawal rollback / command08	2026-10-07T02:46:44.8555438Z INFO  [alembic.runtime.migration] Running upgrade 20260911_0304 -> 20260913_0443, WMS-443: real employee names without changing account identity.
all-pg-fixture-comparison	Fresh PostgreSQL migration chain and withdrawal rollback / command08	2026-10-07T02:46:44.8557624Z INFO  [alembic.runtime.migration] Running upgrade 20260913_0443 -> 20260913_0305, WMS-442: narrowly scoped computer/OS queue pairing.
all-pg-fixture-comparison	Fresh PostgreSQL migration chain and withdrawal rollback / command08	2026-10-07T02:46:44.8559588Z INFO  [alembic.runtime.migration] Running upgrade 20260913_0305 -> 20260913_0306, WMS-444: retain the picked packed source in MP boxes.
all-pg-fixture-comparison	Fresh PostgreSQL migration chain and withdrawal rollback / command08	2026-10-07T02:46:44.8561604Z INFO  [alembic.runtime.migration] Running upgrade 20260913_0306 -> 20260921_0488, WMS-488: preserve existing delegated managers as explicit grants.
all-pg-fixture-comparison	Fresh PostgreSQL migration chain and withdrawal rollback / command08	2026-10-07T02:46:44.8563820Z INFO  [alembic.runtime.migration] Running upgrade 20260913_0306 -> 20260920_0255, WMS-483: distinguish explicit operator units rules from legacy zero pools.
all-pg-fixture-comparison	Fresh PostgreSQL migration chain and withdrawal rollback / command08	2026-10-07T02:46:44.8566323Z INFO  [alembic.runtime.migration] Running upgrade 20260920_0255, 20260921_0488 -> 20260921_0489, WMS-488: merge shop grants with the production WMS-483 migration.
all-pg-fixture-comparison	Fresh PostgreSQL migration chain and withdrawal rollback / command08	2026-10-07T02:46:44.8568318Z INFO  [alembic.runtime.migration] Running upgrade 20260921_0489 -> 20260921_0490, WMS-489: persist scanned KIZ reprints outside marking pools.
all-pg-fixture-comparison	Fresh PostgreSQL migration chain and withdrawal rollback / command08	2026-10-07T02:46:44.8570514Z INFO  [alembic.runtime.migration] Running upgrade 20260921_0490 -> 20260924_0525, Allow one email in the FF portal and one in the seller portal.
all-pg-fixture-comparison	Fresh PostgreSQL migration chain and withdrawal rollback / command08	2026-10-07T02:46:44.8573063Z INFO  [alembic.runtime.migration] Running upgrade 20260921_0490 -> 20260921_0491, Recognize the historic staging WMS-489 merge stamp without its assistant branch.
all-pg-fixture-comparison	Fresh PostgreSQL migration chain and withdrawal rollback / command08	2026-10-07T02:46:44.8575442Z INFO  [alembic.runtime.migration] Running upgrade 20260921_0491 -> 20260920_0307, WMS-469: per-product publication switch on an existing binding pool row.
all-pg-fixture-comparison	Fresh PostgreSQL migration chain and withdrawal rollback / command08	2026-10-07T02:46:44.8577820Z INFO  [alembic.runtime.migration] Running upgrade 20260920_0307, 20260924_0525 -> 20260924_0526, Merge the WMS-469 and WMS-525 migration lines.
all-pg-fixture-comparison	Fresh PostgreSQL migration chain and withdrawal rollback / command08	2026-10-07T02:46:44.8579741Z INFO  [alembic.runtime.migration] Running upgrade 20260924_0526 -> 20260925_0535, Store every WB barcode for a product size.
all-pg-fixture-comparison	Fresh PostgreSQL migration chain and withdrawal rollback / command08	2026-10-07T02:46:44.8581807Z INFO  [alembic.runtime.migration] Running upgrade 20260921_0490 -> 20260923_0517, WMS-517: immutable WB final-price versions; no legacy-price backfill.
all-pg-fixture-comparison	Fresh PostgreSQL migration chain and withdrawal rollback / command08	2026-10-07T02:46:47.4773656Z INFO  [alembic.runtime.migration] Running upgrade 20260923_0517 -> 20260923_0518, WMS-517: durable tenant-scoped withdrawal attempts and read recovery.
all-pg-fixture-comparison	Fresh PostgreSQL migration chain and withdrawal rollback / command08	2026-10-07T02:46:47.4776648Z INFO  [alembic.runtime.migration] Running upgrade 20260923_0518 -> 20260924_0519, WMS-517: durable preparation state and per-attempt preflight evidence.
all-pg-fixture-comparison	Fresh PostgreSQL migration chain and withdrawal rollback / command08	2026-10-07T02:46:47.4779394Z INFO  [alembic.runtime.migration] Running upgrade 20260924_0519 -> 20260924_0520, WMS-517: preserve original GS1 while claiming the provider KI identity.
all-pg-fixture-comparison	Fresh PostgreSQL migration chain and withdrawal rollback / command08	2026-10-07T02:46:47.4782117Z INFO  [alembic.runtime.migration] Running upgrade 20260924_0526, 20260924_0520 -> 20260927_0556, WMS-556: join withdrawal and current etalon migration histories.
all-pg-fixture-comparison	Fresh PostgreSQL migration chain and withdrawal rollback / command08	2026-10-07T02:46:47.4784820Z INFO  [alembic.runtime.migration] Running upgrade 20260921_0490 -> 20260923_0516, WMS-516: guard physical writes; legacy data repair is an explicit manifest run.
all-pg-fixture-comparison	Fresh PostgreSQL migration chain and withdrawal rollback / command08	2026-10-07T02:46:47.4787558Z INFO  [alembic.runtime.migration] Running upgrade 20260923_0516, 20260924_0526 -> 20260925_0530, Merge the WMS-516 and WMS-526 migration lines.
all-pg-fixture-comparison	Fresh PostgreSQL migration chain and withdrawal rollback / command08	2026-10-07T02:46:47.4789638Z INFO  [alembic.runtime.migration] Running upgrade 20260924_0526 -> 20260927_0548, seller_ozon_imported_cards
all-pg-fixture-comparison	Fresh PostgreSQL migration chain and withdrawal rollback / command08	2026-10-07T02:46:47.4792229Z INFO  [alembic.runtime.migration] Running upgrade 20260927_0548, 20260927_0556, 20260925_0535 -> 20260927_0561, PSP-2: join WMS-548, WMS-535 and etalon migration histories.
all-pg-fixture-comparison	Fresh PostgreSQL migration chain and withdrawal rollback / command08	2026-10-07T02:46:47.4794919Z INFO  [alembic.runtime.migration] Running upgrade 20260925_0530, 20260927_0561 -> 20260928_0563, PSP-2-2: join WMS-530 (single stock) and PSP-2 migration histories.
all-pg-fixture-comparison	Fresh PostgreSQL migration chain and withdrawal rollback / command08	2026-10-07T02:46:47.4797937Z INFO  [alembic.runtime.migration] Running upgrade 20260925_0530 -> 20260927_0497, WMS-497: inventory count remembers the products selected at creation.
all-pg-fixture-comparison	Fresh PostgreSQL migration chain and withdrawal rollback / command08	2026-10-07T02:46:47.4800993Z INFO  [alembic.runtime.migration] Running upgrade 20260927_0497, 20260928_0563 -> 20260928_0564, PSP-2-2: join WMS-497 (inventory print sheet) and PSP-2-2 migration histories.
all-pg-fixture-comparison	Fresh PostgreSQL migration chain and withdrawal rollback / command08	2026-10-07T02:46:47.4804074Z INFO  [alembic.runtime.migration] Running upgrade 20260911_0304 -> 20260912_0305, WMS-433: таблица переписки AI-помощника
all-pg-fixture-comparison	Fresh PostgreSQL migration chain and withdrawal rollback / command08	2026-10-07T02:46:47.4806744Z INFO  [alembic.runtime.migration] Running upgrade 20260912_0305 -> 20260913_2200, WMS-433: счётчик попыток захвата исполнителем
all-pg-fixture-comparison	Fresh PostgreSQL migration chain and withdrawal rollback / command08	2026-10-07T02:46:47.4809116Z INFO  [alembic.runtime.migration] Running upgrade 20260913_2200, 20260924_0526 -> 20260925_0433, WMS-433: merge assistant queue and current staging migrations.
all-pg-fixture-comparison	Fresh PostgreSQL migration chain and withdrawal rollback / command08	2026-10-07T02:46:47.4811644Z INFO  [alembic.runtime.migration] Running upgrade 20260925_0433, 20260928_0564 -> 20260929_0589, Merge staging-only WMS-433 history with the current etalon history.
all-pg-fixture-comparison	Fresh PostgreSQL migration chain and withdrawal rollback / command08	2026-10-07T02:46:47.4813894Z INFO  [alembic.runtime.migration] Running upgrade 20260928_0564 -> 20260929_0565, WMS-588: persistent FBS assembly task aggregate.
all-pg-fixture-comparison	Fresh PostgreSQL migration chain and withdrawal rollback / command08	2026-10-07T02:46:47.4816395Z INFO  [alembic.runtime.migration] Running upgrade 20260929_0565 -> 20260930_0566, WMS-594: independent fulfillment staff section access.
all-pg-fixture-comparison	Fresh PostgreSQL migration chain and withdrawal rollback / command08	2026-10-07T02:46:47.4818375Z INFO  [alembic.runtime.migration] Running upgrade 20260930_0566 -> 20260930_0567, WMS-593: operator-selected product label barcode.
all-pg-fixture-comparison	Fresh PostgreSQL migration chain and withdrawal rollback / command08	2026-10-07T02:46:47.4820371Z INFO  [alembic.runtime.migration] Running upgrade 20260929_0565 -> 20261001_2301, WMS-624: durable developer requests and recoverable Trello delivery.
all-pg-fixture-comparison	Fresh PostgreSQL migration chain and withdrawal rollback / command08	2026-10-07T02:46:47.4822508Z INFO  [alembic.runtime.migration] Running upgrade 20260929_0565, 20260929_0589 -> 20260929_0590, Merge the WMS-588 and staging migration histories.
all-pg-fixture-comparison	Fresh PostgreSQL migration chain and withdrawal rollback / command08	2026-10-07T02:46:47.4824681Z INFO  [alembic.runtime.migration] Running upgrade 20260929_0590, 20260930_0567 -> 20261001_0612, WMS-612 merge staging assistant and reviewed warehouse migrations.
all-pg-fixture-comparison	Fresh PostgreSQL migration chain and withdrawal rollback / command08	2026-10-07T02:46:47.4827176Z INFO  [alembic.runtime.migration] Running upgrade 20261001_0612, 20261001_2301 -> 20261003_0001, Merge staging and production etalon heads after the 03.10.2026 sync.
all-pg-fixture-comparison	Fresh PostgreSQL migration chain and withdrawal rollback / command08	2026-10-07T02:46:47.4828784Z INFO  [alembic.runtime.migration] Context impl PostgresqlImpl.
all-pg-fixture-comparison	Fresh PostgreSQL migration chain and withdrawal rollback / command08	2026-10-07T02:46:47.4829916Z INFO  [alembic.runtime.migration] Will assume transactional DDL.
all-pg-fixture-comparison	Fresh PostgreSQL migration chain and withdrawal rollback / command08	2026-10-07T02:46:47.4831476Z INFO  [alembic.runtime.migration] Running downgrade 20261003_0001 -> 20261001_0612, 20261001_2301, Merge staging and production etalon heads after the 03.10.2026 sync.
all-pg-fixture-comparison	Fresh PostgreSQL migration chain and withdrawal rollback / command08	2026-10-07T02:46:47.4832841Z INFO  [alembic.runtime.migration] Running downgrade 20261001_0612 -> 20260929_0590, 20260930_0567, WMS-612 merge staging assistant and reviewed warehouse migrations.
all-pg-fixture-comparison	Fresh PostgreSQL migration chain and withdrawal rollback / command08	2026-10-07T02:46:47.4834045Z INFO  [alembic.runtime.migration] Running downgrade 20260929_0590 -> 20260929_0565, 20260929_0589, Merge the WMS-588 and staging migration histories.
all-pg-fixture-comparison	Fresh PostgreSQL migration chain and withdrawal rollback / command08	2026-10-07T02:46:47.4835198Z INFO  [alembic.runtime.migration] Running downgrade 20261001_2301 -> 20260929_0565, WMS-624: durable developer requests and recoverable Trello delivery.
all-pg-fixture-comparison	Fresh PostgreSQL migration chain and withdrawal rollback / command08	2026-10-07T02:46:47.4837065Z INFO  [alembic.runtime.migration] Running downgrade 20260930_0567 -> 20260930_0566, WMS-593: operator-selected product label barcode.
all-pg-fixture-comparison	Fresh PostgreSQL migration chain and withdrawal rollback / command08	2026-10-07T02:46:47.4838176Z INFO  [alembic.runtime.migration] Running downgrade 20260930_0566 -> 20260929_0565, WMS-594: independent fulfillment staff section access.
all-pg-fixture-comparison	Fresh PostgreSQL migration chain and withdrawal rollback / command08	2026-10-07T02:46:47.4839219Z INFO  [alembic.runtime.migration] Running downgrade 20260929_0565 -> 20260928_0564, WMS-588: persistent FBS assembly task aggregate.
all-pg-fixture-comparison	Fresh PostgreSQL migration chain and withdrawal rollback / command08	2026-10-07T02:46:47.4840585Z INFO  [alembic.runtime.migration] Running downgrade 20260929_0589 -> 20260925_0433, 20260928_0564, Merge staging-only WMS-433 history with the current etalon history.
all-pg-fixture-comparison	Fresh PostgreSQL migration chain and withdrawal rollback / command08	2026-10-07T02:46:47.4841888Z INFO  [alembic.runtime.migration] Running downgrade 20260928_0564 -> 20260927_0497, 20260928_0563, PSP-2-2: join WMS-497 (inventory print sheet) and PSP-2-2 migration histories.
all-pg-fixture-comparison	Fresh PostgreSQL migration chain and withdrawal rollback / command08	2026-10-07T02:46:47.4843212Z INFO  [alembic.runtime.migration] Running downgrade 20260928_0563 -> 20260925_0530, 20260927_0561, PSP-2-2: join WMS-530 (single stock) and PSP-2 migration histories.
all-pg-fixture-comparison	Fresh PostgreSQL migration chain and withdrawal rollback / command08	2026-10-07T02:46:47.4844501Z INFO  [alembic.runtime.migration] Running downgrade 20260927_0561 -> 20260927_0548, 20260927_0556, 20260925_0535, PSP-2: join WMS-548, WMS-535 and etalon migration histories.
all-pg-fixture-comparison	Fresh PostgreSQL migration chain and withdrawal rollback / command08	2026-10-07T02:46:47.4846015Z INFO  [alembic.runtime.migration] Running downgrade 20260927_0556 -> 20260924_0526, 20260924_0520, WMS-556: join withdrawal and current etalon migration histories.
all-pg-fixture-comparison	Fresh PostgreSQL migration chain and withdrawal rollback / command08	2026-10-07T02:46:47.4847401Z INFO  [alembic.runtime.migration] Running downgrade 20260924_0520 -> 20260924_0519, WMS-517: preserve original GS1 while claiming the provider KI identity.
all-pg-fixture-comparison	Fresh PostgreSQL migration chain and withdrawal rollback / command08	2026-10-07T02:46:47.4848722Z INFO  [alembic.runtime.migration] Running downgrade 20260924_0519 -> 20260923_0518, WMS-517: durable preparation state and per-attempt preflight evidence.
all-pg-fixture-comparison	Fresh PostgreSQL migration chain and withdrawal rollback / command08	2026-10-07T02:46:47.4849914Z INFO  [alembic.runtime.migration] Running downgrade 20260923_0518 -> 20260923_0517, WMS-517: durable tenant-scoped withdrawal attempts and read recovery.
all-pg-fixture-comparison	Fresh PostgreSQL migration chain and withdrawal rollback / command08	2026-10-07T02:46:47.4850702Z INFO  [alembic.runtime.migration] Context impl PostgresqlImpl.
all-pg-fixture-comparison	Fresh PostgreSQL migration chain and withdrawal rollback / command08	2026-10-07T02:46:47.4851359Z INFO  [alembic.runtime.migration] Will assume transactional DDL.
all-pg-fixture-comparison	Fresh PostgreSQL migration chain and withdrawal rollback / command08	2026-10-07T02:46:47.4852263Z INFO  [alembic.runtime.migration] Running upgrade 20260923_0517 -> 20260923_0518, WMS-517: durable tenant-scoped withdrawal attempts and read recovery.
all-pg-fixture-comparison	Fresh PostgreSQL migration chain and withdrawal rollback / command08	2026-10-07T02:46:47.4853425Z INFO  [alembic.runtime.migration] Running upgrade 20260923_0518 -> 20260924_0519, WMS-517: durable preparation state and per-attempt preflight evidence.
all-pg-fixture-comparison	Fresh PostgreSQL migration chain and withdrawal rollback / command08	2026-10-07T02:46:47.4854677Z INFO  [alembic.runtime.migration] Running upgrade 20260924_0519 -> 20260924_0520, WMS-517: preserve original GS1 while claiming the provider KI identity.
all-pg-fixture-comparison	Fresh PostgreSQL migration chain and withdrawal rollback / command08	2026-10-07T02:46:47.4856275Z INFO  [alembic.runtime.migration] Running upgrade 20260924_0526, 20260924_0520 -> 20260927_0556, WMS-556: join withdrawal and current etalon migration histories.
all-pg-fixture-comparison	Fresh PostgreSQL migration chain and withdrawal rollback / command08	2026-10-07T02:46:47.4857587Z INFO  [alembic.runtime.migration] Running upgrade 20260927_0548, 20260927_0556, 20260925_0535 -> 20260927_0561, PSP-2: join WMS-548, WMS-535 and etalon migration histories.
all-pg-fixture-comparison	Fresh PostgreSQL migration chain and withdrawal rollback / command08	2026-10-07T02:46:47.4858873Z INFO  [alembic.runtime.migration] Running upgrade 20260925_0530, 20260927_0561 -> 20260928_0563, PSP-2-2: join WMS-530 (single stock) and PSP-2 migration histories.
all-pg-fixture-comparison	Fresh PostgreSQL migration chain and withdrawal rollback / command08	2026-10-07T02:46:47.4860161Z INFO  [alembic.runtime.migration] Running upgrade 20260927_0497, 20260928_0563 -> 20260928_0564, PSP-2-2: join WMS-497 (inventory print sheet) and PSP-2-2 migration histories.
all-pg-fixture-comparison	Fresh PostgreSQL migration chain and withdrawal rollback / command08	2026-10-07T02:46:47.4861479Z INFO  [alembic.runtime.migration] Running upgrade 20260925_0433, 20260928_0564 -> 20260929_0589, Merge staging-only WMS-433 history with the current etalon history.
all-pg-fixture-comparison	Fresh PostgreSQL migration chain and withdrawal rollback / command08	2026-10-07T02:46:47.4862637Z INFO  [alembic.runtime.migration] Running upgrade 20260928_0564 -> 20260929_0565, WMS-588: persistent FBS assembly task aggregate.
all-pg-fixture-comparison	Fresh PostgreSQL migration chain and withdrawal rollback / command08	2026-10-07T02:46:47.4863675Z INFO  [alembic.runtime.migration] Running upgrade 20260929_0565 -> 20260930_0566, WMS-594: independent fulfillment staff section access.
all-pg-fixture-comparison	Fresh PostgreSQL migration chain and withdrawal rollback / command08	2026-10-07T02:46:47.4864682Z INFO  [alembic.runtime.migration] Running upgrade 20260930_0566 -> 20260930_0567, WMS-593: operator-selected product label barcode.
all-pg-fixture-comparison	Fresh PostgreSQL migration chain and withdrawal rollback / command08	2026-10-07T02:46:47.4866686Z INFO  [alembic.runtime.migration] Running upgrade 20260929_0565 -> 20261001_2301, WMS-624: durable developer requests and recoverable Trello delivery.
all-pg-fixture-comparison	Fresh PostgreSQL migration chain and withdrawal rollback / command08	2026-10-07T02:46:47.4868824Z INFO  [alembic.runtime.migration] Running upgrade 20260929_0565, 20260929_0589 -> 20260929_0590, Merge the WMS-588 and staging migration histories.
all-pg-fixture-comparison	Fresh PostgreSQL migration chain and withdrawal rollback / command08	2026-10-07T02:46:47.4870550Z INFO  [alembic.runtime.migration] Running upgrade 20260929_0590, 20260930_0567 -> 20261001_0612, WMS-612 merge staging assistant and reviewed warehouse migrations.
all-pg-fixture-comparison	Fresh PostgreSQL migration chain and withdrawal rollback / command08	2026-10-07T02:46:47.6489163Z INFO  [alembic.runtime.migration] Running upgrade 20261001_0612, 20261001_2301 -> 20261003_0001, Merge staging and production etalon heads after the 03.10.2026 sync.
all-pg-fixture-comparison	Printer receipt persistence and unknown-outcome recovery / command09	﻿2026-10-07T02:46:47.6585337Z ##[group]Run python scripts/ci/pg-comparison/execute.py command09
all-pg-fixture-comparison	Printer receipt persistence and unknown-outcome recovery / command09	2026-10-07T02:46:47.6586392Z [36;1mpython scripts/ci/pg-comparison/execute.py command09[0m
all-pg-fixture-comparison	Printer receipt persistence and unknown-outcome recovery / command09	2026-10-07T02:46:47.6650738Z shell: /usr/bin/bash -e {0}
all-pg-fixture-comparison	Printer receipt persistence and unknown-outcome recovery / command09	2026-10-07T02:46:47.6651022Z env:
all-pg-fixture-comparison	Printer receipt persistence and unknown-outcome recovery / command09	2026-10-07T02:46:47.6651320Z   pythonLocation: /opt/hostedtoolcache/Python/3.11.16/x64
all-pg-fixture-comparison	Printer receipt persistence and unknown-outcome recovery / command09	2026-10-07T02:46:47.6651826Z   PKG_CONFIG_PATH: /opt/hostedtoolcache/Python/3.11.16/x64/lib/pkgconfig
all-pg-fixture-comparison	Printer receipt persistence and unknown-outcome recovery / command09	2026-10-07T02:46:47.6652322Z   Python_ROOT_DIR: /opt/hostedtoolcache/Python/3.11.16/x64
all-pg-fixture-comparison	Printer receipt persistence and unknown-outcome recovery / command09	2026-10-07T02:46:47.6652776Z   Python2_ROOT_DIR: /opt/hostedtoolcache/Python/3.11.16/x64
all-pg-fixture-comparison	Printer receipt persistence and unknown-outcome recovery / command09	2026-10-07T02:46:47.6653215Z   Python3_ROOT_DIR: /opt/hostedtoolcache/Python/3.11.16/x64
all-pg-fixture-comparison	Printer receipt persistence and unknown-outcome recovery / command09	2026-10-07T02:46:47.6653651Z   LD_LIBRARY_PATH: /opt/hostedtoolcache/Python/3.11.16/x64/lib
all-pg-fixture-comparison	Printer receipt persistence and unknown-outcome recovery / command09	2026-10-07T02:46:47.6654021Z ##[endgroup]
all-pg-fixture-comparison	Printer receipt persistence and unknown-outcome recovery / command09	2026-10-07T02:46:48.4697628Z ..............................                                           [100%]
all-pg-fixture-comparison	Printer receipt persistence and unknown-outcome recovery / command09	2026-10-07T02:46:48.4698399Z 30 passed, 1 deselected in 0.50s
all-pg-fixture-comparison	Preserve all native outcomes	﻿2026-10-07T02:46:48.4833212Z ##[group]Run actions/upload-artifact@v4
all-pg-fixture-comparison	Preserve all native outcomes	2026-10-07T02:46:48.4833518Z with:
all-pg-fixture-comparison	Preserve all native outcomes	2026-10-07T02:46:48.4833917Z   name: all-pg-fixture-comparison-b568bfdddd8b106799428ce81451b406ffe9860b-37563300572-1
all-pg-fixture-comparison	Preserve all native outcomes	2026-10-07T02:46:48.4834709Z   path: /home/runner/work/_temp/pg-comparison
all-pg-fixture-comparison	Preserve all native outcomes	/home/runner/work/_temp/release-postgres
all-pg-fixture-comparison	Preserve all native outcomes	/home/runner/work/_temp/native-print.xml
all-pg-fixture-comparison	Preserve all native outcomes	2026-10-07T02:46:48.4835293Z   retention-days: 14
all-pg-fixture-comparison	Preserve all native outcomes	2026-10-07T02:46:48.4835514Z   if-no-files-found: warn
all-pg-fixture-comparison	Preserve all native outcomes	2026-10-07T02:46:48.4836187Z   compression-level: 6
all-pg-fixture-comparison	Preserve all native outcomes	2026-10-07T02:46:48.4836428Z   overwrite: false
all-pg-fixture-comparison	Preserve all native outcomes	2026-10-07T02:46:48.4836645Z   include-hidden-files: false
all-pg-fixture-comparison	Preserve all native outcomes	2026-10-07T02:46:48.4836879Z env:
all-pg-fixture-comparison	Preserve all native outcomes	2026-10-07T02:46:48.4837125Z   pythonLocation: /opt/hostedtoolcache/Python/3.11.16/x64
all-pg-fixture-comparison	Preserve all native outcomes	2026-10-07T02:46:48.4837550Z   PKG_CONFIG_PATH: /opt/hostedtoolcache/Python/3.11.16/x64/lib/pkgconfig
all-pg-fixture-comparison	Preserve all native outcomes	2026-10-07T02:46:48.4837974Z   Python_ROOT_DIR: /opt/hostedtoolcache/Python/3.11.16/x64
all-pg-fixture-comparison	Preserve all native outcomes	2026-10-07T02:46:48.4838352Z   Python2_ROOT_DIR: /opt/hostedtoolcache/Python/3.11.16/x64
all-pg-fixture-comparison	Preserve all native outcomes	2026-10-07T02:46:48.4838766Z   Python3_ROOT_DIR: /opt/hostedtoolcache/Python/3.11.16/x64
all-pg-fixture-comparison	Preserve all native outcomes	2026-10-07T02:46:48.4839151Z   LD_LIBRARY_PATH: /opt/hostedtoolcache/Python/3.11.16/x64/lib
all-pg-fixture-comparison	Preserve all native outcomes	2026-10-07T02:46:48.4839470Z ##[endgroup]
all-pg-fixture-comparison	Preserve all native outcomes	2026-10-07T02:46:48.6544743Z (node:6646) [DEP0040] DeprecationWarning: The `punycode` module is deprecated. Please use a userland alternative instead.
all-pg-fixture-comparison	Preserve all native outcomes	2026-10-07T02:46:48.6546089Z (Use `node --trace-deprecation ...` to show where the warning was created)
all-pg-fixture-comparison	Preserve all native outcomes	2026-10-07T02:46:48.6695760Z Multiple search paths detected. Calculating the least common ancestor of all paths
all-pg-fixture-comparison	Preserve all native outcomes	2026-10-07T02:46:48.6698797Z The least common ancestor is /home/runner/work/_temp. This will be the root directory of the artifact
all-pg-fixture-comparison	Preserve all native outcomes	2026-10-07T02:46:48.6699857Z With the provided path, there will be 43 files uploaded
all-pg-fixture-comparison	Preserve all native outcomes	2026-10-07T02:46:48.6706288Z Artifact name is valid!
all-pg-fixture-comparison	Preserve all native outcomes	2026-10-07T02:46:48.6707060Z Root directory input is valid!
all-pg-fixture-comparison	Preserve all native outcomes	2026-10-07T02:46:49.0239817Z Beginning upload of artifact content to blob storage
all-pg-fixture-comparison	Preserve all native outcomes	2026-10-07T02:46:49.1047785Z (node:6646) [DEP0169] DeprecationWarning: `url.parse()` behavior is not standardized and prone to errors that have security implications. Use the WHATWG URL API instead. CVEs are not issued for `url.parse()` vulnerabilities.
all-pg-fixture-comparison	Preserve all native outcomes	2026-10-07T02:46:49.3532040Z Uploaded bytes 34054
all-pg-fixture-comparison	Preserve all native outcomes	2026-10-07T02:46:49.4121109Z Finished uploading artifact content to blob storage!
all-pg-fixture-comparison	Preserve all native outcomes	2026-10-07T02:46:49.4123341Z SHA256 digest of uploaded artifact zip is b80635ed7666630f2bab4aa094344cbbc5f3d600986be038121d6efe9b1198b7
all-pg-fixture-comparison	Preserve all native outcomes	2026-10-07T02:46:49.4125049Z Finalizing artifact upload
all-pg-fixture-comparison	Preserve all native outcomes	2026-10-07T02:46:49.7191163Z Artifact all-pg-fixture-comparison-b568bfdddd8b106799428ce81451b406ffe9860b-37563300572-1.zip successfully finalized. Artifact ID 11458065552
all-pg-fixture-comparison	Preserve all native outcomes	2026-10-07T02:46:49.7194904Z Artifact all-pg-fixture-comparison-b568bfdddd8b106799428ce81451b406ffe9860b-37563300572-1 has been successfully uploaded! Final size is 34054 bytes. Artifact ID is 11458065552
all-pg-fixture-comparison	Preserve all native outcomes	2026-10-07T02:46:49.7199570Z Artifact download URL: https://github.com/chivkunovd-bitdenis/WMS/actions/runs/37563300572/artifacts/11458065552
all-pg-fixture-comparison	Require every command actually passed	﻿2026-10-07T02:46:49.7346812Z ##[group]Run python ../scripts/ci/pg-comparison/execute.py --verify
all-pg-fixture-comparison	Require every command actually passed	2026-10-07T02:46:49.7347387Z [36;1mpython ../scripts/ci/pg-comparison/execute.py --verify[0m
all-pg-fixture-comparison	Require every command actually passed	2026-10-07T02:46:49.7412021Z shell: /usr/bin/bash -e {0}
all-pg-fixture-comparison	Require every command actually passed	2026-10-07T02:46:49.7412283Z env:
all-pg-fixture-comparison	Require every command actually passed	2026-10-07T02:46:49.7412571Z   pythonLocation: /opt/hostedtoolcache/Python/3.11.16/x64
all-pg-fixture-comparison	Require every command actually passed	2026-10-07T02:46:49.7413031Z   PKG_CONFIG_PATH: /opt/hostedtoolcache/Python/3.11.16/x64/lib/pkgconfig
all-pg-fixture-comparison	Require every command actually passed	2026-10-07T02:46:49.7413516Z   Python_ROOT_DIR: /opt/hostedtoolcache/Python/3.11.16/x64
all-pg-fixture-comparison	Require every command actually passed	2026-10-07T02:46:49.7413921Z   Python2_ROOT_DIR: /opt/hostedtoolcache/Python/3.11.16/x64
all-pg-fixture-comparison	Require every command actually passed	2026-10-07T02:46:49.7414330Z   Python3_ROOT_DIR: /opt/hostedtoolcache/Python/3.11.16/x64
all-pg-fixture-comparison	Require every command actually passed	2026-10-07T02:46:49.7414736Z   LD_LIBRARY_PATH: /opt/hostedtoolcache/Python/3.11.16/x64/lib
all-pg-fixture-comparison	Require every command actually passed	2026-10-07T02:46:49.7415093Z ##[endgroup]
all-pg-fixture-comparison	Require every command actually passed	2026-10-07T02:46:49.7798858Z {
all-pg-fixture-comparison	Require every command actually passed	2026-10-07T02:46:49.7799373Z   "expected": [
all-pg-fixture-comparison	Require every command actually passed	2026-10-07T02:46:49.7799775Z     "command01",
all-pg-fixture-comparison	Require every command actually passed	2026-10-07T02:46:49.7800150Z     "command02",
all-pg-fixture-comparison	Require every command actually passed	2026-10-07T02:46:49.7800564Z     "command03",
all-pg-fixture-comparison	Require every command actually passed	2026-10-07T02:46:49.7800906Z     "command04",
all-pg-fixture-comparison	Require every command actually passed	2026-10-07T02:46:49.7801255Z     "command05",
all-pg-fixture-comparison	Require every command actually passed	2026-10-07T02:46:49.7801576Z     "command06",
all-pg-fixture-comparison	Require every command actually passed	2026-10-07T02:46:49.7801903Z     "command07",
all-pg-fixture-comparison	Require every command actually passed	2026-10-07T02:46:49.7802263Z     "command08",
all-pg-fixture-comparison	Require every command actually passed	2026-10-07T02:46:49.7802610Z     "command09",
all-pg-fixture-comparison	Require every command actually passed	2026-10-07T02:46:49.7802953Z     "mypy",
all-pg-fixture-comparison	Require every command actually passed	2026-10-07T02:46:49.7803283Z     "ruff"
all-pg-fixture-comparison	Require every command actually passed	2026-10-07T02:46:49.7803646Z   ],
all-pg-fixture-comparison	Require every command actually passed	2026-10-07T02:46:49.7804017Z   "observed": [
all-pg-fixture-comparison	Require every command actually passed	2026-10-07T02:46:49.7804403Z     "command01",
all-pg-fixture-comparison	Require every command actually passed	2026-10-07T02:46:49.7804788Z     "command02",
all-pg-fixture-comparison	Require every command actually passed	2026-10-07T02:46:49.7805162Z     "command03",
all-pg-fixture-comparison	Require every command actually passed	2026-10-07T02:46:49.7805546Z     "command04",
all-pg-fixture-comparison	Require every command actually passed	2026-10-07T02:46:49.7806154Z     "command05",
all-pg-fixture-comparison	Require every command actually passed	2026-10-07T02:46:49.7806541Z     "command06",
all-pg-fixture-comparison	Require every command actually passed	2026-10-07T02:46:49.7806916Z     "command07",
all-pg-fixture-comparison	Require every command actually passed	2026-10-07T02:46:49.7807291Z     "command08",
all-pg-fixture-comparison	Require every command actually passed	2026-10-07T02:46:49.7807661Z     "command09",
all-pg-fixture-comparison	Require every command actually passed	2026-10-07T02:46:49.7807998Z     "mypy",
all-pg-fixture-comparison	Require every command actually passed	2026-10-07T02:46:49.7808335Z     "ruff"
all-pg-fixture-comparison	Require every command actually passed	2026-10-07T02:46:49.7808652Z   ],
all-pg-fixture-comparison	Require every command actually passed	2026-10-07T02:46:49.7808963Z   "outcomes": [
all-pg-fixture-comparison	Require every command actually passed	2026-10-07T02:46:49.7809282Z     {
all-pg-fixture-comparison	Require every command actually passed	2026-10-07T02:46:49.7809575Z       "id": "command08",
all-pg-fixture-comparison	Require every command actually passed	2026-10-07T02:46:49.7810238Z       "name": "Fresh PostgreSQL migration chain and withdrawal rollback",
all-pg-fixture-comparison	Require every command actually passed	2026-10-07T02:46:49.7812942Z       "command": "python -c \"import psycopg; c = psycopg.connect('***127.0.0.1:5432/postgres', autocommit=True); c.execute('CREATE DATABASE wms_test_517_migrations'); c.close()\"\nalembic upgrade head\nalembic downgrade 20260923_0517\nalembic upgrade head\n",
all-pg-fixture-comparison	Require every command actually passed	2026-10-07T02:46:49.7814802Z       "working_directory": "backend",
all-pg-fixture-comparison	Require every command actually passed	2026-10-07T02:46:49.7815825Z       "command_sha256": "d1545b96388bb41140b2340cb6151d5851237532c00eec6cb125d599434853bd",
all-pg-fixture-comparison	Require every command actually passed	2026-10-07T02:46:49.7816626Z       "exit_code": 0,
all-pg-fixture-comparison	Require every command actually passed	2026-10-07T02:46:49.7817093Z       "started_epoch": 1791341202.0269103,
all-pg-fixture-comparison	Require every command actually passed	2026-10-07T02:46:49.7817737Z       "completed_epoch": 1791341207.6487298,
all-pg-fixture-comparison	Require every command actually passed	2026-10-07T02:46:49.7818329Z       "sha": "b568bfdddd8b106799428ce81451b406ffe9860b",
all-pg-fixture-comparison	Require every command actually passed	2026-10-07T02:46:49.7818909Z       "run_id": "37563300572",
all-pg-fixture-comparison	Require every command actually passed	2026-10-07T02:46:49.7819330Z       "run_attempt": "1"
all-pg-fixture-comparison	Require every command actually passed	2026-10-07T02:46:49.7819651Z     },
all-pg-fixture-comparison	Require every command actually passed	2026-10-07T02:46:49.7819934Z     {
all-pg-fixture-comparison	Require every command actually passed	2026-10-07T02:46:49.7820256Z       "id": "ruff",
all-pg-fixture-comparison	Require every command actually passed	2026-10-07T02:46:49.7820628Z       "name": "Ruff",
all-pg-fixture-comparison	Require every command actually passed	2026-10-07T02:46:49.7821041Z       "command": "ruff check .",
all-pg-fixture-comparison	Require every command actually passed	2026-10-07T02:46:49.7821540Z       "working_directory": "backend",
all-pg-fixture-comparison	Require every command actually passed	2026-10-07T02:46:49.7822404Z       "command_sha256": "a0e3ed3d50f590907493cef09ea66c5b2e93004d9486d41e3d1f4e3531ebcc93",
all-pg-fixture-comparison	Require every command actually passed	2026-10-07T02:46:49.7823570Z       "exit_code": 0,
all-pg-fixture-comparison	Require every command actually passed	2026-10-07T02:46:49.7824020Z       "started_epoch": 1791341037.8173637,
all-pg-fixture-comparison	Require every command actually passed	2026-10-07T02:46:49.7824564Z       "completed_epoch": 1791341038.0947523,
all-pg-fixture-comparison	Require every command actually passed	2026-10-07T02:46:49.7825167Z       "sha": "b568bfdddd8b106799428ce81451b406ffe9860b",
all-pg-fixture-comparison	Require every command actually passed	2026-10-07T02:46:49.7826145Z       "run_id": "37563300572",
all-pg-fixture-comparison	Require every command actually passed	2026-10-07T02:46:49.7826610Z       "run_attempt": "1"
all-pg-fixture-comparison	Require every command actually passed	2026-10-07T02:46:49.7827005Z     },
all-pg-fixture-comparison	Require every command actually passed	2026-10-07T02:46:49.7827295Z     {
all-pg-fixture-comparison	Require every command actually passed	2026-10-07T02:46:49.7827632Z       "id": "command01",
all-pg-fixture-comparison	Require every command actually passed	2026-10-07T02:46:49.7828570Z       "name": "WMS-662 isolated batch lock order on real PostgreSQL",
all-pg-fixture-comparison	Require every command actually passed	2026-10-07T02:46:49.7829544Z       "command": "pytest -n 0 -q -s tests/test_wms662_batch_handoff_lock_order.py",
all-pg-fixture-comparison	Require every command actually passed	2026-10-07T02:46:49.7830329Z       "working_directory": "backend",
all-pg-fixture-comparison	Require every command actually passed	2026-10-07T02:46:49.7831175Z       "command_sha256": "b4c4b660cbb0fab92c4eaeeba0ae96e1da0cc14f93317599f0c60e54e489d820",
all-pg-fixture-comparison	Require every command actually passed	2026-10-07T02:46:49.7831916Z       "exit_code": 0,
all-pg-fixture-comparison	Require every command actually passed	2026-10-07T02:46:49.7832382Z       "started_epoch": 1791341079.059381,
all-pg-fixture-comparison	Require every command actually passed	2026-10-07T02:46:49.7832900Z       "completed_epoch": 1791341090.073195,
all-pg-fixture-comparison	Require every command actually passed	2026-10-07T02:46:49.7833535Z       "sha": "b568bfdddd8b106799428ce81451b406ffe9860b",
all-pg-fixture-comparison	Require every command actually passed	2026-10-07T02:46:49.7834135Z       "run_id": "37563300572",
all-pg-fixture-comparison	Require every command actually passed	2026-10-07T02:46:49.7834519Z       "run_attempt": "1"
all-pg-fixture-comparison	Require every command actually passed	2026-10-07T02:46:49.7834846Z     },
all-pg-fixture-comparison	Require every command actually passed	2026-10-07T02:46:49.7835147Z     {
all-pg-fixture-comparison	Require every command actually passed	2026-10-07T02:46:49.7835483Z       "id": "release-pg-3",
all-pg-fixture-comparison	Require every command actually passed	2026-10-07T02:46:49.7836121Z       "exit_code": 0,
all-pg-fixture-comparison	Require every command actually passed	2026-10-07T02:46:49.7836499Z       "command": [
all-pg-fixture-comparison	Require every command actually passed	2026-10-07T02:46:49.7836873Z         "pytest",
all-pg-fixture-comparison	Require every command actually passed	2026-10-07T02:46:49.7837224Z         "-n",
all-pg-fixture-comparison	Require every command actually passed	2026-10-07T02:46:49.7837542Z         "0",
all-pg-fixture-comparison	Require every command actually passed	2026-10-07T02:46:49.7837866Z         "-q",
all-pg-fixture-comparison	Require every command actually passed	2026-10-07T02:46:49.7838805Z         "tests/test_wms663_customs_documents_contract.py::test_wms663_two_sessions_commit_one_posting_version_once",
all-pg-fixture-comparison	Require every command actually passed	2026-10-07T02:46:49.7839801Z         "tests/test_wms663_remote_c10.py",
all-pg-fixture-comparison	Require every command actually passed	2026-10-07T02:46:49.7840677Z         "tests/test_wms669_seller_catalog_once.py::test_c10_postgresql_json_sizes_and_stock",
all-pg-fixture-comparison	Require every command actually passed	2026-10-07T02:46:49.7841897Z         "tests/test_wms469_stock_dialog_backend.py::test_c24_parallel_complete_saves_never_mix_rules",
all-pg-fixture-comparison	Require every command actually passed	2026-10-07T02:46:49.7843199Z         "tests/test_wms469_stock_dialog_backend.py::test_c23_parallel_same_binding_create_keeps_one_row",
all-pg-fixture-comparison	Require every command actually passed	2026-10-07T02:46:49.7844435Z         "tests/test_fbs_supply_from_orders.py::test_parallel_from_orders_one_order_one_supply",
all-pg-fixture-comparison	Require every command actually passed	2026-10-07T02:46:49.7845217Z         "-o",
all-pg-fixture-comparison	Require every command actually passed	2026-10-07T02:46:49.7845914Z         "asyncio_default_fixture_loop_scope=session",
all-pg-fixture-comparison	Require every command actually passed	2026-10-07T02:46:49.7846452Z         "-o",
all-pg-fixture-comparison	Require every command actually passed	2026-10-07T02:46:49.7846898Z         "asyncio_default_test_loop_scope=session",
all-pg-fixture-comparison	Require every command actually passed	2026-10-07T02:46:49.7847706Z         "--junitxml=/home/runner/work/_temp/release-postgres/663-669-670-683.xml"
all-pg-fixture-comparison	Require every command actually passed	2026-10-07T02:46:49.7848393Z       ],
all-pg-fixture-comparison	Require every command actually passed	2026-10-07T02:46:49.7848857Z       "sha": "b568bfdddd8b106799428ce81451b406ffe9860b",
all-pg-fixture-comparison	Require every command actually passed	2026-10-07T02:46:49.7849430Z       "run_id": "37563300572",
all-pg-fixture-comparison	Require every command actually passed	2026-10-07T02:46:49.7849865Z       "run_attempt": "1"
all-pg-fixture-comparison	Require every command actually passed	2026-10-07T02:46:49.7850230Z     },
all-pg-fixture-comparison	Require every command actually passed	2026-10-07T02:46:49.7850530Z     {
all-pg-fixture-comparison	Require every command actually passed	2026-10-07T02:46:49.7850849Z       "id": "command05",
all-pg-fixture-comparison	Require every command actually passed	2026-10-07T02:46:49.7851408Z       "name": "PostgreSQL locks and immutable migration guards",
all-pg-fixture-comparison	Require every command actually passed	2026-10-07T02:46:49.7852605Z       "command": "pytest -n 0 tests/test_wms537_draft_supply_stickers.py::test_concurrent_add_of_the_same_order_to_a_draft_supply",
all-pg-fixture-comparison	Require every command actually passed	2026-10-07T02:46:49.7853590Z       "working_directory": "backend",
all-pg-fixture-comparison	Require every command actually passed	2026-10-07T02:46:49.7854435Z       "command_sha256": "54cd15743625ff0dbdf3146355f9bdfe605c9e66cad4d5cf06a65da409d95962",
all-pg-fixture-comparison	Require every command actually passed	2026-10-07T02:46:49.7855176Z       "exit_code": 0,
all-pg-fixture-comparison	Require every command actually passed	2026-10-07T02:46:49.7855810Z       "started_epoch": 1791341116.925978,
all-pg-fixture-comparison	Require every command actually passed	2026-10-07T02:46:49.7856330Z       "completed_epoch": 1791341128.5448444,
all-pg-fixture-comparison	Require every command actually passed	2026-10-07T02:46:49.7856897Z       "sha": "b568bfdddd8b106799428ce81451b406ffe9860b",
all-pg-fixture-comparison	Require every command actually passed	2026-10-07T02:46:49.7857421Z       "run_id": "37563300572",
all-pg-fixture-comparison	Require every command actually passed	2026-10-07T02:46:49.7857805Z       "run_attempt": "1"
all-pg-fixture-comparison	Require every command actually passed	2026-10-07T02:46:49.7858360Z     },
all-pg-fixture-comparison	Require every command actually passed	2026-10-07T02:46:49.7858640Z     {
all-pg-fixture-comparison	Require every command actually passed	2026-10-07T02:46:49.7858948Z       "id": "release-pg-2",
all-pg-fixture-comparison	Require every command actually passed	2026-10-07T02:46:49.7859355Z       "exit_code": 0,
all-pg-fixture-comparison	Require every command actually passed	2026-10-07T02:46:49.7859712Z       "command": [
all-pg-fixture-comparison	Require every command actually passed	2026-10-07T02:46:49.7860061Z         "pytest",
all-pg-fixture-comparison	Require every command actually passed	2026-10-07T02:46:49.7860398Z         "-n",
all-pg-fixture-comparison	Require every command actually passed	2026-10-07T02:46:49.7860727Z         "0",
all-pg-fixture-comparison	Require every command actually passed	2026-10-07T02:46:49.7861042Z         "-q",
all-pg-fixture-comparison	Require every command actually passed	2026-10-07T02:46:49.7861509Z         "tests/test_wms662_cancellation_lock_order.py",
all-pg-fixture-comparison	Require every command actually passed	2026-10-07T02:46:49.7862284Z         "--junitxml=/home/runner/work/_temp/release-postgres/662-f6.xml"
all-pg-fixture-comparison	Require every command actually passed	2026-10-07T02:46:49.7862896Z       ],
all-pg-fixture-comparison	Require every command actually passed	2026-10-07T02:46:49.7863516Z       "sha": "b568bfdddd8b106799428ce81451b406ffe9860b",
all-pg-fixture-comparison	Require every command actually passed	2026-10-07T02:46:49.7863871Z       "run_id": "37563300572",
all-pg-fixture-comparison	Require every command actually passed	2026-10-07T02:46:49.7864119Z       "run_attempt": "1"
all-pg-fixture-comparison	Require every command actually passed	2026-10-07T02:46:49.7864334Z     },
all-pg-fixture-comparison	Require every command actually passed	2026-10-07T02:46:49.7864518Z     {
all-pg-fixture-comparison	Require every command actually passed	2026-10-07T02:46:49.7864715Z       "id": "release-pg-4",
all-pg-fixture-comparison	Require every command actually passed	2026-10-07T02:46:49.7864965Z       "exit_code": 0,
all-pg-fixture-comparison	Require every command actually passed	2026-10-07T02:46:49.7865183Z       "command": [
all-pg-fixture-comparison	Require every command actually passed	2026-10-07T02:46:49.7865437Z         "pytest",
all-pg-fixture-comparison	Require every command actually passed	2026-10-07T02:46:49.7865933Z         "-n",
all-pg-fixture-comparison	Require every command actually passed	2026-10-07T02:46:49.7866156Z         "0",
all-pg-fixture-comparison	Require every command actually passed	2026-10-07T02:46:49.7866480Z         "-q",
all-pg-fixture-comparison	Require every command actually passed	2026-10-07T02:46:49.7867277Z         "tests/test_wms663_release_retry_contract.py",
all-pg-fixture-comparison	Require every command actually passed	2026-10-07T02:46:49.7867701Z         "-o",
all-pg-fixture-comparison	Require every command actually passed	2026-10-07T02:46:49.7867991Z         "asyncio_default_fixture_loop_scope=session",
all-pg-fixture-comparison	Require every command actually passed	2026-10-07T02:46:49.7868298Z         "-o",
all-pg-fixture-comparison	Require every command actually passed	2026-10-07T02:46:49.7868567Z         "asyncio_default_test_loop_scope=session",
all-pg-fixture-comparison	Require every command actually passed	2026-10-07T02:46:49.7869063Z         "--junitxml=/home/runner/work/_temp/release-postgres/663-release-retry.xml"
all-pg-fixture-comparison	Require every command actually passed	2026-10-07T02:46:49.7869476Z       ],
all-pg-fixture-comparison	Require every command actually passed	2026-10-07T02:46:49.7869748Z       "sha": "b568bfdddd8b106799428ce81451b406ffe9860b",
all-pg-fixture-comparison	Require every command actually passed	2026-10-07T02:46:49.7870083Z       "run_id": "37563300572",
all-pg-fixture-comparison	Require every command actually passed	2026-10-07T02:46:49.7870327Z       "run_attempt": "1"
all-pg-fixture-comparison	Require every command actually passed	2026-10-07T02:46:49.7870541Z     },
all-pg-fixture-comparison	Require every command actually passed	2026-10-07T02:46:49.7870722Z     {
all-pg-fixture-comparison	Require every command actually passed	2026-10-07T02:46:49.7870912Z       "id": "command06",
all-pg-fixture-comparison	Require every command actually passed	2026-10-07T02:46:49.7871337Z       "name": "Required PostgreSQL handoff cancellation documents and catalog contracts",
all-pg-fixture-comparison	Require every command actually passed	2026-10-07T02:46:49.7871877Z       "command": "bash ../scripts/ci/run_release_postgres.sh",
all-pg-fixture-comparison	Require every command actually passed	2026-10-07T02:46:49.7872241Z       "working_directory": "backend",
all-pg-fixture-comparison	Require every command actually passed	2026-10-07T02:46:49.7872716Z       "command_sha256": "5557f2d1db24332b362841d735de7c7c16dda5ca30dd10183eb441be8f774c64",
all-pg-fixture-comparison	Require every command actually passed	2026-10-07T02:46:49.7873165Z       "exit_code": 0,
all-pg-fixture-comparison	Require every command actually passed	2026-10-07T02:46:49.7873420Z       "started_epoch": 1791341128.6037872,
all-pg-fixture-comparison	Require every command actually passed	2026-10-07T02:46:49.7873740Z       "completed_epoch": 1791341191.319762,
all-pg-fixture-comparison	Require every command actually passed	2026-10-07T02:46:49.7874107Z       "sha": "b568bfdddd8b106799428ce81451b406ffe9860b",
all-pg-fixture-comparison	Require every command actually passed	2026-10-07T02:46:49.7874442Z       "run_id": "37563300572",
all-pg-fixture-comparison	Require every command actually passed	2026-10-07T02:46:49.7874685Z       "run_attempt": "1"
all-pg-fixture-comparison	Require every command actually passed	2026-10-07T02:46:49.7874902Z     },
all-pg-fixture-comparison	Require every command actually passed	2026-10-07T02:46:49.7875089Z     {
all-pg-fixture-comparison	Require every command actually passed	2026-10-07T02:46:49.7875282Z       "id": "command02",
all-pg-fixture-comparison	Require every command actually passed	2026-10-07T02:46:49.7875901Z       "name": "WMS-662 isolated steady-state lock order on real PostgreSQL",
all-pg-fixture-comparison	Require every command actually passed	2026-10-07T02:46:49.7876501Z       "command": "pytest -n 0 -q -s tests/test_wms662_batch_handoff_steady_state.py",
all-pg-fixture-comparison	Require every command actually passed	2026-10-07T02:46:49.7876944Z       "working_directory": "backend",
all-pg-fixture-comparison	Require every command actually passed	2026-10-07T02:46:49.7877427Z       "command_sha256": "a09b03ff778a3dde1dbe1d5ec732156d4c073bbb3719d34f672758c5b1907adb",
all-pg-fixture-comparison	Require every command actually passed	2026-10-07T02:46:49.7877871Z       "exit_code": 0,
all-pg-fixture-comparison	Require every command actually passed	2026-10-07T02:46:49.7878125Z       "started_epoch": 1791341090.139666,
all-pg-fixture-comparison	Require every command actually passed	2026-10-07T02:46:49.7878434Z       "completed_epoch": 1791341099.5367599,
all-pg-fixture-comparison	Require every command actually passed	2026-10-07T02:46:49.7878788Z       "sha": "b568bfdddd8b106799428ce81451b406ffe9860b",
all-pg-fixture-comparison	Require every command actually passed	2026-10-07T02:46:49.7879116Z       "run_id": "37563300572",
all-pg-fixture-comparison	Require every command actually passed	2026-10-07T02:46:49.7879365Z       "run_attempt": "1"
all-pg-fixture-comparison	Require every command actually passed	2026-10-07T02:46:49.7879582Z     },
all-pg-fixture-comparison	Require every command actually passed	2026-10-07T02:46:49.7879757Z     {
all-pg-fixture-comparison	Require every command actually passed	2026-10-07T02:46:49.7879944Z       "id": "mypy",
all-pg-fixture-comparison	Require every command actually passed	2026-10-07T02:46:49.7880168Z       "name": "Mypy",
all-pg-fixture-comparison	Require every command actually passed	2026-10-07T02:46:49.7880392Z       "command": "mypy .",
all-pg-fixture-comparison	Require every command actually passed	2026-10-07T02:46:49.7880663Z       "working_directory": "backend",
all-pg-fixture-comparison	Require every command actually passed	2026-10-07T02:46:49.7881143Z       "command_sha256": "779e518417ee16aeb9f097623088a6cdc7b060a9dc1fb05152f8a0de69d1628a",
all-pg-fixture-comparison	Require every command actually passed	2026-10-07T02:46:49.7881766Z       "exit_code": 0,
all-pg-fixture-comparison	Require every command actually passed	2026-10-07T02:46:49.7882024Z       "started_epoch": 1791341038.1526165,
all-pg-fixture-comparison	Require every command actually passed	2026-10-07T02:46:49.7882333Z       "completed_epoch": 1791341058.7546208,
all-pg-fixture-comparison	Require every command actually passed	2026-10-07T02:46:49.7882683Z       "sha": "b568bfdddd8b106799428ce81451b406ffe9860b",
all-pg-fixture-comparison	Require every command actually passed	2026-10-07T02:46:49.7883007Z       "run_id": "37563300572",
all-pg-fixture-comparison	Require every command actually passed	2026-10-07T02:46:49.7883244Z       "run_attempt": "1"
all-pg-fixture-comparison	Require every command actually passed	2026-10-07T02:46:49.7883463Z     },
all-pg-fixture-comparison	Require every command actually passed	2026-10-07T02:46:49.7883636Z     {
all-pg-fixture-comparison	Require every command actually passed	2026-10-07T02:46:49.7883829Z       "id": "release-pg-5",
all-pg-fixture-comparison	Require every command actually passed	2026-10-07T02:46:49.7884196Z       "exit_code": 0,
all-pg-fixture-comparison	Require every command actually passed	2026-10-07T02:46:49.7884404Z       "command": [
all-pg-fixture-comparison	Require every command actually passed	2026-10-07T02:46:49.7884608Z         "python",
all-pg-fixture-comparison	Require every command actually passed	2026-10-07T02:46:49.7884875Z         "../scripts/ci/run_isolated_pytest.py",
all-pg-fixture-comparison	Require every command actually passed	2026-10-07T02:46:49.7885160Z         "-n",
all-pg-fixture-comparison	Require every command actually passed	2026-10-07T02:46:49.7885354Z         "0",
all-pg-fixture-comparison	Require every command actually passed	2026-10-07T02:46:49.7885539Z         "-q",
all-pg-fixture-comparison	Require every command actually passed	2026-10-07T02:46:49.7886243Z         "tests/test_fbs_supply_assembly.py::test_fbs_supply_add_order_concurrent_race",
all-pg-fixture-comparison	Require every command actually passed	2026-10-07T02:46:49.7886900Z         "tests/test_fbs_picking.py::test_fbs_pick_concurrent_same_order_allocation_one_success",
all-pg-fixture-comparison	Require every command actually passed	2026-10-07T02:46:49.7887507Z         "tests/test_fbs_picking.py::test_fbs_pick_sorting_last_unit_is_atomic",
all-pg-fixture-comparison	Require every command actually passed	2026-10-07T02:46:49.7888119Z         "tests/test_wms514_scan_auto_print.py::test_concurrent_replay_returns_one_scan_selection",
all-pg-fixture-comparison	Require every command actually passed	2026-10-07T02:46:49.7888805Z         "tests/test_wms514_scan_auto_print.py::test_concurrent_distinct_scans_select_distinct_units",
all-pg-fixture-comparison	Require every command actually passed	2026-10-07T02:46:49.7889515Z         "tests/test_wms514_scan_auto_print.py::test_concurrent_atomic_reprint_recovery_claims_only_once",
all-pg-fixture-comparison	Require every command actually passed	2026-10-07T02:46:49.7890339Z         "-o",
all-pg-fixture-comparison	Require every command actually passed	2026-10-07T02:46:49.7890621Z         "asyncio_default_fixture_loop_scope=session",
all-pg-fixture-comparison	Require every command actually passed	2026-10-07T02:46:49.7891046Z         "-o",
all-pg-fixture-comparison	Require every command actually passed	2026-10-07T02:46:49.7891308Z         "asyncio_default_test_loop_scope=session",
all-pg-fixture-comparison	Require every command actually passed	2026-10-07T02:46:49.7891774Z         "--junitxml=/home/runner/work/_temp/release-postgres/fbs-concurrency.xml"
all-pg-fixture-comparison	Require every command actually passed	2026-10-07T02:46:49.7892181Z       ],
all-pg-fixture-comparison	Require every command actually passed	2026-10-07T02:46:49.7892449Z       "sha": "b568bfdddd8b106799428ce81451b406ffe9860b",
all-pg-fixture-comparison	Require every command actually passed	2026-10-07T02:46:49.7892779Z       "run_id": "37563300572",
all-pg-fixture-comparison	Require every command actually passed	2026-10-07T02:46:49.7893035Z       "run_attempt": "1"
all-pg-fixture-comparison	Require every command actually passed	2026-10-07T02:46:49.7893250Z     },
all-pg-fixture-comparison	Require every command actually passed	2026-10-07T02:46:49.7893427Z     {
all-pg-fixture-comparison	Require every command actually passed	2026-10-07T02:46:49.7893622Z       "id": "command07",
all-pg-fixture-comparison	Require every command actually passed	2026-10-07T02:46:49.7893968Z       "name": "WMS-675 real incident recovery on isolated PostgreSQL",
all-pg-fixture-comparison	Require every command actually passed	2026-10-07T02:46:49.7896878Z       "command": "# Keep the frozen Docker-aware database identity guard and bind the\n# service alias only to this runner's published loopback port.\necho '127.0.0.1 postgres' | sudo tee -a /etc/hosts\npython -c \"import socket; assert set(socket.gethostbyname_ex('postgres')[2]) == {'127.0.0.1'}\"\npython -c \"import psycopg; c = psycopg.connect('***127.0.0.1:5432/postgres', autocommit=True); c.execute('CREATE DATABASE wms_test_675_incident'); c.close()\"\npytest -n 0 -q -s tests/test_wms675_recovery_scenario.py --junitxml=\"$RUNNER_TEMP/release-postgres/675.xml\"\n",
all-pg-fixture-comparison	Require every command actually passed	2026-10-07T02:46:49.7898937Z       "working_directory": "backend",
all-pg-fixture-comparison	Require every command actually passed	2026-10-07T02:46:49.7899428Z       "command_sha256": "22c6bb534182bcb9f2d996efc201723036952069e7143d541a6ef61a5aa3124e",
all-pg-fixture-comparison	Require every command actually passed	2026-10-07T02:46:49.7899871Z       "exit_code": 0,
all-pg-fixture-comparison	Require every command actually passed	2026-10-07T02:46:49.7900133Z       "started_epoch": 1791341191.3798382,
all-pg-fixture-comparison	Require every command actually passed	2026-10-07T02:46:49.7900464Z       "completed_epoch": 1791341201.9717069,
all-pg-fixture-comparison	Require every command actually passed	2026-10-07T02:46:49.7900823Z       "sha": "b568bfdddd8b106799428ce81451b406ffe9860b",
all-pg-fixture-comparison	Require every command actually passed	2026-10-07T02:46:49.7901154Z       "run_id": "37563300572",
all-pg-fixture-comparison	Require every command actually passed	2026-10-07T02:46:49.7901406Z       "run_attempt": "1"
all-pg-fixture-comparison	Require every command actually passed	2026-10-07T02:46:49.7901630Z     },
all-pg-fixture-comparison	Require every command actually passed	2026-10-07T02:46:49.7901807Z     {
all-pg-fixture-comparison	Require every command actually passed	2026-10-07T02:46:49.7901997Z       "id": "command03",
all-pg-fixture-comparison	Require every command actually passed	2026-10-07T02:46:49.7902336Z       "name": "PostgreSQL locks and immutable migration guards",
all-pg-fixture-comparison	Require every command actually passed	2026-10-07T02:46:49.7903425Z       "command": "pytest -n 0 -m postgresql_concurrency tests/test_withdrawal_ledger.py tests/test_wb_order_price_snapshot.py tests/test_withdrawal_readiness.py --junitxml=\"$RUNNER_TEMP/release-postgres/517-withdrawal.xml\"",
all-pg-fixture-comparison	Require every command actually passed	2026-10-07T02:46:49.7904524Z       "working_directory": "backend",
all-pg-fixture-comparison	Require every command actually passed	2026-10-07T02:46:49.7905008Z       "command_sha256": "84fc8dde562c28e060ff9c3b3f05e21981adf73d74d8bafb125c29244229ba3f",
all-pg-fixture-comparison	Require every command actually passed	2026-10-07T02:46:49.7905450Z       "exit_code": 0,
all-pg-fixture-comparison	Require every command actually passed	2026-10-07T02:46:49.7905985Z       "started_epoch": 1791341099.5922334,
all-pg-fixture-comparison	Require every command actually passed	2026-10-07T02:46:49.7906323Z       "completed_epoch": 1791341108.8729982,
all-pg-fixture-comparison	Require every command actually passed	2026-10-07T02:46:49.7906677Z       "sha": "b568bfdddd8b106799428ce81451b406ffe9860b",
all-pg-fixture-comparison	Require every command actually passed	2026-10-07T02:46:49.7907020Z       "run_id": "37563300572",
all-pg-fixture-comparison	Require every command actually passed	2026-10-07T02:46:49.7907436Z       "run_attempt": "1"
all-pg-fixture-comparison	Require every command actually passed	2026-10-07T02:46:49.7907656Z     },
all-pg-fixture-comparison	Require every command actually passed	2026-10-07T02:46:49.7907841Z     {
all-pg-fixture-comparison	Require every command actually passed	2026-10-07T02:46:49.7908043Z       "id": "release-pg-1",
all-pg-fixture-comparison	Require every command actually passed	2026-10-07T02:46:49.7908286Z       "exit_code": 0,
all-pg-fixture-comparison	Require every command actually passed	2026-10-07T02:46:49.7908498Z       "command": [
all-pg-fixture-comparison	Require every command actually passed	2026-10-07T02:46:49.7908707Z         "pytest",
all-pg-fixture-comparison	Require every command actually passed	2026-10-07T02:46:49.7908909Z         "-n",
all-pg-fixture-comparison	Require every command actually passed	2026-10-07T02:46:49.7909099Z         "0",
all-pg-fixture-comparison	Require every command actually passed	2026-10-07T02:46:49.7909295Z         "-q",
all-pg-fixture-comparison	Require every command actually passed	2026-10-07T02:46:49.7909537Z         "tests/test_wms662_postgres.py",
all-pg-fixture-comparison	Require every command actually passed	2026-10-07T02:46:49.7909941Z         "--junitxml=/home/runner/work/_temp/release-postgres/662.xml"
all-pg-fixture-comparison	Require every command actually passed	2026-10-07T02:46:49.7910307Z       ],
all-pg-fixture-comparison	Require every command actually passed	2026-10-07T02:46:49.7910570Z       "sha": "b568bfdddd8b106799428ce81451b406ffe9860b",
all-pg-fixture-comparison	Require every command actually passed	2026-10-07T02:46:49.7910897Z       "run_id": "37563300572",
all-pg-fixture-comparison	Require every command actually passed	2026-10-07T02:46:49.7911146Z       "run_attempt": "1"
all-pg-fixture-comparison	Require every command actually passed	2026-10-07T02:46:49.7911365Z     },
all-pg-fixture-comparison	Require every command actually passed	2026-10-07T02:46:49.7911544Z     {
all-pg-fixture-comparison	Require every command actually passed	2026-10-07T02:46:49.7911733Z       "id": "command04",
all-pg-fixture-comparison	Require every command actually passed	2026-10-07T02:46:49.7912071Z       "name": "PostgreSQL locks and immutable migration guards",
all-pg-fixture-comparison	Require every command actually passed	2026-10-07T02:46:49.7912748Z       "command": "pytest -n 0 tests/test_wms659_bulk_inbound_boxes.py::test_wms659_c7_same_mutation_is_concurrent_safe",
all-pg-fixture-comparison	Require every command actually passed	2026-10-07T02:46:49.7913310Z       "working_directory": "backend",
all-pg-fixture-comparison	Require every command actually passed	2026-10-07T02:46:49.7913791Z       "command_sha256": "3cd504270e8d0e68438021db15cdb375d4fee9e37a14a0b2a32257868eb37f52",
all-pg-fixture-comparison	Require every command actually passed	2026-10-07T02:46:49.7914233Z       "exit_code": 0,
all-pg-fixture-comparison	Require every command actually passed	2026-10-07T02:46:49.7914491Z       "started_epoch": 1791341108.928308,
all-pg-fixture-comparison	Require every command actually passed	2026-10-07T02:46:49.7914817Z       "completed_epoch": 1791341116.8688264,
all-pg-fixture-comparison	Require every command actually passed	2026-10-07T02:46:49.7915170Z       "sha": "b568bfdddd8b106799428ce81451b406ffe9860b",
all-pg-fixture-comparison	Require every command actually passed	2026-10-07T02:46:49.7915500Z       "run_id": "37563300572",
all-pg-fixture-comparison	Require every command actually passed	2026-10-07T02:46:49.7915972Z       "run_attempt": "1"
all-pg-fixture-comparison	Require every command actually passed	2026-10-07T02:46:49.7916196Z     },
all-pg-fixture-comparison	Require every command actually passed	2026-10-07T02:46:49.7916372Z     {
all-pg-fixture-comparison	Require every command actually passed	2026-10-07T02:46:49.7916570Z       "id": "command09",
all-pg-fixture-comparison	Require every command actually passed	2026-10-07T02:46:49.7916936Z       "name": "Printer receipt persistence and unknown-outcome recovery",
all-pg-fixture-comparison	Require every command actually passed	2026-10-07T02:46:49.7918075Z       "command": "python -m pytest -q tools/print-agent/test_wms_print_direct.py tools/print-agent/test_wms_print_runtime.py -k 'not test_windows_cmd_synthetic_queue_receipt' --junitxml=\"$RUNNER_TEMP/native-print.xml\"",
all-pg-fixture-comparison	Require every command actually passed	2026-10-07T02:46:49.7918983Z       "working_directory": ".",
all-pg-fixture-comparison	Require every command actually passed	2026-10-07T02:46:49.7919446Z       "command_sha256": "5ea616bac31100fa3a741ae5fd7d7d94df55094dabf115117d2bd774cb912f7a",
all-pg-fixture-comparison	Require every command actually passed	2026-10-07T02:46:49.7919888Z       "exit_code": 0,
all-pg-fixture-comparison	Require every command actually passed	2026-10-07T02:46:49.7920144Z       "started_epoch": 1791341207.704775,
all-pg-fixture-comparison	Require every command actually passed	2026-10-07T02:46:49.7920457Z       "completed_epoch": 1791341208.4696298,
all-pg-fixture-comparison	Require every command actually passed	2026-10-07T02:46:49.7920808Z       "sha": "b568bfdddd8b106799428ce81451b406ffe9860b",
all-pg-fixture-comparison	Require every command actually passed	2026-10-07T02:46:49.7921146Z       "run_id": "37563300572",
all-pg-fixture-comparison	Require every command actually passed	2026-10-07T02:46:49.7921390Z       "run_attempt": "1"
all-pg-fixture-comparison	Require every command actually passed	2026-10-07T02:46:49.7921606Z     }
all-pg-fixture-comparison	Require every command actually passed	2026-10-07T02:46:49.7921788Z   ]
all-pg-fixture-comparison	Require every command actually passed	2026-10-07T02:46:49.7921965Z }
all-pg-fixture-comparison	Post Run actions/setup-node@v4	﻿2026-10-07T02:46:49.7998290Z Post job cleanup.
all-pg-fixture-comparison	Post Run actions/setup-node@v4	2026-10-07T02:46:49.9281080Z (node:6682) [DEP0040] DeprecationWarning: The `punycode` module is deprecated. Please use a userland alternative instead.
all-pg-fixture-comparison	Post Run actions/setup-node@v4	2026-10-07T02:46:49.9282293Z (Use `node --trace-deprecation ...` to show where the warning was created)
all-pg-fixture-comparison	Post Run actions/setup-node@v4	2026-10-07T02:46:49.9507186Z [command]/usr/bin/tar --posix -cf cache.tzst --exclude cache.tzst -P -C /home/runner/work/WMS/WMS --files-from manifest.txt --use-compress-program zstdmt
all-pg-fixture-comparison	Post Run actions/setup-node@v4	2026-10-07T02:46:50.4148007Z (node:6682) [DEP0169] DeprecationWarning: `url.parse()` behavior is not standardized and prone to errors that have security implications. Use the WHATWG URL API instead. CVEs are not issued for `url.parse()` vulnerabilities.
all-pg-fixture-comparison	Post Run actions/setup-node@v4	2026-10-07T02:46:51.4050829Z Sent 39518208 of 75460422 (52.4%), 37.7 MBs/sec
all-pg-fixture-comparison	Post Run actions/setup-node@v4	2026-10-07T02:46:52.0641236Z Sent 75460422 of 75460422 (100.0%), 43.4 MBs/sec
all-pg-fixture-comparison	Post Run actions/setup-node@v4	2026-10-07T02:46:52.3284063Z Cache saved with the key: node-cache-Linux-x64-npm-85763e8c3cd51fb20d591991ef5fa0a023b0d9aaf6756079ffb1291716056b32
all-pg-fixture-comparison	Post Run actions/setup-python@v5	﻿2026-10-07T02:46:52.3438390Z Post job cleanup.
all-pg-fixture-comparison	Post Run actions/setup-python@v5	2026-10-07T02:46:52.4749959Z (node:6702) [DEP0040] DeprecationWarning: The `punycode` module is deprecated. Please use a userland alternative instead.
all-pg-fixture-comparison	Post Run actions/setup-python@v5	2026-10-07T02:46:52.4751503Z (Use `node --trace-deprecation ...` to show where the warning was created)
all-pg-fixture-comparison	Post Run actions/setup-python@v5	2026-10-07T02:46:52.5015207Z [command]/usr/bin/tar --posix -cf cache.tzst --exclude cache.tzst -P -C /home/runner/work/WMS/WMS --files-from manifest.txt --use-compress-program zstdmt
all-pg-fixture-comparison	Post Run actions/setup-python@v5	2026-10-07T02:46:52.9970224Z (node:6702) [DEP0169] DeprecationWarning: `url.parse()` behavior is not standardized and prone to errors that have security implications. Use the WHATWG URL API instead. CVEs are not issued for `url.parse()` vulnerabilities.
all-pg-fixture-comparison	Post Run actions/setup-python@v5	2026-10-07T02:46:53.9890218Z Sent 36503552 of 120287355 (30.3%), 34.8 MBs/sec
all-pg-fixture-comparison	Post Run actions/setup-python@v5	2026-10-07T02:46:54.9890854Z Sent 109182976 of 120287355 (90.8%), 52.0 MBs/sec
all-pg-fixture-comparison	Post Run actions/setup-python@v5	2026-10-07T02:46:55.6574780Z Sent 120287355 of 120287355 (100.0%), 43.0 MBs/sec
all-pg-fixture-comparison	Post Run actions/setup-python@v5	2026-10-07T02:46:55.8844727Z Cache saved with the key: setup-python-Linux-x64-24.04-Ubuntu-python-3.11.16-pip-b895c9babfda1d10249511c619da3d95ed37f7d44247c5dff5f74d855af284be
all-pg-fixture-comparison	Post Run actions/checkout@v4	﻿2026-10-07T02:46:55.9053812Z Post job cleanup.
all-pg-fixture-comparison	Post Run actions/checkout@v4	2026-10-07T02:46:55.9957993Z [command]/usr/bin/git version
all-pg-fixture-comparison	Post Run actions/checkout@v4	2026-10-07T02:46:56.0004363Z git version 2.55.0
all-pg-fixture-comparison	Post Run actions/checkout@v4	2026-10-07T02:46:56.0050454Z Temporarily overriding HOME='/home/runner/work/_temp/aa9b8d7d-7603-4ce1-a966-69e723d3d74b' before making global git config changes
all-pg-fixture-comparison	Post Run actions/checkout@v4	2026-10-07T02:46:56.0052035Z Adding repository directory to the temporary git global config as a safe directory
all-pg-fixture-comparison	Post Run actions/checkout@v4	2026-10-07T02:46:56.0057237Z [command]/usr/bin/git config --global --add safe.directory /home/runner/work/WMS/WMS
all-pg-fixture-comparison	Post Run actions/checkout@v4	2026-10-07T02:46:56.0098729Z [command]/usr/bin/git config --local --name-only --get-regexp core\.sshCommand
all-pg-fixture-comparison	Post Run actions/checkout@v4	2026-10-07T02:46:56.0139145Z [command]/usr/bin/git submodule foreach --recursive sh -c "git config --local --name-only --get-regexp 'core\.sshCommand' && git config --local --unset-all 'core.sshCommand' || :"
all-pg-fixture-comparison	Post Run actions/checkout@v4	2026-10-07T02:46:56.0416888Z [command]/usr/bin/git config --local --name-only --get-regexp http\.https\:\/\/github\.com\/\.extraheader
all-pg-fixture-comparison	Post Run actions/checkout@v4	2026-10-07T02:46:56.0450167Z http.https://github.com/.extraheader
all-pg-fixture-comparison	Post Run actions/checkout@v4	2026-10-07T02:46:56.0461990Z [command]/usr/bin/git config --local --unset-all http.https://github.com/.extraheader
all-pg-fixture-comparison	Post Run actions/checkout@v4	2026-10-07T02:46:56.0500209Z [command]/usr/bin/git submodule foreach --recursive sh -c "git config --local --name-only --get-regexp 'http\.https\:\/\/github\.com\/\.extraheader' && git config --local --unset-all 'http.https://github.com/.extraheader' || :"
all-pg-fixture-comparison	Post Run actions/checkout@v4	2026-10-07T02:46:56.0774699Z [command]/usr/bin/git config --local --name-only --get-regexp ^includeIf\.gitdir:
all-pg-fixture-comparison	Post Run actions/checkout@v4	2026-10-07T02:46:56.0822223Z [command]/usr/bin/git submodule foreach --recursive git config --local --show-origin --name-only --get-regexp remote.origin.url
all-pg-fixture-comparison	Stop containers	﻿2026-10-07T02:46:56.1207792Z Print service container logs: 603a6255e12a4253bf672bcb38b3b700_postgres16_5b1c79
all-pg-fixture-comparison	Stop containers	2026-10-07T02:46:56.1212530Z ##[command]/usr/bin/docker logs --details 36314926c30139dd3fc8943672a29a70da0ab77d66688f02479aacdeabc1dfdc
all-pg-fixture-comparison	Stop containers	2026-10-07T02:46:56.1344951Z  The files belonging to this database system will be owned by user "postgres".
all-pg-fixture-comparison	Stop containers	2026-10-07T02:46:56.1346061Z  This user must also own the server process.
all-pg-fixture-comparison	Stop containers	2026-10-07T02:46:56.1348681Z  initdb: warning: enabling "trust" authentication for local connections
all-pg-fixture-comparison	Stop containers	2026-10-07T02:46:56.1350100Z  initdb: hint: You can change this by editing pg_hba.conf or using the option -A, or --auth-local and --auth-host, the next time you run initdb.
all-pg-fixture-comparison	Stop containers	2026-10-07T02:46:56.1351494Z  
all-pg-fixture-comparison	Stop containers	2026-10-07T02:46:56.1352196Z  2026-10-07 02:43:15.556 UTC [1] LOG:  starting PostgreSQL 16.15 (Debian 16.15-1.pgdg13+2) on x86_64-pc-linux-gnu, compiled by gcc (Debian 14.2.0-19) 14.2.0, 64-bit
all-pg-fixture-comparison	Stop containers	2026-10-07T02:46:56.1353064Z  2026-10-07 02:43:15.556 UTC [1] LOG:  listening on IPv4 address "0.0.0.0", port 5432
all-pg-fixture-comparison	Stop containers	2026-10-07T02:46:56.1353662Z  2026-10-07 02:43:15.556 UTC [1] LOG:  listening on IPv6 address "::", port 5432
all-pg-fixture-comparison	Stop containers	2026-10-07T02:46:56.1354279Z  2026-10-07 02:43:15.557 UTC [1] LOG:  listening on Unix socket "/var/run/postgresql/.s.PGSQL.5432"
all-pg-fixture-comparison	Stop containers	2026-10-07T02:46:56.1354948Z  2026-10-07 02:43:15.560 UTC [64] LOG:  database system was shut down at 2026-10-07 02:43:15 UTC
all-pg-fixture-comparison	Stop containers	2026-10-07T02:46:56.1355787Z  2026-10-07 02:43:15.563 UTC [1] LOG:  database system is ready to accept connections
all-pg-fixture-comparison	Stop containers	2026-10-07T02:46:56.1356398Z  2026-10-07 02:45:07.216 UTC [251] ERROR:  withdrawal_observation_is_immutable
all-pg-fixture-comparison	Stop containers	2026-10-07T02:46:56.1357056Z  2026-10-07 02:45:07.216 UTC [251] CONTEXT:  PL/pgSQL function protect_withdrawal_observation() line 3 at RAISE
all-pg-fixture-comparison	Stop containers	2026-10-07T02:46:56.1357889Z  2026-10-07 02:45:07.216 UTC [251] STATEMENT:  UPDATE withdrawal_observations SET response_body = decode('00','hex')
all-pg-fixture-comparison	Stop containers	2026-10-07T02:46:56.1358594Z  2026-10-07 02:45:07.218 UTC [251] ERROR:  withdrawal_observation_is_immutable
all-pg-fixture-comparison	Stop containers	2026-10-07T02:46:56.1359240Z  2026-10-07 02:45:07.218 UTC [251] CONTEXT:  PL/pgSQL function protect_withdrawal_observation() line 3 at RAISE
all-pg-fixture-comparison	Stop containers	2026-10-07T02:46:56.1359915Z  2026-10-07 02:45:07.218 UTC [251] STATEMENT:  UPDATE withdrawal_observations SET incident = 'changed'
all-pg-fixture-comparison	Stop containers	2026-10-07T02:46:56.1360485Z  2026-10-07 02:45:07.219 UTC [251] ERROR:  withdrawal_observation_is_immutable
all-pg-fixture-comparison	Stop containers	2026-10-07T02:46:56.1361054Z  2026-10-07 02:45:07.219 UTC [251] CONTEXT:  PL/pgSQL function protect_withdrawal_observation() line 3 at RAISE
all-pg-fixture-comparison	Stop containers	2026-10-07T02:46:56.1362020Z  2026-10-07 02:45:07.219 UTC [251] STATEMENT:  DELETE FROM withdrawal_observations
all-pg-fixture-comparison	Stop containers	2026-10-07T02:46:56.1363355Z  2026-10-07 02:45:15.361 UTC [261] ERROR:  duplicate key value violates unique constraint "uq_document_event_tenant_idempotency"
all-pg-fixture-comparison	Stop containers	2026-10-07T02:46:56.1364811Z  2026-10-07 02:45:15.361 UTC [261] DETAIL:  Key (tenant_id, idempotency_key)=(075bacd7-9e3e-41a9-b827-ac2803b35d09, inbound:box_batch_create:3b23d538-345b-4d74-9e63-28c8d21fca37) already exists.
all-pg-fixture-comparison	Stop containers	2026-10-07T02:46:56.1367173Z  2026-10-07 02:45:15.361 UTC [261] STATEMENT:  INSERT INTO document_event (id, tenant_id, document_type, document_id, event_type, actor_user_id, source, occurred_at, qty, product_id, payload_json, idempotency_key, created_at) VALUES ($1::UUID, $2::UUID, $3::VARCHAR, $4::UUID, $5::VARCHAR, $6::UUID, $7::VARCHAR, $8::TIMESTAMP WITH TIME ZONE, $9::INTEGER, $10::UUID, $11::JSONB, $12::VARCHAR, $13::TIMESTAMP WITH TIME ZONE)
all-pg-fixture-comparison	Stop containers	2026-10-07T02:46:56.1368976Z  2026-10-07 02:45:59.687 UTC [346] ERROR:  duplicate key value violates unique constraint "uq_fbs_warehouse_bindings_seller_marketplace_wb_warehouse"
all-pg-fixture-comparison	Stop containers	2026-10-07T02:46:56.1369927Z  2026-10-07 02:45:59.687 UTC [346] DETAIL:  Key (seller_id, marketplace, wb_warehouse_id)=(88d5584c-7a55-4c5c-91d1-302e0084629d, wb, 501002) already exists.
all-pg-fixture-comparison	Stop containers	2026-10-07T02:46:56.1372080Z  2026-10-07 02:45:59.687 UTC [346] STATEMENT:  INSERT INTO fbs_warehouse_bindings (id, tenant_id, seller_id, marketplace, external_warehouse_id, wb_warehouse_id, wms_warehouse_id, is_active, stock_sync_enabled, served, lease_until, last_sync_status, last_sync_at, last_error_code) VALUES ($1::UUID, $2::UUID, $3::UUID, $4::VARCHAR, $5::VARCHAR, $6::BIGINT, $7::UUID, $8, $9, $10, $11::TIMESTAMP WITH TIME ZONE, $12::VARCHAR, $13::TIMESTAMP WITH TIME ZONE, $14::VARCHAR) RETURNING fbs_warehouse_bindings.created_at, fbs_warehouse_bindings.updated_at
all-pg-fixture-comparison	Stop containers	2026-10-07T02:46:56.1374242Z  The database cluster will be initialized with locale "en_US.utf8".
all-pg-fixture-comparison	Stop containers	2026-10-07T02:46:56.1374710Z  The default database encoding has accordingly been set to "UTF8".
all-pg-fixture-comparison	Stop containers	2026-10-07T02:46:56.1375151Z  The default text search configuration will be set to "english".
all-pg-fixture-comparison	Stop containers	2026-10-07T02:46:56.1375495Z  
all-pg-fixture-comparison	Stop containers	2026-10-07T02:46:56.1375973Z  Data page checksums are disabled.
all-pg-fixture-comparison	Stop containers	2026-10-07T02:46:56.1376383Z  
all-pg-fixture-comparison	Stop containers	2026-10-07T02:46:56.1376694Z  fixing permissions on existing directory /var/lib/postgresql/data ... ok
all-pg-fixture-comparison	Stop containers	2026-10-07T02:46:56.1377098Z  creating subdirectories ... ok
all-pg-fixture-comparison	Stop containers	2026-10-07T02:46:56.1377429Z  selecting dynamic shared memory implementation ... posix
all-pg-fixture-comparison	Stop containers	2026-10-07T02:46:56.1377793Z  selecting default max_connections ... 100
all-pg-fixture-comparison	Stop containers	2026-10-07T02:46:56.1378108Z  selecting default shared_buffers ... 128MB
all-pg-fixture-comparison	Stop containers	2026-10-07T02:46:56.1378415Z  selecting default time zone ... Etc/UTC
all-pg-fixture-comparison	Stop containers	2026-10-07T02:46:56.1378715Z  creating configuration files ... ok
all-pg-fixture-comparison	Stop containers	2026-10-07T02:46:56.1379003Z  running bootstrap script ... ok
all-pg-fixture-comparison	Stop containers	2026-10-07T02:46:56.1379327Z  performing post-bootstrap initialization ... ok
all-pg-fixture-comparison	Stop containers	2026-10-07T02:46:56.1379664Z  syncing data to disk ... ok
all-pg-fixture-comparison	Stop containers	2026-10-07T02:46:56.1379907Z  
all-pg-fixture-comparison	Stop containers	2026-10-07T02:46:56.1380089Z  
all-pg-fixture-comparison	Stop containers	2026-10-07T02:46:56.1380325Z  Success. You can now start the database server using:
all-pg-fixture-comparison	Stop containers	2026-10-07T02:46:56.1380640Z  
all-pg-fixture-comparison	Stop containers	2026-10-07T02:46:56.1380883Z      pg_ctl -D /var/lib/postgresql/data -l logfile start
all-pg-fixture-comparison	Stop containers	2026-10-07T02:46:56.1381198Z  
all-pg-fixture-comparison	Stop containers	2026-10-07T02:46:56.1381857Z  waiting for server to start....2026-10-07 02:43:15.210 UTC [48] LOG:  starting PostgreSQL 16.15 (Debian 16.15-1.pgdg13+2) on x86_64-pc-linux-gnu, compiled by gcc (Debian 14.2.0-19) 14.2.0, 64-bit
all-pg-fixture-comparison	Stop containers	2026-10-07T02:46:56.1382789Z  2026-10-07 02:43:15.211 UTC [48] LOG:  listening on Unix socket "/var/run/postgresql/.s.PGSQL.5432"
all-pg-fixture-comparison	Stop containers	2026-10-07T02:46:56.1383396Z  2026-10-07 02:43:15.214 UTC [51] LOG:  database system was shut down at 2026-10-07 02:43:15 UTC
all-pg-fixture-comparison	Stop containers	2026-10-07T02:46:56.1383930Z  2026-10-07 02:43:15.219 UTC [48] LOG:  database system is ready to accept connections
all-pg-fixture-comparison	Stop containers	2026-10-07T02:46:56.1384321Z   done
all-pg-fixture-comparison	Stop containers	2026-10-07T02:46:56.1384518Z  server started
all-pg-fixture-comparison	Stop containers	2026-10-07T02:46:56.1384737Z  CREATE DATABASE
all-pg-fixture-comparison	Stop containers	2026-10-07T02:46:56.1384948Z  
all-pg-fixture-comparison	Stop containers	2026-10-07T02:46:56.1385124Z  
all-pg-fixture-comparison	Stop containers	2026-10-07T02:46:56.1385455Z  /usr/local/bin/docker-entrypoint.sh: ignoring /docker-entrypoint-initdb.d/*
all-pg-fixture-comparison	Stop containers	2026-10-07T02:46:56.1386125Z  
all-pg-fixture-comparison	Stop containers	2026-10-07T02:46:56.1386520Z  waiting for server to shut down....2026-10-07 02:43:15.432 UTC [48] LOG:  received fast shutdown request
all-pg-fixture-comparison	Stop containers	2026-10-07T02:46:56.1387081Z  2026-10-07 02:43:15.433 UTC [48] LOG:  aborting any active transactions
all-pg-fixture-comparison	Stop containers	2026-10-07T02:46:56.1387681Z  2026-10-07 02:43:15.435 UTC [48] LOG:  background worker "logical replication launcher" (PID 54) exited with exit code 1
all-pg-fixture-comparison	Stop containers	2026-10-07T02:46:56.1388245Z  2026-10-07 02:43:15.435 UTC [49] LOG:  shutting down
all-pg-fixture-comparison	Stop containers	2026-10-07T02:46:56.1388660Z  2026-10-07 02:43:15.436 UTC [49] LOG:  checkpoint starting: shutdown immediate
all-pg-fixture-comparison	Stop containers	2026-10-07T02:46:56.1389782Z  2026-10-07 02:43:15.454 UTC [49] LOG:  checkpoint complete: wrote 926 buffers (5.7%); 0 WAL file(s) added, 0 removed, 0 recycled; write=0.015 s, sync=0.002 s, total=0.019 s; sync files=301, longest=0.001 s, average=0.001 s; distance=4273 kB, estimate=4273 kB; lsn=0/191F0F0, redo lsn=0/191F0F0
all-pg-fixture-comparison	Stop containers	2026-10-07T02:46:56.1390863Z  2026-10-07 02:43:15.462 UTC [48] LOG:  database system is shut down
all-pg-fixture-comparison	Stop containers	2026-10-07T02:46:56.1391202Z   done
all-pg-fixture-comparison	Stop containers	2026-10-07T02:46:56.1391393Z  server stopped
all-pg-fixture-comparison	Stop containers	2026-10-07T02:46:56.1391602Z  
all-pg-fixture-comparison	Stop containers	2026-10-07T02:46:56.1391845Z  PostgreSQL init process complete; ready for start up.
all-pg-fixture-comparison	Stop containers	2026-10-07T02:46:56.1392163Z  
all-pg-fixture-comparison	Stop containers	2026-10-07T02:46:56.1398228Z Stop and remove container: 603a6255e12a4253bf672bcb38b3b700_postgres16_5b1c79
all-pg-fixture-comparison	Stop containers	2026-10-07T02:46:56.1403671Z ##[command]/usr/bin/docker rm --force 36314926c30139dd3fc8943672a29a70da0ab77d66688f02479aacdeabc1dfdc
all-pg-fixture-comparison	Stop containers	2026-10-07T02:46:56.2837667Z 36314926c30139dd3fc8943672a29a70da0ab77d66688f02479aacdeabc1dfdc
all-pg-fixture-comparison	Stop containers	2026-10-07T02:46:56.2859046Z Print service container logs: ee4f2eee821a44df9427facd1fffd70e_postgres16_49c882
all-pg-fixture-comparison	Stop containers	2026-10-07T02:46:56.2860597Z ##[command]/usr/bin/docker logs --details ad948950c578ff822d1b5da91d4fd65019bba131e090dc2faeee0e8ddabbceff
all-pg-fixture-comparison	Stop containers	2026-10-07T02:46:56.2989860Z  initdb: warning: enabling "trust" authentication for local connections
all-pg-fixture-comparison	Stop containers	2026-10-07T02:46:56.2991395Z  initdb: hint: You can change this by editing pg_hba.conf or using the option -A, or --auth-local and --auth-host, the next time you run initdb.
all-pg-fixture-comparison	Stop containers	2026-10-07T02:46:56.2993391Z  2026-10-07 02:43:16.386 UTC [1] LOG:  starting PostgreSQL 16.15 (Debian 16.15-1.pgdg13+2) on x86_64-pc-linux-gnu, compiled by gcc (Debian 14.2.0-19) 14.2.0, 64-bit
all-pg-fixture-comparison	Stop containers	2026-10-07T02:46:56.2995234Z  2026-10-07 02:43:16.387 UTC [1] LOG:  listening on IPv4 address "0.0.0.0", port 5432
all-pg-fixture-comparison	Stop containers	2026-10-07T02:46:56.2996442Z  2026-10-07 02:43:16.387 UTC [1] LOG:  listening on IPv6 address "::", port 5432
all-pg-fixture-comparison	Stop containers	2026-10-07T02:46:56.2997499Z  2026-10-07 02:43:16.388 UTC [1] LOG:  listening on Unix socket "/var/run/postgresql/.s.PGSQL.5432"
all-pg-fixture-comparison	Stop containers	2026-10-07T02:46:56.2998630Z  The files belonging to this database system will be owned by user "postgres".
all-pg-fixture-comparison	Stop containers	2026-10-07T02:46:56.2999742Z  2026-10-07 02:43:16.391 UTC [65] LOG:  database system was shut down at 2026-10-07 02:43:16 UTC
all-pg-fixture-comparison	Stop containers	2026-10-07T02:46:56.3000818Z  2026-10-07 02:43:16.396 UTC [1] LOG:  database system is ready to accept connections
all-pg-fixture-comparison	Stop containers	2026-10-07T02:46:56.3001722Z  This user must also own the server process.
all-pg-fixture-comparison	Stop containers	2026-10-07T02:46:56.3002259Z  
all-pg-fixture-comparison	Stop containers	2026-10-07T02:46:56.3002748Z  The database cluster will be initialized with locale "en_US.utf8".
all-pg-fixture-comparison	Stop containers	2026-10-07T02:46:56.3003551Z  The default database encoding has accordingly been set to "UTF8".
all-pg-fixture-comparison	Stop containers	2026-10-07T02:46:56.3004326Z  The default text search configuration will be set to "english".
all-pg-fixture-comparison	Stop containers	2026-10-07T02:46:56.3004929Z  
all-pg-fixture-comparison	Stop containers	2026-10-07T02:46:56.3005138Z  Data page checksums are disabled.
all-pg-fixture-comparison	Stop containers	2026-10-07T02:46:56.3005424Z  
all-pg-fixture-comparison	Stop containers	2026-10-07T02:46:56.3006112Z  fixing permissions on existing directory /var/lib/postgresql/data ... ok
all-pg-fixture-comparison	Stop containers	2026-10-07T02:46:56.3006697Z  creating subdirectories ... ok
all-pg-fixture-comparison	Stop containers	2026-10-07T02:46:56.3007036Z  selecting dynamic shared memory implementation ... posix
all-pg-fixture-comparison	Stop containers	2026-10-07T02:46:56.3007396Z  selecting default max_connections ... 100
all-pg-fixture-comparison	Stop containers	2026-10-07T02:46:56.3007713Z  selecting default shared_buffers ... 128MB
all-pg-fixture-comparison	Stop containers	2026-10-07T02:46:56.3008014Z  selecting default time zone ... Etc/UTC
all-pg-fixture-comparison	Stop containers	2026-10-07T02:46:56.3008312Z  creating configuration files ... ok
all-pg-fixture-comparison	Stop containers	2026-10-07T02:46:56.3008601Z  running bootstrap script ... ok
all-pg-fixture-comparison	Stop containers	2026-10-07T02:46:56.3009074Z  performing post-bootstrap initialization ... ok
all-pg-fixture-comparison	Stop containers	2026-10-07T02:46:56.3009435Z  syncing data to disk ... ok
all-pg-fixture-comparison	Stop containers	2026-10-07T02:46:56.3009671Z  
all-pg-fixture-comparison	Stop containers	2026-10-07T02:46:56.3009850Z  
all-pg-fixture-comparison	Stop containers	2026-10-07T02:46:56.3010188Z  Success. You can now start the database server using:
all-pg-fixture-comparison	Stop containers	2026-10-07T02:46:56.3010585Z  
all-pg-fixture-comparison	Stop containers	2026-10-07T02:46:56.3010837Z      pg_ctl -D /var/lib/postgresql/data -l logfile start
all-pg-fixture-comparison	Stop containers	2026-10-07T02:46:56.3011153Z  
all-pg-fixture-comparison	Stop containers	2026-10-07T02:46:56.3011834Z  waiting for server to start....2026-10-07 02:43:16.042 UTC [49] LOG:  starting PostgreSQL 16.15 (Debian 16.15-1.pgdg13+2) on x86_64-pc-linux-gnu, compiled by gcc (Debian 14.2.0-19) 14.2.0, 64-bit
all-pg-fixture-comparison	Stop containers	2026-10-07T02:46:56.3012784Z  2026-10-07 02:43:16.042 UTC [49] LOG:  listening on Unix socket "/var/run/postgresql/.s.PGSQL.5432"
all-pg-fixture-comparison	Stop containers	2026-10-07T02:46:56.3013399Z  2026-10-07 02:43:16.045 UTC [52] LOG:  database system was shut down at 2026-10-07 02:43:15 UTC
all-pg-fixture-comparison	Stop containers	2026-10-07T02:46:56.3013935Z  2026-10-07 02:43:16.051 UTC [49] LOG:  database system is ready to accept connections
all-pg-fixture-comparison	Stop containers	2026-10-07T02:46:56.3014324Z   done
all-pg-fixture-comparison	Stop containers	2026-10-07T02:46:56.3014522Z  server started
all-pg-fixture-comparison	Stop containers	2026-10-07T02:46:56.3014733Z  CREATE DATABASE
all-pg-fixture-comparison	Stop containers	2026-10-07T02:46:56.3014940Z  
all-pg-fixture-comparison	Stop containers	2026-10-07T02:46:56.3015119Z  
all-pg-fixture-comparison	Stop containers	2026-10-07T02:46:56.3015440Z  /usr/local/bin/docker-entrypoint.sh: ignoring /docker-entrypoint-initdb.d/*
all-pg-fixture-comparison	Stop containers	2026-10-07T02:46:56.3016080Z  
all-pg-fixture-comparison	Stop containers	2026-10-07T02:46:56.3016346Z  2026-10-07 02:43:16.263 UTC [49] LOG:  received fast shutdown request
all-pg-fixture-comparison	Stop containers	2026-10-07T02:46:56.3017138Z  waiting for server to shut down....2026-10-07 02:43:16.264 UTC [49] LOG:  aborting any active transactions
all-pg-fixture-comparison	Stop containers	2026-10-07T02:46:56.3017861Z  2026-10-07 02:43:16.268 UTC [49] LOG:  background worker "logical replication launcher" (PID 55) exited with exit code 1
all-pg-fixture-comparison	Stop containers	2026-10-07T02:46:56.3018420Z  2026-10-07 02:43:16.268 UTC [50] LOG:  shutting down
all-pg-fixture-comparison	Stop containers	2026-10-07T02:46:56.3018830Z  2026-10-07 02:43:16.269 UTC [50] LOG:  checkpoint starting: shutdown immediate
all-pg-fixture-comparison	Stop containers	2026-10-07T02:46:56.3019939Z  2026-10-07 02:43:16.288 UTC [50] LOG:  checkpoint complete: wrote 926 buffers (5.7%); 0 WAL file(s) added, 0 removed, 0 recycled; write=0.015 s, sync=0.003 s, total=0.020 s; sync files=301, longest=0.001 s, average=0.001 s; distance=4273 kB, estimate=4273 kB; lsn=0/191F0F8, redo lsn=0/191F0F8
all-pg-fixture-comparison	Stop containers	2026-10-07T02:46:56.3021155Z  2026-10-07 02:43:16.296 UTC [49] LOG:  database system is shut down
all-pg-fixture-comparison	Stop containers	2026-10-07T02:46:56.3021500Z   done
all-pg-fixture-comparison	Stop containers	2026-10-07T02:46:56.3021691Z  server stopped
all-pg-fixture-comparison	Stop containers	2026-10-07T02:46:56.3021901Z  
all-pg-fixture-comparison	Stop containers	2026-10-07T02:46:56.3022145Z  PostgreSQL init process complete; ready for start up.
all-pg-fixture-comparison	Stop containers	2026-10-07T02:46:56.3022461Z  
all-pg-fixture-comparison	Stop containers	2026-10-07T02:46:56.3023417Z Stop and remove container: ee4f2eee821a44df9427facd1fffd70e_postgres16_49c882
all-pg-fixture-comparison	Stop containers	2026-10-07T02:46:56.3024288Z ##[command]/usr/bin/docker rm --force ad948950c578ff822d1b5da91d4fd65019bba131e090dc2faeee0e8ddabbceff
all-pg-fixture-comparison	Stop containers	2026-10-07T02:46:56.4261546Z ad948950c578ff822d1b5da91d4fd65019bba131e090dc2faeee0e8ddabbceff
all-pg-fixture-comparison	Stop containers	2026-10-07T02:46:56.4277234Z Print service container logs: 47109326b72444b297425ab66c86b193_postgres16_d8a21b
all-pg-fixture-comparison	Stop containers	2026-10-07T02:46:56.4278122Z ##[command]/usr/bin/docker logs --details 52825c0fb7d72b3ec8ff16c6f4ee372e3ae7ba8b49ce78aac230c352a5a6e648
all-pg-fixture-comparison	Stop containers	2026-10-07T02:46:56.4412658Z  initdb: warning: enabling "trust" authentication for local connections
all-pg-fixture-comparison	Stop containers	2026-10-07T02:46:56.4414248Z  initdb: hint: You can change this by editing pg_hba.conf or using the option -A, or --auth-local and --auth-host, the next time you run initdb.
all-pg-fixture-comparison	Stop containers	2026-10-07T02:46:56.4415378Z  The files belonging to this database system will be owned by user "postgres".
all-pg-fixture-comparison	Stop containers	2026-10-07T02:46:56.4417029Z  2026-10-07 02:43:17.160 UTC [1] LOG:  starting PostgreSQL 16.15 (Debian 16.15-1.pgdg13+2) on x86_64-pc-linux-gnu, compiled by gcc (Debian 14.2.0-19) 14.2.0, 64-bit
all-pg-fixture-comparison	Stop containers	2026-10-07T02:46:56.4417992Z  2026-10-07 02:43:17.160 UTC [1] LOG:  listening on IPv4 address "0.0.0.0", port 5432
all-pg-fixture-comparison	Stop containers	2026-10-07T02:46:56.4418614Z  2026-10-07 02:43:17.160 UTC [1] LOG:  listening on IPv6 address "::", port 5432
all-pg-fixture-comparison	Stop containers	2026-10-07T02:46:56.4419293Z  2026-10-07 02:43:17.161 UTC [1] LOG:  listening on Unix socket "/var/run/postgresql/.s.PGSQL.5432"
all-pg-fixture-comparison	Stop containers	2026-10-07T02:46:56.4420009Z  2026-10-07 02:43:17.164 UTC [64] LOG:  database system was shut down at 2026-10-07 02:43:17 UTC
all-pg-fixture-comparison	Stop containers	2026-10-07T02:46:56.4420676Z  2026-10-07 02:43:17.169 UTC [1] LOG:  database system is ready to accept connections
all-pg-fixture-comparison	Stop containers	2026-10-07T02:46:56.4421194Z  This user must also own the server process.
all-pg-fixture-comparison	Stop containers	2026-10-07T02:46:56.4421540Z  
all-pg-fixture-comparison	Stop containers	2026-10-07T02:46:56.4421914Z  The database cluster will be initialized with locale "en_US.utf8".
all-pg-fixture-comparison	Stop containers	2026-10-07T02:46:56.4422475Z  The default database encoding has accordingly been set to "UTF8".
all-pg-fixture-comparison	Stop containers	2026-10-07T02:46:56.4423015Z  The default text search configuration will be set to "english".
all-pg-fixture-comparison	Stop containers	2026-10-07T02:46:56.4423435Z  
all-pg-fixture-comparison	Stop containers	2026-10-07T02:46:56.4423677Z  Data page checksums are disabled.
all-pg-fixture-comparison	Stop containers	2026-10-07T02:46:56.4423995Z  
all-pg-fixture-comparison	Stop containers	2026-10-07T02:46:56.4424361Z  fixing permissions on existing directory /var/lib/postgresql/data ... ok
all-pg-fixture-comparison	Stop containers	2026-10-07T02:46:56.4424855Z  creating subdirectories ... ok
all-pg-fixture-comparison	Stop containers	2026-10-07T02:46:56.4425187Z  selecting dynamic shared memory implementation ... posix
all-pg-fixture-comparison	Stop containers	2026-10-07T02:46:56.4425809Z  selecting default max_connections ... 100
all-pg-fixture-comparison	Stop containers	2026-10-07T02:46:56.4426183Z  selecting default shared_buffers ... 128MB
all-pg-fixture-comparison	Stop containers	2026-10-07T02:46:56.4426500Z  selecting default time zone ... Etc/UTC
all-pg-fixture-comparison	Stop containers	2026-10-07T02:46:56.4426802Z  creating configuration files ... ok
all-pg-fixture-comparison	Stop containers	2026-10-07T02:46:56.4427090Z  running bootstrap script ... ok
all-pg-fixture-comparison	Stop containers	2026-10-07T02:46:56.4427404Z  performing post-bootstrap initialization ... ok
all-pg-fixture-comparison	Stop containers	2026-10-07T02:46:56.4428096Z  syncing data to disk ... ok
all-pg-fixture-comparison	Stop containers	2026-10-07T02:46:56.4428336Z  
all-pg-fixture-comparison	Stop containers	2026-10-07T02:46:56.4428697Z  
all-pg-fixture-comparison	Stop containers	2026-10-07T02:46:56.4428988Z  Success. You can now start the database server using:
all-pg-fixture-comparison	Stop containers	2026-10-07T02:46:56.4429316Z  
all-pg-fixture-comparison	Stop containers	2026-10-07T02:46:56.4429565Z      pg_ctl -D /var/lib/postgresql/data -l logfile start
all-pg-fixture-comparison	Stop containers	2026-10-07T02:46:56.4430051Z  
all-pg-fixture-comparison	Stop containers	2026-10-07T02:46:56.4430729Z  waiting for server to start....2026-10-07 02:43:16.852 UTC [48] LOG:  starting PostgreSQL 16.15 (Debian 16.15-1.pgdg13+2) on x86_64-pc-linux-gnu, compiled by gcc (Debian 14.2.0-19) 14.2.0, 64-bit
all-pg-fixture-comparison	Stop containers	2026-10-07T02:46:56.4431654Z  2026-10-07 02:43:16.853 UTC [48] LOG:  listening on Unix socket "/var/run/postgresql/.s.PGSQL.5432"
all-pg-fixture-comparison	Stop containers	2026-10-07T02:46:56.4432457Z  2026-10-07 02:43:16.856 UTC [51] LOG:  database system was shut down at 2026-10-07 02:43:16 UTC
all-pg-fixture-comparison	Stop containers	2026-10-07T02:46:56.4432993Z  2026-10-07 02:43:16.859 UTC [48] LOG:  database system is ready to accept connections
all-pg-fixture-comparison	Stop containers	2026-10-07T02:46:56.4433388Z   done
all-pg-fixture-comparison	Stop containers	2026-10-07T02:46:56.4433584Z  server started
all-pg-fixture-comparison	Stop containers	2026-10-07T02:46:56.4433796Z  CREATE DATABASE
all-pg-fixture-comparison	Stop containers	2026-10-07T02:46:56.4434000Z  
all-pg-fixture-comparison	Stop containers	2026-10-07T02:46:56.4434173Z  
all-pg-fixture-comparison	Stop containers	2026-10-07T02:46:56.4434505Z  /usr/local/bin/docker-entrypoint.sh: ignoring /docker-entrypoint-initdb.d/*
all-pg-fixture-comparison	Stop containers	2026-10-07T02:46:56.4434915Z  
all-pg-fixture-comparison	Stop containers	2026-10-07T02:46:56.4435179Z  2026-10-07 02:43:17.039 UTC [48] LOG:  received fast shutdown request
all-pg-fixture-comparison	Stop containers	2026-10-07T02:46:56.4436223Z  waiting for server to shut down....2026-10-07 02:43:17.039 UTC [48] LOG:  aborting any active transactions
all-pg-fixture-comparison	Stop containers	2026-10-07T02:46:56.4437500Z  2026-10-07 02:43:17.041 UTC [48] LOG:  background worker "logical replication launcher" (PID 54) exited with exit code 1
all-pg-fixture-comparison	Stop containers	2026-10-07T02:46:56.4438468Z  2026-10-07 02:43:17.042 UTC [49] LOG:  shutting down
all-pg-fixture-comparison	Stop containers	2026-10-07T02:46:56.4439171Z  2026-10-07 02:43:17.043 UTC [49] LOG:  checkpoint starting: shutdown immediate
all-pg-fixture-comparison	Stop containers	2026-10-07T02:46:56.4441125Z  2026-10-07 02:43:17.060 UTC [49] LOG:  checkpoint complete: wrote 926 buffers (5.7%); 0 WAL file(s) added, 0 removed, 0 recycled; write=0.013 s, sync=0.004 s, total=0.018 s; sync files=301, longest=0.003 s, average=0.001 s; distance=4273 kB, estimate=4273 kB; lsn=0/191F0F8, redo lsn=0/191F0F8
all-pg-fixture-comparison	Stop containers	2026-10-07T02:46:56.4442902Z  2026-10-07 02:43:17.067 UTC [48] LOG:  database system is shut down
all-pg-fixture-comparison	Stop containers	2026-10-07T02:46:56.4443456Z   done
all-pg-fixture-comparison	Stop containers	2026-10-07T02:46:56.4443775Z  server stopped
all-pg-fixture-comparison	Stop containers	2026-10-07T02:46:56.4444115Z  
all-pg-fixture-comparison	Stop containers	2026-10-07T02:46:56.4444502Z  PostgreSQL init process complete; ready for start up.
all-pg-fixture-comparison	Stop containers	2026-10-07T02:46:56.4445018Z  
all-pg-fixture-comparison	Stop containers	2026-10-07T02:46:56.4452264Z Stop and remove container: 47109326b72444b297425ab66c86b193_postgres16_d8a21b
all-pg-fixture-comparison	Stop containers	2026-10-07T02:46:56.4453264Z ##[command]/usr/bin/docker rm --force 52825c0fb7d72b3ec8ff16c6f4ee372e3ae7ba8b49ce78aac230c352a5a6e648
all-pg-fixture-comparison	Stop containers	2026-10-07T02:46:56.5655482Z 52825c0fb7d72b3ec8ff16c6f4ee372e3ae7ba8b49ce78aac230c352a5a6e648
all-pg-fixture-comparison	Stop containers	2026-10-07T02:46:56.5683623Z Remove container network: github_network_972a0d84906f4df0a94f0778a3c99661
all-pg-fixture-comparison	Stop containers	2026-10-07T02:46:56.5688959Z ##[command]/usr/bin/docker network rm github_network_972a0d84906f4df0a94f0778a3c99661
all-pg-fixture-comparison	Stop containers	2026-10-07T02:46:56.6672516Z github_network_972a0d84906f4df0a94f0778a3c99661
all-pg-fixture-comparison	Complete job	﻿2026-10-07T02:46:56.6742624Z Cleaning up orphan processes
all-pg-fixture-comparison	Complete job	2026-10-07T02:46:56.7239174Z ##[warning]Node.js 20 is deprecated. The following actions target Node.js 20 but are being forced to run on Node.js 24: actions/checkout@v4, actions/setup-node@v4, actions/setup-python@v5, actions/upload-artifact@v4. For more information see: https://github.blog/changelog/2025-09-19-deprecation-of-node-20-on-github-actions-runners/
