2026-10-07T06:46:01.5323390Z Current runner version: '2.337.0'
2026-10-07T06:46:01.5339530Z ##[group]Runner Image Provisioner
2026-10-07T06:46:01.5340050Z Hosted Compute Agent
2026-10-07T06:46:01.5340420Z Version: 20260828.587
2026-10-07T06:46:01.5340820Z Commit: abac92662cab4cc7352de4f9f9d2e2419aad9c29
2026-10-07T06:46:01.5341290Z Build Date: 2026-08-28T16:44:25Z
2026-10-07T06:46:01.5341720Z Worker ID: {06898976-7542-4805-9b86-a8c0da752809}
2026-10-07T06:46:01.5342160Z Azure Region: westus
2026-10-07T06:46:01.5342520Z ##[endgroup]
2026-10-07T06:46:01.5343390Z ##[group]Operating System
2026-10-07T06:46:01.5343910Z macOS
2026-10-07T06:46:01.5344230Z 14.8.9
2026-10-07T06:46:01.5344540Z 23J631
2026-10-07T06:46:01.5344860Z ##[endgroup]
2026-10-07T06:46:01.5345200Z ##[group]Runner Image
2026-10-07T06:46:01.5345570Z Image: macos-14-arm64
2026-10-07T06:46:01.5345930Z Version: 20260831.0302.1
2026-10-07T06:46:01.5346750Z Included Software: https://github.com/actions/runner-images/blob/macos-14-arm64/20260831.0302/images/macos/macos-14-arm64-Readme.md
2026-10-07T06:46:01.5347750Z Image Release: https://github.com/actions/runner-images/releases/tag/macos-14-arm64%2F20260831.0302
2026-10-07T06:46:01.5348390Z ##[endgroup]
2026-10-07T06:46:01.5349120Z ##[group]GITHUB_TOKEN Permissions
2026-10-07T06:46:01.5350250Z Contents: read
2026-10-07T06:46:01.5350610Z Metadata: read
2026-10-07T06:46:01.5350970Z ##[endgroup]
2026-10-07T06:46:01.5352350Z Secret source: Actions
2026-10-07T06:46:01.5352920Z Cache mode: write
2026-10-07T06:46:01.5353350Z Prepare workflow directory
2026-10-07T06:46:01.5643820Z Prepare all required actions
2026-10-07T06:46:01.5678950Z Getting action download info
2026-10-07T06:46:01.7124360Z Download action repository 'actions/checkout@v4' (SHA:11d5960a326750d5838078e36cf38b85af677262)
2026-10-07T06:46:01.9846580Z Download action repository 'actions/setup-python@v5' (SHA:a26af69be951a213d495a4c3e4e4022e16d87065)
2026-10-07T06:46:02.0906810Z Download action repository 'actions/upload-artifact@v4' (SHA:ea165f8d65b6e75b540449e92b4886f43607fa02)
2026-10-07T06:46:02.2793450Z Complete job name: mac-direct-package (macos-14, arm64)
2026-10-07T06:46:02.3143240Z ##[group]Run test "$DISPATCH_REF" = refs/heads/codex/wms607-direct-updater-mac-package-20261007
2026-10-07T06:46:02.3144090Z [36;1mtest "$DISPATCH_REF" = refs/heads/codex/wms607-direct-updater-mac-package-20261007[0m
2026-10-07T06:46:02.3144680Z [36;1mtest "$DISPATCH_ATTEMPT" = 1[0m
2026-10-07T06:46:02.3145100Z [36;1m[[ "$REQUESTED_SOURCE" =~ ^[0-9a-f]{40}$ ]][0m
2026-10-07T06:46:02.3145650Z [36;1mtest "$REQUESTED_SOURCE" = a475a7342c0da72dd49b2990bd998c522ecc2c2b[0m
2026-10-07T06:46:02.3202520Z shell: /bin/bash -e {0}
2026-10-07T06:46:02.3203090Z env:
2026-10-07T06:46:02.3203490Z   REQUESTED_SOURCE: a475a7342c0da72dd49b2990bd998c522ecc2c2b
2026-10-07T06:46:02.3204100Z   DISPATCH_REF: refs/heads/codex/wms607-direct-updater-mac-package-20261007
2026-10-07T06:46:02.3204620Z   DISPATCH_ATTEMPT: 1
2026-10-07T06:46:02.3204930Z ##[endgroup]
2026-10-07T06:46:02.3657400Z ##[group]Run actions/checkout@v4
2026-10-07T06:46:02.3657870Z with:
2026-10-07T06:46:02.3658210Z   ref: a475a7342c0da72dd49b2990bd998c522ecc2c2b
2026-10-07T06:46:02.3658620Z   fetch-depth: 0
2026-10-07T06:46:02.3658940Z   persist-credentials: false
2026-10-07T06:46:02.3659430Z   repository: chivkunovd-bitdenis/WMS
2026-10-07T06:46:02.3662120Z   token: ***
2026-10-07T06:46:02.3662430Z   ssh-strict: true
2026-10-07T06:46:02.3662750Z   ssh-user: git
2026-10-07T06:46:02.3663080Z   clean: true
2026-10-07T06:46:02.3663400Z   sparse-checkout-cone-mode: true
2026-10-07T06:46:02.3663790Z   fetch-tags: false
2026-10-07T06:46:02.3664110Z   show-progress: true
2026-10-07T06:46:02.3664440Z   lfs: false
2026-10-07T06:46:02.3664750Z   submodules: false
2026-10-07T06:46:02.3665090Z   set-safe-directory: true
2026-10-07T06:46:02.3665460Z   allow-unsafe-pr-checkout: false
2026-10-07T06:46:02.3665830Z ##[endgroup]
2026-10-07T06:46:02.6877930Z Syncing repository: chivkunovd-bitdenis/WMS
2026-10-07T06:46:02.6879270Z ##[group]Getting Git version info
2026-10-07T06:46:02.6880440Z Working directory is '/Users/runner/work/WMS/WMS'
2026-10-07T06:46:02.6881240Z [command]/opt/homebrew/bin/git version
2026-10-07T06:46:02.7110690Z git version 2.55.0
2026-10-07T06:46:02.7123070Z ##[endgroup]
2026-10-07T06:46:02.7130150Z Copying '/Users/runner/.gitconfig' to '/Users/runner/work/_temp/f98fad6b-079c-4764-a58e-73597f935d98/.gitconfig'
2026-10-07T06:46:02.7134750Z Temporarily overriding HOME='/Users/runner/work/_temp/f98fad6b-079c-4764-a58e-73597f935d98' before making global git config changes
2026-10-07T06:46:02.7135720Z Adding repository directory to the temporary git global config as a safe directory
2026-10-07T06:46:02.7138520Z [command]/opt/homebrew/bin/git config --global --add safe.directory /Users/runner/work/WMS/WMS
2026-10-07T06:46:02.7247040Z Deleting the contents of '/Users/runner/work/WMS/WMS'
2026-10-07T06:46:02.7250200Z ##[group]Initializing the repository
2026-10-07T06:46:02.7254080Z [command]/opt/homebrew/bin/git init /Users/runner/work/WMS/WMS
2026-10-07T06:46:02.7445320Z hint: Using 'master' as the name for the initial branch. This default branch name
2026-10-07T06:46:02.7446180Z hint: will change to "main" in Git 3.0. To configure the initial branch name
2026-10-07T06:46:02.7446930Z hint: to use in all of your new repositories, which will suppress this warning,
2026-10-07T06:46:02.7447510Z hint: call:
2026-10-07T06:46:02.7447820Z hint:
2026-10-07T06:46:02.7448220Z hint: 	git config --global init.defaultBranch <name>
2026-10-07T06:46:02.7448680Z hint:
2026-10-07T06:46:02.7449110Z hint: Names commonly chosen instead of 'master' are 'main', 'trunk' and
2026-10-07T06:46:02.7449780Z hint: 'development'. The just-created branch can be renamed via this command:
2026-10-07T06:46:02.7450330Z hint:
2026-10-07T06:46:02.7450650Z hint: 	git branch -m <name>
2026-10-07T06:46:02.7451060Z hint:
2026-10-07T06:46:02.7451570Z hint: Disable this message with "git config set advice.defaultBranchName false"
2026-10-07T06:46:02.7453090Z Initialized empty Git repository in /Users/runner/work/WMS/WMS/.git/
2026-10-07T06:46:02.7457010Z [command]/opt/homebrew/bin/git remote add origin https://github.com/chivkunovd-bitdenis/WMS
2026-10-07T06:46:02.7542400Z ##[endgroup]
2026-10-07T06:46:02.7543240Z ##[group]Disabling automatic garbage collection
2026-10-07T06:46:02.7543930Z [command]/opt/homebrew/bin/git config --local gc.auto 0
2026-10-07T06:46:02.7573270Z ##[endgroup]
2026-10-07T06:46:02.7590500Z ##[group]Setting up auth
2026-10-07T06:46:02.7591440Z [command]/opt/homebrew/bin/git config --local --name-only --get-regexp core\.sshCommand
2026-10-07T06:46:02.7625490Z [command]/opt/homebrew/bin/git submodule foreach --recursive sh -c "git config --local --name-only --get-regexp 'core\.sshCommand' && git config --local --unset-all 'core.sshCommand' || :"
2026-10-07T06:46:02.8374190Z [command]/opt/homebrew/bin/git config --local --name-only --get-regexp http\.https\:\/\/github\.com\/\.extraheader
2026-10-07T06:46:02.8417690Z [command]/opt/homebrew/bin/git submodule foreach --recursive sh -c "git config --local --name-only --get-regexp 'http\.https\:\/\/github\.com\/\.extraheader' && git config --local --unset-all 'http.https://github.com/.extraheader' || :"
2026-10-07T06:46:02.8984210Z [command]/opt/homebrew/bin/git config --local --name-only --get-regexp ^includeIf\.gitdir:
2026-10-07T06:46:02.9073340Z [command]/opt/homebrew/bin/git submodule foreach --recursive git config --local --show-origin --name-only --get-regexp remote.origin.url
2026-10-07T06:46:02.9865200Z [command]/opt/homebrew/bin/git config --local http.https://github.com/.extraheader AUTHORIZATION: basic ***
2026-10-07T06:46:03.0052920Z ##[endgroup]
2026-10-07T06:46:03.0056590Z ##[group]Fetching the repository
2026-10-07T06:46:03.0058480Z [command]/opt/homebrew/bin/git -c protocol.version=2 fetch --prune --no-recurse-submodules origin +refs/heads/*:refs/remotes/origin/* +refs/tags/*:refs/tags/*
2026-10-07T06:46:16.3401450Z From https://github.com/chivkunovd-bitdenis/WMS
2026-10-07T06:46:16.3403960Z  * [new branch]          archive/night/volna-9-recovery/lane-3/06-picking-list-order-pre-owner-scope-20260823 -> origin/archive/night/volna-9-recovery/lane-3/06-picking-list-order-pre-owner-scope-20260823
2026-10-07T06:46:16.3422070Z  * [new branch]          archive/staging-20260924-93f511ab -> origin/archive/staging-20260924-93f511ab
2026-10-07T06:46:16.3423490Z  * [new branch]          archive/staging-before-wms521-20260924 -> origin/archive/staging-before-wms521-20260924
2026-10-07T06:46:16.3425310Z  * [new branch]          archive/wms415-disputed-candidate-20260910 -> origin/archive/wms415-disputed-candidate-20260910
2026-10-07T06:46:16.3426740Z  * [new branch]          backlog/fbs-followups-20260812 -> origin/backlog/fbs-followups-20260812
2026-10-07T06:46:16.3427710Z  * [new branch]          brand/portal-logos-20260811 -> origin/brand/portal-logos-20260811
2026-10-07T06:46:16.3428520Z  * [new branch]          brand/portal-logos-live-20260811 -> origin/brand/portal-logos-live-20260811
2026-10-07T06:46:16.3429610Z  * [new branch]          brand/portal-logos-prod-20260811 -> origin/brand/portal-logos-prod-20260811
2026-10-07T06:46:16.3430500Z  * [new branch]          chore/deploy-smoke-retry-on-main -> origin/chore/deploy-smoke-retry-on-main
2026-10-07T06:46:16.3431920Z  * [new branch]          chore/operator-change-contract-20260901 -> origin/chore/operator-change-contract-20260901
2026-10-07T06:46:16.3434060Z  * [new branch]          chore/railway-toml-fix  -> origin/chore/railway-toml-fix
2026-10-07T06:46:16.3435260Z  * [new branch]          chore/release-via-pr-only-rules -> origin/chore/release-via-pr-only-rules
2026-10-07T06:46:16.3438260Z  * [new branch]          chore/staging-sync-20261003 -> origin/chore/staging-sync-20261003
2026-10-07T06:46:16.3439770Z  * [new branch]          chore/wb-emulator-railway-dockerfile -> origin/chore/wb-emulator-railway-dockerfile
2026-10-07T06:46:16.3441820Z  * [new branch]          chore/wms375-production-evidence-20260906 -> origin/chore/wms375-production-evidence-20260906
2026-10-07T06:46:16.3443540Z  * [new branch]          chore/wms574-stand      -> origin/chore/wms574-stand
2026-10-07T06:46:16.3444700Z  * [new branch]          codex/agent-job-1710a7649a6964db -> origin/codex/agent-job-1710a7649a6964db
2026-10-07T06:46:16.3445670Z  * [new branch]          codex/agent-job-21079e59afb9acdb -> origin/codex/agent-job-21079e59afb9acdb
2026-10-07T06:46:16.3446830Z  * [new branch]          codex/agent-job-6f3e370ab6217c51 -> origin/codex/agent-job-6f3e370ab6217c51
2026-10-07T06:46:16.3448070Z  * [new branch]          codex/agent-job-8c954436cd418999 -> origin/codex/agent-job-8c954436cd418999
2026-10-07T06:46:16.3449530Z  * [new branch]          codex/agent-job-97af6faf8d8c22ac -> origin/codex/agent-job-97af6faf8d8c22ac
2026-10-07T06:46:16.3451120Z  * [new branch]          codex/agent-job-bb021d7e007fb8a5 -> origin/codex/agent-job-bb021d7e007fb8a5
2026-10-07T06:46:16.3457830Z  * [new branch]          codex/agent-job-ef71dbb00ee2b150 -> origin/codex/agent-job-ef71dbb00ee2b150
2026-10-07T06:46:16.3459700Z  * [new branch]          codex/agent-job-fc68bb2705b6850f -> origin/codex/agent-job-fc68bb2705b6850f
2026-10-07T06:46:16.3461450Z  * [new branch]          codex/artmaks-fbo-mockup -> origin/codex/artmaks-fbo-mockup
2026-10-07T06:46:16.3464980Z  * [new branch]          codex/backlog40-ci-contracts -> origin/codex/backlog40-ci-contracts
2026-10-07T06:46:16.3466580Z  * [new branch]          codex/backlog40-ci-pdf  -> origin/codex/backlog40-ci-pdf
2026-10-07T06:46:16.3467730Z  * [new branch]          codex/billing-journal-20260825 -> origin/codex/billing-journal-20260825
2026-10-07T06:46:16.3468880Z  * [new branch]          codex/billing-module-20260826 -> origin/codex/billing-module-20260826
2026-10-07T06:46:16.3470410Z  * [new branch]          codex/billing-stage-finish-20260823 -> origin/codex/billing-stage-finish-20260823
2026-10-07T06:46:16.3472270Z  * [new branch]          codex/billing-storage-bounds-20260823 -> origin/codex/billing-storage-bounds-20260823
2026-10-07T06:46:16.3473580Z  * [new branch]          codex/box-label-bulk-print-20260824 -> origin/codex/box-label-bulk-print-20260824
2026-10-07T06:46:16.3475340Z  * [new branch]          codex/catalog-box-filters-20260824 -> origin/codex/catalog-box-filters-20260824
2026-10-07T06:46:16.3476600Z  * [new branch]          codex/catalog-box-tabs-source-20260823 -> origin/codex/catalog-box-tabs-source-20260823
2026-10-07T06:46:16.3477590Z  * [new branch]          codex/cell-contents-scanner-20260824 -> origin/codex/cell-contents-scanner-20260824
2026-10-07T06:46:16.3478740Z  * [new branch]          codex/fbs-qr-only-print-20260823 -> origin/codex/fbs-qr-only-print-20260823
2026-10-07T06:46:16.3479640Z  * [new branch]          codex/fix-fbs-stock-publication-20260831 -> origin/codex/fix-fbs-stock-publication-20260831
2026-10-07T06:46:16.3480530Z  * [new branch]          codex/fix-seller-inbound-empty-picker -> origin/codex/fix-seller-inbound-empty-picker
2026-10-07T06:46:16.3481470Z  * [new branch]          codex/fix-wb-done-supply-status-prod -> origin/codex/fix-wb-done-supply-status-prod
2026-10-07T06:46:16.3482410Z  * [new branch]          codex/hotfix-fbs-100-orders-20260820 -> origin/codex/hotfix-fbs-100-orders-20260820
2026-10-07T06:46:16.3483210Z  * [new branch]          codex/hotfix-fbs-packaging-flag -> origin/codex/hotfix-fbs-packaging-flag
2026-10-07T06:46:16.3483950Z  * [new branch]          codex/hotfix-ozon-kiz   -> origin/codex/hotfix-ozon-kiz
2026-10-07T06:46:16.3484550Z  * [new branch]          codex/invoice-row-location -> origin/codex/invoice-row-location
2026-10-07T06:46:16.3485420Z  * [new branch]          codex/knowledge-inbound-guide-20260824 -> origin/codex/knowledge-inbound-guide-20260824
2026-10-07T06:46:16.3486210Z  * [new branch]          codex/mp-dashboard-e2e-20260815 -> origin/codex/mp-dashboard-e2e-20260815
2026-10-07T06:46:16.3487190Z  * [new branch]          codex/night-ready-acceptance-1006 -> origin/codex/night-ready-acceptance-1006
2026-10-07T06:46:16.3488070Z  * [new branch]          codex/night-ready-candidate-1006-inrepo -> origin/codex/night-ready-candidate-1006-inrepo
2026-10-07T06:46:16.3488820Z  * [new branch]          codex/night-ready-exact-staging-1006 -> origin/codex/night-ready-exact-staging-1006
2026-10-07T06:46:16.3489700Z  * [new branch]          codex/night-ready-exact-staging-redis-1006 -> origin/codex/night-ready-exact-staging-redis-1006
2026-10-07T06:46:16.3490480Z  * [new branch]          codex/night-ready-migration-compat-1006 -> origin/codex/night-ready-migration-compat-1006
2026-10-07T06:46:16.3491300Z  * [new branch]          codex/night-ready-staging-1006 -> origin/codex/night-ready-staging-1006
2026-10-07T06:46:16.3492170Z  * [new branch]          codex/night-ready-staging-db-head-rollback-1006 -> origin/codex/night-ready-staging-db-head-rollback-1006
2026-10-07T06:46:16.3493140Z  * [new branch]          codex/night-ready-staging-migration-deploy-1006 -> origin/codex/night-ready-staging-migration-deploy-1006
2026-10-07T06:46:16.3494260Z  * [new branch]          codex/night-ready-staging-rollback-1006 -> origin/codex/night-ready-staging-rollback-1006
2026-10-07T06:46:16.3494980Z  * [new branch]          codex/night-release-5beb52da-1 -> origin/codex/night-release-5beb52da-1
2026-10-07T06:46:16.3495690Z  * [new branch]          codex/night-requirements-20261006 -> origin/codex/night-requirements-20261006
2026-10-07T06:46:16.3496260Z  * [new branch]          codex/night1007-658     -> origin/codex/night1007-658
2026-10-07T06:46:16.3496810Z  * [new branch]          codex/night1007-671-687 -> origin/codex/night1007-671-687
2026-10-07T06:46:16.3497360Z  * [new branch]          codex/night1007-675-release -> origin/codex/night1007-675-release
2026-10-07T06:46:16.3497940Z  * [new branch]          codex/night1007-679-680 -> origin/codex/night1007-679-680
2026-10-07T06:46:16.3498490Z  * [new branch]          codex/night1007-681     -> origin/codex/night1007-681
2026-10-07T06:46:16.3498980Z  * [new branch]          codex/night1007-684-586 -> origin/codex/night1007-684-586
2026-10-07T06:46:16.3499540Z  * [new branch]          codex/night1007-integration -> origin/codex/night1007-integration
2026-10-07T06:46:16.3500370Z  * [new branch]          codex/night1007-main-reviewed-upgrade -> origin/codex/night1007-main-reviewed-upgrade
2026-10-07T06:46:16.3501230Z  * [new branch]          codex/night1007-print-regressions-646cb4 -> origin/codex/night1007-print-regressions-646cb4
2026-10-07T06:46:16.3502060Z  * [new branch]          codex/night1007-process-upgrade-contract -> origin/codex/night1007-process-upgrade-contract
2026-10-07T06:46:16.3502780Z  * [new branch]          codex/night1007-reviewed-source-20261007 -> origin/codex/night1007-reviewed-source-20261007
2026-10-07T06:46:16.3503500Z  * [new branch]          codex/night1007-wms652-ci-fix -> origin/codex/night1007-wms652-ci-fix
2026-10-07T06:46:16.3504220Z  * [new branch]          codex/owner-frontend-correction-proof-20261006 -> origin/codex/owner-frontend-correction-proof-20261006
2026-10-07T06:46:16.3504940Z  * [new branch]          codex/ozon-catalog-20260825 -> origin/codex/ozon-catalog-20260825
2026-10-07T06:46:16.3505510Z  * [new branch]          codex/ozon-fbs-20260825 -> origin/codex/ozon-fbs-20260825
2026-10-07T06:46:16.3506100Z  * [new branch]          codex/ozon-stock-20260825 -> origin/codex/ozon-stock-20260825
2026-10-07T06:46:16.3506760Z  * [new branch]          codex/ozon-test-key-marker-20260824 -> origin/codex/ozon-test-key-marker-20260824
2026-10-07T06:46:16.3507430Z  * [new branch]          codex/priority-five-release-20261006 -> origin/codex/priority-five-release-20261006
2026-10-07T06:46:16.3508260Z  * [new branch]          codex/priority-five-review-20261006 -> origin/codex/priority-five-review-20261006
2026-10-07T06:46:16.3509060Z  * [new branch]          codex/priority-five-staging-proof-20261006 -> origin/codex/priority-five-staging-proof-20261006
2026-10-07T06:46:16.3509900Z  * [new branch]          codex/regress-live-cases-20260825 -> origin/codex/regress-live-cases-20260825
2026-10-07T06:46:16.3510590Z  * [new branch]          codex/release-20261006-astra-a -> origin/codex/release-20261006-astra-a
2026-10-07T06:46:16.3511270Z  * [new branch]          codex/release-20261006-astra-b -> origin/codex/release-20261006-astra-b
2026-10-07T06:46:16.3511960Z  * [new branch]          codex/release-ci-final-20261006 -> origin/codex/release-ci-final-20261006
2026-10-07T06:46:16.3512560Z  * [new branch]          codex/release-log-2026-09-27 -> origin/codex/release-log-2026-09-27
2026-10-07T06:46:16.3513250Z  * [new branch]          codex/reporting-backend-core-20260823 -> origin/codex/reporting-backend-core-20260823
2026-10-07T06:46:16.3513970Z  * [new branch]          codex/reporting-stage-finish-20260823 -> origin/codex/reporting-stage-finish-20260823
2026-10-07T06:46:16.3514710Z  * [new branch]          codex/staging-sync-login-20260914 -> origin/codex/staging-sync-login-20260914
2026-10-07T06:46:16.3515350Z  * [new branch]          codex/storage-stage-20260823 -> origin/codex/storage-stage-20260823
2026-10-07T06:46:16.3516090Z  * [new branch]          codex/trello-wms-20261005 -> origin/codex/trello-wms-20261005
2026-10-07T06:46:16.3516700Z  * [new branch]          codex/trello-wms-20261006 -> origin/codex/trello-wms-20261006
2026-10-07T06:46:16.3517330Z  * [new branch]          codex/trello-wms-20261006-1200 -> origin/codex/trello-wms-20261006-1200
2026-10-07T06:46:16.3517960Z  * [new branch]          codex/tsd-package-20260913 -> origin/codex/tsd-package-20260913
2026-10-07T06:46:16.3518610Z  * [new branch]          codex/tsd-package-stage-release -> origin/codex/tsd-package-stage-release
2026-10-07T06:46:16.3519290Z  * [new branch]          codex/tsd-staging-merge-20260913 -> origin/codex/tsd-staging-merge-20260913
2026-10-07T06:46:16.3519940Z  * [new branch]          codex/volna9-01-backend-only -> origin/codex/volna9-01-backend-only
2026-10-07T06:46:16.3520480Z  * [new branch]          codex/volna9-02-status-only -> origin/codex/volna9-02-status-only
2026-10-07T06:46:16.3521090Z  * [new branch]          codex/volna9-03-backend-only -> origin/codex/volna9-03-backend-only
2026-10-07T06:46:16.3521960Z  * [new branch]          codex/volna9-04-backend-only -> origin/codex/volna9-04-backend-only
2026-10-07T06:46:16.3522510Z  * [new branch]          codex/volna9-05-backend-only -> origin/codex/volna9-05-backend-only
2026-10-07T06:46:16.3523250Z  * [new branch]          codex/volna9-06-print-order-only -> origin/codex/volna9-06-print-order-only
2026-10-07T06:46:16.3523850Z  * [new branch]          codex/weekly-release-20260909 -> origin/codex/weekly-release-20260909
2026-10-07T06:46:16.3524450Z  * [new branch]          codex/wms-chat-20260911 -> origin/codex/wms-chat-20260911
2026-10-07T06:46:16.3525040Z  * [new branch]          codex/wms-chat-evening-20260910 -> origin/codex/wms-chat-evening-20260910
2026-10-07T06:46:16.3525690Z  * [new branch]          codex/wms-integrations-20260911 -> origin/codex/wms-integrations-20260911
2026-10-07T06:46:16.3526290Z  * [new branch]          codex/wms-ozon-20260911 -> origin/codex/wms-ozon-20260911
2026-10-07T06:46:16.3526950Z  * [new branch]          codex/wms-ozon-generator-20260911 -> origin/codex/wms-ozon-generator-20260911
2026-10-07T06:46:16.3527680Z  * [new branch]          codex/wms-pick-container-scan -> origin/codex/wms-pick-container-scan
2026-10-07T06:46:16.3528320Z  * [new branch]          codex/wms-pipeline-unified-v2-20260820 -> origin/codex/wms-pipeline-unified-v2-20260820
2026-10-07T06:46:16.3528960Z  * [new branch]          codex/wms-print-20260911 -> origin/codex/wms-print-20260911
2026-10-07T06:46:16.3529630Z  * [new branch]          codex/wms-priority-legacy-test-harness-20261006 -> origin/codex/wms-priority-legacy-test-harness-20261006
2026-10-07T06:46:16.3530410Z  * [new branch]          codex/wms-psp-backlog-20260921 -> origin/codex/wms-psp-backlog-20260921
2026-10-07T06:46:16.3531120Z  * [new branch]          codex/wms-qr-review-evidence-20261006 -> origin/codex/wms-qr-review-evidence-20261006
2026-10-07T06:46:16.3531740Z  * [new branch]          codex/wms-release-20260911 -> origin/codex/wms-release-20260911
2026-10-07T06:46:16.3532380Z  * [new branch]          codex/wms-release-ozon-terminal -> origin/codex/wms-release-ozon-terminal
2026-10-07T06:46:16.3532980Z  * [new branch]          codex/wms-storage-20260911 -> origin/codex/wms-storage-20260911
2026-10-07T06:46:16.3533600Z  * [new branch]          codex/wms-storage-final-20260911 -> origin/codex/wms-storage-final-20260911
2026-10-07T06:46:16.3534190Z  * [new branch]          codex/wms-transfer-urgent -> origin/codex/wms-transfer-urgent
2026-10-07T06:46:16.3535020Z  * [new branch]          codex/wms-wave-storage-category-inbound-split-20260828 -> origin/codex/wms-wave-storage-category-inbound-split-20260828
2026-10-07T06:46:16.3535890Z  * [new branch]          codex/wms000-night-backlog-normalization -> origin/codex/wms000-night-backlog-normalization
2026-10-07T06:46:16.3536500Z  * [new branch]          codex/wms010-backlog40  -> origin/codex/wms010-backlog40
2026-10-07T06:46:16.3537250Z  * [new branch]          codex/wms011-backlog40  -> origin/codex/wms011-backlog40
2026-10-07T06:46:16.3537750Z  * [new branch]          codex/wms013-backlog40  -> origin/codex/wms013-backlog40
2026-10-07T06:46:16.3538300Z  * [new branch]          codex/wms040-backlog40  -> origin/codex/wms040-backlog40
2026-10-07T06:46:16.3538770Z  * [new branch]          codex/wms045-backlog40  -> origin/codex/wms045-backlog40
2026-10-07T06:46:16.3539390Z  * [new branch]          codex/wms058-availability-followup -> origin/codex/wms058-availability-followup
2026-10-07T06:46:16.3540030Z  * [new branch]          codex/wms058-backlog40  -> origin/codex/wms058-backlog40
2026-10-07T06:46:16.3540590Z  * [new branch]          codex/wms058-browser-qa -> origin/codex/wms058-browser-qa
2026-10-07T06:46:16.3541310Z  * [new branch]          codex/wms058-mp-box-source -> origin/codex/wms058-mp-box-source
2026-10-07T06:46:16.3541910Z  * [new branch]          codex/wms058-overplan-source -> origin/codex/wms058-overplan-source
2026-10-07T06:46:16.3542510Z  * [new branch]          codex/wms058-review-fix -> origin/codex/wms058-review-fix
2026-10-07T06:46:16.3543830Z  * [new branch]          codex/wms080-392-review-fix -> origin/codex/wms080-392-review-fix
2026-10-07T06:46:16.3544510Z  * [new branch]          codex/wms080-backlog40  -> origin/codex/wms080-backlog40
2026-10-07T06:46:16.3545070Z  * [new branch]          codex/wms081-backlog40  -> origin/codex/wms081-backlog40
2026-10-07T06:46:16.3545620Z  * [new branch]          codex/wms081-defect-compat -> origin/codex/wms081-defect-compat
2026-10-07T06:46:16.3546390Z  * [new branch]          codex/wms082-085-emulator-meta -> origin/codex/wms082-085-emulator-meta
2026-10-07T06:46:16.3547010Z  * [new branch]          codex/wms082-backlog40  -> origin/codex/wms082-backlog40
2026-10-07T06:46:16.3547530Z  * [new branch]          codex/wms083-backlog40  -> origin/codex/wms083-backlog40
2026-10-07T06:46:16.3548140Z  * [new branch]          codex/wms084-backlog40  -> origin/codex/wms084-backlog40
2026-10-07T06:46:16.3548770Z  * [new branch]          codex/wms084-emulator-delete -> origin/codex/wms084-emulator-delete
2026-10-07T06:46:16.3549560Z  * [new branch]          codex/wms084-packing-test-contract -> origin/codex/wms084-packing-test-contract
2026-10-07T06:46:16.3550220Z  * [new branch]          codex/wms084-rebind     -> origin/codex/wms084-rebind
2026-10-07T06:46:16.3550700Z  * [new branch]          codex/wms085-backlog40  -> origin/codex/wms085-backlog40
2026-10-07T06:46:16.3551230Z  * [new branch]          codex/wms086-backlog40  -> origin/codex/wms086-backlog40
2026-10-07T06:46:16.3551720Z  * [new branch]          codex/wms087-backlog40  -> origin/codex/wms087-backlog40
2026-10-07T06:46:16.3552300Z  * [new branch]          codex/wms091-backlog40  -> origin/codex/wms091-backlog40
2026-10-07T06:46:16.3552880Z  * [new branch]          codex/wms092-backlog40  -> origin/codex/wms092-backlog40
2026-10-07T06:46:16.3554080Z  * [new branch]          codex/wms095-backlog40  -> origin/codex/wms095-backlog40
2026-10-07T06:46:16.3554680Z  * [new branch]          codex/wms095-import-error-backlog40 -> origin/codex/wms095-import-error-backlog40
2026-10-07T06:46:16.3555440Z  * [new branch]          codex/wms096-backlog40  -> origin/codex/wms096-backlog40
2026-10-07T06:46:16.3555970Z  * [new branch]          codex/wms110-backlog40  -> origin/codex/wms110-backlog40
2026-10-07T06:46:16.3556520Z  * [new branch]          codex/wms115-backlog40  -> origin/codex/wms115-backlog40
2026-10-07T06:46:16.3557000Z  * [new branch]          codex/wms123-backlog40  -> origin/codex/wms123-backlog40
2026-10-07T06:46:16.3557570Z  * [new branch]          codex/wms272-backlog40  -> origin/codex/wms272-backlog40
2026-10-07T06:46:16.3558200Z  * [new branch]          codex/wms272-resume-backlog40 -> origin/codex/wms272-resume-backlog40
2026-10-07T06:46:16.3558770Z  * [new branch]          codex/wms273-backlog40  -> origin/codex/wms273-backlog40
2026-10-07T06:46:16.3559410Z  * [new branch]          codex/wms276-backlog40  -> origin/codex/wms276-backlog40
2026-10-07T06:46:16.3560230Z  * [new branch]          codex/wms277-backlog40  -> origin/codex/wms277-backlog40
2026-10-07T06:46:16.3560860Z  * [new branch]          codex/wms277-catalog    -> origin/codex/wms277-catalog
2026-10-07T06:46:16.3561520Z  * [new branch]          codex/wms277-import-sku-collision -> origin/codex/wms277-import-sku-collision
2026-10-07T06:46:16.3562250Z  * [new branch]          codex/wms278-backlog40  -> origin/codex/wms278-backlog40
2026-10-07T06:46:16.3562850Z  * [new branch]          codex/wms387-training   -> origin/codex/wms387-training
2026-10-07T06:46:16.3563460Z  * [new branch]          codex/wms389-backlog40  -> origin/codex/wms389-backlog40
2026-10-07T06:46:16.3564060Z  * [new branch]          codex/wms390-backlog40  -> origin/codex/wms390-backlog40
2026-10-07T06:46:16.3564590Z  * [new branch]          codex/wms391-backlog40  -> origin/codex/wms391-backlog40
2026-10-07T06:46:16.3565310Z  * [new branch]          codex/wms392-backlog40  -> origin/codex/wms392-backlog40
2026-10-07T06:46:16.3566010Z  * [new branch]          codex/wms392-review-tests -> origin/codex/wms392-review-tests
2026-10-07T06:46:16.3567110Z  * [new branch]          codex/wms394-kiz-ui     -> origin/codex/wms394-kiz-ui
2026-10-07T06:46:16.3567730Z  * [new branch]          codex/wms395-pool-inline -> origin/codex/wms395-pool-inline
2026-10-07T06:46:16.3568500Z  * [new branch]          codex/wms396-stage      -> origin/codex/wms396-stage
2026-10-07T06:46:16.3569260Z  * [new branch]          codex/wms396-staging-release -> origin/codex/wms396-staging-release
2026-10-07T06:46:16.3569980Z  * [new branch]          codex/wms396-true-api   -> origin/codex/wms396-true-api
2026-10-07T06:46:16.3570680Z  * [new branch]          codex/wms397-api        -> origin/codex/wms397-api
2026-10-07T06:46:16.3571340Z  * [new branch]          codex/wms399-chat-design -> origin/codex/wms399-chat-design
2026-10-07T06:46:16.3572170Z  * [new branch]          codex/wms401-android-build-proof -> origin/codex/wms401-android-build-proof
2026-10-07T06:46:16.3572960Z  * [new branch]          codex/wms406-backfill-final-plan -> origin/codex/wms406-backfill-final-plan
2026-10-07T06:46:16.3573750Z  * [new branch]          codex/wms406-invoice    -> origin/codex/wms406-invoice
2026-10-07T06:46:16.3574500Z  * [new branch]          codex/wms406-report     -> origin/codex/wms406-report
2026-10-07T06:46:16.3575300Z  * [new branch]          codex/wms408-billing-unification -> origin/codex/wms408-billing-unification
2026-10-07T06:46:16.3576180Z  * [new branch]          codex/wms415-coord-20260910 -> origin/codex/wms415-coord-20260910
2026-10-07T06:46:16.3577070Z  * [new branch]          codex/wms418-catalog-publication-filter -> origin/codex/wms418-catalog-publication-filter
2026-10-07T06:46:16.3578120Z  * [new branch]          codex/wms418-loviana-off -> origin/codex/wms418-loviana-off
2026-10-07T06:46:16.3582200Z  * [new branch]          codex/wms425-marketplace-hotfix -> origin/codex/wms425-marketplace-hotfix
2026-10-07T06:46:16.3593030Z  * [new branch]          codex/wms433-stage-user-only -> origin/codex/wms433-stage-user-only
2026-10-07T06:46:16.3594150Z  * [new branch]          codex/wms433-support-bot-concept -> origin/codex/wms433-support-bot-concept
2026-10-07T06:46:16.3595050Z  * [new branch]          codex/wms437-analyst-cases -> origin/codex/wms437-analyst-cases
2026-10-07T06:46:16.3596030Z  * [new branch]          codex/wms437-small-task-process -> origin/codex/wms437-small-task-process
2026-10-07T06:46:16.3597200Z  * [new branch]          codex/wms440-tsd        -> origin/codex/wms440-tsd
2026-10-07T06:46:16.3597710Z  * [new branch]          codex/wms440-tsd-ui     -> origin/codex/wms440-tsd-ui
2026-10-07T06:46:16.3598720Z  * [new branch]          codex/wms441-c10-evidence -> origin/codex/wms441-c10-evidence
2026-10-07T06:46:16.3599440Z  * [new branch]          codex/wms441-tsd        -> origin/codex/wms441-tsd
2026-10-07T06:46:16.3600190Z  * [new branch]          codex/wms441-tsd-ui     -> origin/codex/wms441-tsd-ui
2026-10-07T06:46:16.3601860Z  * [new branch]          codex/wms442-tsd        -> origin/codex/wms442-tsd
2026-10-07T06:46:16.3602980Z  * [new branch]          codex/wms442-tsd-ui     -> origin/codex/wms442-tsd-ui
2026-10-07T06:46:16.3603600Z  * [new branch]          codex/wms443-tsd        -> origin/codex/wms443-tsd
2026-10-07T06:46:16.3604380Z  * [new branch]          codex/wms443-tsd-ui     -> origin/codex/wms443-tsd-ui
2026-10-07T06:46:16.3605260Z  * [new branch]          codex/wms444-tsd        -> origin/codex/wms444-tsd
2026-10-07T06:46:16.3605930Z  * [new branch]          codex/wms444-tsd-ui     -> origin/codex/wms444-tsd-ui
2026-10-07T06:46:16.3606590Z  * [new branch]          codex/wms445-tsd        -> origin/codex/wms445-tsd
2026-10-07T06:46:16.3607350Z  * [new branch]          codex/wms445-tsd-server-truth -> origin/codex/wms445-tsd-server-truth
2026-10-07T06:46:16.3608040Z  * [new branch]          codex/wms445-tsd-ui     -> origin/codex/wms445-tsd-ui
2026-10-07T06:46:16.3660340Z  * [new branch]          codex/wms447-full-marketplace-labels -> origin/codex/wms447-full-marketplace-labels
2026-10-07T06:46:16.3662030Z  * [new branch]          codex/wms460-fbs-qr-scan -> origin/codex/wms460-fbs-qr-scan
2026-10-07T06:46:16.3663310Z  * [new branch]          codex/wms475-537-prefetch-ci-repair-20261006 -> origin/codex/wms475-537-prefetch-ci-repair-20261006
2026-10-07T06:46:16.3665400Z  * [new branch]          codex/wms476-auto-legacy-guard -> origin/codex/wms476-auto-legacy-guard
2026-10-07T06:46:16.3668280Z  * [new branch]          codex/wms476-implementation-sol-high -> origin/codex/wms476-implementation-sol-high
2026-10-07T06:46:16.3670050Z  * [new branch]          codex/wms476-staging-release-20260923 -> origin/codex/wms476-staging-release-20260923
2026-10-07T06:46:16.3671730Z  * [new branch]          codex/wms477-backend-review-fix -> origin/codex/wms477-backend-review-fix
2026-10-07T06:46:16.3673350Z  * [new branch]          codex/wms477-p3-notice  -> origin/codex/wms477-p3-notice
2026-10-07T06:46:16.3676470Z  * [new branch]          codex/wms483-prod-release-20260920 -> origin/codex/wms483-prod-release-20260920
2026-10-07T06:46:16.3678720Z  * [new branch]          codex/wms483-wb-zero-refresh -> origin/codex/wms483-wb-zero-refresh
2026-10-07T06:46:16.3679700Z  * [new branch]          codex/wms489-staging-release -> origin/codex/wms489-staging-release
2026-10-07T06:46:16.3681890Z  * [new branch]          codex/wms501-performance-isolation-audit -> origin/codex/wms501-performance-isolation-audit
2026-10-07T06:46:16.3683480Z  * [new branch]          codex/wms502-stock-sorting-incident -> origin/codex/wms502-stock-sorting-incident
2026-10-07T06:46:16.3685080Z  * [new branch]          codex/wms506-silent-kiz-print -> origin/codex/wms506-silent-kiz-print
2026-10-07T06:46:16.3686410Z  * [new branch]          codex/wms508-persistent-form-cards -> origin/codex/wms508-persistent-form-cards
2026-10-07T06:46:16.3687960Z  * [new branch]          codex/wms514-clickable-mockup -> origin/codex/wms514-clickable-mockup
2026-10-07T06:46:16.3688860Z  * [new branch]          codex/wms514-staging-release-20260924 -> origin/codex/wms514-staging-release-20260924
2026-10-07T06:46:16.3689520Z  * [new branch]          codex/wms515-client-registry -> origin/codex/wms515-client-registry
2026-10-07T06:46:16.3690200Z  * [new branch]          codex/wms517-current-release-analysis -> origin/codex/wms517-current-release-analysis
2026-10-07T06:46:16.3691030Z  * [new branch]          codex/wms517-dynamicmac-independent-review -> origin/codex/wms517-dynamicmac-independent-review
2026-10-07T06:46:16.3691840Z  * [new branch]          codex/wms517-mac-dynamic-eligible -> origin/codex/wms517-mac-dynamic-eligible
2026-10-07T06:46:16.3692490Z  * [new branch]          codex/wms517-mac-test-contract -> origin/codex/wms517-mac-test-contract
2026-10-07T06:46:16.3693100Z  * [new branch]          codex/wms517-price-by-product-group -> origin/codex/wms517-price-by-product-group
2026-10-07T06:46:16.3694120Z  * [new branch]          codex/wms517-sales-report-contract -> origin/codex/wms517-sales-report-contract
2026-10-07T06:46:16.3694850Z  * [new branch]          codex/wms517-scoped-integration-20261006 -> origin/codex/wms517-scoped-integration-20261006
2026-10-07T06:46:16.3695480Z  * [new branch]          codex/wms517-staging-20261001 -> origin/codex/wms517-staging-20261001
2026-10-07T06:46:16.3696060Z  * [new branch]          codex/wms519-artifact-pdf-hotfix -> origin/codex/wms519-artifact-pdf-hotfix
2026-10-07T06:46:16.3696690Z  * [new branch]          codex/wms519-kiz-label-aspect-ratio -> origin/codex/wms519-kiz-label-aspect-ratio
2026-10-07T06:46:16.3699900Z  * [new branch]          codex/wms519-post-deploy-docs -> origin/codex/wms519-post-deploy-docs
2026-10-07T06:46:16.3700460Z  * [new branch]          codex/wms520-requirements -> origin/codex/wms520-requirements
2026-10-07T06:46:16.3701560Z  * [new branch]          codex/wms521-kiz-release -> origin/codex/wms521-kiz-release
2026-10-07T06:46:16.3702170Z  * [new branch]          codex/wms523-auto-import-pools -> origin/codex/wms523-auto-import-pools
2026-10-07T06:46:16.3702920Z  * [new branch]          codex/wms524-confirm-order -> origin/codex/wms524-confirm-order
2026-10-07T06:46:16.3704470Z  * [new branch]          codex/wms524-print-blank -> origin/codex/wms524-print-blank
2026-10-07T06:46:16.3705050Z  * [new branch]          codex/wms533-client-hardening -> origin/codex/wms533-client-hardening
2026-10-07T06:46:16.3706540Z  * [new branch]          codex/wms533-five-events -> origin/codex/wms533-five-events
2026-10-07T06:46:16.3707100Z  * [new branch]          codex/wms533-prod-five-events -> origin/codex/wms533-prod-five-events
2026-10-07T06:46:16.3707730Z  * [new branch]          codex/wms533-seller-stock-events -> origin/codex/wms533-seller-stock-events
2026-10-07T06:46:16.3712290Z  * [new branch]          codex/wms537-pg-fixture-review-20261006 -> origin/codex/wms537-pg-fixture-review-20261006
2026-10-07T06:46:16.3712960Z  * [new branch]          codex/wms550-sorting-scan -> origin/codex/wms550-sorting-scan
2026-10-07T06:46:16.3713540Z  * [new branch]          codex/wms582-yandex-market-api -> origin/codex/wms582-yandex-market-api
2026-10-07T06:46:16.3714200Z  * [new branch]          codex/wms584-589-release-evidence-20260930 -> origin/codex/wms584-589-release-evidence-20260930
2026-10-07T06:46:16.3714810Z  * [new branch]          codex/wms591-avpack-6300 -> origin/codex/wms591-avpack-6300
2026-10-07T06:46:16.3715850Z  * [new branch]          codex/wms593-597-urgent -> origin/codex/wms593-597-urgent
2026-10-07T06:46:16.3716410Z  * [new branch]          codex/wms602-fbs-cell-scan -> origin/codex/wms602-fbs-cell-scan
2026-10-07T06:46:16.3716940Z  * [new branch]          codex/wms603-box-scan   -> origin/codex/wms603-box-scan
2026-10-07T06:46:16.3717950Z  * [new branch]          codex/wms604-staging-integration -> origin/codex/wms604-staging-integration
2026-10-07T06:46:16.3725540Z  * [new branch]          codex/wms604-unified-packing -> origin/codex/wms604-unified-packing
2026-10-07T06:46:16.3726320Z  * [new branch]          codex/wms607-artmaks-acceptance-updater-contract -> origin/codex/wms607-artmaks-acceptance-updater-contract
2026-10-07T06:46:16.3727080Z  * [new branch]          codex/wms607-artmaks-direct-repair -> origin/codex/wms607-artmaks-direct-repair
2026-10-07T06:46:16.3727710Z  * [new branch]          codex/wms607-artmaks-http-recovery -> origin/codex/wms607-artmaks-http-recovery
2026-10-07T06:46:16.3728400Z  * [new branch]          codex/wms607-artmaks-http-recovery-contract -> origin/codex/wms607-artmaks-http-recovery-contract
2026-10-07T06:46:16.3730970Z  * [new branch]          codex/wms607-artmaks-http-recovery-review-20261007 -> origin/codex/wms607-artmaks-http-recovery-review-20261007
2026-10-07T06:46:16.3733470Z  * [new branch]          codex/wms607-artmaks-installer-findings -> origin/codex/wms607-artmaks-installer-findings
2026-10-07T06:46:16.3734340Z  * [new branch]          codex/wms607-artmaks-repair-review -> origin/codex/wms607-artmaks-repair-review
2026-10-07T06:46:16.3735650Z  * [new branch]          codex/wms607-artmaks-test-contract -> origin/codex/wms607-artmaks-test-contract
2026-10-07T06:46:16.3736470Z  * [new branch]          codex/wms607-direct-updater-implementation-20261007 -> origin/codex/wms607-direct-updater-implementation-20261007
2026-10-07T06:46:16.3737350Z  * [new branch]          codex/wms607-direct-updater-mac-package-20261007 -> origin/codex/wms607-direct-updater-mac-package-20261007
2026-10-07T06:46:16.3738250Z  * [new branch]          codex/wms607-http-replacement-acceptance-20261007 -> origin/codex/wms607-http-replacement-acceptance-20261007
2026-10-07T06:46:16.3739000Z  * [new branch]          codex/wms607-instant-print -> origin/codex/wms607-instant-print
2026-10-07T06:46:16.3739700Z  * [new branch]          codex/wms607-mac-package-peer-review-20261007 -> origin/codex/wms607-mac-package-peer-review-20261007
2026-10-07T06:46:16.3740520Z  * [new branch]          codex/wms607-mac-package-receipts-20261007 -> origin/codex/wms607-mac-package-receipts-20261007
2026-10-07T06:46:16.3741320Z  * [new branch]          codex/wms607-mac-package-rereview-20261007 -> origin/codex/wms607-mac-package-rereview-20261007
2026-10-07T06:46:16.3742280Z  * [new branch]          codex/wms607-mac-single-binary -> origin/codex/wms607-mac-single-binary
2026-10-07T06:46:16.3742910Z  * [new branch]          codex/wms607-printer-failure-analysis -> origin/codex/wms607-printer-failure-analysis
2026-10-07T06:46:16.3743540Z  * [new branch]          codex/wms607-staging-print -> origin/codex/wms607-staging-print
2026-10-07T06:46:16.3744220Z  * [new branch]          codex/wms607-startup-owner-fix-20261007 -> origin/codex/wms607-startup-owner-fix-20261007
2026-10-07T06:46:16.3744990Z  * [new branch]          codex/wms607-startup-owner-review-20261007 -> origin/codex/wms607-startup-owner-review-20261007
2026-10-07T06:46:16.3745820Z  * [new branch]          codex/wms607-startup-owner-software-acceptance-20261007 -> origin/codex/wms607-startup-owner-software-acceptance-20261007
2026-10-07T06:46:16.3746730Z  * [new branch]          codex/wms607-startup-owner-test-contract-20261007 -> origin/codex/wms607-startup-owner-test-contract-20261007
2026-10-07T06:46:16.3747550Z  * [new branch]          codex/wms607-updater-independent-review-20261007 -> origin/codex/wms607-updater-independent-review-20261007
2026-10-07T06:46:16.3748410Z  * [new branch]          codex/wms607-updater-software-acceptance-20261007 -> origin/codex/wms607-updater-software-acceptance-20261007
2026-10-07T06:46:16.3749190Z  * [new branch]          codex/wms607-updater-stop-contract-20261007 -> origin/codex/wms607-updater-stop-contract-20261007
2026-10-07T06:46:16.3749990Z  * [new branch]          codex/wms607-updater-stop-rereview-20261007 -> origin/codex/wms607-updater-stop-rereview-20261007
2026-10-07T06:46:16.3750740Z  * [new branch]          codex/wms607-updater-test-contract-20261007 -> origin/codex/wms607-updater-test-contract-20261007
2026-10-07T06:46:16.3751420Z  * [new branch]          codex/wms607-windows-x64 -> origin/codex/wms607-windows-x64
2026-10-07T06:46:16.3752200Z  * [new branch]          codex/wms608-scanned-row-first -> origin/codex/wms608-scanned-row-first
2026-10-07T06:46:16.3752800Z  * [new branch]          codex/wms610-fbs-picking-columns -> origin/codex/wms610-fbs-picking-columns
2026-10-07T06:46:16.3753400Z  * [new branch]          codex/wms611-fbs-print-disabled -> origin/codex/wms611-fbs-print-disabled
2026-10-07T06:46:16.3753970Z  * [new branch]          codex/wms612-delivery-checks -> origin/codex/wms612-delivery-checks
2026-10-07T06:46:16.3754490Z  * [new branch]          codex/wms612-staging-all -> origin/codex/wms612-staging-all
2026-10-07T06:46:16.3755020Z  * [new branch]          codex/wms614-616-prod-release -> origin/codex/wms614-616-prod-release
2026-10-07T06:46:16.3755600Z  * [new branch]          codex/wms617-video-demo -> origin/codex/wms617-video-demo
2026-10-07T06:46:16.3756080Z  * [new branch]          codex/wms618-staging    -> origin/codex/wms618-staging
2026-10-07T06:46:16.3756930Z  * [new branch]          codex/wms622-fbo-kiz-recovery -> origin/codex/wms622-fbo-kiz-recovery
2026-10-07T06:46:16.3757550Z  * [new branch]          codex/wms623-artmaks-unused-pdfs -> origin/codex/wms623-artmaks-unused-pdfs
2026-10-07T06:46:16.3758210Z  * [new branch]          codex/wms624-developer-requests-current -> origin/codex/wms624-developer-requests-current
2026-10-07T06:46:16.3758810Z  * [new branch]          codex/wms624-sync-cadence -> origin/codex/wms624-sync-cadence
2026-10-07T06:46:16.3759360Z  * [new branch]          codex/wms625-print-reliability -> origin/codex/wms625-print-reliability
2026-10-07T06:46:16.3759940Z  * [new branch]          codex/wms626-astra-effort-limit -> origin/codex/wms626-astra-effort-limit
2026-10-07T06:46:16.3760560Z  * [new branch]          codex/wms627-artmaks-stock-reconcile -> origin/codex/wms627-artmaks-stock-reconcile
2026-10-07T06:46:16.3761180Z  * [new branch]          codex/wms628-artmaks-wrong-scan -> origin/codex/wms628-artmaks-wrong-scan
2026-10-07T06:46:16.3761710Z  * [new branch]          codex/wms628-production -> origin/codex/wms628-production
2026-10-07T06:46:16.3762220Z  * [new branch]          codex/wms629-packing-scroll -> origin/codex/wms629-packing-scroll
2026-10-07T06:46:16.3763020Z  * [new branch]          codex/wms636-typecheck-validation-20261006 -> origin/codex/wms636-typecheck-validation-20261006
2026-10-07T06:46:16.3763700Z  * [new branch]          codex/wms651-counter-copy -> origin/codex/wms651-counter-copy
2026-10-07T06:46:16.3764360Z  * [new branch]          codex/wms652-517-release-acceptance-20261006 -> origin/codex/wms652-517-release-acceptance-20261006
2026-10-07T06:46:16.3765240Z  * [new branch]          codex/wms652-abort-boundary-review-20261007 -> origin/codex/wms652-abort-boundary-review-20261007
2026-10-07T06:46:16.3765910Z  * [new branch]          codex/wms652-acceptance-evidence -> origin/codex/wms652-acceptance-evidence
2026-10-07T06:46:16.3766610Z  * [new branch]          codex/wms652-accepted-reference-contract-20261007 -> origin/codex/wms652-accepted-reference-contract-20261007
2026-10-07T06:46:16.3767370Z  * [new branch]          codex/wms652-all-pg-fixture-comparison -> origin/codex/wms652-all-pg-fixture-comparison
2026-10-07T06:46:16.3768040Z  * [new branch]          codex/wms652-backup-boundary-format -> origin/codex/wms652-backup-boundary-format
2026-10-07T06:46:16.3769190Z  * [new branch]          codex/wms652-backup-fixture-boundary-20261007 -> origin/codex/wms652-backup-fixture-boundary-20261007
2026-10-07T06:46:16.3769960Z  * [new branch]          codex/wms652-backup-fixture-review -> origin/codex/wms652-backup-fixture-review
2026-10-07T06:46:16.3770720Z  * [new branch]          codex/wms652-backup-format-ledger-review-20261007 -> origin/codex/wms652-backup-format-ledger-review-20261007
2026-10-07T06:46:16.3771600Z  * [new branch]          codex/wms652-batch-exact-ledger-contract-20261007 -> origin/codex/wms652-batch-exact-ledger-contract-20261007
2026-10-07T06:46:16.3772340Z  * [new branch]          codex/wms652-batch-exact-pair-pins -> origin/codex/wms652-batch-exact-pair-pins
2026-10-07T06:46:16.3773110Z  * [new branch]          codex/wms652-batch-exact-pair-review-20261007 -> origin/codex/wms652-batch-exact-pair-review-20261007
2026-10-07T06:46:16.3773870Z  * [new branch]          codex/wms652-batch-pid-contract-20261007 -> origin/codex/wms652-batch-pid-contract-20261007
2026-10-07T06:46:16.3774570Z  * [new branch]          codex/wms652-batch-pid-fixture-fix -> origin/codex/wms652-batch-pid-fixture-fix
2026-10-07T06:46:16.3775290Z  * [new branch]          codex/wms652-batch-pid-fixture-review-20261007 -> origin/codex/wms652-batch-pid-fixture-review-20261007
2026-10-07T06:46:16.3776060Z  * [new branch]          codex/wms652-batch-release-acceptance-20261007 -> origin/codex/wms652-batch-release-acceptance-20261007
2026-10-07T06:46:16.3776700Z  * [new branch]          codex/wms652-bot-night  -> origin/codex/wms652-bot-night
2026-10-07T06:46:16.3777320Z  * [new branch]          codex/wms652-cdp-ambiguity-contract-20261007 -> origin/codex/wms652-cdp-ambiguity-contract-20261007
2026-10-07T06:46:16.3778380Z  * [new branch]          codex/wms652-cdp-cancel-contract-20261007 -> origin/codex/wms652-cdp-cancel-contract-20261007
2026-10-07T06:46:16.3779130Z  * [new branch]          codex/wms652-cdp-contract-review-20261007 -> origin/codex/wms652-cdp-contract-review-20261007
2026-10-07T06:46:16.3779890Z  * [new branch]          codex/wms652-cdp-explicit-abort-diagnostic -> origin/codex/wms652-cdp-explicit-abort-diagnostic
2026-10-07T06:46:16.3780660Z  * [new branch]          codex/wms652-cdp-fixture-source-review-20261007 -> origin/codex/wms652-cdp-fixture-source-review-20261007
2026-10-07T06:46:16.3781390Z  * [new branch]          codex/wms652-cdp-known-cancel-fixture -> origin/codex/wms652-cdp-known-cancel-fixture
2026-10-07T06:46:16.3782100Z  * [new branch]          codex/wms652-cdp-r1-rereview-20261007 -> origin/codex/wms652-cdp-r1-rereview-20261007
2026-10-07T06:46:16.3782780Z  * [new branch]          codex/wms652-checkpoint-requirements -> origin/codex/wms652-checkpoint-requirements
2026-10-07T06:46:16.3783510Z  * [new branch]          codex/wms652-chrome141-job-lifecycle-diagnostic -> origin/codex/wms652-chrome141-job-lifecycle-diagnostic
2026-10-07T06:46:16.3784380Z  * [new branch]          codex/wms652-ci-delta-review -> origin/codex/wms652-ci-delta-review
2026-10-07T06:46:16.3784910Z  * [new branch]          codex/wms652-ci-two-shards -> origin/codex/wms652-ci-two-shards
2026-10-07T06:46:16.3785500Z  * [new branch]          codex/wms652-critical-fbs-contracts -> origin/codex/wms652-critical-fbs-contracts
2026-10-07T06:46:16.3786200Z  * [new branch]          codex/wms652-disjoint-contract-corrections -> origin/codex/wms652-disjoint-contract-corrections
2026-10-07T06:46:16.3786990Z  * [new branch]          codex/wms652-etalon-invalid-id-identity-diagnostic -> origin/codex/wms652-etalon-invalid-id-identity-diagnostic
2026-10-07T06:46:16.3788800Z  * [new branch]          codex/wms652-etalon-invalid-id-review-20261007 -> origin/codex/wms652-etalon-invalid-id-review-20261007
2026-10-07T06:46:16.3789740Z  * [new branch]          codex/wms652-etalon-low-overhead-error-context -> origin/codex/wms652-etalon-low-overhead-error-context
2026-10-07T06:46:16.3790620Z  * [new branch]          codex/wms652-etalon-xhr-context-review-20261007 -> origin/codex/wms652-etalon-xhr-context-review-20261007
2026-10-07T06:46:16.3791500Z  * [new branch]          codex/wms652-final-batch-source-pin-20261007 -> origin/codex/wms652-final-batch-source-pin-20261007
2026-10-07T06:46:16.3792440Z  * [new branch]          codex/wms652-final-bootstrap-pin-20261007 -> origin/codex/wms652-final-bootstrap-pin-20261007
2026-10-07T06:46:16.3793240Z  * [new branch]          codex/wms652-final-infrastructure-pin-review-20261007 -> origin/codex/wms652-final-infrastructure-pin-review-20261007
2026-10-07T06:46:16.3794160Z  * [new branch]          codex/wms652-final-source-pin-review-20261007 -> origin/codex/wms652-final-source-pin-review-20261007
2026-10-07T06:46:16.3794920Z  * [new branch]          codex/wms652-final-stock-source-pin-20261007 -> origin/codex/wms652-final-stock-source-pin-20261007
2026-10-07T06:46:16.3795710Z  * [new branch]          codex/wms652-frontend-report-identities-20261007 -> origin/codex/wms652-frontend-report-identities-20261007
2026-10-07T06:46:16.3796560Z  * [new branch]          codex/wms652-independent-main-check -> origin/codex/wms652-independent-main-check
2026-10-07T06:46:16.3797380Z  * [new branch]          codex/wms652-infrastructure-acceptance-20261007 -> origin/codex/wms652-infrastructure-acceptance-20261007
2026-10-07T06:46:16.3798290Z  * [new branch]          codex/wms652-infrastructure-corrections-review-20261007 -> origin/codex/wms652-infrastructure-corrections-review-20261007
2026-10-07T06:46:16.3799560Z  * [new branch]          codex/wms652-nested-stock-acceptance-20261007 -> origin/codex/wms652-nested-stock-acceptance-20261007
2026-10-07T06:46:16.3800470Z  * [new branch]          codex/wms652-nested-stock-causal-review-20261007 -> origin/codex/wms652-nested-stock-causal-review-20261007
2026-10-07T06:46:16.3801550Z  * [new branch]          codex/wms652-nested-stock-fix-review-20261007 -> origin/codex/wms652-nested-stock-fix-review-20261007
2026-10-07T06:46:16.3802500Z  * [new branch]          codex/wms652-nested-stock-publish-requirements-20261007 -> origin/codex/wms652-nested-stock-publish-requirements-20261007
2026-10-07T06:46:16.3803440Z  * [new branch]          codex/wms652-nested-stock-test-contract-20261007 -> origin/codex/wms652-nested-stock-test-contract-20261007
2026-10-07T06:46:16.3804080Z  * [new branch]          codex/wms652-night-reader -> origin/codex/wms652-night-reader
2026-10-07T06:46:16.3804580Z  * [new branch]          codex/wms652-night-repair -> origin/codex/wms652-night-repair
2026-10-07T06:46:16.3805370Z  * [new branch]          codex/wms652-pdf-probe  -> origin/codex/wms652-pdf-probe
2026-10-07T06:46:16.3805990Z  * [new branch]          codex/wms652-pg-collector-peer-review -> origin/codex/wms652-pg-collector-peer-review
2026-10-07T06:46:16.3806820Z  * [new branch]          codex/wms652-portable-backup-proof-20261007 -> origin/codex/wms652-portable-backup-proof-20261007
2026-10-07T06:46:16.3807950Z  * [new branch]          codex/wms652-process-fixes-review-20261007 -> origin/codex/wms652-process-fixes-review-20261007
2026-10-07T06:46:16.3808620Z  * [new branch]          codex/wms652-process-gates -> origin/codex/wms652-process-gates
2026-10-07T06:46:16.3809290Z  * [new branch]          codex/wms652-process-protection-requirements -> origin/codex/wms652-process-protection-requirements
2026-10-07T06:46:16.3810060Z  * [new branch]          codex/wms652-prod-env-negative-canary-20261007 -> origin/codex/wms652-prod-env-negative-canary-20261007
2026-10-07T06:46:16.3810870Z  * [new branch]          codex/wms652-realqr-cdp-lifecycle-diagnostic -> origin/codex/wms652-realqr-cdp-lifecycle-diagnostic
2026-10-07T06:46:16.3811700Z  * [new branch]          codex/wms652-reference-migration-review-20261007 -> origin/codex/wms652-reference-migration-review-20261007
2026-10-07T06:46:16.3812400Z  * [new branch]          codex/wms652-regression-guard -> origin/codex/wms652-regression-guard
2026-10-07T06:46:16.3813010Z  * [new branch]          codex/wms652-release-ci-20261006 -> origin/codex/wms652-release-ci-20261006
2026-10-07T06:46:16.3813760Z  * [new branch]          codex/wms652-release-execution-evidence-20261007 -> origin/codex/wms652-release-execution-evidence-20261007
2026-10-07T06:46:16.3814640Z  * [new branch]          codex/wms652-remount-interception-diagnosis-20261007 -> origin/codex/wms652-remount-interception-diagnosis-20261007
2026-10-07T06:46:16.3815470Z  * [new branch]          codex/wms652-required-check-canary-20261006 -> origin/codex/wms652-required-check-canary-20261006
2026-10-07T06:46:16.3816280Z  * [new branch]          codex/wms652-reviewed-batch-source-pin-20261007 -> origin/codex/wms652-reviewed-batch-source-pin-20261007
2026-10-07T06:46:16.3817070Z  * [new branch]          codex/wms652-reviewed-contract-corrections -> origin/codex/wms652-reviewed-contract-corrections
2026-10-07T06:46:16.3817900Z  * [new branch]          codex/wms652-reviewed-infrastructure-pin-20261007 -> origin/codex/wms652-reviewed-infrastructure-pin-20261007
2026-10-07T06:46:16.3818780Z  * [new branch]          codex/wms652-reviewed-stock-source-pin-20261007 -> origin/codex/wms652-reviewed-stock-source-pin-20261007
2026-10-07T06:46:16.3819510Z  * [new branch]          codex/wms652-server-deploy-gate -> origin/codex/wms652-server-deploy-gate
2026-10-07T06:46:16.3820100Z  * [new branch]          codex/wms652-sonnet-frontend -> origin/codex/wms652-sonnet-frontend
2026-10-07T06:46:16.3820710Z  * [new branch]          codex/wms652-stock-outer-commit-guard -> origin/codex/wms652-stock-outer-commit-guard
2026-10-07T06:46:16.3821330Z  * [new branch]          codex/wms652-trusted-anchor -> origin/codex/wms652-trusted-anchor
2026-10-07T06:46:16.3821830Z  * [new branch]          codex/wms652-ui-gate    -> origin/codex/wms652-ui-gate
2026-10-07T06:46:16.3822730Z  * [new branch]          codex/wms652-warehouse-sc-sqlite-diagnostic -> origin/codex/wms652-warehouse-sc-sqlite-diagnostic
2026-10-07T06:46:16.3823630Z  * [new branch]          codex/wms652-workspace-runtime-context-diagnostic -> origin/codex/wms652-workspace-runtime-context-diagnostic
2026-10-07T06:46:16.3824410Z  * [new branch]          codex/wms653-scope-attribution-20261006 -> origin/codex/wms653-scope-attribution-20261006
2026-10-07T06:46:16.3825140Z  * [new branch]          codex/wms653-scope-independent-review-20261006 -> origin/codex/wms653-scope-independent-review-20261006
2026-10-07T06:46:16.3826030Z  * [new branch]          codex/wms653-shared-proof-independent-review-20261006 -> origin/codex/wms653-shared-proof-independent-review-20261006
2026-10-07T06:46:16.3826780Z  * [new branch]          codex/wms654-product-20261006 -> origin/codex/wms654-product-20261006
2026-10-07T06:46:16.3827350Z  * [new branch]          codex/wms659-imperia-boxes -> origin/codex/wms659-imperia-boxes
2026-10-07T06:46:16.3827900Z  * [new branch]          codex/wms660-barcodes   -> origin/codex/wms660-barcodes
2026-10-07T06:46:16.3828430Z  * [new branch]          codex/wms661-analyst-20261006 -> origin/codex/wms661-analyst-20261006
2026-10-07T06:46:16.3829250Z  * [new branch]          codex/wms661-installed-baseline-tests -> origin/codex/wms661-installed-baseline-tests
2026-10-07T06:46:16.3829990Z  * [new branch]          codex/wms661-reviewed-ordered-integration -> origin/codex/wms661-reviewed-ordered-integration
2026-10-07T06:46:16.3830820Z  * [new branch]          codex/wms661-runtime-preflight-20261006 -> origin/codex/wms661-runtime-preflight-20261006
2026-10-07T06:46:16.3831560Z  * [new branch]          codex/wms661-testwriter-baseline-20261006 -> origin/codex/wms661-testwriter-baseline-20261006
2026-10-07T06:46:16.3832590Z  * [new branch]          codex/wms662-663-owner-supersession-gate-20261006 -> origin/codex/wms662-663-owner-supersession-gate-20261006
2026-10-07T06:46:16.3833240Z  * [new branch]          codex/wms662-663-priority -> origin/codex/wms662-663-priority
2026-10-07T06:46:16.3833750Z  * [new branch]          codex/wms662-f6-testwriter -> origin/codex/wms662-f6-testwriter
2026-10-07T06:46:16.3834400Z  * [new branch]          codex/wms662-format-only-correction-20261006 -> origin/codex/wms662-format-only-correction-20261006
2026-10-07T06:46:16.3835180Z  * [new branch]          codex/wms662-live-delivery-contract-20261006 -> origin/codex/wms662-live-delivery-contract-20261006
2026-10-07T06:46:16.3835840Z  * [new branch]          codex/wms662-prod-handoff -> origin/codex/wms662-prod-handoff
2026-10-07T06:46:16.3836340Z  * [new branch]          codex/wms662-review-c36b8ab -> origin/codex/wms662-review-c36b8ab
2026-10-07T06:46:16.3837000Z  * [new branch]          codex/wms662-scoped-integration-20261006 -> origin/codex/wms662-scoped-integration-20261006
2026-10-07T06:46:16.3837740Z  * [new branch]          codex/wms663-boxes-single-checkbox-20261006 -> origin/codex/wms663-boxes-single-checkbox-20261006
2026-10-07T06:46:16.3838580Z  * [new branch]          codex/wms663-owner-checkbox-test-contract-20261006 -> origin/codex/wms663-owner-checkbox-test-contract-20261006
2026-10-07T06:46:16.3839420Z  * [new branch]          codex/wms663-pre-set-recovery-contract-20261006 -> origin/codex/wms663-pre-set-recovery-contract-20261006
2026-10-07T06:46:16.3840230Z  * [new branch]          codex/wms663-readonly-ozon-status-20261006 -> origin/codex/wms663-readonly-ozon-status-20261006
2026-10-07T06:46:16.3840960Z  * [new branch]          codex/wms663-release-retry-acceptance -> origin/codex/wms663-release-retry-acceptance
2026-10-07T06:46:16.3841570Z  * [new branch]          codex/wms663-release-retry-fix -> origin/codex/wms663-release-retry-fix
2026-10-07T06:46:16.3842290Z  * [new branch]          codex/wms663-required-order-checkbox-contract-20261006 -> origin/codex/wms663-required-order-checkbox-contract-20261006
2026-10-07T06:46:16.3843180Z  * [new branch]          codex/wms663-requirements-completeness-contract-20261006 -> origin/codex/wms663-requirements-completeness-contract-20261006
2026-10-07T06:46:16.3844330Z  * [new branch]          codex/wms663-retry-contract-20261006 -> origin/codex/wms663-retry-contract-20261006
2026-10-07T06:46:16.3845110Z  * [new branch]          codex/wms663-scoped-priority-20261006 -> origin/codex/wms663-scoped-priority-20261006
2026-10-07T06:46:16.3845730Z  * [new branch]          codex/wms664-dispatcher-stall -> origin/codex/wms664-dispatcher-stall
2026-10-07T06:46:16.3846390Z  * [new branch]          codex/wms665-avpack-withdrawal-helper -> origin/codex/wms665-avpack-withdrawal-helper
2026-10-07T06:46:16.3847160Z  * [new branch]          codex/wms665-full-sold-operational-check-20261006 -> origin/codex/wms665-full-sold-operational-check-20261006
2026-10-07T06:46:16.3847930Z  * [new branch]          codex/wms665-production-url-hotfix-20261006 -> origin/codex/wms665-production-url-hotfix-20261006
2026-10-07T06:46:16.3848700Z  * [new branch]          codex/wms666-ci-history-independent-review-20261006 -> origin/codex/wms666-ci-history-independent-review-20261006
2026-10-07T06:46:16.3849450Z  * [new branch]          codex/wms666-ci-history-scope-20261006 -> origin/codex/wms666-ci-history-scope-20261006
2026-10-07T06:46:16.3850290Z  * [new branch]          codex/wms666-ci-qr-finish-20261006 -> origin/codex/wms666-ci-qr-finish-20261006
2026-10-07T06:46:16.3850970Z  * [new branch]          codex/wms666-doc-history-scope-fix-20261006 -> origin/codex/wms666-doc-history-scope-fix-20261006
2026-10-07T06:46:16.3851740Z  * [new branch]          codex/wms666-legacy-harness-review-20261006 -> origin/codex/wms666-legacy-harness-review-20261006
2026-10-07T06:46:16.3852440Z  * [new branch]          codex/wms666-priority-etalon-20261006 -> origin/codex/wms666-priority-etalon-20261006
2026-10-07T06:46:16.3853100Z  * [new branch]          codex/wms666-release-c11-acceptance -> origin/codex/wms666-release-c11-acceptance
2026-10-07T06:46:16.3853780Z  * [new branch]          codex/wms666-remote-browser-proof-20261006 -> origin/codex/wms666-remote-browser-proof-20261006
2026-10-07T06:46:16.3854570Z  * [new branch]          codex/wms666-staging-c11-acceptance-20261006 -> origin/codex/wms666-staging-c11-acceptance-20261006
2026-10-07T06:46:16.3855310Z  * [new branch]          codex/wms666-task-scope-correction-20261006 -> origin/codex/wms666-task-scope-correction-20261006
2026-10-07T06:46:16.3855970Z  * [new branch]          codex/wms666-unified-fbs-packing -> origin/codex/wms666-unified-fbs-packing
2026-10-07T06:46:16.3856580Z  * [new branch]          codex/wms667-stock-filter -> origin/codex/wms667-stock-filter
2026-10-07T06:46:16.3857090Z  * [new branch]          codex/wms667-visual-runner -> origin/codex/wms667-visual-runner
2026-10-07T06:46:16.3858780Z  * [new branch]          codex/wms668-dispatcher-batch-final -> origin/codex/wms668-dispatcher-batch-final
2026-10-07T06:46:16.3860470Z  * [new branch]          codex/wms669-urgent-confirmed-contract-20261006 -> origin/codex/wms669-urgent-confirmed-contract-20261006
2026-10-07T06:46:16.3861190Z  * [new branch]          codex/wms672-673-analyst-20261006 -> origin/codex/wms672-673-analyst-20261006
2026-10-07T06:46:16.3861850Z  * [new branch]          codex/wms672-673-prerequisite-integration -> origin/codex/wms672-673-prerequisite-integration
2026-10-07T06:46:16.3862500Z  * [new branch]          codex/wms672-c5-cache-clock-trace -> origin/codex/wms672-c5-cache-clock-trace
2026-10-07T06:46:16.3863100Z  * [new branch]          codex/wms672-c5-cache-debug-trace -> origin/codex/wms672-c5-cache-debug-trace
2026-10-07T06:46:16.3863700Z  * [new branch]          codex/wms672-c5-cache-trace -> origin/codex/wms672-c5-cache-trace
2026-10-07T06:46:16.3864270Z  * [new branch]          codex/wms672-c5-linux-diagnostic -> origin/codex/wms672-c5-linux-diagnostic
2026-10-07T06:46:16.3864880Z  * [new branch]          codex/wms672-c5-linux-fix-check -> origin/codex/wms672-c5-linux-fix-check
2026-10-07T06:46:16.3865470Z  * [new branch]          codex/wms672-c5-peer-drain-check -> origin/codex/wms672-c5-peer-drain-check
2026-10-07T06:46:16.3867320Z  * [new branch]          codex/wms672-c5-raster-resource-comparison -> origin/codex/wms672-c5-raster-resource-comparison
2026-10-07T06:46:16.3868050Z  * [new branch]          codex/wms672-c5-target-cache-trace -> origin/codex/wms672-c5-target-cache-trace
2026-10-07T06:46:16.3868710Z  * [new branch]          codex/wms672-functional-finish-20261006 -> origin/codex/wms672-functional-finish-20261006
2026-10-07T06:46:16.3869370Z  * [new branch]          codex/wms672-native-decode-fix -> origin/codex/wms672-native-decode-fix
2026-10-07T06:46:16.3870020Z  * [new branch]          codex/wms672-native-error-contract-20261007 -> origin/codex/wms672-native-error-contract-20261007
2026-10-07T06:46:16.3870690Z  * [new branch]          codex/wms672-native-fix-review -> origin/codex/wms672-native-fix-review
2026-10-07T06:46:16.3871360Z  * [new branch]          codex/wms672-peer-drain-contract-20261007 -> origin/codex/wms672-peer-drain-contract-20261007
2026-10-07T06:46:16.3872100Z  * [new branch]          codex/wms672-peer-drain-source-review -> origin/codex/wms672-peer-drain-source-review
2026-10-07T06:46:16.3873070Z  * [new branch]          codex/wms672-raster-analyst-acceptance-20261007 -> origin/codex/wms672-raster-analyst-acceptance-20261007
2026-10-07T06:46:16.3873950Z  * [new branch]          codex/wms672-raster-resource-contract-20261007 -> origin/codex/wms672-raster-resource-contract-20261007
2026-10-07T06:46:16.3874890Z  * [new branch]          codex/wms672-raster-resource-fix -> origin/codex/wms672-raster-resource-fix
2026-10-07T06:46:16.3875670Z  * [new branch]          codex/wms672-raster-resource-review-20261007 -> origin/codex/wms672-raster-resource-review-20261007
2026-10-07T06:46:16.3878040Z  * [new branch]          codex/wms675-ci-topology-proof-20261006 -> origin/codex/wms675-ci-topology-proof-20261006
2026-10-07T06:46:16.3880940Z  * [new branch]          codex/wms675-fresh-readonly-20261007 -> origin/codex/wms675-fresh-readonly-20261007
2026-10-07T06:46:16.3882650Z  * [new branch]          codex/wms675-incident-regression-20261006 -> origin/codex/wms675-incident-regression-20261006
2026-10-07T06:46:16.3953890Z  * [new branch]          codex/wms675-live-reconciliation-20261006 -> origin/codex/wms675-live-reconciliation-20261006
2026-10-07T06:46:16.3955170Z  * [new branch]          codex/wms675-reserve-reconcile -> origin/codex/wms675-reserve-reconcile
2026-10-07T06:46:16.3955810Z  * [new branch]          codex/wms676-crosscheck-astra -> origin/codex/wms676-crosscheck-astra
2026-10-07T06:46:16.3956580Z  * [new branch]          codex/wms676-night-review-fallback -> origin/codex/wms676-night-review-fallback
2026-10-07T06:46:16.3958270Z  * [new branch]          codex/wms676-sol61-pipeline -> origin/codex/wms676-sol61-pipeline
2026-10-07T06:46:16.3959000Z  * [new branch]          codex/wms679-fbw-analysis-source349 -> origin/codex/wms679-fbw-analysis-source349
2026-10-07T06:46:16.3959700Z  * [new branch]          codex/wms681-682-morning-intake-20261006 -> origin/codex/wms681-682-morning-intake-20261006
2026-10-07T06:46:16.3960510Z  * [new branch]          codex/wms681-qr-recovery -> origin/codex/wms681-qr-recovery
2026-10-07T06:46:16.3961140Z  * [new branch]          codex/wms681-real-wb-qr-hotfix -> origin/codex/wms681-real-wb-qr-hotfix
2026-10-07T06:46:16.3961940Z  * [new branch]          deploy/wb-emulator-real-order-qr -> origin/deploy/wb-emulator-real-order-qr
2026-10-07T06:46:16.3962750Z  * [new branch]          docs/owner-requirements-20260831 -> origin/docs/owner-requirements-20260831
2026-10-07T06:46:16.3963460Z  * [new branch]          docs/wms-system-review-protocol-20260812 -> origin/docs/wms-system-review-protocol-20260812
2026-10-07T06:46:16.3964080Z  * [new branch]          docs/wms469-470-backlog -> origin/docs/wms469-470-backlog
2026-10-07T06:46:16.3972280Z  * [new branch]          docs/wms561-ship-by-in-supply -> origin/docs/wms561-ship-by-in-supply
2026-10-07T06:46:16.3972960Z  * [new branch]          docs/wms584-585-tsd-walkthrough -> origin/docs/wms584-585-tsd-walkthrough
2026-10-07T06:46:16.3975780Z  * [new branch]          docs/wms648-ozon-catalog-backlog -> origin/docs/wms648-ozon-catalog-backlog
2026-10-07T06:46:16.3976470Z  * [new branch]          docs/wms649-shk-po-ploshchadke -> origin/docs/wms649-shk-po-ploshchadke
2026-10-07T06:46:16.3976940Z  * [new branch]          etalon                  -> origin/etalon
2026-10-07T06:46:16.3977450Z  * [new branch]          feat/cz-print-split-artifact -> origin/feat/cz-print-split-artifact
2026-10-07T06:46:16.3978030Z  * [new branch]          feat/fbs-warehouse-filter-20260812 -> origin/feat/fbs-warehouse-filter-20260812
2026-10-07T06:46:16.3980450Z  * [new branch]          feat/ff-inbound-create-20260812 -> origin/feat/ff-inbound-create-20260812
2026-10-07T06:46:16.3981020Z  * [new branch]          feat/marking-import-s3-storage -> origin/feat/marking-import-s3-storage
2026-10-07T06:46:16.3981550Z  * [new branch]          feat/mobile-fbs-demo-seed -> origin/feat/mobile-fbs-demo-seed
2026-10-07T06:46:16.3982080Z  * [new branch]          feat/product-barcode-print -> origin/feat/product-barcode-print
2026-10-07T06:46:16.3982580Z  * [new branch]          feat/wms056-audit-trail -> origin/feat/wms056-audit-trail
2026-10-07T06:46:16.3983330Z  * [new branch]          feat/wms062-warehouse-docs -> origin/feat/wms062-warehouse-docs
2026-10-07T06:46:16.3983850Z  * [new branch]          feat/wms111-wb-cancel-return -> origin/feat/wms111-wb-cancel-return
2026-10-07T06:46:16.3984380Z  * [new branch]          feat/wms121-supply-identity -> origin/feat/wms121-supply-identity
2026-10-07T06:46:16.3984890Z  * [new branch]          feat/wms270-login-and-ports -> origin/feat/wms270-login-and-ports
2026-10-07T06:46:16.3986480Z  * [new branch]          feat/wms338-stock-min-formula -> origin/feat/wms338-stock-min-formula
2026-10-07T06:46:16.3987410Z  * [new branch]          feat/wms349-merge-service -> origin/feat/wms349-merge-service
2026-10-07T06:46:16.3987900Z  * [new branch]          feat/wms363-ozon-tsd    -> origin/feat/wms363-ozon-tsd
2026-10-07T06:46:16.3988360Z  * [new branch]          feat/wms397-chat-mvp    -> origin/feat/wms397-chat-mvp
2026-10-07T06:46:16.3988910Z  * [new branch]          feat/wms401-mobile-followup -> origin/feat/wms401-mobile-followup
2026-10-07T06:46:16.3989440Z  * [new branch]          feat/wms433-assistant-release -> origin/feat/wms433-assistant-release
2026-10-07T06:46:16.3989960Z  * [new branch]          feat/wms433-tenant-rollout -> origin/feat/wms433-tenant-rollout
2026-10-07T06:46:16.3990450Z  * [new branch]          feat/wms447-fbs-box-count -> origin/feat/wms447-fbs-box-count
2026-10-07T06:46:16.3991000Z  * [new branch]          feat/wms453-455-boxes-shared-pool -> origin/feat/wms453-455-boxes-shared-pool
2026-10-07T06:46:16.3991600Z  * [new branch]          feat/wms469-stock-dialog -> origin/feat/wms469-stock-dialog
2026-10-07T06:46:16.3993500Z  * [new branch]          feat/wms529-stock-vs-location -> origin/feat/wms529-stock-vs-location
2026-10-07T06:46:16.3994060Z  * [new branch]          feat/wms534-intake-box  -> origin/feat/wms534-intake-box
2026-10-07T06:46:16.3994620Z  * [new branch]          feat/wms536-scan-layer  -> origin/feat/wms536-scan-layer
2026-10-07T06:46:16.3995170Z  * [new branch]          feat/wms539-artmaks-cells-import -> origin/feat/wms539-artmaks-cells-import
2026-10-07T06:46:16.3995940Z  * [new branch]          feat/wms631-print-agent -> origin/feat/wms631-print-agent
2026-10-07T06:46:16.3996460Z  * [new branch]          feat/wms633-chz-copies  -> origin/feat/wms633-chz-copies
2026-10-07T06:46:16.3997090Z  * [new branch]          feat/wms636-wb-rejected-filter -> origin/feat/wms636-wb-rejected-filter
2026-10-07T06:46:16.3997740Z  * [new branch]          feat/wms641-support-agent -> origin/feat/wms641-support-agent
2026-10-07T06:46:16.3998290Z  * [new branch]          feat/wms650-sorting-impl -> origin/feat/wms650-sorting-impl
2026-10-07T06:46:16.3998890Z  * [new branch]          feat/wms650-sorting-mockup -> origin/feat/wms650-sorting-mockup
2026-10-07T06:46:16.3999500Z  * [new branch]          fix/auth-staff-e2e-20260815 -> origin/fix/auth-staff-e2e-20260815
2026-10-07T06:46:16.4000430Z  * [new branch]          fix/cis-pool-full-20260821 -> origin/fix/cis-pool-full-20260821
2026-10-07T06:46:16.4001800Z  * [new branch]          fix/cz-artifact-print-scale -> origin/fix/cz-artifact-print-scale
2026-10-07T06:46:16.4002450Z  * [new branch]          fix/deploy-hard-reset   -> origin/fix/deploy-hard-reset
2026-10-07T06:46:16.4011950Z  * [new branch]          fix/fbs-box-controls-20260901 -> origin/fix/fbs-box-controls-20260901
2026-10-07T06:46:16.4012670Z  * [new branch]          fix/fbs-supplier-status-sync -> origin/fix/fbs-supplier-status-sync
2026-10-07T06:46:16.4013620Z  * [new branch]          fix/inventory-owner-block-20260902 -> origin/fix/inventory-owner-block-20260902
2026-10-07T06:46:16.4014570Z  * [new branch]          fix/inventory-unexpected-product-scan-20260901 -> origin/fix/inventory-unexpected-product-scan-20260901
2026-10-07T06:46:16.4016170Z  * [new branch]          fix/kiz-gs-restore-20260821 -> origin/fix/kiz-gs-restore-20260821
2026-10-07T06:46:16.4016720Z  * [new branch]          fix/no-distribution-20260821 -> origin/fix/no-distribution-20260821
2026-10-07T06:46:16.4017680Z  * [new branch]          fix/outbound-reserve-from-sorting-20260902 -> origin/fix/outbound-reserve-from-sorting-20260902
2026-10-07T06:46:16.4018460Z  * [new branch]          fix/packing-optional-20260819 -> origin/fix/packing-optional-20260819
2026-10-07T06:46:16.4019130Z  * [new branch]          fix/packing-optional-to-prod -> origin/fix/packing-optional-to-prod
2026-10-07T06:46:16.4019810Z  * [new branch]          fix/picklist-size-20260819 -> origin/fix/picklist-size-20260819
2026-10-07T06:46:16.4020330Z  * [new branch]          fix/print-pdf-dialog    -> origin/fix/print-pdf-dialog
2026-10-07T06:46:16.4020810Z  * [new branch]          fix/print-restore-proven -> origin/fix/print-restore-proven
2026-10-07T06:46:16.4026250Z  * [new branch]          fix/review-findings-20260902 -> origin/fix/review-findings-20260902
2026-10-07T06:46:16.4027360Z  * [new branch]          fix/seller-honest-sign-sync-20260819 -> origin/fix/seller-honest-sign-sync-20260819
2026-10-07T06:46:16.4028090Z  * [new branch]          fix/warehouse-single-20260821 -> origin/fix/warehouse-single-20260821
2026-10-07T06:46:16.4028900Z  * [new branch]          fix/wb-label-seller-line-height -> origin/fix/wb-label-seller-line-height
2026-10-07T06:46:16.4029730Z  * [new branch]          fix/wb-label-seller-line-trim -> origin/fix/wb-label-seller-line-trim
2026-10-07T06:46:16.4030520Z  * [new branch]          fix/wb-meta-method-20260821 -> origin/fix/wb-meta-method-20260821
2026-10-07T06:46:16.4031260Z  * [new branch]          fix/wb-token-save-500   -> origin/fix/wb-token-save-500
2026-10-07T06:46:16.4031890Z  * [new branch]          fix/wms-fbs-single-pick-by-cell -> origin/fix/wms-fbs-single-pick-by-cell
2026-10-07T06:46:16.4033820Z  * [new branch]          fix/wms-session-regression -> origin/fix/wms-session-regression
2026-10-07T06:46:16.4034440Z  * [new branch]          fix/wms487-tape-print-missing-codes -> origin/fix/wms487-tape-print-missing-codes
2026-10-07T06:46:16.4035440Z  * [new branch]          fix/wms517-price-snapshot -> origin/fix/wms517-price-snapshot
2026-10-07T06:46:16.4037060Z  * [new branch]          fix/wms517-sold-only    -> origin/fix/wms517-sold-only
2026-10-07T06:46:16.4037650Z  * [new branch]          fix/wms625-on-etalon-20261003 -> origin/fix/wms625-on-etalon-20261003
2026-10-07T06:46:16.4038370Z  * [new branch]          fix/wms634-fbo-date-delegated -> origin/fix/wms634-fbo-date-delegated
2026-10-07T06:46:16.4039010Z  * [new branch]          fix/wms635-kiz-no-wb-wait -> origin/fix/wms635-kiz-no-wb-wait
2026-10-07T06:46:16.4039930Z  * [new branch]          fix/wms639-scan-no-wb-readback -> origin/fix/wms639-scan-no-wb-readback
2026-10-07T06:46:16.4041560Z  * [new branch]          fix/wms640-scan-kiz-no-wb-wait -> origin/fix/wms640-scan-kiz-no-wb-wait
2026-10-07T06:46:16.4042450Z  * [new branch]          fix/wms641-kiz-delete-background -> origin/fix/wms641-kiz-delete-background
2026-10-07T06:46:16.4043590Z  * [new branch]          fix/wms642-kiz-no-locks-handover -> origin/fix/wms642-kiz-no-locks-handover
2026-10-07T06:46:16.4044570Z  * [new branch]          fix/wms643-no-print-when-unchecked -> origin/fix/wms643-no-print-when-unchecked
2026-10-07T06:46:16.4045430Z  * [new branch]          fix/wms652-contract-check-merge -> origin/fix/wms652-contract-check-merge
2026-10-07T06:46:16.4046120Z  * [new branch]          fix/wms656-full-kiz-label -> origin/fix/wms656-full-kiz-label
2026-10-07T06:46:16.4046740Z  * [new branch]          fix/wms666-product-stock-scope -> origin/fix/wms666-product-stock-scope
2026-10-07T06:46:16.4047540Z  * [new branch]          hotfix/avpack-bulk-print-after-kiz-clear -> origin/hotfix/avpack-bulk-print-after-kiz-clear
2026-10-07T06:46:16.4049660Z  * [new branch]          hotfix/boxes-print-all-qr -> origin/hotfix/boxes-print-all-qr
2026-10-07T06:46:16.4050410Z  * [new branch]          hotfix/cz-print-regression-2026-07-07 -> origin/hotfix/cz-print-regression-2026-07-07
2026-10-07T06:46:16.4051240Z  * [new branch]          hotfix/inbound-qty-blur-v2 -> origin/hotfix/inbound-qty-blur-v2
2026-10-07T06:46:16.4057600Z  * [new branch]          hotfix/inbound-table-header-alignment -> origin/hotfix/inbound-table-header-alignment
2026-10-07T06:46:16.4058350Z  * [new branch]          hotfix/ozon-requirements-int-sku -> origin/hotfix/ozon-requirements-int-sku
2026-10-07T06:46:16.4059070Z  * [new branch]          hotfix/tz-print-landscape-revert -> origin/hotfix/tz-print-landscape-revert
2026-10-07T06:46:16.4059780Z  * [new branch]          hotfix/wb-unified-token-fbs-intake -> origin/hotfix/wb-unified-token-fbs-intake
2026-10-07T06:46:16.4060440Z  * [new branch]          hotfix/wms622-628-restore -> origin/hotfix/wms622-628-restore
2026-10-07T06:46:16.4061770Z  * [new branch]          integration/fbs-fixes-20260821 -> origin/integration/fbs-fixes-20260821
2026-10-07T06:46:16.4064260Z  * [new branch]          main                    -> origin/main
2026-10-07T06:46:16.4064910Z  * [new branch]          mobile/android7-v014-recovery -> origin/mobile/android7-v014-recovery
2026-10-07T06:46:16.4065930Z  * [new branch]          mobile/feat-fbs         -> origin/mobile/feat-fbs
2026-10-07T06:46:16.4066740Z  * [new branch]          mockup/psp2-clickable   -> origin/mockup/psp2-clickable
2026-10-07T06:46:16.4067770Z  * [new branch]          night/catalog-box-lookup-20260823/lane-1/01-catalog-box-lookup -> origin/night/catalog-box-lookup-20260823/lane-1/01-catalog-box-lookup
2026-10-07T06:46:16.4075020Z  * [new branch]          night/volna-9-recovery/lane-1/01-wb-marking -> origin/night/volna-9-recovery/lane-1/01-wb-marking
2026-10-07T06:46:16.4078170Z  * [new branch]          night/volna-9-recovery/lane-1/04-warehouse-switch -> origin/night/volna-9-recovery/lane-1/04-warehouse-switch
2026-10-07T06:46:16.4079760Z  * [new branch]          night/volna-9-recovery/lane-1/07-reporting -> origin/night/volna-9-recovery/lane-1/07-reporting
2026-10-07T06:46:16.4080560Z  * [new branch]          night/volna-9-recovery/lane-2/02-verdikt-screen -> origin/night/volna-9-recovery/lane-2/02-verdikt-screen
2026-10-07T06:46:16.4081380Z  * [new branch]          night/volna-9-recovery/lane-2/05-prod-slow -> origin/night/volna-9-recovery/lane-2/05-prod-slow
2026-10-07T06:46:16.4082110Z  * [new branch]          night/volna-9-recovery/lane-2/08-storage -> origin/night/volna-9-recovery/lane-2/08-storage
2026-10-07T06:46:16.4082880Z  * [new branch]          night/volna-9-recovery/lane-3/03-no-distribution-mode -> origin/night/volna-9-recovery/lane-3/03-no-distribution-mode
2026-10-07T06:46:16.4083820Z  * [new branch]          night/volna-9-recovery/lane-3/06-picking-list-order -> origin/night/volna-9-recovery/lane-3/06-picking-list-order
2026-10-07T06:46:16.4084610Z  * [new branch]          night/volna-9-recovery/lane-3/09-billing -> origin/night/volna-9-recovery/lane-3/09-billing
2026-10-07T06:46:16.4085400Z  * [new branch]          night/volna-9/lane-1/01-wb-marking -> origin/night/volna-9/lane-1/01-wb-marking
2026-10-07T06:46:16.4086280Z  * [new branch]          night/volna-9/lane-1/07-reporting -> origin/night/volna-9/lane-1/07-reporting
2026-10-07T06:46:16.4088120Z  * [new branch]          night/volna-9/lane-1/defect-01 -> origin/night/volna-9/lane-1/defect-01
2026-10-07T06:46:16.4088730Z  * [new branch]          night/volna-9/lane-1/feature-07 -> origin/night/volna-9/lane-1/feature-07
2026-10-07T06:46:16.4089580Z  * [new branch]          night/volna-9/lane-2/02-verdikt-screen -> origin/night/volna-9/lane-2/02-verdikt-screen
2026-10-07T06:46:16.4090240Z  * [new branch]          night/volna-9/lane-2/08-storage -> origin/night/volna-9/lane-2/08-storage
2026-10-07T06:46:16.4090840Z  * [new branch]          night/volna-9/lane-2/defect-02 -> origin/night/volna-9/lane-2/defect-02
2026-10-07T06:46:16.4091470Z  * [new branch]          night/volna-9/lane-3/03-no-distribution-mode -> origin/night/volna-9/lane-3/03-no-distribution-mode
2026-10-07T06:46:16.4092360Z  * [new branch]          night/volna-9/lane-3/09-billing -> origin/night/volna-9/lane-3/09-billing
2026-10-07T06:46:16.4093130Z  * [new branch]          night/volna-9/lane-3/defect-03 -> origin/night/volna-9/lane-3/defect-03
2026-10-07T06:46:16.4093950Z  * [new branch]          night/volna-9/lane-4/04-warehouse-switch -> origin/night/volna-9/lane-4/04-warehouse-switch
2026-10-07T06:46:16.4094660Z  * [new branch]          night/volna-9/lane-4/defect-04 -> origin/night/volna-9/lane-4/defect-04
2026-10-07T06:46:16.4095440Z  * [new branch]          night/volna-9/lane-5/05-prod-slow -> origin/night/volna-9/lane-5/05-prod-slow
2026-10-07T06:46:16.4096100Z  * [new branch]          night/volna-9/lane-5/defect-05 -> origin/night/volna-9/lane-5/defect-05
2026-10-07T06:46:16.4096810Z  * [new branch]          night/volna-9/lane-6/06-picking-list-order -> origin/night/volna-9/lane-6/06-picking-list-order
2026-10-07T06:46:16.4097470Z  * [new branch]          night/volna-9/lane-6/defect-06 -> origin/night/volna-9/lane-6/defect-06
2026-10-07T06:46:16.4098170Z  * [new branch]          night/wms-653-5beb52da  -> origin/night/wms-653-5beb52da
2026-10-07T06:46:16.4098770Z  * [new branch]          night/wms-654-5beb52da  -> origin/night/wms-654-5beb52da
2026-10-07T06:46:16.4100020Z  * [new branch]          night/wms-657-5beb52da  -> origin/night/wms-657-5beb52da
2026-10-07T06:46:16.4100590Z  * [new branch]          night/wms-658-5beb52da  -> origin/night/wms-658-5beb52da
2026-10-07T06:46:16.4101080Z  * [new branch]          night/wms-659-5beb52da  -> origin/night/wms-659-5beb52da
2026-10-07T06:46:16.4101670Z  * [new branch]          night/zadachi-2026-08-21-20260821-r04/lane-1/01 -> origin/night/zadachi-2026-08-21-20260821-r04/lane-1/01
2026-10-07T06:46:16.4102420Z  * [new branch]          night/zadachi-2026-08-21-20260821-r04/lane-1/07 -> origin/night/zadachi-2026-08-21-20260821-r04/lane-1/07
2026-10-07T06:46:16.4103160Z  * [new branch]          night/zadachi-2026-08-21-20260821-r04/lane-2/02 -> origin/night/zadachi-2026-08-21-20260821-r04/lane-2/02
2026-10-07T06:46:16.4103960Z  * [new branch]          night/zadachi-2026-08-21-20260821-r04/lane-2/08 -> origin/night/zadachi-2026-08-21-20260821-r04/lane-2/08
2026-10-07T06:46:16.4104710Z  * [new branch]          night/zadachi-2026-08-21-20260821-r04/lane-3/03 -> origin/night/zadachi-2026-08-21-20260821-r04/lane-3/03
2026-10-07T06:46:16.4105440Z  * [new branch]          night/zadachi-2026-08-21-20260821-r04/lane-3/09 -> origin/night/zadachi-2026-08-21-20260821-r04/lane-3/09
2026-10-07T06:46:16.4106200Z  * [new branch]          night/zadachi-2026-08-21-20260821-r04/lane-4/04 -> origin/night/zadachi-2026-08-21-20260821-r04/lane-4/04
2026-10-07T06:46:16.4106900Z  * [new branch]          night/zadachi-2026-08-21-20260821-r04/lane-5/05 -> origin/night/zadachi-2026-08-21-20260821-r04/lane-5/05
2026-10-07T06:46:16.4107620Z  * [new branch]          night/zadachi-2026-08-21-20260821-r04/lane-6/06 -> origin/night/zadachi-2026-08-21-20260821-r04/lane-6/06
2026-10-07T06:46:16.4108440Z  * [new branch]          process/pipeline-on-etalon-20260821 -> origin/process/pipeline-on-etalon-20260821
2026-10-07T06:46:16.4109180Z  * [new branch]          release/2026-10-02-packing-stock -> origin/release/2026-10-02-packing-stock
2026-10-07T06:46:16.4109760Z  * [new branch]          release/2026-10-03-ready -> origin/release/2026-10-03-ready
2026-10-07T06:46:16.4110240Z  * [new branch]          release/barcode-tall-label -> origin/release/barcode-tall-label
2026-10-07T06:46:16.4110750Z  * [new branch]          release/inbound-print-fix -> origin/release/inbound-print-fix
2026-10-07T06:46:16.4111330Z  * [new branch]          release/wms641-agent-v1 -> origin/release/wms641-agent-v1
2026-10-07T06:46:16.4111820Z  * [new branch]          release/wms641-agent-v2 -> origin/release/wms641-agent-v2
2026-10-07T06:46:16.4112330Z  * [new branch]          release/wms641-agent-v3 -> origin/release/wms641-agent-v3
2026-10-07T06:46:16.4112980Z  * [new branch]          review/pick-and-binding-fixes-20260816 -> origin/review/pick-and-binding-fixes-20260816
2026-10-07T06:46:16.4113960Z  * [new branch]          review/system-wide-orchestrator-20260812 -> origin/review/system-wide-orchestrator-20260812
2026-10-07T06:46:16.4115700Z  * [new branch]          speed/test-infra-20260830 -> origin/speed/test-infra-20260830
2026-10-07T06:46:16.4116260Z  * [new branch]          staging                 -> origin/staging
2026-10-07T06:46:16.4116760Z  * [new branch]          support-task/WMS-651-4  -> origin/support-task/WMS-651-4
2026-10-07T06:46:16.4117280Z  * [new branch]          support-task/WMS-653-6  -> origin/support-task/WMS-653-6
2026-10-07T06:46:16.4117870Z  * [new branch]          support-task/WMS-654-7  -> origin/support-task/WMS-654-7
2026-10-07T06:46:16.4118400Z  * [new branch]          support-task/WMS-657-8  -> origin/support-task/WMS-657-8
2026-10-07T06:46:16.4118930Z  * [new branch]          support-task/WMS-658-9  -> origin/support-task/WMS-658-9
2026-10-07T06:46:16.4119460Z  * [new branch]          support-task/WMS-661-14 -> origin/support-task/WMS-661-14
2026-10-07T06:46:16.4120000Z  * [new branch]          support-task/WMS-667-18 -> origin/support-task/WMS-667-18
2026-10-07T06:46:16.4120540Z  * [new branch]          support-task/WMS-677-22 -> origin/support-task/WMS-677-22
2026-10-07T06:46:16.4121200Z  * [new branch]          support-task/WMS-679-26 -> origin/support-task/WMS-679-26
2026-10-07T06:46:16.4121750Z  * [new branch]          support-task/WMS-680-27 -> origin/support-task/WMS-680-27
2026-10-07T06:46:16.4122350Z  * [new branch]          support-task/WMS-683-29 -> origin/support-task/WMS-683-29
2026-10-07T06:46:16.4122970Z  * [new branch]          test/wms672-c7-c10-c11-20261006 -> origin/test/wms672-c7-c10-c11-20261006
2026-10-07T06:46:16.4123700Z  * [new tag]             tsd-preview             -> tsd-preview
2026-10-07T06:46:16.4124150Z  * [new tag]             wms-print-direct-v2026.09.30.1 -> wms-print-direct-v2026.09.30.1
2026-10-07T06:46:16.4124780Z  * [new tag]             wms-print-direct-v2026.09.30.2 -> wms-print-direct-v2026.09.30.2
2026-10-07T06:46:16.4125390Z  * [new tag]             wms-print-direct-v2026.09.30.3 -> wms-print-direct-v2026.09.30.3
2026-10-07T06:46:16.4125930Z  * [new tag]             wms-print-direct-v2026.09.30.4 -> wms-print-direct-v2026.09.30.4
2026-10-07T06:46:16.4126530Z  * [new tag]             wms-print-direct-v2026.09.30.5 -> wms-print-direct-v2026.09.30.5
2026-10-07T06:46:16.4127080Z  * [new tag]             wms-print-direct-v2026.10.01.1-rc1 -> wms-print-direct-v2026.10.01.1-rc1
2026-10-07T06:46:16.4127670Z  * [new tag]             wms-print-v2026.09.13.1 -> wms-print-v2026.09.13.1
2026-10-07T06:46:16.4128080Z  * [new tag]             wms-print-v2026.09.13.2 -> wms-print-v2026.09.13.2
2026-10-07T06:46:16.4128480Z  * [new tag]             wms-print-v2026.09.13.3 -> wms-print-v2026.09.13.3
2026-10-07T06:46:16.4130460Z [command]/opt/homebrew/bin/git rev-parse --verify --quiet a475a7342c0da72dd49b2990bd998c522ecc2c2b^{object}
2026-10-07T06:46:16.4131040Z a475a7342c0da72dd49b2990bd998c522ecc2c2b
2026-10-07T06:46:16.4132040Z ##[endgroup]
2026-10-07T06:46:16.4132640Z ##[group]Determining the checkout info
2026-10-07T06:46:16.4133080Z ##[endgroup]
2026-10-07T06:46:16.4133420Z [command]/opt/homebrew/bin/git sparse-checkout disable
2026-10-07T06:46:16.4134260Z [command]/opt/homebrew/bin/git config --local --unset-all extensions.worktreeConfig
2026-10-07T06:46:16.4135160Z ##[group]Checking out the ref
2026-10-07T06:46:16.4135590Z [command]/opt/homebrew/bin/git checkout --progress --force a475a7342c0da72dd49b2990bd998c522ecc2c2b
2026-10-07T06:46:17.4319160Z Updating files:  95% (4072/4272)
2026-10-07T06:46:17.4764770Z Updating files:  96% (4102/4272)
2026-10-07T06:46:17.4845520Z Updating files:  97% (4144/4272)
2026-10-07T06:46:17.5183180Z Updating files:  98% (4187/4272)
2026-10-07T06:46:17.5271920Z Updating files:  99% (4230/4272)
2026-10-07T06:46:17.5273400Z Updating files: 100% (4272/4272)
2026-10-07T06:46:17.5292410Z Updating files: 100% (4272/4272), done.
2026-10-07T06:46:17.5362780Z HEAD is now at a475a7342 WMS-607: accept reviewed startup ownership correction before package CI
2026-10-07T06:46:17.5391800Z ##[endgroup]
2026-10-07T06:46:17.5485680Z [command]/opt/homebrew/bin/git log -1 --format=%H
2026-10-07T06:46:17.5551490Z a475a7342c0da72dd49b2990bd998c522ecc2c2b
2026-10-07T06:46:17.5601420Z ##[group]Removing auth
2026-10-07T06:46:17.5608480Z [command]/opt/homebrew/bin/git config --local --name-only --get-regexp core\.sshCommand
2026-10-07T06:46:17.5695380Z [command]/opt/homebrew/bin/git submodule foreach --recursive sh -c "git config --local --name-only --get-regexp 'core\.sshCommand' && git config --local --unset-all 'core.sshCommand' || :"
2026-10-07T06:46:17.6682320Z [command]/opt/homebrew/bin/git config --local --name-only --get-regexp http\.https\:\/\/github\.com\/\.extraheader
2026-10-07T06:46:17.6724120Z http.https://github.com/.extraheader
2026-10-07T06:46:17.6728620Z [command]/opt/homebrew/bin/git config --local --unset-all http.https://github.com/.extraheader
2026-10-07T06:46:17.6786550Z [command]/opt/homebrew/bin/git submodule foreach --recursive sh -c "git config --local --name-only --get-regexp 'http\.https\:\/\/github\.com\/\.extraheader' && git config --local --unset-all 'http.https://github.com/.extraheader' || :"
2026-10-07T06:46:17.7353270Z [command]/opt/homebrew/bin/git config --local --name-only --get-regexp ^includeIf\.gitdir:
2026-10-07T06:46:17.7399670Z [command]/opt/homebrew/bin/git submodule foreach --recursive git config --local --show-origin --name-only --get-regexp remote.origin.url
2026-10-07T06:46:17.8124570Z ##[endgroup]
2026-10-07T06:46:17.8703760Z ##[group]Run actions/setup-python@v5
2026-10-07T06:46:17.8704040Z with:
2026-10-07T06:46:17.8704180Z   python-version: 3.13
2026-10-07T06:46:17.8704360Z   check-latest: false
2026-10-07T06:46:17.8706450Z   token: ***
2026-10-07T06:46:17.8706600Z   update-environment: true
2026-10-07T06:46:17.8706770Z   allow-prereleases: false
2026-10-07T06:46:17.8706940Z   freethreaded: false
2026-10-07T06:46:17.8707110Z ##[endgroup]
2026-10-07T06:46:18.0498680Z ##[group]Installed versions
2026-10-07T06:46:18.0563610Z (node:5013) [DEP0040] DeprecationWarning: The `punycode` module is deprecated. Please use a userland alternative instead.
2026-10-07T06:46:18.0565040Z Successfully set up CPython (3.13.15)
2026-10-07T06:46:18.0579670Z (Use `node --trace-deprecation ...` to show where the warning was created)
2026-10-07T06:46:18.0580370Z ##[endgroup]
2026-10-07T06:46:18.0663840Z ##[group]Run test "$(git rev-parse HEAD)" = "$REQUESTED_SOURCE"
2026-10-07T06:46:18.0664300Z [36;1mtest "$(git rev-parse HEAD)" = "$REQUESTED_SOURCE"[0m
2026-10-07T06:46:18.0664710Z [36;1mtest "$(uname -m)" = "$EXPECTED_ARCH"[0m
2026-10-07T06:46:18.0665080Z [36;1mmkdir -p "$RUNNER_TEMP/wms607-package"[0m
2026-10-07T06:46:18.0665450Z [36;1mgit rev-parse HEAD > "$RUNNER_TEMP/wms607-package/source.txt"[0m
2026-10-07T06:46:18.0666110Z [36;1mprintf '%s\n' "$HARNESS_SHA" > "$RUNNER_TEMP/wms607-package/harness.txt"[0m
2026-10-07T06:46:18.0666620Z [36;1muname -a > "$RUNNER_TEMP/wms607-package/environment.txt"[0m
2026-10-07T06:46:18.0667040Z [36;1mpython3 --version >> "$RUNNER_TEMP/wms607-package/environment.txt"[0m
2026-10-07T06:46:18.0667570Z [36;1mswiftc --version >> "$RUNNER_TEMP/wms607-package/environment.txt"[0m
2026-10-07T06:46:18.0749010Z shell: /bin/bash -e {0}
2026-10-07T06:46:18.0749260Z env:
2026-10-07T06:46:18.0749580Z   pythonLocation: /Users/runner/hostedtoolcache/Python/3.13.15/arm64
2026-10-07T06:46:18.0750080Z   PKG_CONFIG_PATH: /Users/runner/hostedtoolcache/Python/3.13.15/arm64/lib/pkgconfig
2026-10-07T06:46:18.0750510Z   Python_ROOT_DIR: /Users/runner/hostedtoolcache/Python/3.13.15/arm64
2026-10-07T06:46:18.0750890Z   Python2_ROOT_DIR: /Users/runner/hostedtoolcache/Python/3.13.15/arm64
2026-10-07T06:46:18.0751270Z   Python3_ROOT_DIR: /Users/runner/hostedtoolcache/Python/3.13.15/arm64
2026-10-07T06:46:18.0751660Z   REQUESTED_SOURCE: a475a7342c0da72dd49b2990bd998c522ecc2c2b
2026-10-07T06:46:18.0751960Z   EXPECTED_ARCH: arm64
2026-10-07T06:46:18.0752220Z   HARNESS_SHA: 1c2bddd844ff6baf331eae53b3a44304d834cc01
2026-10-07T06:46:18.0752500Z ##[endgroup]
2026-10-07T06:46:20.7043480Z swift-driver version: 1.90.11.1 
2026-10-07T06:46:20.7351670Z ##[group]Run git merge-base --is-ancestor 49da13fd2a0d22f207818248f274cf5ff400e39f HEAD
2026-10-07T06:46:20.7352270Z [36;1mgit merge-base --is-ancestor 49da13fd2a0d22f207818248f274cf5ff400e39f HEAD[0m
2026-10-07T06:46:20.7352880Z [36;1mpython3 -B scripts/ci/check_task_documents.py 49da13fd2a0d22f207818248f274cf5ff400e39f > "$RUNNER_TEMP/wms607-package/documents.log" 2>&1[0m
2026-10-07T06:46:20.7407240Z shell: /bin/bash -e {0}
2026-10-07T06:46:20.7407430Z env:
2026-10-07T06:46:20.7407680Z   pythonLocation: /Users/runner/hostedtoolcache/Python/3.13.15/arm64
2026-10-07T06:46:20.7408100Z   PKG_CONFIG_PATH: /Users/runner/hostedtoolcache/Python/3.13.15/arm64/lib/pkgconfig
2026-10-07T06:46:20.7408500Z   Python_ROOT_DIR: /Users/runner/hostedtoolcache/Python/3.13.15/arm64
2026-10-07T06:46:20.7408870Z   Python2_ROOT_DIR: /Users/runner/hostedtoolcache/Python/3.13.15/arm64
2026-10-07T06:46:20.7409240Z   Python3_ROOT_DIR: /Users/runner/hostedtoolcache/Python/3.13.15/arm64
2026-10-07T06:46:20.7409550Z ##[endgroup]
2026-10-07T06:46:21.2371800Z ##[group]Run export WMS607_START_OWNER_RAW="$RUNNER_TEMP/wms607-package/startup-owner"
2026-10-07T06:46:21.2372300Z [36;1mexport WMS607_START_OWNER_RAW="$RUNNER_TEMP/wms607-package/startup-owner"[0m
2026-10-07T06:46:21.2373050Z [36;1mpython3 -B tools/print-agent/test_macos_direct_updater_start_owner_contract.py --report "$RUNNER_TEMP/wms607-package/startup-owner.xml" > "$RUNNER_TEMP/wms607-package/startup-owner.log" 2>&1[0m
2026-10-07T06:46:21.2423960Z shell: /bin/bash -e {0}
2026-10-07T06:46:21.2424190Z env:
2026-10-07T06:46:21.2424470Z   pythonLocation: /Users/runner/hostedtoolcache/Python/3.13.15/arm64
2026-10-07T06:46:21.2424880Z   PKG_CONFIG_PATH: /Users/runner/hostedtoolcache/Python/3.13.15/arm64/lib/pkgconfig
2026-10-07T06:46:21.2425280Z   Python_ROOT_DIR: /Users/runner/hostedtoolcache/Python/3.13.15/arm64
2026-10-07T06:46:21.2425660Z   Python2_ROOT_DIR: /Users/runner/hostedtoolcache/Python/3.13.15/arm64
2026-10-07T06:46:21.2426080Z   Python3_ROOT_DIR: /Users/runner/hostedtoolcache/Python/3.13.15/arm64
2026-10-07T06:46:21.2426370Z ##[endgroup]
2026-10-07T06:46:21.5207130Z ##[group]Run export WMS607_UPDATER_EVIDENCE_DIR="$RUNNER_TEMP/wms607-package/updater"
2026-10-07T06:46:21.5208470Z [36;1mexport WMS607_UPDATER_EVIDENCE_DIR="$RUNNER_TEMP/wms607-package/updater"[0m
2026-10-07T06:46:21.5209330Z [36;1mpython3 -B docs/evidence/WMS-607/updater-test-contract-20261007/run-contract.py --report "$RUNNER_TEMP/wms607-package/updater.xml" > "$RUNNER_TEMP/wms607-package/updater.log" 2>&1[0m
2026-10-07T06:46:21.5267630Z shell: /bin/bash -e {0}
2026-10-07T06:46:21.5267830Z env:
2026-10-07T06:46:21.5268070Z   pythonLocation: /Users/runner/hostedtoolcache/Python/3.13.15/arm64
2026-10-07T06:46:21.5268590Z   PKG_CONFIG_PATH: /Users/runner/hostedtoolcache/Python/3.13.15/arm64/lib/pkgconfig
2026-10-07T06:46:21.5269120Z   Python_ROOT_DIR: /Users/runner/hostedtoolcache/Python/3.13.15/arm64
2026-10-07T06:46:21.5269570Z   Python2_ROOT_DIR: /Users/runner/hostedtoolcache/Python/3.13.15/arm64
2026-10-07T06:46:21.5270150Z   Python3_ROOT_DIR: /Users/runner/hostedtoolcache/Python/3.13.15/arm64
2026-10-07T06:46:21.5270440Z ##[endgroup]
2026-10-07T06:47:13.6779820Z ##[group]Run python3 -B tools/print-agent/test_macos_direct_updater_stop_contract.py --report "$RUNNER_TEMP/wms607-package/stop.xml" > "$RUNNER_TEMP/wms607-package/stop.log" 2>&1
2026-10-07T06:47:13.6781060Z [36;1mpython3 -B tools/print-agent/test_macos_direct_updater_stop_contract.py --report "$RUNNER_TEMP/wms607-package/stop.xml" > "$RUNNER_TEMP/wms607-package/stop.log" 2>&1[0m
2026-10-07T06:47:13.7035690Z shell: /bin/bash -e {0}
2026-10-07T06:47:13.7036140Z env:
2026-10-07T06:47:13.7036530Z   pythonLocation: /Users/runner/hostedtoolcache/Python/3.13.15/arm64
2026-10-07T06:47:13.7037130Z   PKG_CONFIG_PATH: /Users/runner/hostedtoolcache/Python/3.13.15/arm64/lib/pkgconfig
2026-10-07T06:47:13.7037630Z   Python_ROOT_DIR: /Users/runner/hostedtoolcache/Python/3.13.15/arm64
2026-10-07T06:47:13.7044010Z   Python2_ROOT_DIR: /Users/runner/hostedtoolcache/Python/3.13.15/arm64
2026-10-07T06:47:13.7044550Z   Python3_ROOT_DIR: /Users/runner/hostedtoolcache/Python/3.13.15/arm64
2026-10-07T06:47:13.7045060Z ##[endgroup]
2026-10-07T06:47:14.2357480Z ##[group]Run export WMS607_HTTP_EVIDENCE_DIR="$RUNNER_TEMP/wms607-package/http"
2026-10-07T06:47:14.2359230Z [36;1mexport WMS607_HTTP_EVIDENCE_DIR="$RUNNER_TEMP/wms607-package/http"[0m
2026-10-07T06:47:14.2360140Z [36;1mpython3 -B docs/evidence/WMS-607/updater-implementation-20261007/run-existing.py --report "$RUNNER_TEMP/wms607-package/existing.xml" > "$RUNNER_TEMP/wms607-package/existing.log" 2>&1[0m
2026-10-07T06:47:14.2421030Z shell: /bin/bash -e {0}
2026-10-07T06:47:14.2421320Z env:
2026-10-07T06:47:14.2421790Z   pythonLocation: /Users/runner/hostedtoolcache/Python/3.13.15/arm64
2026-10-07T06:47:14.2422370Z   PKG_CONFIG_PATH: /Users/runner/hostedtoolcache/Python/3.13.15/arm64/lib/pkgconfig
2026-10-07T06:47:14.2423300Z   Python_ROOT_DIR: /Users/runner/hostedtoolcache/Python/3.13.15/arm64
2026-10-07T06:47:14.2423890Z   Python2_ROOT_DIR: /Users/runner/hostedtoolcache/Python/3.13.15/arm64
2026-10-07T06:47:14.2424640Z   Python3_ROOT_DIR: /Users/runner/hostedtoolcache/Python/3.13.15/arm64
2026-10-07T06:47:14.2425040Z ##[endgroup]
2026-10-07T06:47:56.6400630Z ##[group]Run python3 - <<'PYCODE'
2026-10-07T06:47:56.6401130Z [36;1mpython3 - <<'PYCODE'[0m
2026-10-07T06:47:56.6401490Z [36;1mfrom pathlib import Path[0m
2026-10-07T06:47:56.6401670Z [36;1mimport os[0m
2026-10-07T06:47:56.6401910Z [36;1mimport xml.etree.ElementTree as ET[0m
2026-10-07T06:47:56.6402350Z [36;1msource = Path('docs/evidence/WMS-607/updater-stop-fix-20261007')[0m
2026-10-07T06:47:56.6402780Z [36;1mactual = Path(os.environ['RUNNER_TEMP']) / 'wms607-package'[0m
2026-10-07T06:47:56.6403340Z [36;1mfor report, baseline, expected in [('updater.xml','updater.xml',10),('stop.xml','green.xml',4),('existing.xml','existing.xml',19)]:[0m
2026-10-07T06:47:56.6403830Z [36;1m    def ids(path):[0m
2026-10-07T06:47:56.6404260Z [36;1m        root = ET.parse(path).getroot()[0m
2026-10-07T06:47:56.6404730Z [36;1m        assert not list(root.iter('failure')) and not list(root.iter('error')) and not list(root.iter('skipped')), path[0m
2026-10-07T06:47:56.6405350Z [36;1m        rows = [f"{case.get('classname')}::{case.get('name')}" for case in root.iter('testcase')][0m
2026-10-07T06:47:56.6405900Z [36;1m        assert len(rows) == expected and len(set(rows)) == expected, path[0m
2026-10-07T06:47:56.6406190Z [36;1m        return set(rows)[0m
2026-10-07T06:47:56.6406550Z [36;1m    assert ids(actual / report) == ids(source / baseline), report[0m
2026-10-07T06:47:56.6406880Z [36;1mimport json[0m
2026-10-07T06:47:56.6407410Z [36;1mcontract = json.loads(Path('docs/evidence/WMS-607/startup-owner-test-contract-20261007/contract.json').read_text())[0m
2026-10-07T06:47:56.6407970Z [36;1mexpected = contract['suite']['count'][0m
2026-10-07T06:47:56.6408250Z [36;1massert expected == 3[0m
2026-10-07T06:47:56.6408550Z [36;1massert ids(actual / 'startup-owner.xml') == set(contract['suite']['xml_ids'])[0m
2026-10-07T06:47:56.6408920Z [36;1mPYCODE[0m
2026-10-07T06:47:56.6666400Z shell: /bin/bash -e {0}
2026-10-07T06:47:56.6666620Z env:
2026-10-07T06:47:56.6666960Z   pythonLocation: /Users/runner/hostedtoolcache/Python/3.13.15/arm64
2026-10-07T06:47:56.6667370Z   PKG_CONFIG_PATH: /Users/runner/hostedtoolcache/Python/3.13.15/arm64/lib/pkgconfig
2026-10-07T06:47:56.6667770Z   Python_ROOT_DIR: /Users/runner/hostedtoolcache/Python/3.13.15/arm64
2026-10-07T06:47:56.6668290Z   Python2_ROOT_DIR: /Users/runner/hostedtoolcache/Python/3.13.15/arm64
2026-10-07T06:47:56.6668700Z   Python3_ROOT_DIR: /Users/runner/hostedtoolcache/Python/3.13.15/arm64
2026-10-07T06:47:56.6669040Z ##[endgroup]
2026-10-07T06:47:56.7467350Z ##[group]Run python3 -B tools/print-agent/build_console.py > "$RUNNER_TEMP/wms607-package/build.log" 2>&1
2026-10-07T06:47:56.7468160Z [36;1mpython3 -B tools/print-agent/build_console.py > "$RUNNER_TEMP/wms607-package/build.log" 2>&1[0m
2026-10-07T06:47:56.7469300Z [36;1mtools/print-agent/dist-console/wms-print/wms-print --self-test > "$RUNNER_TEMP/wms607-package/self-test.log" 2>&1[0m
2026-10-07T06:47:56.7521030Z shell: /bin/bash -e {0}
2026-10-07T06:47:56.7521200Z env:
2026-10-07T06:47:56.7521510Z   pythonLocation: /Users/runner/hostedtoolcache/Python/3.13.15/arm64
2026-10-07T06:47:56.7521920Z   PKG_CONFIG_PATH: /Users/runner/hostedtoolcache/Python/3.13.15/arm64/lib/pkgconfig
2026-10-07T06:47:56.7522320Z   Python_ROOT_DIR: /Users/runner/hostedtoolcache/Python/3.13.15/arm64
2026-10-07T06:47:56.7522690Z   Python2_ROOT_DIR: /Users/runner/hostedtoolcache/Python/3.13.15/arm64
2026-10-07T06:47:56.7523120Z   Python3_ROOT_DIR: /Users/runner/hostedtoolcache/Python/3.13.15/arm64
2026-10-07T06:47:56.7523580Z ##[endgroup]
2026-10-07T06:48:10.1602710Z ##[group]Run python3 - <<'PYCODE'
2026-10-07T06:48:10.1603340Z [36;1mpython3 - <<'PYCODE'[0m
2026-10-07T06:48:10.1603790Z [36;1mimport hashlib, json, os, subprocess, zipfile[0m
2026-10-07T06:48:10.1604330Z [36;1mfrom pathlib import Path[0m
2026-10-07T06:48:10.1604760Z [36;1mpackage = Path('tools/print-agent/dist-console/wms-print')[0m
2026-10-07T06:48:10.1605220Z [36;1mdata = json.loads((package/'build.json').read_text())[0m
2026-10-07T06:48:10.1605760Z [36;1massert data['source_commit'] == os.environ['REQUESTED_SOURCE'][0m
2026-10-07T06:48:10.1606380Z [36;1massert data['architecture'] == os.environ['EXPECTED_ARCH'] and data['platform'] == 'darwin'[0m
2026-10-07T06:48:10.1607080Z [36;1massert data['runtime'] == 'direct' and data['console'] is True and data['physical_print_verified'] is False[0m
2026-10-07T06:48:10.1607890Z [36;1massert subprocess.check_output(['lipo','-archs',str(package/'wms-print')], text=True).strip() == os.environ['EXPECTED_ARCH'][0m
2026-10-07T06:48:10.1608670Z [36;1msubprocess.run(['codesign','--verify','--strict',str(package/'wms-print')],check=True)[0m
2026-10-07T06:48:10.1609280Z [36;1marchives = list(Path('tools/print-agent/dist-console').glob('*.zip'))[0m
2026-10-07T06:48:10.1609700Z [36;1massert len(archives) == 1[0m
2026-10-07T06:48:10.1610050Z [36;1marchive = archives[0][0m
2026-10-07T06:48:10.1610370Z [36;1mwith zipfile.ZipFile(archive) as stream:[0m
2026-10-07T06:48:10.1610840Z [36;1m    assert json.loads(stream.read('wms-print/build.json')) == data[0m
2026-10-07T06:48:10.1611500Z [36;1m    assert stream.read('wms-print/update_macos_direct.sh') == Path('tools/print-agent/update_macos_direct.sh').read_bytes()[0m
2026-10-07T06:48:10.1612490Z [36;1mrecord = {'archive':archive.name,'sha256':hashlib.sha256(archive.read_bytes()).hexdigest(),'size':archive.stat().st_size,'build':data}[0m
2026-10-07T06:48:10.1613440Z [36;1m(Path(os.environ['RUNNER_TEMP'])/'wms607-package'/'archive.json').write_text(json.dumps(record,indent=2)+'\n')[0m
2026-10-07T06:48:10.1614090Z [36;1massert not subprocess.check_output(['git','diff','--name-only']).strip()[0m
2026-10-07T06:48:10.1614770Z [36;1massert subprocess.check_output(['git','rev-parse','HEAD'],text=True).strip() == os.environ['REQUESTED_SOURCE'][0m
2026-10-07T06:48:10.1615350Z [36;1mPYCODE[0m
2026-10-07T06:48:10.1877530Z shell: /bin/bash -e {0}
2026-10-07T06:48:10.1877910Z env:
2026-10-07T06:48:10.1878230Z   pythonLocation: /Users/runner/hostedtoolcache/Python/3.13.15/arm64
2026-10-07T06:48:10.1878850Z   PKG_CONFIG_PATH: /Users/runner/hostedtoolcache/Python/3.13.15/arm64/lib/pkgconfig
2026-10-07T06:48:10.1907200Z   Python_ROOT_DIR: /Users/runner/hostedtoolcache/Python/3.13.15/arm64
2026-10-07T06:48:10.1907800Z   Python2_ROOT_DIR: /Users/runner/hostedtoolcache/Python/3.13.15/arm64
2026-10-07T06:48:10.1908560Z   Python3_ROOT_DIR: /Users/runner/hostedtoolcache/Python/3.13.15/arm64
2026-10-07T06:48:10.1908940Z   REQUESTED_SOURCE: a475a7342c0da72dd49b2990bd998c522ecc2c2b
2026-10-07T06:48:10.1909220Z   EXPECTED_ARCH: arm64
2026-10-07T06:48:10.1909710Z ##[endgroup]
2026-10-07T06:48:11.2480750Z ##[group]Run actions/upload-artifact@v4
2026-10-07T06:48:11.2481100Z with:
2026-10-07T06:48:11.2487900Z   name: WMS607-Direct-arm64-a475a7342c0da72dd49b2990bd998c522ecc2c2b-37583326182-1
2026-10-07T06:48:11.2488450Z   path: tools/print-agent/dist-console/*.zip
/Users/runner/work/_temp/wms607-package

2026-10-07T06:48:11.2488940Z   if-no-files-found: error
2026-10-07T06:48:11.2489160Z   retention-days: 14
2026-10-07T06:48:11.2489430Z   compression-level: 6
2026-10-07T06:48:11.2489690Z   overwrite: false
2026-10-07T06:48:11.2489960Z   include-hidden-files: false
2026-10-07T06:48:11.2490200Z env:
2026-10-07T06:48:11.2490530Z   pythonLocation: /Users/runner/hostedtoolcache/Python/3.13.15/arm64
2026-10-07T06:48:11.2490970Z   PKG_CONFIG_PATH: /Users/runner/hostedtoolcache/Python/3.13.15/arm64/lib/pkgconfig
2026-10-07T06:48:11.2491460Z   Python_ROOT_DIR: /Users/runner/hostedtoolcache/Python/3.13.15/arm64
2026-10-07T06:48:11.2492010Z   Python2_ROOT_DIR: /Users/runner/hostedtoolcache/Python/3.13.15/arm64
2026-10-07T06:48:11.2492370Z   Python3_ROOT_DIR: /Users/runner/hostedtoolcache/Python/3.13.15/arm64
2026-10-07T06:48:11.2492710Z ##[endgroup]
2026-10-07T06:48:11.6611420Z (node:14139) [DEP0040] DeprecationWarning: The `punycode` module is deprecated. Please use a userland alternative instead.
2026-10-07T06:48:11.6615760Z (Use `node --trace-deprecation ...` to show where the warning was created)
2026-10-07T06:48:11.6782180Z Multiple search paths detected. Calculating the least common ancestor of all paths
2026-10-07T06:48:11.6784210Z The least common ancestor is /Users/runner/work. This will be the root directory of the artifact
2026-10-07T06:48:11.6785770Z With the provided path, there will be 34 files uploaded
2026-10-07T06:48:11.6786340Z Artifact name is valid!
2026-10-07T06:48:11.6786670Z Root directory input is valid!
2026-10-07T06:48:11.9041740Z Beginning upload of artifact content to blob storage
2026-10-07T06:48:11.9719470Z (node:14139) [DEP0169] DeprecationWarning: `url.parse()` behavior is not standardized and prone to errors that have security implications. Use the WHATWG URL API instead. CVEs are not issued for `url.parse()` vulnerabilities.
2026-10-07T06:48:12.0434420Z Uploaded bytes 229059
2026-10-07T06:48:12.0597260Z Finished uploading artifact content to blob storage!
2026-10-07T06:48:12.0598010Z SHA256 digest of uploaded artifact zip is 0a4de3fbeece3506dcfdfeb8e954c8ea06d8d3452f5e61944427c40882ae4906
2026-10-07T06:48:12.0604410Z Finalizing artifact upload
2026-10-07T06:48:12.2716740Z Artifact WMS607-Direct-arm64-a475a7342c0da72dd49b2990bd998c522ecc2c2b-37583326182-1.zip successfully finalized. Artifact ID 11465731935
2026-10-07T06:48:12.2717680Z Artifact WMS607-Direct-arm64-a475a7342c0da72dd49b2990bd998c522ecc2c2b-37583326182-1 has been successfully uploaded! Final size is 229059 bytes. Artifact ID is 11465731935
2026-10-07T06:48:12.2933410Z Artifact download URL: https://github.com/chivkunovd-bitdenis/WMS/actions/runs/37583326182/artifacts/11465731935
2026-10-07T06:48:12.3062850Z Post job cleanup.
2026-10-07T06:48:12.4155990Z (node:14330) [DEP0040] DeprecationWarning: The `punycode` module is deprecated. Please use a userland alternative instead.
2026-10-07T06:48:12.4165800Z (Use `node --trace-deprecation ...` to show where the warning was created)
2026-10-07T06:48:12.4566830Z Post job cleanup.
2026-10-07T06:48:12.5788320Z [command]/opt/homebrew/bin/git version
2026-10-07T06:48:12.5918110Z git version 2.55.0
2026-10-07T06:48:12.5940080Z Copying '/Users/runner/.gitconfig' to '/Users/runner/work/_temp/edb2fa7b-d122-479d-92d0-f34334fc2ee6/.gitconfig'
2026-10-07T06:48:12.5999180Z Temporarily overriding HOME='/Users/runner/work/_temp/edb2fa7b-d122-479d-92d0-f34334fc2ee6' before making global git config changes
2026-10-07T06:48:12.6010780Z Adding repository directory to the temporary git global config as a safe directory
2026-10-07T06:48:12.6023720Z [command]/opt/homebrew/bin/git config --global --add safe.directory /Users/runner/work/WMS/WMS
2026-10-07T06:48:12.6067580Z [command]/opt/homebrew/bin/git config --local --name-only --get-regexp core\.sshCommand
2026-10-07T06:48:12.6119530Z [command]/opt/homebrew/bin/git submodule foreach --recursive sh -c "git config --local --name-only --get-regexp 'core\.sshCommand' && git config --local --unset-all 'core.sshCommand' || :"
2026-10-07T06:48:12.7156670Z [command]/opt/homebrew/bin/git config --local --name-only --get-regexp http\.https\:\/\/github\.com\/\.extraheader
2026-10-07T06:48:12.7210490Z [command]/opt/homebrew/bin/git submodule foreach --recursive sh -c "git config --local --name-only --get-regexp 'http\.https\:\/\/github\.com\/\.extraheader' && git config --local --unset-all 'http.https://github.com/.extraheader' || :"
2026-10-07T06:48:12.7826380Z [command]/opt/homebrew/bin/git config --local --name-only --get-regexp ^includeIf\.gitdir:
2026-10-07T06:48:12.7872060Z [command]/opt/homebrew/bin/git submodule foreach --recursive git config --local --show-origin --name-only --get-regexp remote.origin.url
2026-10-07T06:48:12.8950080Z Cleaning up orphan processes
2026-10-07T06:48:13.2142430Z Terminate orphan process: pid (14116) (sleep)
2026-10-07T06:48:14.4182080Z ##[warning]Node.js 20 is deprecated. The following actions target Node.js 20 but are being forced to run on Node.js 24: actions/checkout@v4, actions/setup-python@v5, actions/upload-artifact@v4. For more information see: https://github.blog/changelog/2025-09-19-deprecation-of-node-20-on-github-actions-runners/
