2026-10-07T06:46:01.2265910Z Current runner version: '2.337.0'
2026-10-07T06:46:01.2304360Z ##[group]Runner Image Provisioner
2026-10-07T06:46:01.2305670Z Hosted Compute Agent
2026-10-07T06:46:01.2306410Z Version: 20260819.586
2026-10-07T06:46:01.2307330Z Commit: 3cc4a88dfa507ef76119ad1bb3eccc6378bb2b76
2026-10-07T06:46:01.2308350Z Build Date: 2026-08-18T23:20:18Z
2026-10-07T06:46:01.2309430Z Worker ID: {c8e8d6fd-acc5-4980-b528-f62cca19a4e7}
2026-10-07T06:46:01.2310420Z Azure Region: westus
2026-10-07T06:46:01.2311120Z ##[endgroup]
2026-10-07T06:46:01.2313450Z ##[group]Operating System
2026-10-07T06:46:01.2314260Z macOS
2026-10-07T06:46:01.2314840Z 15.7.9
2026-10-07T06:46:01.2315430Z 24G830
2026-10-07T06:46:01.2316020Z ##[endgroup]
2026-10-07T06:46:01.2316660Z ##[group]Runner Image
2026-10-07T06:46:01.2317370Z Image: macos-15
2026-10-07T06:46:01.2318180Z Version: 20260824.0482.1
2026-10-07T06:46:01.2319910Z Included Software: https://github.com/actions/runner-images/blob/macos-15/20260824.0482/images/macos/macos-15-Readme.md
2026-10-07T06:46:01.2322090Z Image Release: https://github.com/actions/runner-images/releases/tag/macos-15%2F20260824.0482
2026-10-07T06:46:01.2323700Z ##[endgroup]
2026-10-07T06:46:01.2325220Z ##[group]GITHUB_TOKEN Permissions
2026-10-07T06:46:01.2328790Z Contents: read
2026-10-07T06:46:01.2329490Z Metadata: read
2026-10-07T06:46:01.2330150Z ##[endgroup]
2026-10-07T06:46:01.2332750Z Secret source: Actions
2026-10-07T06:46:01.2334030Z Cache mode: write
2026-10-07T06:46:01.2335370Z Prepare workflow directory
2026-10-07T06:46:01.2841660Z Prepare all required actions
2026-10-07T06:46:01.2909940Z Getting action download info
2026-10-07T06:46:01.7473680Z Download action repository 'actions/checkout@v4' (SHA:11d5960a326750d5838078e36cf38b85af677262)
2026-10-07T06:46:02.5724400Z Download action repository 'actions/setup-python@v5' (SHA:a26af69be951a213d495a4c3e4e4022e16d87065)
2026-10-07T06:46:02.8746670Z Download action repository 'actions/upload-artifact@v4' (SHA:ea165f8d65b6e75b540449e92b4886f43607fa02)
2026-10-07T06:46:03.2477700Z Complete job name: mac-direct-package (macos-15-intel, x86_64)
2026-10-07T06:46:03.3614870Z ##[group]Run test "$DISPATCH_REF" = refs/heads/codex/wms607-direct-updater-mac-package-20261007
2026-10-07T06:46:03.3620360Z [36;1mtest "$DISPATCH_REF" = refs/heads/codex/wms607-direct-updater-mac-package-20261007[0m
2026-10-07T06:46:03.3623060Z [36;1mtest "$DISPATCH_ATTEMPT" = 1[0m
2026-10-07T06:46:03.3624520Z [36;1m[[ "$REQUESTED_SOURCE" =~ ^[0-9a-f]{40}$ ]][0m
2026-10-07T06:46:03.3626700Z [36;1mtest "$REQUESTED_SOURCE" = a475a7342c0da72dd49b2990bd998c522ecc2c2b[0m
2026-10-07T06:46:03.3718930Z shell: /bin/bash -e {0}
2026-10-07T06:46:03.3720520Z env:
2026-10-07T06:46:03.3722140Z   REQUESTED_SOURCE: a475a7342c0da72dd49b2990bd998c522ecc2c2b
2026-10-07T06:46:03.3725480Z   DISPATCH_REF: refs/heads/codex/wms607-direct-updater-mac-package-20261007
2026-10-07T06:46:03.3729380Z   DISPATCH_ATTEMPT: 1
2026-10-07T06:46:03.3731040Z ##[endgroup]
2026-10-07T06:46:03.4906390Z ##[group]Run actions/checkout@v4
2026-10-07T06:46:03.4908280Z with:
2026-10-07T06:46:03.4909290Z   ref: a475a7342c0da72dd49b2990bd998c522ecc2c2b
2026-10-07T06:46:03.4911170Z   fetch-depth: 0
2026-10-07T06:46:03.4912260Z   persist-credentials: false
2026-10-07T06:46:03.4913550Z   repository: chivkunovd-bitdenis/WMS
2026-10-07T06:46:03.4933930Z   token: ***
2026-10-07T06:46:03.4934920Z   ssh-strict: true
2026-10-07T06:46:03.4936000Z   ssh-user: git
2026-10-07T06:46:03.4936890Z   clean: true
2026-10-07T06:46:03.4937850Z   sparse-checkout-cone-mode: true
2026-10-07T06:46:03.4939110Z   fetch-tags: false
2026-10-07T06:46:03.4940070Z   show-progress: true
2026-10-07T06:46:03.4941540Z   lfs: false
2026-10-07T06:46:03.4942760Z   submodules: false
2026-10-07T06:46:03.4944260Z   set-safe-directory: true
2026-10-07T06:46:03.4945890Z   allow-unsafe-pr-checkout: false
2026-10-07T06:46:03.4947480Z ##[endgroup]
2026-10-07T06:46:04.3040780Z Syncing repository: chivkunovd-bitdenis/WMS
2026-10-07T06:46:04.3052360Z ##[group]Getting Git version info
2026-10-07T06:46:04.3061500Z Working directory is '/Users/runner/work/WMS/WMS'
2026-10-07T06:46:04.3072530Z [command]/usr/local/bin/git version
2026-10-07T06:46:04.3841380Z git version 2.55.0
2026-10-07T06:46:04.3871360Z ##[endgroup]
2026-10-07T06:46:04.3891720Z Copying '/Users/runner/.gitconfig' to '/Users/runner/work/_temp/78b003fa-3d55-4c7c-bdae-77a6b8d10c63/.gitconfig'
2026-10-07T06:46:04.3916570Z Temporarily overriding HOME='/Users/runner/work/_temp/78b003fa-3d55-4c7c-bdae-77a6b8d10c63' before making global git config changes
2026-10-07T06:46:04.3923320Z Adding repository directory to the temporary git global config as a safe directory
2026-10-07T06:46:04.3928010Z [command]/usr/local/bin/git config --global --add safe.directory /Users/runner/work/WMS/WMS
2026-10-07T06:46:04.4127130Z Deleting the contents of '/Users/runner/work/WMS/WMS'
2026-10-07T06:46:04.4132700Z ##[group]Initializing the repository
2026-10-07T06:46:04.4142040Z [command]/usr/local/bin/git init /Users/runner/work/WMS/WMS
2026-10-07T06:46:04.5740840Z hint: Using 'master' as the name for the initial branch. This default branch name
2026-10-07T06:46:04.5898090Z hint: will change to "main" in Git 3.0. To configure the initial branch name
2026-10-07T06:46:04.6245630Z hint: to use in all of your new repositories, which will suppress this warning,
2026-10-07T06:46:04.6280310Z hint: call:
2026-10-07T06:46:04.6283220Z hint:
2026-10-07T06:46:04.6458710Z hint: 	git config --global init.defaultBranch <name>
2026-10-07T06:46:04.6466900Z hint:
2026-10-07T06:46:04.6488730Z hint: Names commonly chosen instead of 'master' are 'main', 'trunk' and
2026-10-07T06:46:04.6498890Z hint: 'development'. The just-created branch can be renamed via this command:
2026-10-07T06:46:04.6506070Z hint:
2026-10-07T06:46:04.6509940Z hint: 	git branch -m <name>
2026-10-07T06:46:04.6521490Z hint:
2026-10-07T06:46:04.6538450Z hint: Disable this message with "git config set advice.defaultBranchName false"
2026-10-07T06:46:04.6556590Z Initialized empty Git repository in /Users/runner/work/WMS/WMS/.git/
2026-10-07T06:46:04.6808020Z [command]/usr/local/bin/git remote add origin https://github.com/chivkunovd-bitdenis/WMS
2026-10-07T06:46:04.6903640Z ##[endgroup]
2026-10-07T06:46:04.6907840Z ##[group]Disabling automatic garbage collection
2026-10-07T06:46:04.6912630Z [command]/usr/local/bin/git config --local gc.auto 0
2026-10-07T06:46:04.6950150Z ##[endgroup]
2026-10-07T06:46:04.6951790Z ##[group]Setting up auth
2026-10-07T06:46:04.6962510Z [command]/usr/local/bin/git config --local --name-only --get-regexp core\.sshCommand
2026-10-07T06:46:04.7081770Z [command]/usr/local/bin/git submodule foreach --recursive sh -c "git config --local --name-only --get-regexp 'core\.sshCommand' && git config --local --unset-all 'core.sshCommand' || :"
2026-10-07T06:46:05.0196800Z [command]/usr/local/bin/git config --local --name-only --get-regexp http\.https\:\/\/github\.com\/\.extraheader
2026-10-07T06:46:05.0305620Z [command]/usr/local/bin/git submodule foreach --recursive sh -c "git config --local --name-only --get-regexp 'http\.https\:\/\/github\.com\/\.extraheader' && git config --local --unset-all 'http.https://github.com/.extraheader' || :"
2026-10-07T06:46:05.3734930Z [command]/usr/local/bin/git config --local --name-only --get-regexp ^includeIf\.gitdir:
2026-10-07T06:46:05.3810450Z [command]/usr/local/bin/git submodule foreach --recursive git config --local --show-origin --name-only --get-regexp remote.origin.url
2026-10-07T06:46:05.5417070Z [command]/usr/local/bin/git config --local http.https://github.com/.extraheader AUTHORIZATION: basic ***
2026-10-07T06:46:05.5557200Z ##[endgroup]
2026-10-07T06:46:05.5561510Z ##[group]Fetching the repository
2026-10-07T06:46:05.5572120Z [command]/usr/local/bin/git -c protocol.version=2 fetch --prune --no-recurse-submodules origin +refs/heads/*:refs/remotes/origin/* +refs/tags/*:refs/tags/*
2026-10-07T06:46:44.6404990Z From https://github.com/chivkunovd-bitdenis/WMS
2026-10-07T06:46:44.6409390Z  * [new branch]          archive/night/volna-9-recovery/lane-3/06-picking-list-order-pre-owner-scope-20260823 -> origin/archive/night/volna-9-recovery/lane-3/06-picking-list-order-pre-owner-scope-20260823
2026-10-07T06:46:44.6414880Z  * [new branch]          archive/staging-20260924-93f511ab -> origin/archive/staging-20260924-93f511ab
2026-10-07T06:46:44.6417200Z  * [new branch]          archive/staging-before-wms521-20260924 -> origin/archive/staging-before-wms521-20260924
2026-10-07T06:46:44.6419720Z  * [new branch]          archive/wms415-disputed-candidate-20260910 -> origin/archive/wms415-disputed-candidate-20260910
2026-10-07T06:46:44.6421940Z  * [new branch]          backlog/fbs-followups-20260812 -> origin/backlog/fbs-followups-20260812
2026-10-07T06:46:44.6423810Z  * [new branch]          brand/portal-logos-20260811 -> origin/brand/portal-logos-20260811
2026-10-07T06:46:44.6427690Z  * [new branch]          brand/portal-logos-live-20260811 -> origin/brand/portal-logos-live-20260811
2026-10-07T06:46:44.6430640Z  * [new branch]          brand/portal-logos-prod-20260811 -> origin/brand/portal-logos-prod-20260811
2026-10-07T06:46:44.6432920Z  * [new branch]          chore/deploy-smoke-retry-on-main -> origin/chore/deploy-smoke-retry-on-main
2026-10-07T06:46:44.6434840Z  * [new branch]          chore/operator-change-contract-20260901 -> origin/chore/operator-change-contract-20260901
2026-10-07T06:46:44.6436380Z  * [new branch]          chore/railway-toml-fix  -> origin/chore/railway-toml-fix
2026-10-07T06:46:44.6437630Z  * [new branch]          chore/release-via-pr-only-rules -> origin/chore/release-via-pr-only-rules
2026-10-07T06:46:44.6438950Z  * [new branch]          chore/staging-sync-20261003 -> origin/chore/staging-sync-20261003
2026-10-07T06:46:44.6441270Z  * [new branch]          chore/wb-emulator-railway-dockerfile -> origin/chore/wb-emulator-railway-dockerfile
2026-10-07T06:46:44.6443830Z  * [new branch]          chore/wms375-production-evidence-20260906 -> origin/chore/wms375-production-evidence-20260906
2026-10-07T06:46:44.6445960Z  * [new branch]          chore/wms574-stand      -> origin/chore/wms574-stand
2026-10-07T06:46:44.6449200Z  * [new branch]          codex/agent-job-1710a7649a6964db -> origin/codex/agent-job-1710a7649a6964db
2026-10-07T06:46:44.6451960Z  * [new branch]          codex/agent-job-21079e59afb9acdb -> origin/codex/agent-job-21079e59afb9acdb
2026-10-07T06:46:44.6454830Z  * [new branch]          codex/agent-job-6f3e370ab6217c51 -> origin/codex/agent-job-6f3e370ab6217c51
2026-10-07T06:46:44.6457580Z  * [new branch]          codex/agent-job-8c954436cd418999 -> origin/codex/agent-job-8c954436cd418999
2026-10-07T06:46:44.6460610Z  * [new branch]          codex/agent-job-97af6faf8d8c22ac -> origin/codex/agent-job-97af6faf8d8c22ac
2026-10-07T06:46:44.6463410Z  * [new branch]          codex/agent-job-bb021d7e007fb8a5 -> origin/codex/agent-job-bb021d7e007fb8a5
2026-10-07T06:46:44.6465870Z  * [new branch]          codex/agent-job-ef71dbb00ee2b150 -> origin/codex/agent-job-ef71dbb00ee2b150
2026-10-07T06:46:44.6469060Z  * [new branch]          codex/agent-job-fc68bb2705b6850f -> origin/codex/agent-job-fc68bb2705b6850f
2026-10-07T06:46:44.6471020Z  * [new branch]          codex/artmaks-fbo-mockup -> origin/codex/artmaks-fbo-mockup
2026-10-07T06:46:44.6473020Z  * [new branch]          codex/backlog40-ci-contracts -> origin/codex/backlog40-ci-contracts
2026-10-07T06:46:44.6474810Z  * [new branch]          codex/backlog40-ci-pdf  -> origin/codex/backlog40-ci-pdf
2026-10-07T06:46:44.6476780Z  * [new branch]          codex/billing-journal-20260825 -> origin/codex/billing-journal-20260825
2026-10-07T06:46:44.6478810Z  * [new branch]          codex/billing-module-20260826 -> origin/codex/billing-module-20260826
2026-10-07T06:46:44.6480920Z  * [new branch]          codex/billing-stage-finish-20260823 -> origin/codex/billing-stage-finish-20260823
2026-10-07T06:46:44.6483190Z  * [new branch]          codex/billing-storage-bounds-20260823 -> origin/codex/billing-storage-bounds-20260823
2026-10-07T06:46:44.6485480Z  * [new branch]          codex/box-label-bulk-print-20260824 -> origin/codex/box-label-bulk-print-20260824
2026-10-07T06:46:44.6490060Z  * [new branch]          codex/catalog-box-filters-20260824 -> origin/codex/catalog-box-filters-20260824
2026-10-07T06:46:44.6492390Z  * [new branch]          codex/catalog-box-tabs-source-20260823 -> origin/codex/catalog-box-tabs-source-20260823
2026-10-07T06:46:44.6494690Z  * [new branch]          codex/cell-contents-scanner-20260824 -> origin/codex/cell-contents-scanner-20260824
2026-10-07T06:46:44.6496740Z  * [new branch]          codex/fbs-qr-only-print-20260823 -> origin/codex/fbs-qr-only-print-20260823
2026-10-07T06:46:44.6498520Z  * [new branch]          codex/fix-fbs-stock-publication-20260831 -> origin/codex/fix-fbs-stock-publication-20260831
2026-10-07T06:46:44.6500800Z  * [new branch]          codex/fix-seller-inbound-empty-picker -> origin/codex/fix-seller-inbound-empty-picker
2026-10-07T06:46:44.6502430Z  * [new branch]          codex/fix-wb-done-supply-status-prod -> origin/codex/fix-wb-done-supply-status-prod
2026-10-07T06:46:44.6503990Z  * [new branch]          codex/hotfix-fbs-100-orders-20260820 -> origin/codex/hotfix-fbs-100-orders-20260820
2026-10-07T06:46:44.6505470Z  * [new branch]          codex/hotfix-fbs-packaging-flag -> origin/codex/hotfix-fbs-packaging-flag
2026-10-07T06:46:44.6506940Z  * [new branch]          codex/hotfix-ozon-kiz   -> origin/codex/hotfix-ozon-kiz
2026-10-07T06:46:44.6508140Z  * [new branch]          codex/invoice-row-location -> origin/codex/invoice-row-location
2026-10-07T06:46:44.6509610Z  * [new branch]          codex/knowledge-inbound-guide-20260824 -> origin/codex/knowledge-inbound-guide-20260824
2026-10-07T06:46:44.6511130Z  * [new branch]          codex/mp-dashboard-e2e-20260815 -> origin/codex/mp-dashboard-e2e-20260815
2026-10-07T06:46:44.6512580Z  * [new branch]          codex/night-ready-acceptance-1006 -> origin/codex/night-ready-acceptance-1006
2026-10-07T06:46:44.6514230Z  * [new branch]          codex/night-ready-candidate-1006-inrepo -> origin/codex/night-ready-candidate-1006-inrepo
2026-10-07T06:46:44.6516080Z  * [new branch]          codex/night-ready-exact-staging-1006 -> origin/codex/night-ready-exact-staging-1006
2026-10-07T06:46:44.6517990Z  * [new branch]          codex/night-ready-exact-staging-redis-1006 -> origin/codex/night-ready-exact-staging-redis-1006
2026-10-07T06:46:44.6520410Z  * [new branch]          codex/night-ready-migration-compat-1006 -> origin/codex/night-ready-migration-compat-1006
2026-10-07T06:46:44.6522460Z  * [new branch]          codex/night-ready-staging-1006 -> origin/codex/night-ready-staging-1006
2026-10-07T06:46:44.6525330Z  * [new branch]          codex/night-ready-staging-db-head-rollback-1006 -> origin/codex/night-ready-staging-db-head-rollback-1006
2026-10-07T06:46:44.6527630Z  * [new branch]          codex/night-ready-staging-migration-deploy-1006 -> origin/codex/night-ready-staging-migration-deploy-1006
2026-10-07T06:46:44.6530180Z  * [new branch]          codex/night-ready-staging-rollback-1006 -> origin/codex/night-ready-staging-rollback-1006
2026-10-07T06:46:44.6531760Z  * [new branch]          codex/night-release-5beb52da-1 -> origin/codex/night-release-5beb52da-1
2026-10-07T06:46:44.6533190Z  * [new branch]          codex/night-requirements-20261006 -> origin/codex/night-requirements-20261006
2026-10-07T06:46:44.6534440Z  * [new branch]          codex/night1007-658     -> origin/codex/night1007-658
2026-10-07T06:46:44.6535510Z  * [new branch]          codex/night1007-671-687 -> origin/codex/night1007-671-687
2026-10-07T06:46:44.6536680Z  * [new branch]          codex/night1007-675-release -> origin/codex/night1007-675-release
2026-10-07T06:46:44.6537820Z  * [new branch]          codex/night1007-679-680 -> origin/codex/night1007-679-680
2026-10-07T06:46:44.6538890Z  * [new branch]          codex/night1007-681     -> origin/codex/night1007-681
2026-10-07T06:46:44.6539960Z  * [new branch]          codex/night1007-684-586 -> origin/codex/night1007-684-586
2026-10-07T06:46:44.6541130Z  * [new branch]          codex/night1007-integration -> origin/codex/night1007-integration
2026-10-07T06:46:44.6542990Z  * [new branch]          codex/night1007-main-reviewed-upgrade -> origin/codex/night1007-main-reviewed-upgrade
2026-10-07T06:46:44.6544660Z  * [new branch]          codex/night1007-print-regressions-646cb4 -> origin/codex/night1007-print-regressions-646cb4
2026-10-07T06:46:44.6546470Z  * [new branch]          codex/night1007-process-upgrade-contract -> origin/codex/night1007-process-upgrade-contract
2026-10-07T06:46:44.6548630Z  * [new branch]          codex/night1007-reviewed-source-20261007 -> origin/codex/night1007-reviewed-source-20261007
2026-10-07T06:46:44.6550730Z  * [new branch]          codex/night1007-wms652-ci-fix -> origin/codex/night1007-wms652-ci-fix
2026-10-07T06:46:44.6552370Z  * [new branch]          codex/owner-frontend-correction-proof-20261006 -> origin/codex/owner-frontend-correction-proof-20261006
2026-10-07T06:46:44.6553970Z  * [new branch]          codex/ozon-catalog-20260825 -> origin/codex/ozon-catalog-20260825
2026-10-07T06:46:44.6555130Z  * [new branch]          codex/ozon-fbs-20260825 -> origin/codex/ozon-fbs-20260825
2026-10-07T06:46:44.6556280Z  * [new branch]          codex/ozon-stock-20260825 -> origin/codex/ozon-stock-20260825
2026-10-07T06:46:44.6557710Z  * [new branch]          codex/ozon-test-key-marker-20260824 -> origin/codex/ozon-test-key-marker-20260824
2026-10-07T06:46:44.6559430Z  * [new branch]          codex/priority-five-release-20261006 -> origin/codex/priority-five-release-20261006
2026-10-07T06:46:44.6561000Z  * [new branch]          codex/priority-five-review-20261006 -> origin/codex/priority-five-review-20261006
2026-10-07T06:46:44.6562670Z  * [new branch]          codex/priority-five-staging-proof-20261006 -> origin/codex/priority-five-staging-proof-20261006
2026-10-07T06:46:44.6564490Z  * [new branch]          codex/regress-live-cases-20260825 -> origin/codex/regress-live-cases-20260825
2026-10-07T06:46:44.6565970Z  * [new branch]          codex/release-20261006-astra-a -> origin/codex/release-20261006-astra-a
2026-10-07T06:46:44.6567490Z  * [new branch]          codex/release-20261006-astra-b -> origin/codex/release-20261006-astra-b
2026-10-07T06:46:44.6568850Z  * [new branch]          codex/release-ci-final-20261006 -> origin/codex/release-ci-final-20261006
2026-10-07T06:46:44.6570220Z  * [new branch]          codex/release-log-2026-09-27 -> origin/codex/release-log-2026-09-27
2026-10-07T06:46:44.6572380Z  * [new branch]          codex/reporting-backend-core-20260823 -> origin/codex/reporting-backend-core-20260823
2026-10-07T06:46:44.6574350Z  * [new branch]          codex/reporting-stage-finish-20260823 -> origin/codex/reporting-stage-finish-20260823
2026-10-07T06:46:44.6575900Z  * [new branch]          codex/staging-sync-login-20260914 -> origin/codex/staging-sync-login-20260914
2026-10-07T06:46:44.6577180Z  * [new branch]          codex/storage-stage-20260823 -> origin/codex/storage-stage-20260823
2026-10-07T06:46:44.6579050Z  * [new branch]          codex/trello-wms-20261005 -> origin/codex/trello-wms-20261005
2026-10-07T06:46:44.6580200Z  * [new branch]          codex/trello-wms-20261006 -> origin/codex/trello-wms-20261006
2026-10-07T06:46:44.6581360Z  * [new branch]          codex/trello-wms-20261006-1200 -> origin/codex/trello-wms-20261006-1200
2026-10-07T06:46:44.6582550Z  * [new branch]          codex/tsd-package-20260913 -> origin/codex/tsd-package-20260913
2026-10-07T06:46:44.6583780Z  * [new branch]          codex/tsd-package-stage-release -> origin/codex/tsd-package-stage-release
2026-10-07T06:46:44.6585110Z  * [new branch]          codex/tsd-staging-merge-20260913 -> origin/codex/tsd-staging-merge-20260913
2026-10-07T06:46:44.6586510Z  * [new branch]          codex/volna9-01-backend-only -> origin/codex/volna9-01-backend-only
2026-10-07T06:46:44.6588300Z  * [new branch]          codex/volna9-02-status-only -> origin/codex/volna9-02-status-only
2026-10-07T06:46:44.6589860Z  * [new branch]          codex/volna9-03-backend-only -> origin/codex/volna9-03-backend-only
2026-10-07T06:46:44.6591120Z  * [new branch]          codex/volna9-04-backend-only -> origin/codex/volna9-04-backend-only
2026-10-07T06:46:44.6593170Z  * [new branch]          codex/volna9-05-backend-only -> origin/codex/volna9-05-backend-only
2026-10-07T06:46:44.6594750Z  * [new branch]          codex/volna9-06-print-order-only -> origin/codex/volna9-06-print-order-only
2026-10-07T06:46:44.6596080Z  * [new branch]          codex/weekly-release-20260909 -> origin/codex/weekly-release-20260909
2026-10-07T06:46:44.6597220Z  * [new branch]          codex/wms-chat-20260911 -> origin/codex/wms-chat-20260911
2026-10-07T06:46:44.6598400Z  * [new branch]          codex/wms-chat-evening-20260910 -> origin/codex/wms-chat-evening-20260910
2026-10-07T06:46:44.6599710Z  * [new branch]          codex/wms-integrations-20260911 -> origin/codex/wms-integrations-20260911
2026-10-07T06:46:44.6600990Z  * [new branch]          codex/wms-ozon-20260911 -> origin/codex/wms-ozon-20260911
2026-10-07T06:46:44.6602230Z  * [new branch]          codex/wms-ozon-generator-20260911 -> origin/codex/wms-ozon-generator-20260911
2026-10-07T06:46:44.6603570Z  * [new branch]          codex/wms-pick-container-scan -> origin/codex/wms-pick-container-scan
2026-10-07T06:46:44.6605540Z  * [new branch]          codex/wms-pipeline-unified-v2-20260820 -> origin/codex/wms-pipeline-unified-v2-20260820
2026-10-07T06:46:44.6607760Z  * [new branch]          codex/wms-print-20260911 -> origin/codex/wms-print-20260911
2026-10-07T06:46:44.6609970Z  * [new branch]          codex/wms-priority-legacy-test-harness-20261006 -> origin/codex/wms-priority-legacy-test-harness-20261006
2026-10-07T06:46:44.6612710Z  * [new branch]          codex/wms-psp-backlog-20260921 -> origin/codex/wms-psp-backlog-20260921
2026-10-07T06:46:44.6614710Z  * [new branch]          codex/wms-qr-review-evidence-20261006 -> origin/codex/wms-qr-review-evidence-20261006
2026-10-07T06:46:44.6616320Z  * [new branch]          codex/wms-release-20260911 -> origin/codex/wms-release-20260911
2026-10-07T06:46:44.6617550Z  * [new branch]          codex/wms-release-ozon-terminal -> origin/codex/wms-release-ozon-terminal
2026-10-07T06:46:44.6618770Z  * [new branch]          codex/wms-storage-20260911 -> origin/codex/wms-storage-20260911
2026-10-07T06:46:44.6619980Z  * [new branch]          codex/wms-storage-final-20260911 -> origin/codex/wms-storage-final-20260911
2026-10-07T06:46:44.6621200Z  * [new branch]          codex/wms-transfer-urgent -> origin/codex/wms-transfer-urgent
2026-10-07T06:46:44.6622850Z  * [new branch]          codex/wms-wave-storage-category-inbound-split-20260828 -> origin/codex/wms-wave-storage-category-inbound-split-20260828
2026-10-07T06:46:44.6624730Z  * [new branch]          codex/wms000-night-backlog-normalization -> origin/codex/wms000-night-backlog-normalization
2026-10-07T06:46:44.6626040Z  * [new branch]          codex/wms010-backlog40  -> origin/codex/wms010-backlog40
2026-10-07T06:46:44.6628340Z  * [new branch]          codex/wms011-backlog40  -> origin/codex/wms011-backlog40
2026-10-07T06:46:44.6629920Z  * [new branch]          codex/wms013-backlog40  -> origin/codex/wms013-backlog40
2026-10-07T06:46:44.6631950Z  * [new branch]          codex/wms040-backlog40  -> origin/codex/wms040-backlog40
2026-10-07T06:46:44.6633490Z  * [new branch]          codex/wms045-backlog40  -> origin/codex/wms045-backlog40
2026-10-07T06:46:44.6635270Z  * [new branch]          codex/wms058-availability-followup -> origin/codex/wms058-availability-followup
2026-10-07T06:46:44.6637150Z  * [new branch]          codex/wms058-backlog40  -> origin/codex/wms058-backlog40
2026-10-07T06:46:44.6638620Z  * [new branch]          codex/wms058-browser-qa -> origin/codex/wms058-browser-qa
2026-10-07T06:46:44.6640290Z  * [new branch]          codex/wms058-mp-box-source -> origin/codex/wms058-mp-box-source
2026-10-07T06:46:44.6642180Z  * [new branch]          codex/wms058-overplan-source -> origin/codex/wms058-overplan-source
2026-10-07T06:46:44.6644170Z  * [new branch]          codex/wms058-review-fix -> origin/codex/wms058-review-fix
2026-10-07T06:46:44.6645360Z  * [new branch]          codex/wms080-392-review-fix -> origin/codex/wms080-392-review-fix
2026-10-07T06:46:44.6649270Z  * [new branch]          codex/wms080-backlog40  -> origin/codex/wms080-backlog40
2026-10-07T06:46:44.6650870Z  * [new branch]          codex/wms081-backlog40  -> origin/codex/wms081-backlog40
2026-10-07T06:46:44.6652460Z  * [new branch]          codex/wms081-defect-compat -> origin/codex/wms081-defect-compat
2026-10-07T06:46:44.6654150Z  * [new branch]          codex/wms082-085-emulator-meta -> origin/codex/wms082-085-emulator-meta
2026-10-07T06:46:44.6656440Z  * [new branch]          codex/wms082-backlog40  -> origin/codex/wms082-backlog40
2026-10-07T06:46:44.6657960Z  * [new branch]          codex/wms083-backlog40  -> origin/codex/wms083-backlog40
2026-10-07T06:46:44.6659380Z  * [new branch]          codex/wms084-backlog40  -> origin/codex/wms084-backlog40
2026-10-07T06:46:44.6661060Z  * [new branch]          codex/wms084-emulator-delete -> origin/codex/wms084-emulator-delete
2026-10-07T06:46:44.6663180Z  * [new branch]          codex/wms084-packing-test-contract -> origin/codex/wms084-packing-test-contract
2026-10-07T06:46:44.6664900Z  * [new branch]          codex/wms084-rebind     -> origin/codex/wms084-rebind
2026-10-07T06:46:44.6666340Z  * [new branch]          codex/wms085-backlog40  -> origin/codex/wms085-backlog40
2026-10-07T06:46:44.6667950Z  * [new branch]          codex/wms086-backlog40  -> origin/codex/wms086-backlog40
2026-10-07T06:46:44.6669450Z  * [new branch]          codex/wms087-backlog40  -> origin/codex/wms087-backlog40
2026-10-07T06:46:44.6671160Z  * [new branch]          codex/wms091-backlog40  -> origin/codex/wms091-backlog40
2026-10-07T06:46:44.6673110Z  * [new branch]          codex/wms092-backlog40  -> origin/codex/wms092-backlog40
2026-10-07T06:46:44.6674780Z  * [new branch]          codex/wms095-backlog40  -> origin/codex/wms095-backlog40
2026-10-07T06:46:44.6677280Z  * [new branch]          codex/wms095-import-error-backlog40 -> origin/codex/wms095-import-error-backlog40
2026-10-07T06:46:44.6678850Z  * [new branch]          codex/wms096-backlog40  -> origin/codex/wms096-backlog40
2026-10-07T06:46:44.6680500Z  * [new branch]          codex/wms110-backlog40  -> origin/codex/wms110-backlog40
2026-10-07T06:46:44.6682550Z  * [new branch]          codex/wms115-backlog40  -> origin/codex/wms115-backlog40
2026-10-07T06:46:44.6683600Z  * [new branch]          codex/wms123-backlog40  -> origin/codex/wms123-backlog40
2026-10-07T06:46:44.6685180Z  * [new branch]          codex/wms272-backlog40  -> origin/codex/wms272-backlog40
2026-10-07T06:46:44.6688510Z  * [new branch]          codex/wms272-resume-backlog40 -> origin/codex/wms272-resume-backlog40
2026-10-07T06:46:44.6691640Z  * [new branch]          codex/wms273-backlog40  -> origin/codex/wms273-backlog40
2026-10-07T06:46:44.6694760Z  * [new branch]          codex/wms276-backlog40  -> origin/codex/wms276-backlog40
2026-10-07T06:46:44.6699490Z  * [new branch]          codex/wms277-backlog40  -> origin/codex/wms277-backlog40
2026-10-07T06:46:44.6702530Z  * [new branch]          codex/wms277-catalog    -> origin/codex/wms277-catalog
2026-10-07T06:46:44.6704900Z  * [new branch]          codex/wms277-import-sku-collision -> origin/codex/wms277-import-sku-collision
2026-10-07T06:46:44.6707280Z  * [new branch]          codex/wms278-backlog40  -> origin/codex/wms278-backlog40
2026-10-07T06:46:44.6709920Z  * [new branch]          codex/wms387-training   -> origin/codex/wms387-training
2026-10-07T06:46:44.6713370Z  * [new branch]          codex/wms389-backlog40  -> origin/codex/wms389-backlog40
2026-10-07T06:46:44.6723020Z  * [new branch]          codex/wms390-backlog40  -> origin/codex/wms390-backlog40
2026-10-07T06:46:44.6725500Z  * [new branch]          codex/wms391-backlog40  -> origin/codex/wms391-backlog40
2026-10-07T06:46:44.6734420Z  * [new branch]          codex/wms392-backlog40  -> origin/codex/wms392-backlog40
2026-10-07T06:46:44.6739530Z  * [new branch]          codex/wms392-review-tests -> origin/codex/wms392-review-tests
2026-10-07T06:46:44.6745840Z  * [new branch]          codex/wms394-kiz-ui     -> origin/codex/wms394-kiz-ui
2026-10-07T06:46:44.6748840Z  * [new branch]          codex/wms395-pool-inline -> origin/codex/wms395-pool-inline
2026-10-07T06:46:44.6754000Z  * [new branch]          codex/wms396-stage      -> origin/codex/wms396-stage
2026-10-07T06:46:44.6756620Z  * [new branch]          codex/wms396-staging-release -> origin/codex/wms396-staging-release
2026-10-07T06:46:44.6758860Z  * [new branch]          codex/wms396-true-api   -> origin/codex/wms396-true-api
2026-10-07T06:46:44.6761010Z  * [new branch]          codex/wms397-api        -> origin/codex/wms397-api
2026-10-07T06:46:44.6762630Z  * [new branch]          codex/wms399-chat-design -> origin/codex/wms399-chat-design
2026-10-07T06:46:44.6764530Z  * [new branch]          codex/wms401-android-build-proof -> origin/codex/wms401-android-build-proof
2026-10-07T06:46:44.6766770Z  * [new branch]          codex/wms406-backfill-final-plan -> origin/codex/wms406-backfill-final-plan
2026-10-07T06:46:44.6768640Z  * [new branch]          codex/wms406-invoice    -> origin/codex/wms406-invoice
2026-10-07T06:46:44.6773110Z  * [new branch]          codex/wms406-report     -> origin/codex/wms406-report
2026-10-07T06:46:44.6775000Z  * [new branch]          codex/wms408-billing-unification -> origin/codex/wms408-billing-unification
2026-10-07T06:46:44.6778850Z  * [new branch]          codex/wms415-coord-20260910 -> origin/codex/wms415-coord-20260910
2026-10-07T06:46:44.6818660Z  * [new branch]          codex/wms418-catalog-publication-filter -> origin/codex/wms418-catalog-publication-filter
2026-10-07T06:46:44.6821130Z  * [new branch]          codex/wms418-loviana-off -> origin/codex/wms418-loviana-off
2026-10-07T06:46:44.6823210Z  * [new branch]          codex/wms425-marketplace-hotfix -> origin/codex/wms425-marketplace-hotfix
2026-10-07T06:46:44.6825150Z  * [new branch]          codex/wms433-stage-user-only -> origin/codex/wms433-stage-user-only
2026-10-07T06:46:44.6827160Z  * [new branch]          codex/wms433-support-bot-concept -> origin/codex/wms433-support-bot-concept
2026-10-07T06:46:44.6828970Z  * [new branch]          codex/wms437-analyst-cases -> origin/codex/wms437-analyst-cases
2026-10-07T06:46:44.6830780Z  * [new branch]          codex/wms437-small-task-process -> origin/codex/wms437-small-task-process
2026-10-07T06:46:44.6832400Z  * [new branch]          codex/wms440-tsd        -> origin/codex/wms440-tsd
2026-10-07T06:46:44.6833730Z  * [new branch]          codex/wms440-tsd-ui     -> origin/codex/wms440-tsd-ui
2026-10-07T06:46:44.6835330Z  * [new branch]          codex/wms441-c10-evidence -> origin/codex/wms441-c10-evidence
2026-10-07T06:46:44.6836970Z  * [new branch]          codex/wms441-tsd        -> origin/codex/wms441-tsd
2026-10-07T06:46:44.6838520Z  * [new branch]          codex/wms441-tsd-ui     -> origin/codex/wms441-tsd-ui
2026-10-07T06:46:44.6847520Z  * [new branch]          codex/wms442-tsd        -> origin/codex/wms442-tsd
2026-10-07T06:46:44.6849150Z  * [new branch]          codex/wms442-tsd-ui     -> origin/codex/wms442-tsd-ui
2026-10-07T06:46:44.6850670Z  * [new branch]          codex/wms443-tsd        -> origin/codex/wms443-tsd
2026-10-07T06:46:44.6852000Z  * [new branch]          codex/wms443-tsd-ui     -> origin/codex/wms443-tsd-ui
2026-10-07T06:46:44.6853460Z  * [new branch]          codex/wms444-tsd        -> origin/codex/wms444-tsd
2026-10-07T06:46:44.6855190Z  * [new branch]          codex/wms444-tsd-ui     -> origin/codex/wms444-tsd-ui
2026-10-07T06:46:44.6857130Z  * [new branch]          codex/wms445-tsd        -> origin/codex/wms445-tsd
2026-10-07T06:46:44.6858830Z  * [new branch]          codex/wms445-tsd-server-truth -> origin/codex/wms445-tsd-server-truth
2026-10-07T06:46:44.6860830Z  * [new branch]          codex/wms445-tsd-ui     -> origin/codex/wms445-tsd-ui
2026-10-07T06:46:44.6862730Z  * [new branch]          codex/wms447-full-marketplace-labels -> origin/codex/wms447-full-marketplace-labels
2026-10-07T06:46:44.6864120Z  * [new branch]          codex/wms460-fbs-qr-scan -> origin/codex/wms460-fbs-qr-scan
2026-10-07T06:46:44.6867000Z  * [new branch]          codex/wms475-537-prefetch-ci-repair-20261006 -> origin/codex/wms475-537-prefetch-ci-repair-20261006
2026-10-07T06:46:44.6868550Z  * [new branch]          codex/wms476-auto-legacy-guard -> origin/codex/wms476-auto-legacy-guard
2026-10-07T06:46:44.6869950Z  * [new branch]          codex/wms476-implementation-sol-high -> origin/codex/wms476-implementation-sol-high
2026-10-07T06:46:44.6871450Z  * [new branch]          codex/wms476-staging-release-20260923 -> origin/codex/wms476-staging-release-20260923
2026-10-07T06:46:44.6873020Z  * [new branch]          codex/wms477-backend-review-fix -> origin/codex/wms477-backend-review-fix
2026-10-07T06:46:44.6874280Z  * [new branch]          codex/wms477-p3-notice  -> origin/codex/wms477-p3-notice
2026-10-07T06:46:44.6875540Z  * [new branch]          codex/wms483-prod-release-20260920 -> origin/codex/wms483-prod-release-20260920
2026-10-07T06:46:44.6876820Z  * [new branch]          codex/wms483-wb-zero-refresh -> origin/codex/wms483-wb-zero-refresh
2026-10-07T06:46:44.6878050Z  * [new branch]          codex/wms489-staging-release -> origin/codex/wms489-staging-release
2026-10-07T06:46:44.6879930Z  * [new branch]          codex/wms501-performance-isolation-audit -> origin/codex/wms501-performance-isolation-audit
2026-10-07T06:46:44.6881510Z  * [new branch]          codex/wms502-stock-sorting-incident -> origin/codex/wms502-stock-sorting-incident
2026-10-07T06:46:44.6882860Z  * [new branch]          codex/wms506-silent-kiz-print -> origin/codex/wms506-silent-kiz-print
2026-10-07T06:46:44.6885510Z  * [new branch]          codex/wms508-persistent-form-cards -> origin/codex/wms508-persistent-form-cards
2026-10-07T06:46:44.6886990Z  * [new branch]          codex/wms514-clickable-mockup -> origin/codex/wms514-clickable-mockup
2026-10-07T06:46:44.6888860Z  * [new branch]          codex/wms514-staging-release-20260924 -> origin/codex/wms514-staging-release-20260924
2026-10-07T06:46:44.6890310Z  * [new branch]          codex/wms515-client-registry -> origin/codex/wms515-client-registry
2026-10-07T06:46:44.6892250Z  * [new branch]          codex/wms517-current-release-analysis -> origin/codex/wms517-current-release-analysis
2026-10-07T06:46:44.6894280Z  * [new branch]          codex/wms517-dynamicmac-independent-review -> origin/codex/wms517-dynamicmac-independent-review
2026-10-07T06:46:44.6896030Z  * [new branch]          codex/wms517-mac-dynamic-eligible -> origin/codex/wms517-mac-dynamic-eligible
2026-10-07T06:46:44.6898100Z  * [new branch]          codex/wms517-mac-test-contract -> origin/codex/wms517-mac-test-contract
2026-10-07T06:46:44.6900180Z  * [new branch]          codex/wms517-price-by-product-group -> origin/codex/wms517-price-by-product-group
2026-10-07T06:46:44.6902400Z  * [new branch]          codex/wms517-sales-report-contract -> origin/codex/wms517-sales-report-contract
2026-10-07T06:46:44.6905880Z  * [new branch]          codex/wms517-scoped-integration-20261006 -> origin/codex/wms517-scoped-integration-20261006
2026-10-07T06:46:44.6908140Z  * [new branch]          codex/wms517-staging-20261001 -> origin/codex/wms517-staging-20261001
2026-10-07T06:46:44.6909900Z  * [new branch]          codex/wms519-artifact-pdf-hotfix -> origin/codex/wms519-artifact-pdf-hotfix
2026-10-07T06:46:44.6911940Z  * [new branch]          codex/wms519-kiz-label-aspect-ratio -> origin/codex/wms519-kiz-label-aspect-ratio
2026-10-07T06:46:44.6913860Z  * [new branch]          codex/wms519-post-deploy-docs -> origin/codex/wms519-post-deploy-docs
2026-10-07T06:46:44.6915430Z  * [new branch]          codex/wms520-requirements -> origin/codex/wms520-requirements
2026-10-07T06:46:44.6917010Z  * [new branch]          codex/wms521-kiz-release -> origin/codex/wms521-kiz-release
2026-10-07T06:46:44.6919190Z  * [new branch]          codex/wms523-auto-import-pools -> origin/codex/wms523-auto-import-pools
2026-10-07T06:46:44.6921180Z  * [new branch]          codex/wms524-confirm-order -> origin/codex/wms524-confirm-order
2026-10-07T06:46:44.6925150Z  * [new branch]          codex/wms524-print-blank -> origin/codex/wms524-print-blank
2026-10-07T06:46:44.6927220Z  * [new branch]          codex/wms533-client-hardening -> origin/codex/wms533-client-hardening
2026-10-07T06:46:44.6929090Z  * [new branch]          codex/wms533-five-events -> origin/codex/wms533-five-events
2026-10-07T06:46:44.6930550Z  * [new branch]          codex/wms533-prod-five-events -> origin/codex/wms533-prod-five-events
2026-10-07T06:46:44.6932470Z  * [new branch]          codex/wms533-seller-stock-events -> origin/codex/wms533-seller-stock-events
2026-10-07T06:46:44.6935000Z  * [new branch]          codex/wms537-pg-fixture-review-20261006 -> origin/codex/wms537-pg-fixture-review-20261006
2026-10-07T06:46:44.6938060Z  * [new branch]          codex/wms550-sorting-scan -> origin/codex/wms550-sorting-scan
2026-10-07T06:46:44.6940540Z  * [new branch]          codex/wms582-yandex-market-api -> origin/codex/wms582-yandex-market-api
2026-10-07T06:46:44.6942210Z  * [new branch]          codex/wms584-589-release-evidence-20260930 -> origin/codex/wms584-589-release-evidence-20260930
2026-10-07T06:46:44.6943610Z  * [new branch]          codex/wms591-avpack-6300 -> origin/codex/wms591-avpack-6300
2026-10-07T06:46:44.6944650Z  * [new branch]          codex/wms593-597-urgent -> origin/codex/wms593-597-urgent
2026-10-07T06:46:44.6945720Z  * [new branch]          codex/wms602-fbs-cell-scan -> origin/codex/wms602-fbs-cell-scan
2026-10-07T06:46:44.6947150Z  * [new branch]          codex/wms603-box-scan   -> origin/codex/wms603-box-scan
2026-10-07T06:46:44.6948660Z  * [new branch]          codex/wms604-staging-integration -> origin/codex/wms604-staging-integration
2026-10-07T06:46:44.6949940Z  * [new branch]          codex/wms604-unified-packing -> origin/codex/wms604-unified-packing
2026-10-07T06:46:44.6955530Z  * [new branch]          codex/wms607-artmaks-acceptance-updater-contract -> origin/codex/wms607-artmaks-acceptance-updater-contract
2026-10-07T06:46:44.6957970Z  * [new branch]          codex/wms607-artmaks-direct-repair -> origin/codex/wms607-artmaks-direct-repair
2026-10-07T06:46:44.6959900Z  * [new branch]          codex/wms607-artmaks-http-recovery -> origin/codex/wms607-artmaks-http-recovery
2026-10-07T06:46:44.6963020Z  * [new branch]          codex/wms607-artmaks-http-recovery-contract -> origin/codex/wms607-artmaks-http-recovery-contract
2026-10-07T06:46:44.6965630Z  * [new branch]          codex/wms607-artmaks-http-recovery-review-20261007 -> origin/codex/wms607-artmaks-http-recovery-review-20261007
2026-10-07T06:46:44.6968170Z  * [new branch]          codex/wms607-artmaks-installer-findings -> origin/codex/wms607-artmaks-installer-findings
2026-10-07T06:46:44.6970350Z  * [new branch]          codex/wms607-artmaks-repair-review -> origin/codex/wms607-artmaks-repair-review
2026-10-07T06:46:44.6973840Z  * [new branch]          codex/wms607-artmaks-test-contract -> origin/codex/wms607-artmaks-test-contract
2026-10-07T06:46:44.6976450Z  * [new branch]          codex/wms607-direct-updater-implementation-20261007 -> origin/codex/wms607-direct-updater-implementation-20261007
2026-10-07T06:46:44.6979250Z  * [new branch]          codex/wms607-direct-updater-mac-package-20261007 -> origin/codex/wms607-direct-updater-mac-package-20261007
2026-10-07T06:46:44.6982020Z  * [new branch]          codex/wms607-http-replacement-acceptance-20261007 -> origin/codex/wms607-http-replacement-acceptance-20261007
2026-10-07T06:46:44.6984220Z  * [new branch]          codex/wms607-instant-print -> origin/codex/wms607-instant-print
2026-10-07T06:46:44.6986530Z  * [new branch]          codex/wms607-mac-package-peer-review-20261007 -> origin/codex/wms607-mac-package-peer-review-20261007
2026-10-07T06:46:44.6989060Z  * [new branch]          codex/wms607-mac-package-receipts-20261007 -> origin/codex/wms607-mac-package-receipts-20261007
2026-10-07T06:46:44.6991510Z  * [new branch]          codex/wms607-mac-package-rereview-20261007 -> origin/codex/wms607-mac-package-rereview-20261007
2026-10-07T06:46:44.6994790Z  * [new branch]          codex/wms607-mac-single-binary -> origin/codex/wms607-mac-single-binary
2026-10-07T06:46:44.6996960Z  * [new branch]          codex/wms607-printer-failure-analysis -> origin/codex/wms607-printer-failure-analysis
2026-10-07T06:46:44.6998900Z  * [new branch]          codex/wms607-staging-print -> origin/codex/wms607-staging-print
2026-10-07T06:46:44.7001240Z  * [new branch]          codex/wms607-startup-owner-fix-20261007 -> origin/codex/wms607-startup-owner-fix-20261007
2026-10-07T06:46:44.7003820Z  * [new branch]          codex/wms607-startup-owner-review-20261007 -> origin/codex/wms607-startup-owner-review-20261007
2026-10-07T06:46:44.7006560Z  * [new branch]          codex/wms607-startup-owner-software-acceptance-20261007 -> origin/codex/wms607-startup-owner-software-acceptance-20261007
2026-10-07T06:46:44.7009700Z  * [new branch]          codex/wms607-startup-owner-test-contract-20261007 -> origin/codex/wms607-startup-owner-test-contract-20261007
2026-10-07T06:46:44.7012490Z  * [new branch]          codex/wms607-updater-independent-review-20261007 -> origin/codex/wms607-updater-independent-review-20261007
2026-10-07T06:46:44.7015210Z  * [new branch]          codex/wms607-updater-software-acceptance-20261007 -> origin/codex/wms607-updater-software-acceptance-20261007
2026-10-07T06:46:44.7017860Z  * [new branch]          codex/wms607-updater-stop-contract-20261007 -> origin/codex/wms607-updater-stop-contract-20261007
2026-10-07T06:46:44.7020350Z  * [new branch]          codex/wms607-updater-stop-rereview-20261007 -> origin/codex/wms607-updater-stop-rereview-20261007
2026-10-07T06:46:44.7022850Z  * [new branch]          codex/wms607-updater-test-contract-20261007 -> origin/codex/wms607-updater-test-contract-20261007
2026-10-07T06:46:44.7024870Z  * [new branch]          codex/wms607-windows-x64 -> origin/codex/wms607-windows-x64
2026-10-07T06:46:44.7026670Z  * [new branch]          codex/wms608-scanned-row-first -> origin/codex/wms608-scanned-row-first
2026-10-07T06:46:44.7028590Z  * [new branch]          codex/wms610-fbs-picking-columns -> origin/codex/wms610-fbs-picking-columns
2026-10-07T06:46:44.7030550Z  * [new branch]          codex/wms611-fbs-print-disabled -> origin/codex/wms611-fbs-print-disabled
2026-10-07T06:46:44.7032400Z  * [new branch]          codex/wms612-delivery-checks -> origin/codex/wms612-delivery-checks
2026-10-07T06:46:44.7034080Z  * [new branch]          codex/wms612-staging-all -> origin/codex/wms612-staging-all
2026-10-07T06:46:44.7035760Z  * [new branch]          codex/wms614-616-prod-release -> origin/codex/wms614-616-prod-release
2026-10-07T06:46:44.7037360Z  * [new branch]          codex/wms617-video-demo -> origin/codex/wms617-video-demo
2026-10-07T06:46:44.7038880Z  * [new branch]          codex/wms618-staging    -> origin/codex/wms618-staging
2026-10-07T06:46:44.7040520Z  * [new branch]          codex/wms622-fbo-kiz-recovery -> origin/codex/wms622-fbo-kiz-recovery
2026-10-07T06:46:44.7043440Z  * [new branch]          codex/wms623-artmaks-unused-pdfs -> origin/codex/wms623-artmaks-unused-pdfs
2026-10-07T06:46:44.7045780Z  * [new branch]          codex/wms624-developer-requests-current -> origin/codex/wms624-developer-requests-current
2026-10-07T06:46:44.7047750Z  * [new branch]          codex/wms624-sync-cadence -> origin/codex/wms624-sync-cadence
2026-10-07T06:46:44.7049510Z  * [new branch]          codex/wms625-print-reliability -> origin/codex/wms625-print-reliability
2026-10-07T06:46:44.7051840Z  * [new branch]          codex/wms626-astra-effort-limit -> origin/codex/wms626-astra-effort-limit
2026-10-07T06:46:44.7053870Z  * [new branch]          codex/wms627-artmaks-stock-reconcile -> origin/codex/wms627-artmaks-stock-reconcile
2026-10-07T06:46:44.7055900Z  * [new branch]          codex/wms628-artmaks-wrong-scan -> origin/codex/wms628-artmaks-wrong-scan
2026-10-07T06:46:44.7058000Z  * [new branch]          codex/wms628-production -> origin/codex/wms628-production
2026-10-07T06:46:44.7059810Z  * [new branch]          codex/wms629-packing-scroll -> origin/codex/wms629-packing-scroll
2026-10-07T06:46:44.7063070Z  * [new branch]          codex/wms636-typecheck-validation-20261006 -> origin/codex/wms636-typecheck-validation-20261006
2026-10-07T06:46:44.7065290Z  * [new branch]          codex/wms651-counter-copy -> origin/codex/wms651-counter-copy
2026-10-07T06:46:44.7067510Z  * [new branch]          codex/wms652-517-release-acceptance-20261006 -> origin/codex/wms652-517-release-acceptance-20261006
2026-10-07T06:46:44.7070160Z  * [new branch]          codex/wms652-abort-boundary-review-20261007 -> origin/codex/wms652-abort-boundary-review-20261007
2026-10-07T06:46:44.7072470Z  * [new branch]          codex/wms652-acceptance-evidence -> origin/codex/wms652-acceptance-evidence
2026-10-07T06:46:44.7074810Z  * [new branch]          codex/wms652-accepted-reference-contract-20261007 -> origin/codex/wms652-accepted-reference-contract-20261007
2026-10-07T06:46:44.7076740Z  * [new branch]          codex/wms652-all-pg-fixture-comparison -> origin/codex/wms652-all-pg-fixture-comparison
2026-10-07T06:46:44.7078260Z  * [new branch]          codex/wms652-backup-boundary-format -> origin/codex/wms652-backup-boundary-format
2026-10-07T06:46:44.7080130Z  * [new branch]          codex/wms652-backup-fixture-boundary-20261007 -> origin/codex/wms652-backup-fixture-boundary-20261007
2026-10-07T06:46:44.7082120Z  * [new branch]          codex/wms652-backup-fixture-review -> origin/codex/wms652-backup-fixture-review
2026-10-07T06:46:44.7083790Z  * [new branch]          codex/wms652-backup-format-ledger-review-20261007 -> origin/codex/wms652-backup-format-ledger-review-20261007
2026-10-07T06:46:44.7085680Z  * [new branch]          codex/wms652-batch-exact-ledger-contract-20261007 -> origin/codex/wms652-batch-exact-ledger-contract-20261007
2026-10-07T06:46:44.7087620Z  * [new branch]          codex/wms652-batch-exact-pair-pins -> origin/codex/wms652-batch-exact-pair-pins
2026-10-07T06:46:44.7089280Z  * [new branch]          codex/wms652-batch-exact-pair-review-20261007 -> origin/codex/wms652-batch-exact-pair-review-20261007
2026-10-07T06:46:44.7091020Z  * [new branch]          codex/wms652-batch-pid-contract-20261007 -> origin/codex/wms652-batch-pid-contract-20261007
2026-10-07T06:46:44.7093100Z  * [new branch]          codex/wms652-batch-pid-fixture-fix -> origin/codex/wms652-batch-pid-fixture-fix
2026-10-07T06:46:44.7095830Z  * [new branch]          codex/wms652-batch-pid-fixture-review-20261007 -> origin/codex/wms652-batch-pid-fixture-review-20261007
2026-10-07T06:46:44.7098510Z  * [new branch]          codex/wms652-batch-release-acceptance-20261007 -> origin/codex/wms652-batch-release-acceptance-20261007
2026-10-07T06:46:44.7100610Z  * [new branch]          codex/wms652-bot-night  -> origin/codex/wms652-bot-night
2026-10-07T06:46:44.7102270Z  * [new branch]          codex/wms652-cdp-ambiguity-contract-20261007 -> origin/codex/wms652-cdp-ambiguity-contract-20261007
2026-10-07T06:46:44.7106840Z  * [new branch]          codex/wms652-cdp-cancel-contract-20261007 -> origin/codex/wms652-cdp-cancel-contract-20261007
2026-10-07T06:46:44.7109430Z  * [new branch]          codex/wms652-cdp-contract-review-20261007 -> origin/codex/wms652-cdp-contract-review-20261007
2026-10-07T06:46:44.7112010Z  * [new branch]          codex/wms652-cdp-explicit-abort-diagnostic -> origin/codex/wms652-cdp-explicit-abort-diagnostic
2026-10-07T06:46:44.7114400Z  * [new branch]          codex/wms652-cdp-fixture-source-review-20261007 -> origin/codex/wms652-cdp-fixture-source-review-20261007
2026-10-07T06:46:44.7116180Z  * [new branch]          codex/wms652-cdp-known-cancel-fixture -> origin/codex/wms652-cdp-known-cancel-fixture
2026-10-07T06:46:44.7118670Z  * [new branch]          codex/wms652-cdp-r1-rereview-20261007 -> origin/codex/wms652-cdp-r1-rereview-20261007
2026-10-07T06:46:44.7120990Z  * [new branch]          codex/wms652-checkpoint-requirements -> origin/codex/wms652-checkpoint-requirements
2026-10-07T06:46:44.7123780Z  * [new branch]          codex/wms652-chrome141-job-lifecycle-diagnostic -> origin/codex/wms652-chrome141-job-lifecycle-diagnostic
2026-10-07T06:46:44.7127000Z  * [new branch]          codex/wms652-ci-delta-review -> origin/codex/wms652-ci-delta-review
2026-10-07T06:46:44.7128450Z  * [new branch]          codex/wms652-ci-two-shards -> origin/codex/wms652-ci-two-shards
2026-10-07T06:46:44.7129790Z  * [new branch]          codex/wms652-critical-fbs-contracts -> origin/codex/wms652-critical-fbs-contracts
2026-10-07T06:46:44.7131370Z  * [new branch]          codex/wms652-disjoint-contract-corrections -> origin/codex/wms652-disjoint-contract-corrections
2026-10-07T06:46:44.7133210Z  * [new branch]          codex/wms652-etalon-invalid-id-identity-diagnostic -> origin/codex/wms652-etalon-invalid-id-identity-diagnostic
2026-10-07T06:46:44.7136620Z  * [new branch]          codex/wms652-etalon-invalid-id-review-20261007 -> origin/codex/wms652-etalon-invalid-id-review-20261007
2026-10-07T06:46:44.7140700Z  * [new branch]          codex/wms652-etalon-low-overhead-error-context -> origin/codex/wms652-etalon-low-overhead-error-context
2026-10-07T06:46:44.7144760Z  * [new branch]          codex/wms652-etalon-xhr-context-review-20261007 -> origin/codex/wms652-etalon-xhr-context-review-20261007
2026-10-07T06:46:44.7148830Z  * [new branch]          codex/wms652-final-batch-source-pin-20261007 -> origin/codex/wms652-final-batch-source-pin-20261007
2026-10-07T06:46:44.7152530Z  * [new branch]          codex/wms652-final-bootstrap-pin-20261007 -> origin/codex/wms652-final-bootstrap-pin-20261007
2026-10-07T06:46:44.7155850Z  * [new branch]          codex/wms652-final-infrastructure-pin-review-20261007 -> origin/codex/wms652-final-infrastructure-pin-review-20261007
2026-10-07T06:46:44.7158890Z  * [new branch]          codex/wms652-final-source-pin-review-20261007 -> origin/codex/wms652-final-source-pin-review-20261007
2026-10-07T06:46:44.7161300Z  * [new branch]          codex/wms652-final-stock-source-pin-20261007 -> origin/codex/wms652-final-stock-source-pin-20261007
2026-10-07T06:46:44.7164750Z  * [new branch]          codex/wms652-frontend-report-identities-20261007 -> origin/codex/wms652-frontend-report-identities-20261007
2026-10-07T06:46:44.7167870Z  * [new branch]          codex/wms652-independent-main-check -> origin/codex/wms652-independent-main-check
2026-10-07T06:46:44.7170570Z  * [new branch]          codex/wms652-infrastructure-acceptance-20261007 -> origin/codex/wms652-infrastructure-acceptance-20261007
2026-10-07T06:46:44.7173770Z  * [new branch]          codex/wms652-infrastructure-corrections-review-20261007 -> origin/codex/wms652-infrastructure-corrections-review-20261007
2026-10-07T06:46:44.7177530Z  * [new branch]          codex/wms652-nested-stock-acceptance-20261007 -> origin/codex/wms652-nested-stock-acceptance-20261007
2026-10-07T06:46:44.7180480Z  * [new branch]          codex/wms652-nested-stock-causal-review-20261007 -> origin/codex/wms652-nested-stock-causal-review-20261007
2026-10-07T06:46:44.7184260Z  * [new branch]          codex/wms652-nested-stock-fix-review-20261007 -> origin/codex/wms652-nested-stock-fix-review-20261007
2026-10-07T06:46:44.7187160Z  * [new branch]          codex/wms652-nested-stock-publish-requirements-20261007 -> origin/codex/wms652-nested-stock-publish-requirements-20261007
2026-10-07T06:46:44.7190150Z  * [new branch]          codex/wms652-nested-stock-test-contract-20261007 -> origin/codex/wms652-nested-stock-test-contract-20261007
2026-10-07T06:46:44.7192300Z  * [new branch]          codex/wms652-night-reader -> origin/codex/wms652-night-reader
2026-10-07T06:46:44.7195180Z  * [new branch]          codex/wms652-night-repair -> origin/codex/wms652-night-repair
2026-10-07T06:46:44.7196770Z  * [new branch]          codex/wms652-pdf-probe  -> origin/codex/wms652-pdf-probe
2026-10-07T06:46:44.7198610Z  * [new branch]          codex/wms652-pg-collector-peer-review -> origin/codex/wms652-pg-collector-peer-review
2026-10-07T06:46:44.7200300Z  * [new branch]          codex/wms652-portable-backup-proof-20261007 -> origin/codex/wms652-portable-backup-proof-20261007
2026-10-07T06:46:44.7205400Z  * [new branch]          codex/wms652-process-fixes-review-20261007 -> origin/codex/wms652-process-fixes-review-20261007
2026-10-07T06:46:44.7207530Z  * [new branch]          codex/wms652-process-gates -> origin/codex/wms652-process-gates
2026-10-07T06:46:44.7209650Z  * [new branch]          codex/wms652-process-protection-requirements -> origin/codex/wms652-process-protection-requirements
2026-10-07T06:46:44.7211570Z  * [new branch]          codex/wms652-prod-env-negative-canary-20261007 -> origin/codex/wms652-prod-env-negative-canary-20261007
2026-10-07T06:46:44.7213460Z  * [new branch]          codex/wms652-realqr-cdp-lifecycle-diagnostic -> origin/codex/wms652-realqr-cdp-lifecycle-diagnostic
2026-10-07T06:46:44.7215300Z  * [new branch]          codex/wms652-reference-migration-review-20261007 -> origin/codex/wms652-reference-migration-review-20261007
2026-10-07T06:46:44.7216910Z  * [new branch]          codex/wms652-regression-guard -> origin/codex/wms652-regression-guard
2026-10-07T06:46:44.7218310Z  * [new branch]          codex/wms652-release-ci-20261006 -> origin/codex/wms652-release-ci-20261006
2026-10-07T06:46:44.7219950Z  * [new branch]          codex/wms652-release-execution-evidence-20261007 -> origin/codex/wms652-release-execution-evidence-20261007
2026-10-07T06:46:44.7221900Z  * [new branch]          codex/wms652-remount-interception-diagnosis-20261007 -> origin/codex/wms652-remount-interception-diagnosis-20261007
2026-10-07T06:46:44.7223900Z  * [new branch]          codex/wms652-required-check-canary-20261006 -> origin/codex/wms652-required-check-canary-20261006
2026-10-07T06:46:44.7225680Z  * [new branch]          codex/wms652-reviewed-batch-source-pin-20261007 -> origin/codex/wms652-reviewed-batch-source-pin-20261007
2026-10-07T06:46:44.7227440Z  * [new branch]          codex/wms652-reviewed-contract-corrections -> origin/codex/wms652-reviewed-contract-corrections
2026-10-07T06:46:44.7229410Z  * [new branch]          codex/wms652-reviewed-infrastructure-pin-20261007 -> origin/codex/wms652-reviewed-infrastructure-pin-20261007
2026-10-07T06:46:44.7231330Z  * [new branch]          codex/wms652-reviewed-stock-source-pin-20261007 -> origin/codex/wms652-reviewed-stock-source-pin-20261007
2026-10-07T06:46:44.7232920Z  * [new branch]          codex/wms652-server-deploy-gate -> origin/codex/wms652-server-deploy-gate
2026-10-07T06:46:44.7234300Z  * [new branch]          codex/wms652-sonnet-frontend -> origin/codex/wms652-sonnet-frontend
2026-10-07T06:46:44.7236020Z  * [new branch]          codex/wms652-stock-outer-commit-guard -> origin/codex/wms652-stock-outer-commit-guard
2026-10-07T06:46:44.7237390Z  * [new branch]          codex/wms652-trusted-anchor -> origin/codex/wms652-trusted-anchor
2026-10-07T06:46:44.7238470Z  * [new branch]          codex/wms652-ui-gate    -> origin/codex/wms652-ui-gate
2026-10-07T06:46:44.7242480Z  * [new branch]          codex/wms652-warehouse-sc-sqlite-diagnostic -> origin/codex/wms652-warehouse-sc-sqlite-diagnostic
2026-10-07T06:46:44.7244920Z  * [new branch]          codex/wms652-workspace-runtime-context-diagnostic -> origin/codex/wms652-workspace-runtime-context-diagnostic
2026-10-07T06:46:44.7246720Z  * [new branch]          codex/wms653-scope-attribution-20261006 -> origin/codex/wms653-scope-attribution-20261006
2026-10-07T06:46:44.7248920Z  * [new branch]          codex/wms653-scope-independent-review-20261006 -> origin/codex/wms653-scope-independent-review-20261006
2026-10-07T06:46:44.7252160Z  * [new branch]          codex/wms653-shared-proof-independent-review-20261006 -> origin/codex/wms653-shared-proof-independent-review-20261006
2026-10-07T06:46:44.7257110Z  * [new branch]          codex/wms654-product-20261006 -> origin/codex/wms654-product-20261006
2026-10-07T06:46:44.7260310Z  * [new branch]          codex/wms659-imperia-boxes -> origin/codex/wms659-imperia-boxes
2026-10-07T06:46:44.7261990Z  * [new branch]          codex/wms660-barcodes   -> origin/codex/wms660-barcodes
2026-10-07T06:46:44.7263690Z  * [new branch]          codex/wms661-analyst-20261006 -> origin/codex/wms661-analyst-20261006
2026-10-07T06:46:44.7266890Z  * [new branch]          codex/wms661-installed-baseline-tests -> origin/codex/wms661-installed-baseline-tests
2026-10-07T06:46:44.7268860Z  * [new branch]          codex/wms661-reviewed-ordered-integration -> origin/codex/wms661-reviewed-ordered-integration
2026-10-07T06:46:44.7271260Z  * [new branch]          codex/wms661-runtime-preflight-20261006 -> origin/codex/wms661-runtime-preflight-20261006
2026-10-07T06:46:44.7274240Z  * [new branch]          codex/wms661-testwriter-baseline-20261006 -> origin/codex/wms661-testwriter-baseline-20261006
2026-10-07T06:46:44.7276740Z  * [new branch]          codex/wms662-663-owner-supersession-gate-20261006 -> origin/codex/wms662-663-owner-supersession-gate-20261006
2026-10-07T06:46:44.7278380Z  * [new branch]          codex/wms662-663-priority -> origin/codex/wms662-663-priority
2026-10-07T06:46:44.7279850Z  * [new branch]          codex/wms662-f6-testwriter -> origin/codex/wms662-f6-testwriter
2026-10-07T06:46:44.7281570Z  * [new branch]          codex/wms662-format-only-correction-20261006 -> origin/codex/wms662-format-only-correction-20261006
2026-10-07T06:46:44.7283270Z  * [new branch]          codex/wms662-live-delivery-contract-20261006 -> origin/codex/wms662-live-delivery-contract-20261006
2026-10-07T06:46:44.7284790Z  * [new branch]          codex/wms662-prod-handoff -> origin/codex/wms662-prod-handoff
2026-10-07T06:46:44.7285930Z  * [new branch]          codex/wms662-review-c36b8ab -> origin/codex/wms662-review-c36b8ab
2026-10-07T06:46:44.7287300Z  * [new branch]          codex/wms662-scoped-integration-20261006 -> origin/codex/wms662-scoped-integration-20261006
2026-10-07T06:46:44.7288920Z  * [new branch]          codex/wms663-boxes-single-checkbox-20261006 -> origin/codex/wms663-boxes-single-checkbox-20261006
2026-10-07T06:46:44.7290860Z  * [new branch]          codex/wms663-owner-checkbox-test-contract-20261006 -> origin/codex/wms663-owner-checkbox-test-contract-20261006
2026-10-07T06:46:44.7293040Z  * [new branch]          codex/wms663-pre-set-recovery-contract-20261006 -> origin/codex/wms663-pre-set-recovery-contract-20261006
2026-10-07T06:46:44.7294820Z  * [new branch]          codex/wms663-readonly-ozon-status-20261006 -> origin/codex/wms663-readonly-ozon-status-20261006
2026-10-07T06:46:44.7296420Z  * [new branch]          codex/wms663-release-retry-acceptance -> origin/codex/wms663-release-retry-acceptance
2026-10-07T06:46:44.7297890Z  * [new branch]          codex/wms663-release-retry-fix -> origin/codex/wms663-release-retry-fix
2026-10-07T06:46:44.7299630Z  * [new branch]          codex/wms663-required-order-checkbox-contract-20261006 -> origin/codex/wms663-required-order-checkbox-contract-20261006
2026-10-07T06:46:44.7301780Z  * [new branch]          codex/wms663-requirements-completeness-contract-20261006 -> origin/codex/wms663-requirements-completeness-contract-20261006
2026-10-07T06:46:44.7304470Z  * [new branch]          codex/wms663-retry-contract-20261006 -> origin/codex/wms663-retry-contract-20261006
2026-10-07T06:46:44.7306530Z  * [new branch]          codex/wms663-scoped-priority-20261006 -> origin/codex/wms663-scoped-priority-20261006
2026-10-07T06:46:44.7307910Z  * [new branch]          codex/wms664-dispatcher-stall -> origin/codex/wms664-dispatcher-stall
2026-10-07T06:46:44.7309290Z  * [new branch]          codex/wms665-avpack-withdrawal-helper -> origin/codex/wms665-avpack-withdrawal-helper
2026-10-07T06:46:44.7311600Z  * [new branch]          codex/wms665-full-sold-operational-check-20261006 -> origin/codex/wms665-full-sold-operational-check-20261006
2026-10-07T06:46:44.7314000Z  * [new branch]          codex/wms665-production-url-hotfix-20261006 -> origin/codex/wms665-production-url-hotfix-20261006
2026-10-07T06:46:44.7317240Z  * [new branch]          codex/wms666-ci-history-independent-review-20261006 -> origin/codex/wms666-ci-history-independent-review-20261006
2026-10-07T06:46:44.7320190Z  * [new branch]          codex/wms666-ci-history-scope-20261006 -> origin/codex/wms666-ci-history-scope-20261006
2026-10-07T06:46:44.7323300Z  * [new branch]          codex/wms666-ci-qr-finish-20261006 -> origin/codex/wms666-ci-qr-finish-20261006
2026-10-07T06:46:44.7325830Z  * [new branch]          codex/wms666-doc-history-scope-fix-20261006 -> origin/codex/wms666-doc-history-scope-fix-20261006
2026-10-07T06:46:44.7331180Z  * [new branch]          codex/wms666-legacy-harness-review-20261006 -> origin/codex/wms666-legacy-harness-review-20261006
2026-10-07T06:46:44.7334520Z  * [new branch]          codex/wms666-priority-etalon-20261006 -> origin/codex/wms666-priority-etalon-20261006
2026-10-07T06:46:44.7337630Z  * [new branch]          codex/wms666-release-c11-acceptance -> origin/codex/wms666-release-c11-acceptance
2026-10-07T06:46:44.7339720Z  * [new branch]          codex/wms666-remote-browser-proof-20261006 -> origin/codex/wms666-remote-browser-proof-20261006
2026-10-07T06:46:44.7343250Z  * [new branch]          codex/wms666-staging-c11-acceptance-20261006 -> origin/codex/wms666-staging-c11-acceptance-20261006
2026-10-07T06:46:44.7351040Z  * [new branch]          codex/wms666-task-scope-correction-20261006 -> origin/codex/wms666-task-scope-correction-20261006
2026-10-07T06:46:44.7423550Z  * [new branch]          codex/wms666-unified-fbs-packing -> origin/codex/wms666-unified-fbs-packing
2026-10-07T06:46:44.7426440Z  * [new branch]          codex/wms667-stock-filter -> origin/codex/wms667-stock-filter
2026-10-07T06:46:44.7427600Z  * [new branch]          codex/wms667-visual-runner -> origin/codex/wms667-visual-runner
2026-10-07T06:46:44.7429660Z  * [new branch]          codex/wms668-dispatcher-batch-final -> origin/codex/wms668-dispatcher-batch-final
2026-10-07T06:46:44.7432060Z  * [new branch]          codex/wms669-urgent-confirmed-contract-20261006 -> origin/codex/wms669-urgent-confirmed-contract-20261006
2026-10-07T06:46:44.7435120Z  * [new branch]          codex/wms672-673-analyst-20261006 -> origin/codex/wms672-673-analyst-20261006
2026-10-07T06:46:44.7437490Z  * [new branch]          codex/wms672-673-prerequisite-integration -> origin/codex/wms672-673-prerequisite-integration
2026-10-07T06:46:44.7439880Z  * [new branch]          codex/wms672-c5-cache-clock-trace -> origin/codex/wms672-c5-cache-clock-trace
2026-10-07T06:46:44.7441920Z  * [new branch]          codex/wms672-c5-cache-debug-trace -> origin/codex/wms672-c5-cache-debug-trace
2026-10-07T06:46:44.7443900Z  * [new branch]          codex/wms672-c5-cache-trace -> origin/codex/wms672-c5-cache-trace
2026-10-07T06:46:44.7445790Z  * [new branch]          codex/wms672-c5-linux-diagnostic -> origin/codex/wms672-c5-linux-diagnostic
2026-10-07T06:46:44.7447850Z  * [new branch]          codex/wms672-c5-linux-fix-check -> origin/codex/wms672-c5-linux-fix-check
2026-10-07T06:46:44.7449800Z  * [new branch]          codex/wms672-c5-peer-drain-check -> origin/codex/wms672-c5-peer-drain-check
2026-10-07T06:46:44.7453790Z  * [new branch]          codex/wms672-c5-raster-resource-comparison -> origin/codex/wms672-c5-raster-resource-comparison
2026-10-07T06:46:44.7456400Z  * [new branch]          codex/wms672-c5-target-cache-trace -> origin/codex/wms672-c5-target-cache-trace
2026-10-07T06:46:44.7458690Z  * [new branch]          codex/wms672-functional-finish-20261006 -> origin/codex/wms672-functional-finish-20261006
2026-10-07T06:46:44.7460880Z  * [new branch]          codex/wms672-native-decode-fix -> origin/codex/wms672-native-decode-fix
2026-10-07T06:46:44.7463160Z  * [new branch]          codex/wms672-native-error-contract-20261007 -> origin/codex/wms672-native-error-contract-20261007
2026-10-07T06:46:44.7465460Z  * [new branch]          codex/wms672-native-fix-review -> origin/codex/wms672-native-fix-review
2026-10-07T06:46:44.7467690Z  * [new branch]          codex/wms672-peer-drain-contract-20261007 -> origin/codex/wms672-peer-drain-contract-20261007
2026-10-07T06:46:44.7470080Z  * [new branch]          codex/wms672-peer-drain-source-review -> origin/codex/wms672-peer-drain-source-review
2026-10-07T06:46:44.7472700Z  * [new branch]          codex/wms672-raster-analyst-acceptance-20261007 -> origin/codex/wms672-raster-analyst-acceptance-20261007
2026-10-07T06:46:44.7476530Z  * [new branch]          codex/wms672-raster-resource-contract-20261007 -> origin/codex/wms672-raster-resource-contract-20261007
2026-10-07T06:46:44.7479030Z  * [new branch]          codex/wms672-raster-resource-fix -> origin/codex/wms672-raster-resource-fix
2026-10-07T06:46:44.7481450Z  * [new branch]          codex/wms672-raster-resource-review-20261007 -> origin/codex/wms672-raster-resource-review-20261007
2026-10-07T06:46:44.7483960Z  * [new branch]          codex/wms675-ci-topology-proof-20261006 -> origin/codex/wms675-ci-topology-proof-20261006
2026-10-07T06:46:44.7486310Z  * [new branch]          codex/wms675-fresh-readonly-20261007 -> origin/codex/wms675-fresh-readonly-20261007
2026-10-07T06:46:44.7488690Z  * [new branch]          codex/wms675-incident-regression-20261006 -> origin/codex/wms675-incident-regression-20261006
2026-10-07T06:46:44.7491330Z  * [new branch]          codex/wms675-live-reconciliation-20261006 -> origin/codex/wms675-live-reconciliation-20261006
2026-10-07T06:46:44.7493630Z  * [new branch]          codex/wms675-reserve-reconcile -> origin/codex/wms675-reserve-reconcile
2026-10-07T06:46:44.7495570Z  * [new branch]          codex/wms676-crosscheck-astra -> origin/codex/wms676-crosscheck-astra
2026-10-07T06:46:44.7497810Z  * [new branch]          codex/wms676-night-review-fallback -> origin/codex/wms676-night-review-fallback
2026-10-07T06:46:44.7499790Z  * [new branch]          codex/wms676-sol61-pipeline -> origin/codex/wms676-sol61-pipeline
2026-10-07T06:46:44.7501770Z  * [new branch]          codex/wms679-fbw-analysis-source349 -> origin/codex/wms679-fbw-analysis-source349
2026-10-07T06:46:44.7504040Z  * [new branch]          codex/wms681-682-morning-intake-20261006 -> origin/codex/wms681-682-morning-intake-20261006
2026-10-07T06:46:44.7506080Z  * [new branch]          codex/wms681-qr-recovery -> origin/codex/wms681-qr-recovery
2026-10-07T06:46:44.7507390Z  * [new branch]          codex/wms681-real-wb-qr-hotfix -> origin/codex/wms681-real-wb-qr-hotfix
2026-10-07T06:46:44.7508830Z  * [new branch]          deploy/wb-emulator-real-order-qr -> origin/deploy/wb-emulator-real-order-qr
2026-10-07T06:46:44.7510170Z  * [new branch]          docs/owner-requirements-20260831 -> origin/docs/owner-requirements-20260831
2026-10-07T06:46:44.7511650Z  * [new branch]          docs/wms-system-review-protocol-20260812 -> origin/docs/wms-system-review-protocol-20260812
2026-10-07T06:46:44.7513280Z  * [new branch]          docs/wms469-470-backlog -> origin/docs/wms469-470-backlog
2026-10-07T06:46:44.7514950Z  * [new branch]          docs/wms561-ship-by-in-supply -> origin/docs/wms561-ship-by-in-supply
2026-10-07T06:46:44.7516800Z  * [new branch]          docs/wms584-585-tsd-walkthrough -> origin/docs/wms584-585-tsd-walkthrough
2026-10-07T06:46:44.7518970Z  * [new branch]          docs/wms648-ozon-catalog-backlog -> origin/docs/wms648-ozon-catalog-backlog
2026-10-07T06:46:44.7520330Z  * [new branch]          docs/wms649-shk-po-ploshchadke -> origin/docs/wms649-shk-po-ploshchadke
2026-10-07T06:46:44.7521390Z  * [new branch]          etalon                  -> origin/etalon
2026-10-07T06:46:44.7522400Z  * [new branch]          feat/cz-print-split-artifact -> origin/feat/cz-print-split-artifact
2026-10-07T06:46:44.7523720Z  * [new branch]          feat/fbs-warehouse-filter-20260812 -> origin/feat/fbs-warehouse-filter-20260812
2026-10-07T06:46:44.7525140Z  * [new branch]          feat/ff-inbound-create-20260812 -> origin/feat/ff-inbound-create-20260812
2026-10-07T06:46:44.7526450Z  * [new branch]          feat/marking-import-s3-storage -> origin/feat/marking-import-s3-storage
2026-10-07T06:46:44.7527640Z  * [new branch]          feat/mobile-fbs-demo-seed -> origin/feat/mobile-fbs-demo-seed
2026-10-07T06:46:44.7528890Z  * [new branch]          feat/product-barcode-print -> origin/feat/product-barcode-print
2026-10-07T06:46:44.7530050Z  * [new branch]          feat/wms056-audit-trail -> origin/feat/wms056-audit-trail
2026-10-07T06:46:44.7532360Z  * [new branch]          feat/wms062-warehouse-docs -> origin/feat/wms062-warehouse-docs
2026-10-07T06:46:44.7534110Z  * [new branch]          feat/wms111-wb-cancel-return -> origin/feat/wms111-wb-cancel-return
2026-10-07T06:46:44.7535860Z  * [new branch]          feat/wms121-supply-identity -> origin/feat/wms121-supply-identity
2026-10-07T06:46:44.7537070Z  * [new branch]          feat/wms270-login-and-ports -> origin/feat/wms270-login-and-ports
2026-10-07T06:46:44.7538280Z  * [new branch]          feat/wms338-stock-min-formula -> origin/feat/wms338-stock-min-formula
2026-10-07T06:46:44.7539540Z  * [new branch]          feat/wms349-merge-service -> origin/feat/wms349-merge-service
2026-10-07T06:46:44.7540620Z  * [new branch]          feat/wms363-ozon-tsd    -> origin/feat/wms363-ozon-tsd
2026-10-07T06:46:44.7541600Z  * [new branch]          feat/wms397-chat-mvp    -> origin/feat/wms397-chat-mvp
2026-10-07T06:46:44.7542730Z  * [new branch]          feat/wms401-mobile-followup -> origin/feat/wms401-mobile-followup
2026-10-07T06:46:44.7543950Z  * [new branch]          feat/wms433-assistant-release -> origin/feat/wms433-assistant-release
2026-10-07T06:46:44.7545140Z  * [new branch]          feat/wms433-tenant-rollout -> origin/feat/wms433-tenant-rollout
2026-10-07T06:46:44.7546380Z  * [new branch]          feat/wms447-fbs-box-count -> origin/feat/wms447-fbs-box-count
2026-10-07T06:46:44.7548200Z  * [new branch]          feat/wms453-455-boxes-shared-pool -> origin/feat/wms453-455-boxes-shared-pool
2026-10-07T06:46:44.7549460Z  * [new branch]          feat/wms469-stock-dialog -> origin/feat/wms469-stock-dialog
2026-10-07T06:46:44.7550740Z  * [new branch]          feat/wms529-stock-vs-location -> origin/feat/wms529-stock-vs-location
2026-10-07T06:46:44.7552330Z  * [new branch]          feat/wms534-intake-box  -> origin/feat/wms534-intake-box
2026-10-07T06:46:44.7553910Z  * [new branch]          feat/wms536-scan-layer  -> origin/feat/wms536-scan-layer
2026-10-07T06:46:44.7555680Z  * [new branch]          feat/wms539-artmaks-cells-import -> origin/feat/wms539-artmaks-cells-import
2026-10-07T06:46:44.7556930Z  * [new branch]          feat/wms631-print-agent -> origin/feat/wms631-print-agent
2026-10-07T06:46:44.7557980Z  * [new branch]          feat/wms633-chz-copies  -> origin/feat/wms633-chz-copies
2026-10-07T06:46:44.7559130Z  * [new branch]          feat/wms636-wb-rejected-filter -> origin/feat/wms636-wb-rejected-filter
2026-10-07T06:46:44.7560510Z  * [new branch]          feat/wms641-support-agent -> origin/feat/wms641-support-agent
2026-10-07T06:46:44.7561620Z  * [new branch]          feat/wms650-sorting-impl -> origin/feat/wms650-sorting-impl
2026-10-07T06:46:44.7562730Z  * [new branch]          feat/wms650-sorting-mockup -> origin/feat/wms650-sorting-mockup
2026-10-07T06:46:44.7564330Z  * [new branch]          fix/auth-staff-e2e-20260815 -> origin/fix/auth-staff-e2e-20260815
2026-10-07T06:46:44.7572070Z  * [new branch]          fix/cis-pool-full-20260821 -> origin/fix/cis-pool-full-20260821
2026-10-07T06:46:44.7573920Z  * [new branch]          fix/cz-artifact-print-scale -> origin/fix/cz-artifact-print-scale
2026-10-07T06:46:44.7576410Z  * [new branch]          fix/deploy-hard-reset   -> origin/fix/deploy-hard-reset
2026-10-07T06:46:44.7578250Z  * [new branch]          fix/fbs-box-controls-20260901 -> origin/fix/fbs-box-controls-20260901
2026-10-07T06:46:44.7580140Z  * [new branch]          fix/fbs-supplier-status-sync -> origin/fix/fbs-supplier-status-sync
2026-10-07T06:46:44.7581550Z  * [new branch]          fix/inventory-owner-block-20260902 -> origin/fix/inventory-owner-block-20260902
2026-10-07T06:46:44.7583170Z  * [new branch]          fix/inventory-unexpected-product-scan-20260901 -> origin/fix/inventory-unexpected-product-scan-20260901
2026-10-07T06:46:44.7584790Z  * [new branch]          fix/kiz-gs-restore-20260821 -> origin/fix/kiz-gs-restore-20260821
2026-10-07T06:46:44.7586080Z  * [new branch]          fix/no-distribution-20260821 -> origin/fix/no-distribution-20260821
2026-10-07T06:46:44.7588110Z  * [new branch]          fix/outbound-reserve-from-sorting-20260902 -> origin/fix/outbound-reserve-from-sorting-20260902
2026-10-07T06:46:44.7589950Z  * [new branch]          fix/packing-optional-20260819 -> origin/fix/packing-optional-20260819
2026-10-07T06:46:44.7591920Z  * [new branch]          fix/packing-optional-to-prod -> origin/fix/packing-optional-to-prod
2026-10-07T06:46:44.7593860Z  * [new branch]          fix/picklist-size-20260819 -> origin/fix/picklist-size-20260819
2026-10-07T06:46:44.7595490Z  * [new branch]          fix/print-pdf-dialog    -> origin/fix/print-pdf-dialog
2026-10-07T06:46:44.7596580Z  * [new branch]          fix/print-restore-proven -> origin/fix/print-restore-proven
2026-10-07T06:46:44.7597720Z  * [new branch]          fix/review-findings-20260902 -> origin/fix/review-findings-20260902
2026-10-07T06:46:44.7599230Z  * [new branch]          fix/seller-honest-sign-sync-20260819 -> origin/fix/seller-honest-sign-sync-20260819
2026-10-07T06:46:44.7600590Z  * [new branch]          fix/warehouse-single-20260821 -> origin/fix/warehouse-single-20260821
2026-10-07T06:46:44.7601850Z  * [new branch]          fix/wb-label-seller-line-height -> origin/fix/wb-label-seller-line-height
2026-10-07T06:46:44.7603330Z  * [new branch]          fix/wb-label-seller-line-trim -> origin/fix/wb-label-seller-line-trim
2026-10-07T06:46:44.7604530Z  * [new branch]          fix/wb-meta-method-20260821 -> origin/fix/wb-meta-method-20260821
2026-10-07T06:46:44.7606500Z  * [new branch]          fix/wb-token-save-500   -> origin/fix/wb-token-save-500
2026-10-07T06:46:44.7608450Z  * [new branch]          fix/wms-fbs-single-pick-by-cell -> origin/fix/wms-fbs-single-pick-by-cell
2026-10-07T06:46:44.7610960Z  * [new branch]          fix/wms-session-regression -> origin/fix/wms-session-regression
2026-10-07T06:46:44.7612700Z  * [new branch]          fix/wms487-tape-print-missing-codes -> origin/fix/wms487-tape-print-missing-codes
2026-10-07T06:46:44.7614090Z  * [new branch]          fix/wms517-price-snapshot -> origin/fix/wms517-price-snapshot
2026-10-07T06:46:44.7615150Z  * [new branch]          fix/wms517-sold-only    -> origin/fix/wms517-sold-only
2026-10-07T06:46:44.7616230Z  * [new branch]          fix/wms625-on-etalon-20261003 -> origin/fix/wms625-on-etalon-20261003
2026-10-07T06:46:44.7617830Z  * [new branch]          fix/wms634-fbo-date-delegated -> origin/fix/wms634-fbo-date-delegated
2026-10-07T06:46:44.7619000Z  * [new branch]          fix/wms635-kiz-no-wb-wait -> origin/fix/wms635-kiz-no-wb-wait
2026-10-07T06:46:44.7620160Z  * [new branch]          fix/wms639-scan-no-wb-readback -> origin/fix/wms639-scan-no-wb-readback
2026-10-07T06:46:44.7621810Z  * [new branch]          fix/wms640-scan-kiz-no-wb-wait -> origin/fix/wms640-scan-kiz-no-wb-wait
2026-10-07T06:46:44.7623920Z  * [new branch]          fix/wms641-kiz-delete-background -> origin/fix/wms641-kiz-delete-background
2026-10-07T06:46:44.7625920Z  * [new branch]          fix/wms642-kiz-no-locks-handover -> origin/fix/wms642-kiz-no-locks-handover
2026-10-07T06:46:44.7627330Z  * [new branch]          fix/wms643-no-print-when-unchecked -> origin/fix/wms643-no-print-when-unchecked
2026-10-07T06:46:44.7629220Z  * [new branch]          fix/wms652-contract-check-merge -> origin/fix/wms652-contract-check-merge
2026-10-07T06:46:44.7631010Z  * [new branch]          fix/wms656-full-kiz-label -> origin/fix/wms656-full-kiz-label
2026-10-07T06:46:44.7632890Z  * [new branch]          fix/wms666-product-stock-scope -> origin/fix/wms666-product-stock-scope
2026-10-07T06:46:44.7634370Z  * [new branch]          hotfix/avpack-bulk-print-after-kiz-clear -> origin/hotfix/avpack-bulk-print-after-kiz-clear
2026-10-07T06:46:44.7635780Z  * [new branch]          hotfix/boxes-print-all-qr -> origin/hotfix/boxes-print-all-qr
2026-10-07T06:46:44.7637140Z  * [new branch]          hotfix/cz-print-regression-2026-07-07 -> origin/hotfix/cz-print-regression-2026-07-07
2026-10-07T06:46:44.7638520Z  * [new branch]          hotfix/inbound-qty-blur-v2 -> origin/hotfix/inbound-qty-blur-v2
2026-10-07T06:46:44.7640730Z  * [new branch]          hotfix/inbound-table-header-alignment -> origin/hotfix/inbound-table-header-alignment
2026-10-07T06:46:44.7642200Z  * [new branch]          hotfix/ozon-requirements-int-sku -> origin/hotfix/ozon-requirements-int-sku
2026-10-07T06:46:44.7643560Z  * [new branch]          hotfix/tz-print-landscape-revert -> origin/hotfix/tz-print-landscape-revert
2026-10-07T06:46:44.7645220Z  * [new branch]          hotfix/wb-unified-token-fbs-intake -> origin/hotfix/wb-unified-token-fbs-intake
2026-10-07T06:46:44.7646470Z  * [new branch]          hotfix/wms622-628-restore -> origin/hotfix/wms622-628-restore
2026-10-07T06:46:44.7647810Z  * [new branch]          integration/fbs-fixes-20260821 -> origin/integration/fbs-fixes-20260821
2026-10-07T06:46:44.7649020Z  * [new branch]          main                    -> origin/main
2026-10-07T06:46:44.7650050Z  * [new branch]          mobile/android7-v014-recovery -> origin/mobile/android7-v014-recovery
2026-10-07T06:46:44.7651140Z  * [new branch]          mobile/feat-fbs         -> origin/mobile/feat-fbs
2026-10-07T06:46:44.7652360Z  * [new branch]          mockup/psp2-clickable   -> origin/mockup/psp2-clickable
2026-10-07T06:46:44.7654130Z  * [new branch]          night/catalog-box-lookup-20260823/lane-1/01-catalog-box-lookup -> origin/night/catalog-box-lookup-20260823/lane-1/01-catalog-box-lookup
2026-10-07T06:46:44.7656260Z  * [new branch]          night/volna-9-recovery/lane-1/01-wb-marking -> origin/night/volna-9-recovery/lane-1/01-wb-marking
2026-10-07T06:46:44.7657980Z  * [new branch]          night/volna-9-recovery/lane-1/04-warehouse-switch -> origin/night/volna-9-recovery/lane-1/04-warehouse-switch
2026-10-07T06:46:44.7659720Z  * [new branch]          night/volna-9-recovery/lane-1/07-reporting -> origin/night/volna-9-recovery/lane-1/07-reporting
2026-10-07T06:46:44.7661600Z  * [new branch]          night/volna-9-recovery/lane-2/02-verdikt-screen -> origin/night/volna-9-recovery/lane-2/02-verdikt-screen
2026-10-07T06:46:44.7663300Z  * [new branch]          night/volna-9-recovery/lane-2/05-prod-slow -> origin/night/volna-9-recovery/lane-2/05-prod-slow
2026-10-07T06:46:44.7665120Z  * [new branch]          night/volna-9-recovery/lane-2/08-storage -> origin/night/volna-9-recovery/lane-2/08-storage
2026-10-07T06:46:44.7667740Z  * [new branch]          night/volna-9-recovery/lane-3/03-no-distribution-mode -> origin/night/volna-9-recovery/lane-3/03-no-distribution-mode
2026-10-07T06:46:44.7670840Z  * [new branch]          night/volna-9-recovery/lane-3/06-picking-list-order -> origin/night/volna-9-recovery/lane-3/06-picking-list-order
2026-10-07T06:46:44.7673930Z  * [new branch]          night/volna-9-recovery/lane-3/09-billing -> origin/night/volna-9-recovery/lane-3/09-billing
2026-10-07T06:46:44.7676200Z  * [new branch]          night/volna-9/lane-1/01-wb-marking -> origin/night/volna-9/lane-1/01-wb-marking
2026-10-07T06:46:44.7678170Z  * [new branch]          night/volna-9/lane-1/07-reporting -> origin/night/volna-9/lane-1/07-reporting
2026-10-07T06:46:44.7679590Z  * [new branch]          night/volna-9/lane-1/defect-01 -> origin/night/volna-9/lane-1/defect-01
2026-10-07T06:46:44.7680840Z  * [new branch]          night/volna-9/lane-1/feature-07 -> origin/night/volna-9/lane-1/feature-07
2026-10-07T06:46:44.7682200Z  * [new branch]          night/volna-9/lane-2/02-verdikt-screen -> origin/night/volna-9/lane-2/02-verdikt-screen
2026-10-07T06:46:44.7683650Z  * [new branch]          night/volna-9/lane-2/08-storage -> origin/night/volna-9/lane-2/08-storage
2026-10-07T06:46:44.7684910Z  * [new branch]          night/volna-9/lane-2/defect-02 -> origin/night/volna-9/lane-2/defect-02
2026-10-07T06:46:44.7686330Z  * [new branch]          night/volna-9/lane-3/03-no-distribution-mode -> origin/night/volna-9/lane-3/03-no-distribution-mode
2026-10-07T06:46:44.7687850Z  * [new branch]          night/volna-9/lane-3/09-billing -> origin/night/volna-9/lane-3/09-billing
2026-10-07T06:46:44.7689130Z  * [new branch]          night/volna-9/lane-3/defect-03 -> origin/night/volna-9/lane-3/defect-03
2026-10-07T06:46:44.7690850Z  * [new branch]          night/volna-9/lane-4/04-warehouse-switch -> origin/night/volna-9/lane-4/04-warehouse-switch
2026-10-07T06:46:44.7692300Z  * [new branch]          night/volna-9/lane-4/defect-04 -> origin/night/volna-9/lane-4/defect-04
2026-10-07T06:46:44.7693590Z  * [new branch]          night/volna-9/lane-5/05-prod-slow -> origin/night/volna-9/lane-5/05-prod-slow
2026-10-07T06:46:44.7694840Z  * [new branch]          night/volna-9/lane-5/defect-05 -> origin/night/volna-9/lane-5/defect-05
2026-10-07T06:46:44.7696240Z  * [new branch]          night/volna-9/lane-6/06-picking-list-order -> origin/night/volna-9/lane-6/06-picking-list-order
2026-10-07T06:46:44.7697730Z  * [new branch]          night/volna-9/lane-6/defect-06 -> origin/night/volna-9/lane-6/defect-06
2026-10-07T06:46:44.7698900Z  * [new branch]          night/wms-653-5beb52da  -> origin/night/wms-653-5beb52da
2026-10-07T06:46:44.7701100Z  * [new branch]          night/wms-654-5beb52da  -> origin/night/wms-654-5beb52da
2026-10-07T06:46:44.7703250Z  * [new branch]          night/wms-657-5beb52da  -> origin/night/wms-657-5beb52da
2026-10-07T06:46:44.7705360Z  * [new branch]          night/wms-658-5beb52da  -> origin/night/wms-658-5beb52da
2026-10-07T06:46:44.7706650Z  * [new branch]          night/wms-659-5beb52da  -> origin/night/wms-659-5beb52da
2026-10-07T06:46:44.7708270Z  * [new branch]          night/zadachi-2026-08-21-20260821-r04/lane-1/01 -> origin/night/zadachi-2026-08-21-20260821-r04/lane-1/01
2026-10-07T06:46:44.7710330Z  * [new branch]          night/zadachi-2026-08-21-20260821-r04/lane-1/07 -> origin/night/zadachi-2026-08-21-20260821-r04/lane-1/07
2026-10-07T06:46:44.7712050Z  * [new branch]          night/zadachi-2026-08-21-20260821-r04/lane-2/02 -> origin/night/zadachi-2026-08-21-20260821-r04/lane-2/02
2026-10-07T06:46:44.7713880Z  * [new branch]          night/zadachi-2026-08-21-20260821-r04/lane-2/08 -> origin/night/zadachi-2026-08-21-20260821-r04/lane-2/08
2026-10-07T06:46:44.7715550Z  * [new branch]          night/zadachi-2026-08-21-20260821-r04/lane-3/03 -> origin/night/zadachi-2026-08-21-20260821-r04/lane-3/03
2026-10-07T06:46:44.7717300Z  * [new branch]          night/zadachi-2026-08-21-20260821-r04/lane-3/09 -> origin/night/zadachi-2026-08-21-20260821-r04/lane-3/09
2026-10-07T06:46:44.7719100Z  * [new branch]          night/zadachi-2026-08-21-20260821-r04/lane-4/04 -> origin/night/zadachi-2026-08-21-20260821-r04/lane-4/04
2026-10-07T06:46:44.7720830Z  * [new branch]          night/zadachi-2026-08-21-20260821-r04/lane-5/05 -> origin/night/zadachi-2026-08-21-20260821-r04/lane-5/05
2026-10-07T06:46:44.7722600Z  * [new branch]          night/zadachi-2026-08-21-20260821-r04/lane-6/06 -> origin/night/zadachi-2026-08-21-20260821-r04/lane-6/06
2026-10-07T06:46:44.7724190Z  * [new branch]          process/pipeline-on-etalon-20260821 -> origin/process/pipeline-on-etalon-20260821
2026-10-07T06:46:44.7726110Z  * [new branch]          release/2026-10-02-packing-stock -> origin/release/2026-10-02-packing-stock
2026-10-07T06:46:44.7727600Z  * [new branch]          release/2026-10-03-ready -> origin/release/2026-10-03-ready
2026-10-07T06:46:44.7728700Z  * [new branch]          release/barcode-tall-label -> origin/release/barcode-tall-label
2026-10-07T06:46:44.7729840Z  * [new branch]          release/inbound-print-fix -> origin/release/inbound-print-fix
2026-10-07T06:46:44.7731090Z  * [new branch]          release/wms641-agent-v1 -> origin/release/wms641-agent-v1
2026-10-07T06:46:44.7732150Z  * [new branch]          release/wms641-agent-v2 -> origin/release/wms641-agent-v2
2026-10-07T06:46:44.7733180Z  * [new branch]          release/wms641-agent-v3 -> origin/release/wms641-agent-v3
2026-10-07T06:46:44.7734470Z  * [new branch]          review/pick-and-binding-fixes-20260816 -> origin/review/pick-and-binding-fixes-20260816
2026-10-07T06:46:44.7736190Z  * [new branch]          review/system-wide-orchestrator-20260812 -> origin/review/system-wide-orchestrator-20260812
2026-10-07T06:46:44.7911750Z  * [new branch]          speed/test-infra-20260830 -> origin/speed/test-infra-20260830
2026-10-07T06:46:44.7912730Z  * [new branch]          staging                 -> origin/staging
2026-10-07T06:46:44.7913870Z  * [new branch]          support-task/WMS-651-4  -> origin/support-task/WMS-651-4
2026-10-07T06:46:44.7914930Z  * [new branch]          support-task/WMS-653-6  -> origin/support-task/WMS-653-6
2026-10-07T06:46:44.7915960Z  * [new branch]          support-task/WMS-654-7  -> origin/support-task/WMS-654-7
2026-10-07T06:46:44.7916990Z  * [new branch]          support-task/WMS-657-8  -> origin/support-task/WMS-657-8
2026-10-07T06:46:44.7918200Z  * [new branch]          support-task/WMS-658-9  -> origin/support-task/WMS-658-9
2026-10-07T06:46:44.7919260Z  * [new branch]          support-task/WMS-661-14 -> origin/support-task/WMS-661-14
2026-10-07T06:46:44.7920350Z  * [new branch]          support-task/WMS-667-18 -> origin/support-task/WMS-667-18
2026-10-07T06:46:44.7921400Z  * [new branch]          support-task/WMS-677-22 -> origin/support-task/WMS-677-22
2026-10-07T06:46:44.7922450Z  * [new branch]          support-task/WMS-679-26 -> origin/support-task/WMS-679-26
2026-10-07T06:46:44.7923500Z  * [new branch]          support-task/WMS-680-27 -> origin/support-task/WMS-680-27
2026-10-07T06:46:44.7924750Z  * [new branch]          support-task/WMS-683-29 -> origin/support-task/WMS-683-29
2026-10-07T06:46:44.7925900Z  * [new branch]          test/wms672-c7-c10-c11-20261006 -> origin/test/wms672-c7-c10-c11-20261006
2026-10-07T06:46:44.7926910Z  * [new tag]             tsd-preview             -> tsd-preview
2026-10-07T06:46:44.7927850Z  * [new tag]             wms-print-direct-v2026.09.30.1 -> wms-print-direct-v2026.09.30.1
2026-10-07T06:46:44.7929170Z  * [new tag]             wms-print-direct-v2026.09.30.2 -> wms-print-direct-v2026.09.30.2
2026-10-07T06:46:44.7930340Z  * [new tag]             wms-print-direct-v2026.09.30.3 -> wms-print-direct-v2026.09.30.3
2026-10-07T06:46:44.7931470Z  * [new tag]             wms-print-direct-v2026.09.30.4 -> wms-print-direct-v2026.09.30.4
2026-10-07T06:46:44.7932600Z  * [new tag]             wms-print-direct-v2026.09.30.5 -> wms-print-direct-v2026.09.30.5
2026-10-07T06:46:44.7933790Z  * [new tag]             wms-print-direct-v2026.10.01.1-rc1 -> wms-print-direct-v2026.10.01.1-rc1
2026-10-07T06:46:44.7934870Z  * [new tag]             wms-print-v2026.09.13.1 -> wms-print-v2026.09.13.1
2026-10-07T06:46:44.7935760Z  * [new tag]             wms-print-v2026.09.13.2 -> wms-print-v2026.09.13.2
2026-10-07T06:46:44.7936660Z  * [new tag]             wms-print-v2026.09.13.3 -> wms-print-v2026.09.13.3
2026-10-07T06:46:44.7979860Z [command]/usr/local/bin/git rev-parse --verify --quiet a475a7342c0da72dd49b2990bd998c522ecc2c2b^{object}
2026-10-07T06:46:44.7982700Z a475a7342c0da72dd49b2990bd998c522ecc2c2b
2026-10-07T06:46:44.7997630Z ##[endgroup]
2026-10-07T06:46:44.8000120Z ##[group]Determining the checkout info
2026-10-07T06:46:44.8008380Z ##[endgroup]
2026-10-07T06:46:44.8009150Z [command]/usr/local/bin/git sparse-checkout disable
2026-10-07T06:46:44.8012710Z [command]/usr/local/bin/git config --local --unset-all extensions.worktreeConfig
2026-10-07T06:46:44.8016730Z ##[group]Checking out the ref
2026-10-07T06:46:44.8019060Z [command]/usr/local/bin/git checkout --progress --force a475a7342c0da72dd49b2990bd998c522ecc2c2b
2026-10-07T06:46:46.1013860Z Updating files:  14% (630/4272)
2026-10-07T06:46:46.1922730Z Updating files:  15% (641/4272)
2026-10-07T06:46:46.2600120Z Updating files:  16% (684/4272)
2026-10-07T06:46:46.3163930Z Updating files:  17% (727/4272)
2026-10-07T06:46:46.3495300Z Updating files:  18% (769/4272)
2026-10-07T06:46:46.8649400Z Updating files:  19% (812/4272)
2026-10-07T06:46:47.0848920Z Updating files:  20% (855/4272)
2026-10-07T06:46:47.3382220Z Updating files:  20% (858/4272)
2026-10-07T06:46:47.4410910Z Updating files:  21% (898/4272)
2026-10-07T06:46:47.4468340Z Updating files:  22% (940/4272)
2026-10-07T06:46:47.5278610Z Updating files:  23% (983/4272)
2026-10-07T06:46:48.0939870Z Updating files:  24% (1026/4272)
2026-10-07T06:46:48.7509080Z Updating files:  24% (1066/4272)
2026-10-07T06:46:48.9377370Z Updating files:  25% (1068/4272)
2026-10-07T06:46:49.0116690Z Updating files:  26% (1111/4272)
2026-10-07T06:46:49.0218330Z Updating files:  27% (1154/4272)
2026-10-07T06:46:49.1577810Z Updating files:  27% (1157/4272)
2026-10-07T06:46:49.2489290Z Updating files:  28% (1197/4272)
2026-10-07T06:46:49.3150300Z Updating files:  29% (1239/4272)
2026-10-07T06:46:49.3801830Z Updating files:  30% (1282/4272)
2026-10-07T06:46:49.4190740Z Updating files:  31% (1325/4272)
2026-10-07T06:46:49.5520540Z Updating files:  32% (1368/4272)
2026-10-07T06:46:49.6171600Z Updating files:  33% (1410/4272)
2026-10-07T06:46:49.7203330Z Updating files:  34% (1453/4272)
2026-10-07T06:46:49.7693200Z Updating files:  35% (1496/4272)
2026-10-07T06:46:49.9055740Z Updating files:  36% (1538/4272)
2026-10-07T06:46:50.0325050Z Updating files:  37% (1581/4272)
2026-10-07T06:46:50.0675070Z Updating files:  37% (1607/4272)
2026-10-07T06:46:50.2404530Z Updating files:  38% (1624/4272)
2026-10-07T06:46:50.5315820Z Updating files:  39% (1667/4272)
2026-10-07T06:46:50.5599510Z Updating files:  40% (1709/4272)
2026-10-07T06:46:51.7951510Z Updating files:  41% (1752/4272)
2026-10-07T06:46:52.5947820Z Updating files:  41% (1762/4272)
2026-10-07T06:46:52.8302040Z Updating files:  41% (1767/4272)
2026-10-07T06:46:52.8546820Z Updating files:  42% (1795/4272)
2026-10-07T06:46:53.0190230Z Updating files:  43% (1837/4272)
2026-10-07T06:46:53.3251260Z Updating files:  43% (1852/4272)
2026-10-07T06:46:53.5068250Z Updating files:  44% (1880/4272)
2026-10-07T06:46:53.8664510Z Updating files:  45% (1923/4272)
2026-10-07T06:46:54.0665750Z Updating files:  46% (1966/4272)
2026-10-07T06:46:54.0966550Z Updating files:  46% (1974/4272)
2026-10-07T06:46:54.2201620Z Updating files:  47% (2008/4272)
2026-10-07T06:46:54.4587060Z Updating files:  48% (2051/4272)
2026-10-07T06:46:54.5814420Z Updating files:  49% (2094/4272)
2026-10-07T06:46:54.6188900Z Updating files:  50% (2136/4272)
2026-10-07T06:46:54.8645770Z Updating files:  51% (2179/4272)
2026-10-07T06:46:54.9470420Z Updating files:  52% (2222/4272)
2026-10-07T06:46:55.0168950Z Updating files:  53% (2265/4272)
2026-10-07T06:46:55.0565730Z Updating files:  53% (2295/4272)
2026-10-07T06:46:55.3709220Z Updating files:  54% (2307/4272)
2026-10-07T06:46:55.4785720Z Updating files:  55% (2350/4272)
2026-10-07T06:46:56.0031720Z Updating files:  56% (2393/4272)
2026-10-07T06:46:56.1033820Z Updating files:  57% (2436/4272)
2026-10-07T06:46:56.1088950Z Updating files:  58% (2478/4272)
2026-10-07T06:46:56.1660820Z Updating files:  58% (2483/4272)
2026-10-07T06:46:56.2154720Z Updating files:  59% (2521/4272)
2026-10-07T06:46:56.2594540Z Updating files:  60% (2564/4272)
2026-10-07T06:46:56.4604800Z Updating files:  61% (2606/4272)
2026-10-07T06:46:56.8631330Z Updating files:  62% (2649/4272)
2026-10-07T06:46:57.0668500Z Updating files:  63% (2692/4272)
2026-10-07T06:46:57.1093510Z Updating files:  64% (2735/4272)
2026-10-07T06:46:57.4628510Z Updating files:  64% (2745/4272)
2026-10-07T06:46:57.9718770Z Updating files:  65% (2777/4272)
2026-10-07T06:46:58.0726870Z Updating files:  66% (2820/4272)
2026-10-07T06:46:58.1695340Z Updating files:  67% (2863/4272)
2026-10-07T06:46:58.2427070Z Updating files:  68% (2905/4272)
2026-10-07T06:46:58.2511130Z Updating files:  68% (2911/4272)
2026-10-07T06:46:58.3944190Z Updating files:  69% (2948/4272)
2026-10-07T06:46:58.5218110Z Updating files:  70% (2991/4272)
2026-10-07T06:46:59.0362760Z Updating files:  71% (3034/4272)
2026-10-07T06:46:59.1539870Z Updating files:  71% (3048/4272)
2026-10-07T06:46:59.3990690Z Updating files:  72% (3076/4272)
2026-10-07T06:46:59.4803690Z Updating files:  73% (3119/4272)
2026-10-07T06:46:59.7422700Z Updating files:  74% (3162/4272)
2026-10-07T06:46:59.8656410Z Updating files:  75% (3204/4272)
2026-10-07T06:46:59.9566030Z Updating files:  76% (3247/4272)
2026-10-07T06:47:00.1918040Z Updating files:  77% (3290/4272)
2026-10-07T06:47:00.2925130Z Updating files:  77% (3297/4272)
2026-10-07T06:47:00.3411200Z Updating files:  78% (3333/4272)
2026-10-07T06:47:00.4404360Z Updating files:  79% (3375/4272)
2026-10-07T06:47:00.5072190Z Updating files:  80% (3418/4272)
2026-10-07T06:47:00.5372370Z Updating files:  81% (3461/4272)
2026-10-07T06:47:00.6252850Z Updating files:  82% (3504/4272)
2026-10-07T06:47:00.6361390Z Updating files:  83% (3546/4272)
2026-10-07T06:47:00.6585340Z Updating files:  84% (3589/4272)
2026-10-07T06:47:00.7098770Z Updating files:  85% (3632/4272)
2026-10-07T06:47:00.8059560Z Updating files:  86% (3674/4272)
2026-10-07T06:47:00.9335450Z Updating files:  87% (3717/4272)
2026-10-07T06:47:00.9684120Z Updating files:  88% (3760/4272)
2026-10-07T06:47:00.9727210Z Updating files:  89% (3803/4272)
2026-10-07T06:47:00.9766570Z Updating files:  90% (3845/4272)
2026-10-07T06:47:00.9936690Z Updating files:  91% (3888/4272)
2026-10-07T06:47:01.0168330Z Updating files:  92% (3931/4272)
2026-10-07T06:47:01.0405070Z Updating files:  92% (3949/4272)
2026-10-07T06:47:01.1024790Z Updating files:  93% (3973/4272)
2026-10-07T06:47:01.1187140Z Updating files:  94% (4016/4272)
2026-10-07T06:47:01.1716170Z Updating files:  95% (4059/4272)
2026-10-07T06:47:01.5510900Z Updating files:  96% (4102/4272)
2026-10-07T06:47:01.5983510Z Updating files:  97% (4144/4272)
2026-10-07T06:47:01.7923300Z Updating files:  98% (4187/4272)
2026-10-07T06:47:01.8361280Z Updating files:  99% (4230/4272)
2026-10-07T06:47:01.8484810Z Updating files: 100% (4272/4272)
2026-10-07T06:47:01.8568930Z Updating files: 100% (4272/4272), done.
2026-10-07T06:47:01.9301770Z HEAD is now at a475a7342 WMS-607: accept reviewed startup ownership correction before package CI
2026-10-07T06:47:01.9874150Z ##[endgroup]
2026-10-07T06:47:02.0197630Z [command]/usr/local/bin/git log -1 --format=%H
2026-10-07T06:47:02.0336750Z a475a7342c0da72dd49b2990bd998c522ecc2c2b
2026-10-07T06:47:02.0497020Z ##[group]Removing auth
2026-10-07T06:47:02.0574570Z [command]/usr/local/bin/git config --local --name-only --get-regexp core\.sshCommand
2026-10-07T06:47:02.0793650Z [command]/usr/local/bin/git submodule foreach --recursive sh -c "git config --local --name-only --get-regexp 'core\.sshCommand' && git config --local --unset-all 'core.sshCommand' || :"
2026-10-07T06:47:02.3611830Z [command]/usr/local/bin/git config --local --name-only --get-regexp http\.https\:\/\/github\.com\/\.extraheader
2026-10-07T06:47:02.3680520Z http.https://github.com/.extraheader
2026-10-07T06:47:02.3902920Z [command]/usr/local/bin/git config --local --unset-all http.https://github.com/.extraheader
2026-10-07T06:47:02.4160070Z [command]/usr/local/bin/git submodule foreach --recursive sh -c "git config --local --name-only --get-regexp 'http\.https\:\/\/github\.com\/\.extraheader' && git config --local --unset-all 'http.https://github.com/.extraheader' || :"
2026-10-07T06:47:02.7269640Z [command]/usr/local/bin/git config --local --name-only --get-regexp ^includeIf\.gitdir:
2026-10-07T06:47:02.7348210Z [command]/usr/local/bin/git submodule foreach --recursive git config --local --show-origin --name-only --get-regexp remote.origin.url
2026-10-07T06:47:03.3280630Z ##[endgroup]
2026-10-07T06:47:03.3920400Z ##[group]Run actions/setup-python@v5
2026-10-07T06:47:03.3923280Z with:
2026-10-07T06:47:03.3924010Z   python-version: 3.13
2026-10-07T06:47:03.3925650Z   check-latest: false
2026-10-07T06:47:03.3939330Z   token: ***
2026-10-07T06:47:03.3940590Z   update-environment: true
2026-10-07T06:47:03.3983770Z   allow-prereleases: false
2026-10-07T06:47:03.3984630Z   freethreaded: false
2026-10-07T06:47:03.3985190Z ##[endgroup]
2026-10-07T06:47:03.8166820Z ##[group]Installed versions
2026-10-07T06:47:03.8265220Z (node:17575) [DEP0040] DeprecationWarning: The `punycode` module is deprecated. Please use a userland alternative instead.
2026-10-07T06:47:03.8324520Z (Use `node --trace-deprecation ...` to show where the warning was created)
2026-10-07T06:47:03.8980290Z Successfully set up CPython (3.13.15)
2026-10-07T06:47:03.9011280Z ##[endgroup]
2026-10-07T06:47:03.9221570Z ##[group]Run test "$(git rev-parse HEAD)" = "$REQUESTED_SOURCE"
2026-10-07T06:47:03.9222930Z [36;1mtest "$(git rev-parse HEAD)" = "$REQUESTED_SOURCE"[0m
2026-10-07T06:47:03.9223880Z [36;1mtest "$(uname -m)" = "$EXPECTED_ARCH"[0m
2026-10-07T06:47:03.9224800Z [36;1mmkdir -p "$RUNNER_TEMP/wms607-package"[0m
2026-10-07T06:47:03.9225970Z [36;1mgit rev-parse HEAD > "$RUNNER_TEMP/wms607-package/source.txt"[0m
2026-10-07T06:47:03.9227330Z [36;1mprintf '%s\n' "$HARNESS_SHA" > "$RUNNER_TEMP/wms607-package/harness.txt"[0m
2026-10-07T06:47:03.9229090Z [36;1muname -a > "$RUNNER_TEMP/wms607-package/environment.txt"[0m
2026-10-07T06:47:03.9230520Z [36;1mpython3 --version >> "$RUNNER_TEMP/wms607-package/environment.txt"[0m
2026-10-07T06:47:03.9232450Z [36;1mswiftc --version >> "$RUNNER_TEMP/wms607-package/environment.txt"[0m
2026-10-07T06:47:03.9438070Z shell: /bin/bash -e {0}
2026-10-07T06:47:03.9438970Z env:
2026-10-07T06:47:03.9440470Z   pythonLocation: /Users/runner/hostedtoolcache/Python/3.13.15/x64
2026-10-07T06:47:03.9442060Z   PKG_CONFIG_PATH: /Users/runner/hostedtoolcache/Python/3.13.15/x64/lib/pkgconfig
2026-10-07T06:47:03.9443520Z   Python_ROOT_DIR: /Users/runner/hostedtoolcache/Python/3.13.15/x64
2026-10-07T06:47:03.9445200Z   Python2_ROOT_DIR: /Users/runner/hostedtoolcache/Python/3.13.15/x64
2026-10-07T06:47:03.9447250Z   Python3_ROOT_DIR: /Users/runner/hostedtoolcache/Python/3.13.15/x64
2026-10-07T06:47:03.9448610Z   REQUESTED_SOURCE: a475a7342c0da72dd49b2990bd998c522ecc2c2b
2026-10-07T06:47:03.9449640Z   EXPECTED_ARCH: x86_64
2026-10-07T06:47:03.9450380Z   HARNESS_SHA: 1c2bddd844ff6baf331eae53b3a44304d834cc01
2026-10-07T06:47:03.9451300Z ##[endgroup]
2026-10-07T06:47:15.8724830Z swift-driver version: 1.120.5 
2026-10-07T06:47:15.9295710Z ##[group]Run git merge-base --is-ancestor 49da13fd2a0d22f207818248f274cf5ff400e39f HEAD
2026-10-07T06:47:15.9297880Z [36;1mgit merge-base --is-ancestor 49da13fd2a0d22f207818248f274cf5ff400e39f HEAD[0m
2026-10-07T06:47:15.9300270Z [36;1mpython3 -B scripts/ci/check_task_documents.py 49da13fd2a0d22f207818248f274cf5ff400e39f > "$RUNNER_TEMP/wms607-package/documents.log" 2>&1[0m
2026-10-07T06:47:15.9450080Z shell: /bin/bash -e {0}
2026-10-07T06:47:15.9450810Z env:
2026-10-07T06:47:15.9451720Z   pythonLocation: /Users/runner/hostedtoolcache/Python/3.13.15/x64
2026-10-07T06:47:15.9453260Z   PKG_CONFIG_PATH: /Users/runner/hostedtoolcache/Python/3.13.15/x64/lib/pkgconfig
2026-10-07T06:47:15.9454680Z   Python_ROOT_DIR: /Users/runner/hostedtoolcache/Python/3.13.15/x64
2026-10-07T06:47:15.9456100Z   Python2_ROOT_DIR: /Users/runner/hostedtoolcache/Python/3.13.15/x64
2026-10-07T06:47:15.9457400Z   Python3_ROOT_DIR: /Users/runner/hostedtoolcache/Python/3.13.15/x64
2026-10-07T06:47:15.9458840Z ##[endgroup]
2026-10-07T06:47:17.6846550Z ##[group]Run export WMS607_START_OWNER_RAW="$RUNNER_TEMP/wms607-package/startup-owner"
2026-10-07T06:47:17.6848750Z [36;1mexport WMS607_START_OWNER_RAW="$RUNNER_TEMP/wms607-package/startup-owner"[0m
2026-10-07T06:47:17.6851540Z [36;1mpython3 -B tools/print-agent/test_macos_direct_updater_start_owner_contract.py --report "$RUNNER_TEMP/wms607-package/startup-owner.xml" > "$RUNNER_TEMP/wms607-package/startup-owner.log" 2>&1[0m
2026-10-07T06:47:17.6964130Z shell: /bin/bash -e {0}
2026-10-07T06:47:17.6964820Z env:
2026-10-07T06:47:17.6965730Z   pythonLocation: /Users/runner/hostedtoolcache/Python/3.13.15/x64
2026-10-07T06:47:17.6967220Z   PKG_CONFIG_PATH: /Users/runner/hostedtoolcache/Python/3.13.15/x64/lib/pkgconfig
2026-10-07T06:47:17.6968730Z   Python_ROOT_DIR: /Users/runner/hostedtoolcache/Python/3.13.15/x64
2026-10-07T06:47:17.6970180Z   Python2_ROOT_DIR: /Users/runner/hostedtoolcache/Python/3.13.15/x64
2026-10-07T06:47:17.6971690Z   Python3_ROOT_DIR: /Users/runner/hostedtoolcache/Python/3.13.15/x64
2026-10-07T06:47:17.6972820Z ##[endgroup]
2026-10-07T06:47:18.5528590Z ##[group]Run export WMS607_UPDATER_EVIDENCE_DIR="$RUNNER_TEMP/wms607-package/updater"
2026-10-07T06:47:18.5530830Z [36;1mexport WMS607_UPDATER_EVIDENCE_DIR="$RUNNER_TEMP/wms607-package/updater"[0m
2026-10-07T06:47:18.5534230Z [36;1mpython3 -B docs/evidence/WMS-607/updater-test-contract-20261007/run-contract.py --report "$RUNNER_TEMP/wms607-package/updater.xml" > "$RUNNER_TEMP/wms607-package/updater.log" 2>&1[0m
2026-10-07T06:47:18.5661440Z shell: /bin/bash -e {0}
2026-10-07T06:47:18.5662140Z env:
2026-10-07T06:47:18.5663140Z   pythonLocation: /Users/runner/hostedtoolcache/Python/3.13.15/x64
2026-10-07T06:47:18.5665010Z   PKG_CONFIG_PATH: /Users/runner/hostedtoolcache/Python/3.13.15/x64/lib/pkgconfig
2026-10-07T06:47:18.5667140Z   Python_ROOT_DIR: /Users/runner/hostedtoolcache/Python/3.13.15/x64
2026-10-07T06:47:18.5669050Z   Python2_ROOT_DIR: /Users/runner/hostedtoolcache/Python/3.13.15/x64
2026-10-07T06:47:18.5670510Z   Python3_ROOT_DIR: /Users/runner/hostedtoolcache/Python/3.13.15/x64
2026-10-07T06:47:18.5671470Z ##[endgroup]
2026-10-07T06:49:53.1849190Z ##[group]Run python3 -B tools/print-agent/test_macos_direct_updater_stop_contract.py --report "$RUNNER_TEMP/wms607-package/stop.xml" > "$RUNNER_TEMP/wms607-package/stop.log" 2>&1
2026-10-07T06:49:53.1851830Z [36;1mpython3 -B tools/print-agent/test_macos_direct_updater_stop_contract.py --report "$RUNNER_TEMP/wms607-package/stop.xml" > "$RUNNER_TEMP/wms607-package/stop.log" 2>&1[0m
2026-10-07T06:49:53.1930710Z shell: /bin/bash -e {0}
2026-10-07T06:49:53.1931170Z env:
2026-10-07T06:49:53.1931710Z   pythonLocation: /Users/runner/hostedtoolcache/Python/3.13.15/x64
2026-10-07T06:49:53.1932700Z   PKG_CONFIG_PATH: /Users/runner/hostedtoolcache/Python/3.13.15/x64/lib/pkgconfig
2026-10-07T06:49:53.1934050Z   Python_ROOT_DIR: /Users/runner/hostedtoolcache/Python/3.13.15/x64
2026-10-07T06:49:53.1934950Z   Python2_ROOT_DIR: /Users/runner/hostedtoolcache/Python/3.13.15/x64
2026-10-07T06:49:53.1935820Z   Python3_ROOT_DIR: /Users/runner/hostedtoolcache/Python/3.13.15/x64
2026-10-07T06:49:53.1936650Z ##[endgroup]
2026-10-07T06:49:54.2173700Z ##[group]Run export WMS607_HTTP_EVIDENCE_DIR="$RUNNER_TEMP/wms607-package/http"
2026-10-07T06:49:54.2177750Z [36;1mexport WMS607_HTTP_EVIDENCE_DIR="$RUNNER_TEMP/wms607-package/http"[0m
2026-10-07T06:49:54.2181260Z [36;1mpython3 -B docs/evidence/WMS-607/updater-implementation-20261007/run-existing.py --report "$RUNNER_TEMP/wms607-package/existing.xml" > "$RUNNER_TEMP/wms607-package/existing.log" 2>&1[0m
2026-10-07T06:49:54.2266560Z shell: /bin/bash -e {0}
2026-10-07T06:49:54.2268700Z env:
2026-10-07T06:49:54.2270130Z   pythonLocation: /Users/runner/hostedtoolcache/Python/3.13.15/x64
2026-10-07T06:49:54.2271750Z   PKG_CONFIG_PATH: /Users/runner/hostedtoolcache/Python/3.13.15/x64/lib/pkgconfig
2026-10-07T06:49:54.2273130Z   Python_ROOT_DIR: /Users/runner/hostedtoolcache/Python/3.13.15/x64
2026-10-07T06:49:54.2274340Z   Python2_ROOT_DIR: /Users/runner/hostedtoolcache/Python/3.13.15/x64
2026-10-07T06:49:54.2275710Z   Python3_ROOT_DIR: /Users/runner/hostedtoolcache/Python/3.13.15/x64
2026-10-07T06:49:54.2277250Z ##[endgroup]
2026-10-07T06:51:13.8917440Z ##[group]Run python3 - <<'PYCODE'
2026-10-07T06:51:13.8918530Z [36;1mpython3 - <<'PYCODE'[0m
2026-10-07T06:51:13.8919130Z [36;1mfrom pathlib import Path[0m
2026-10-07T06:51:13.8919760Z [36;1mimport os[0m
2026-10-07T06:51:13.8920240Z [36;1mimport xml.etree.ElementTree as ET[0m
2026-10-07T06:51:13.8921240Z [36;1msource = Path('docs/evidence/WMS-607/updater-stop-fix-20261007')[0m
2026-10-07T06:51:13.8922490Z [36;1mactual = Path(os.environ['RUNNER_TEMP']) / 'wms607-package'[0m
2026-10-07T06:51:13.8923870Z [36;1mfor report, baseline, expected in [('updater.xml','updater.xml',10),('stop.xml','green.xml',4),('existing.xml','existing.xml',19)]:[0m
2026-10-07T06:51:13.8925070Z [36;1m    def ids(path):[0m
2026-10-07T06:51:13.8925700Z [36;1m        root = ET.parse(path).getroot()[0m
2026-10-07T06:51:13.8926770Z [36;1m        assert not list(root.iter('failure')) and not list(root.iter('error')) and not list(root.iter('skipped')), path[0m
2026-10-07T06:51:13.8928440Z [36;1m        rows = [f"{case.get('classname')}::{case.get('name')}" for case in root.iter('testcase')][0m
2026-10-07T06:51:13.8930220Z [36;1m        assert len(rows) == expected and len(set(rows)) == expected, path[0m
2026-10-07T06:51:13.8931070Z [36;1m        return set(rows)[0m
2026-10-07T06:51:13.8932030Z [36;1m    assert ids(actual / report) == ids(source / baseline), report[0m
2026-10-07T06:51:13.8932930Z [36;1mimport json[0m
2026-10-07T06:51:13.8934110Z [36;1mcontract = json.loads(Path('docs/evidence/WMS-607/startup-owner-test-contract-20261007/contract.json').read_text())[0m
2026-10-07T06:51:13.8935710Z [36;1mexpected = contract['suite']['count'][0m
2026-10-07T06:51:13.8936580Z [36;1massert expected == 3[0m
2026-10-07T06:51:13.8937630Z [36;1massert ids(actual / 'startup-owner.xml') == set(contract['suite']['xml_ids'])[0m
2026-10-07T06:51:13.8938820Z [36;1mPYCODE[0m
2026-10-07T06:51:13.9053420Z shell: /bin/bash -e {0}
2026-10-07T06:51:13.9053900Z env:
2026-10-07T06:51:13.9054480Z   pythonLocation: /Users/runner/hostedtoolcache/Python/3.13.15/x64
2026-10-07T06:51:13.9055460Z   PKG_CONFIG_PATH: /Users/runner/hostedtoolcache/Python/3.13.15/x64/lib/pkgconfig
2026-10-07T06:51:13.9056410Z   Python_ROOT_DIR: /Users/runner/hostedtoolcache/Python/3.13.15/x64
2026-10-07T06:51:13.9057290Z   Python2_ROOT_DIR: /Users/runner/hostedtoolcache/Python/3.13.15/x64
2026-10-07T06:51:13.9058160Z   Python3_ROOT_DIR: /Users/runner/hostedtoolcache/Python/3.13.15/x64
2026-10-07T06:51:13.9059020Z ##[endgroup]
2026-10-07T06:51:14.0167450Z ##[group]Run python3 -B tools/print-agent/build_console.py > "$RUNNER_TEMP/wms607-package/build.log" 2>&1
2026-10-07T06:51:14.0169480Z [36;1mpython3 -B tools/print-agent/build_console.py > "$RUNNER_TEMP/wms607-package/build.log" 2>&1[0m
2026-10-07T06:51:14.0171450Z [36;1mtools/print-agent/dist-console/wms-print/wms-print --self-test > "$RUNNER_TEMP/wms607-package/self-test.log" 2>&1[0m
2026-10-07T06:51:14.0275750Z shell: /bin/bash -e {0}
2026-10-07T06:51:14.0276650Z env:
2026-10-07T06:51:14.0277700Z   pythonLocation: /Users/runner/hostedtoolcache/Python/3.13.15/x64
2026-10-07T06:51:14.0279460Z   PKG_CONFIG_PATH: /Users/runner/hostedtoolcache/Python/3.13.15/x64/lib/pkgconfig
2026-10-07T06:51:14.0282110Z   Python_ROOT_DIR: /Users/runner/hostedtoolcache/Python/3.13.15/x64
2026-10-07T06:51:14.0283470Z   Python2_ROOT_DIR: /Users/runner/hostedtoolcache/Python/3.13.15/x64
2026-10-07T06:51:14.0284740Z   Python3_ROOT_DIR: /Users/runner/hostedtoolcache/Python/3.13.15/x64
2026-10-07T06:51:14.0286360Z ##[endgroup]
2026-10-07T06:51:40.7130980Z ##[group]Run python3 - <<'PYCODE'
2026-10-07T06:51:40.7131760Z [36;1mpython3 - <<'PYCODE'[0m
2026-10-07T06:51:40.7132330Z [36;1mimport hashlib, json, os, subprocess, zipfile[0m
2026-10-07T06:51:40.7132970Z [36;1mfrom pathlib import Path[0m
2026-10-07T06:51:40.7133650Z [36;1mpackage = Path('tools/print-agent/dist-console/wms-print')[0m
2026-10-07T06:51:40.7134500Z [36;1mdata = json.loads((package/'build.json').read_text())[0m
2026-10-07T06:51:40.7135350Z [36;1massert data['source_commit'] == os.environ['REQUESTED_SOURCE'][0m
2026-10-07T06:51:40.7136630Z [36;1massert data['architecture'] == os.environ['EXPECTED_ARCH'] and data['platform'] == 'darwin'[0m
2026-10-07T06:51:40.7138000Z [36;1massert data['runtime'] == 'direct' and data['console'] is True and data['physical_print_verified'] is False[0m
2026-10-07T06:51:40.7139570Z [36;1massert subprocess.check_output(['lipo','-archs',str(package/'wms-print')], text=True).strip() == os.environ['EXPECTED_ARCH'][0m
2026-10-07T06:51:40.7141150Z [36;1msubprocess.run(['codesign','--verify','--strict',str(package/'wms-print')],check=True)[0m
2026-10-07T06:51:40.7142260Z [36;1marchives = list(Path('tools/print-agent/dist-console').glob('*.zip'))[0m
2026-10-07T06:51:40.7143050Z [36;1massert len(archives) == 1[0m
2026-10-07T06:51:40.7143610Z [36;1marchive = archives[0][0m
2026-10-07T06:51:40.7144170Z [36;1mwith zipfile.ZipFile(archive) as stream:[0m
2026-10-07T06:51:40.7144960Z [36;1m    assert json.loads(stream.read('wms-print/build.json')) == data[0m
2026-10-07T06:51:40.7146900Z [36;1m    assert stream.read('wms-print/update_macos_direct.sh') == Path('tools/print-agent/update_macos_direct.sh').read_bytes()[0m
2026-10-07T06:51:40.7148690Z [36;1mrecord = {'archive':archive.name,'sha256':hashlib.sha256(archive.read_bytes()).hexdigest(),'size':archive.stat().st_size,'build':data}[0m
2026-10-07T06:51:40.7150380Z [36;1m(Path(os.environ['RUNNER_TEMP'])/'wms607-package'/'archive.json').write_text(json.dumps(record,indent=2)+'\n')[0m
2026-10-07T06:51:40.7151830Z [36;1massert not subprocess.check_output(['git','diff','--name-only']).strip()[0m
2026-10-07T06:51:40.7153120Z [36;1massert subprocess.check_output(['git','rev-parse','HEAD'],text=True).strip() == os.environ['REQUESTED_SOURCE'][0m
2026-10-07T06:51:40.7154150Z [36;1mPYCODE[0m
2026-10-07T06:51:40.7222910Z shell: /bin/bash -e {0}
2026-10-07T06:51:40.7223360Z env:
2026-10-07T06:51:40.7223950Z   pythonLocation: /Users/runner/hostedtoolcache/Python/3.13.15/x64
2026-10-07T06:51:40.7224920Z   PKG_CONFIG_PATH: /Users/runner/hostedtoolcache/Python/3.13.15/x64/lib/pkgconfig
2026-10-07T06:51:40.7226650Z   Python_ROOT_DIR: /Users/runner/hostedtoolcache/Python/3.13.15/x64
2026-10-07T06:51:40.7227550Z   Python2_ROOT_DIR: /Users/runner/hostedtoolcache/Python/3.13.15/x64
2026-10-07T06:51:40.7228650Z   Python3_ROOT_DIR: /Users/runner/hostedtoolcache/Python/3.13.15/x64
2026-10-07T06:51:40.7230450Z   REQUESTED_SOURCE: a475a7342c0da72dd49b2990bd998c522ecc2c2b
2026-10-07T06:51:40.7231620Z   EXPECTED_ARCH: x86_64
2026-10-07T06:51:40.7233120Z ##[endgroup]
2026-10-07T06:51:41.8331350Z ##[group]Run actions/upload-artifact@v4
2026-10-07T06:51:41.8332410Z with:
2026-10-07T06:51:41.8333390Z   name: WMS607-Direct-x86_64-a475a7342c0da72dd49b2990bd998c522ecc2c2b-37583326182-1
2026-10-07T06:51:41.8334720Z   path: tools/print-agent/dist-console/*.zip
/Users/runner/work/_temp/wms607-package

2026-10-07T06:51:41.8336060Z   if-no-files-found: error
2026-10-07T06:51:41.8336740Z   retention-days: 14
2026-10-07T06:51:41.8337390Z   compression-level: 6
2026-10-07T06:51:41.8338130Z   overwrite: false
2026-10-07T06:51:41.8338720Z   include-hidden-files: false
2026-10-07T06:51:41.8339350Z env:
2026-10-07T06:51:41.8339990Z   pythonLocation: /Users/runner/hostedtoolcache/Python/3.13.15/x64
2026-10-07T06:51:41.8341430Z   PKG_CONFIG_PATH: /Users/runner/hostedtoolcache/Python/3.13.15/x64/lib/pkgconfig
2026-10-07T06:51:41.8342770Z   Python_ROOT_DIR: /Users/runner/hostedtoolcache/Python/3.13.15/x64
2026-10-07T06:51:41.8343890Z   Python2_ROOT_DIR: /Users/runner/hostedtoolcache/Python/3.13.15/x64
2026-10-07T06:51:41.8345350Z   Python3_ROOT_DIR: /Users/runner/hostedtoolcache/Python/3.13.15/x64
2026-10-07T06:51:41.8346300Z ##[endgroup]
2026-10-07T06:51:42.0917110Z (node:30032) [DEP0040] DeprecationWarning: The `punycode` module is deprecated. Please use a userland alternative instead.
2026-10-07T06:51:42.0922150Z (Use `node --trace-deprecation ...` to show where the warning was created)
2026-10-07T06:51:42.1184270Z Multiple search paths detected. Calculating the least common ancestor of all paths
2026-10-07T06:51:42.1188160Z The least common ancestor is /Users/runner/work. This will be the root directory of the artifact
2026-10-07T06:51:42.1189890Z With the provided path, there will be 34 files uploaded
2026-10-07T06:51:42.1192180Z Artifact name is valid!
2026-10-07T06:51:42.1193370Z Root directory input is valid!
2026-10-07T06:51:47.1389350Z Attempt 1 of 5 failed with error: Request timeout: /twirp/github.actions.results.api.v1.ArtifactService/CreateArtifact. Retrying request in 3000 ms...
2026-10-07T06:51:55.1434640Z Attempt 2 of 5 failed with error: Request timeout: /twirp/github.actions.results.api.v1.ArtifactService/CreateArtifact. Retrying request in 5083 ms...
2026-10-07T06:52:05.2309890Z Attempt 3 of 5 failed with error: Request timeout: /twirp/github.actions.results.api.v1.ArtifactService/CreateArtifact. Retrying request in 7021 ms...
2026-10-07T06:52:17.2552350Z Attempt 4 of 5 failed with error: Request timeout: /twirp/github.actions.results.api.v1.ArtifactService/CreateArtifact. Retrying request in 12980 ms...
2026-10-07T06:52:35.2417510Z ##[error]Failed to CreateArtifact: Failed to make request after 5 attempts: Request timeout: /twirp/github.actions.results.api.v1.ArtifactService/CreateArtifact
2026-10-07T06:53:00.6586520Z Post job cleanup.
2026-10-07T06:53:00.8715890Z [command]/usr/local/bin/git version
2026-10-07T06:53:00.8882380Z git version 2.55.0
2026-10-07T06:53:00.8938370Z Copying '/Users/runner/.gitconfig' to '/Users/runner/work/_temp/87c29835-4de6-40a2-bc2f-7c2e391f0766/.gitconfig'
2026-10-07T06:53:00.8967780Z Temporarily overriding HOME='/Users/runner/work/_temp/87c29835-4de6-40a2-bc2f-7c2e391f0766' before making global git config changes
2026-10-07T06:53:00.8970870Z Adding repository directory to the temporary git global config as a safe directory
2026-10-07T06:53:00.8979120Z [command]/usr/local/bin/git config --global --add safe.directory /Users/runner/work/WMS/WMS
2026-10-07T06:53:00.9146090Z [command]/usr/local/bin/git config --local --name-only --get-regexp core\.sshCommand
2026-10-07T06:53:00.9309060Z [command]/usr/local/bin/git submodule foreach --recursive sh -c "git config --local --name-only --get-regexp 'core\.sshCommand' && git config --local --unset-all 'core.sshCommand' || :"
2026-10-07T06:53:01.4623470Z [command]/usr/local/bin/git config --local --name-only --get-regexp http\.https\:\/\/github\.com\/\.extraheader
2026-10-07T06:53:01.4637110Z [command]/usr/local/bin/git submodule foreach --recursive sh -c "git config --local --name-only --get-regexp 'http\.https\:\/\/github\.com\/\.extraheader' && git config --local --unset-all 'http.https://github.com/.extraheader' || :"
2026-10-07T06:53:01.5322140Z [command]/usr/local/bin/git config --local --name-only --get-regexp ^includeIf\.gitdir:
2026-10-07T06:53:01.5465960Z [command]/usr/local/bin/git submodule foreach --recursive git config --local --show-origin --name-only --get-regexp remote.origin.url
2026-10-07T06:53:01.7675950Z Cleaning up orphan processes
2026-10-07T06:53:01.9697000Z ##[warning]Node.js 20 is deprecated. The following actions target Node.js 20 but are being forced to run on Node.js 24: actions/checkout@v4, actions/setup-python@v5, actions/upload-artifact@v4. For more information see: https://github.blog/changelog/2025-09-19-deprecation-of-node-20-on-github-actions-runners/
