2026-10-07T01:19:38.2592146Z Current runner version: '2.337.0'
2026-10-07T01:19:38.2618451Z ##[group]Runner Image Provisioner
2026-10-07T01:19:38.2619483Z Hosted Compute Agent
2026-10-07T01:19:38.2620105Z Version: 20260901.588
2026-10-07T01:19:38.2620905Z Commit: f88ec8081b781fac6c440065ac7ff9e710ce3d0b
2026-10-07T01:19:38.2621674Z Build Date: 2026-09-01T19:56:44Z
2026-10-07T01:19:38.2622713Z Worker ID: {9a50cfbe-ddb8-49cc-bfab-54b72b6e609c}
2026-10-07T01:19:38.2623550Z Azure Region: southcentralus
2026-10-07T01:19:38.2624175Z ##[endgroup]
2026-10-07T01:19:38.2625642Z ##[group]Operating System
2026-10-07T01:19:38.2626310Z Ubuntu
2026-10-07T01:19:38.2626863Z 24.04.5
2026-10-07T01:19:38.2627495Z LTS
2026-10-07T01:19:38.2628038Z ##[endgroup]
2026-10-07T01:19:38.2628678Z ##[group]Runner Image
2026-10-07T01:19:38.2629333Z Image: ubuntu-24.04
2026-10-07T01:19:38.2629923Z Version: 20260927.320.1
2026-10-07T01:19:38.2631286Z Included Software: https://github.com/actions/runner-images/blob/ubuntu24/20260927.320/images/ubuntu/Ubuntu2404-Readme.md
2026-10-07T01:19:38.2633093Z Image Release: https://github.com/actions/runner-images/releases/tag/ubuntu24%2F20260927.320
2026-10-07T01:19:38.2634113Z ##[endgroup]
2026-10-07T01:19:38.2635308Z ##[group]GITHUB_TOKEN Permissions
2026-10-07T01:19:38.2637232Z Contents: read
2026-10-07T01:19:38.2637885Z Metadata: read
2026-10-07T01:19:38.2638584Z ##[endgroup]
2026-10-07T01:19:38.2640675Z Secret source: Actions
2026-10-07T01:19:38.2642054Z Cache mode: write
2026-10-07T01:19:38.2642891Z Prepare workflow directory
2026-10-07T01:19:38.3049394Z Prepare all required actions
2026-10-07T01:19:38.3098381Z Getting action download info
2026-10-07T01:19:38.6174269Z Download action repository 'actions/checkout@v4' (SHA:11d5960a326750d5838078e36cf38b85af677262)
2026-10-07T01:19:38.7166427Z Download action repository 'actions/setup-python@v5' (SHA:a26af69be951a213d495a4c3e4e4022e16d87065)
2026-10-07T01:19:38.8107180Z Download action repository 'actions/setup-node@v4' (SHA:49933ea5288caeca8642d1e84afbd3f7d6820020)
2026-10-07T01:19:38.9057038Z Download action repository 'actions/upload-artifact@v4' (SHA:ea165f8d65b6e75b540449e92b4886f43607fa02)
2026-10-07T01:19:39.1113856Z Complete job name: backend-shard-1
2026-10-07T01:19:39.1888776Z ##[group]Run actions/checkout@v4
2026-10-07T01:19:39.1889609Z with:
2026-10-07T01:19:39.1890056Z   fetch-depth: 0
2026-10-07T01:19:39.1890527Z   persist-credentials: false
2026-10-07T01:19:39.1891073Z   repository: chivkunovd-bitdenis/WMS
2026-10-07T01:19:39.1895327Z   token: ***
2026-10-07T01:19:39.1895784Z   ssh-strict: true
2026-10-07T01:19:39.1896239Z   ssh-user: git
2026-10-07T01:19:39.1896670Z   clean: true
2026-10-07T01:19:39.1897136Z   sparse-checkout-cone-mode: true
2026-10-07T01:19:39.1897674Z   fetch-tags: false
2026-10-07T01:19:39.1898126Z   show-progress: true
2026-10-07T01:19:39.1898580Z   lfs: false
2026-10-07T01:19:39.1898996Z   submodules: false
2026-10-07T01:19:39.1899455Z   set-safe-directory: true
2026-10-07T01:19:39.1899968Z   allow-unsafe-pr-checkout: false
2026-10-07T01:19:39.1900721Z ##[endgroup]
2026-10-07T01:19:39.2966759Z Syncing repository: chivkunovd-bitdenis/WMS
2026-10-07T01:19:39.2969516Z ##[group]Getting Git version info
2026-10-07T01:19:39.2970878Z Working directory is '/home/runner/work/WMS/WMS'
2026-10-07T01:19:39.2972694Z [command]/usr/bin/git version
2026-10-07T01:19:39.3067277Z git version 2.55.0
2026-10-07T01:19:39.3094891Z ##[endgroup]
2026-10-07T01:19:39.3113510Z Temporarily overriding HOME='/home/runner/work/_temp/ebd1e034-70aa-4f32-b20d-cdd03b86112b' before making global git config changes
2026-10-07T01:19:39.3116308Z Adding repository directory to the temporary git global config as a safe directory
2026-10-07T01:19:39.3120413Z [command]/usr/bin/git config --global --add safe.directory /home/runner/work/WMS/WMS
2026-10-07T01:19:39.3182201Z Deleting the contents of '/home/runner/work/WMS/WMS'
2026-10-07T01:19:39.3188514Z ##[group]Initializing the repository
2026-10-07T01:19:39.3192943Z [command]/usr/bin/git init /home/runner/work/WMS/WMS
2026-10-07T01:19:39.3295544Z hint: Using 'master' as the name for the initial branch. This default branch name
2026-10-07T01:19:39.3297555Z hint: will change to "main" in Git 3.0. To configure the initial branch name
2026-10-07T01:19:39.3304458Z hint: to use in all of your new repositories, which will suppress this warning,
2026-10-07T01:19:39.3306099Z hint: call:
2026-10-07T01:19:39.3307039Z hint:
2026-10-07T01:19:39.3308091Z hint: 	git config --global init.defaultBranch <name>
2026-10-07T01:19:39.3309388Z hint:
2026-10-07T01:19:39.3310748Z hint: Names commonly chosen instead of 'master' are 'main', 'trunk' and
2026-10-07T01:19:39.3312860Z hint: 'development'. The just-created branch can be renamed via this command:
2026-10-07T01:19:39.3314475Z hint:
2026-10-07T01:19:39.3315701Z hint: 	git branch -m <name>
2026-10-07T01:19:39.3316763Z hint:
2026-10-07T01:19:39.3318562Z hint: Disable this message with "git config set advice.defaultBranchName false"
2026-10-07T01:19:39.3320414Z Initialized empty Git repository in /home/runner/work/WMS/WMS/.git/
2026-10-07T01:19:39.3324095Z [command]/usr/bin/git remote add origin https://github.com/chivkunovd-bitdenis/WMS
2026-10-07T01:19:39.3373851Z ##[endgroup]
2026-10-07T01:19:39.3375461Z ##[group]Disabling automatic garbage collection
2026-10-07T01:19:39.3379487Z [command]/usr/bin/git config --local gc.auto 0
2026-10-07T01:19:39.3422647Z ##[endgroup]
2026-10-07T01:19:39.3558333Z ##[group]Setting up auth
2026-10-07T01:19:39.3563823Z [command]/usr/bin/git config --local --name-only --get-regexp core\.sshCommand
2026-10-07T01:19:39.3605562Z [command]/usr/bin/git submodule foreach --recursive sh -c "git config --local --name-only --get-regexp 'core\.sshCommand' && git config --local --unset-all 'core.sshCommand' || :"
2026-10-07T01:19:39.3874070Z [command]/usr/bin/git config --local --name-only --get-regexp http\.https\:\/\/github\.com\/\.extraheader
2026-10-07T01:19:39.3925628Z [command]/usr/bin/git submodule foreach --recursive sh -c "git config --local --name-only --get-regexp 'http\.https\:\/\/github\.com\/\.extraheader' && git config --local --unset-all 'http.https://github.com/.extraheader' || :"
2026-10-07T01:19:39.4190302Z [command]/usr/bin/git config --local --name-only --get-regexp ^includeIf\.gitdir:
2026-10-07T01:19:39.4229927Z [command]/usr/bin/git submodule foreach --recursive git config --local --show-origin --name-only --get-regexp remote.origin.url
2026-10-07T01:19:39.4477861Z [command]/usr/bin/git config --local http.https://github.com/.extraheader AUTHORIZATION: basic ***
2026-10-07T01:19:39.4520719Z ##[endgroup]
2026-10-07T01:19:39.4521515Z ##[group]Fetching the repository
2026-10-07T01:19:39.4531196Z [command]/usr/bin/git -c protocol.version=2 fetch --prune --no-recurse-submodules origin +refs/heads/*:refs/remotes/origin/* +refs/tags/*:refs/tags/* +8b8f20715528122a7260d650f018a9a8b4bd29e5:refs/remotes/pull/387/merge
2026-10-07T01:19:49.4610943Z From https://github.com/chivkunovd-bitdenis/WMS
2026-10-07T01:19:49.4615092Z  * [new branch]          archive/night/volna-9-recovery/lane-3/06-picking-list-order-pre-owner-scope-20260823 -> origin/archive/night/volna-9-recovery/lane-3/06-picking-list-order-pre-owner-scope-20260823
2026-10-07T01:19:49.4619338Z  * [new branch]          archive/staging-20260924-93f511ab        -> origin/archive/staging-20260924-93f511ab
2026-10-07T01:19:49.4622791Z  * [new branch]          archive/staging-before-wms521-20260924   -> origin/archive/staging-before-wms521-20260924
2026-10-07T01:19:49.4626321Z  * [new branch]          archive/wms415-disputed-candidate-20260910 -> origin/archive/wms415-disputed-candidate-20260910
2026-10-07T01:19:49.4629743Z  * [new branch]          backlog/fbs-followups-20260812           -> origin/backlog/fbs-followups-20260812
2026-10-07T01:19:49.4633134Z  * [new branch]          brand/portal-logos-20260811              -> origin/brand/portal-logos-20260811
2026-10-07T01:19:49.4636084Z  * [new branch]          brand/portal-logos-live-20260811         -> origin/brand/portal-logos-live-20260811
2026-10-07T01:19:49.4639226Z  * [new branch]          brand/portal-logos-prod-20260811         -> origin/brand/portal-logos-prod-20260811
2026-10-07T01:19:49.4643170Z  * [new branch]          chore/deploy-smoke-retry-on-main         -> origin/chore/deploy-smoke-retry-on-main
2026-10-07T01:19:49.4646776Z  * [new branch]          chore/operator-change-contract-20260901  -> origin/chore/operator-change-contract-20260901
2026-10-07T01:19:49.4650065Z  * [new branch]          chore/railway-toml-fix                   -> origin/chore/railway-toml-fix
2026-10-07T01:19:49.4653431Z  * [new branch]          chore/release-via-pr-only-rules          -> origin/chore/release-via-pr-only-rules
2026-10-07T01:19:49.4656431Z  * [new branch]          chore/staging-sync-20261003              -> origin/chore/staging-sync-20261003
2026-10-07T01:19:49.4659481Z  * [new branch]          chore/wb-emulator-railway-dockerfile     -> origin/chore/wb-emulator-railway-dockerfile
2026-10-07T01:19:49.4663021Z  * [new branch]          chore/wms375-production-evidence-20260906 -> origin/chore/wms375-production-evidence-20260906
2026-10-07T01:19:49.4665887Z  * [new branch]          chore/wms574-stand                       -> origin/chore/wms574-stand
2026-10-07T01:19:49.4668435Z  * [new branch]          codex/agent-job-1710a7649a6964db         -> origin/codex/agent-job-1710a7649a6964db
2026-10-07T01:19:49.4671249Z  * [new branch]          codex/agent-job-21079e59afb9acdb         -> origin/codex/agent-job-21079e59afb9acdb
2026-10-07T01:19:49.4674154Z  * [new branch]          codex/agent-job-6f3e370ab6217c51         -> origin/codex/agent-job-6f3e370ab6217c51
2026-10-07T01:19:49.4676977Z  * [new branch]          codex/agent-job-8c954436cd418999         -> origin/codex/agent-job-8c954436cd418999
2026-10-07T01:19:49.4680101Z  * [new branch]          codex/agent-job-97af6faf8d8c22ac         -> origin/codex/agent-job-97af6faf8d8c22ac
2026-10-07T01:19:49.4683548Z  * [new branch]          codex/agent-job-bb021d7e007fb8a5         -> origin/codex/agent-job-bb021d7e007fb8a5
2026-10-07T01:19:49.4686653Z  * [new branch]          codex/agent-job-ef71dbb00ee2b150         -> origin/codex/agent-job-ef71dbb00ee2b150
2026-10-07T01:19:49.4689919Z  * [new branch]          codex/agent-job-fc68bb2705b6850f         -> origin/codex/agent-job-fc68bb2705b6850f
2026-10-07T01:19:49.4693146Z  * [new branch]          codex/artmaks-fbo-mockup                 -> origin/codex/artmaks-fbo-mockup
2026-10-07T01:19:49.4696272Z  * [new branch]          codex/backlog40-ci-contracts             -> origin/codex/backlog40-ci-contracts
2026-10-07T01:19:49.4698974Z  * [new branch]          codex/backlog40-ci-pdf                   -> origin/codex/backlog40-ci-pdf
2026-10-07T01:19:49.4701651Z  * [new branch]          codex/billing-journal-20260825           -> origin/codex/billing-journal-20260825
2026-10-07T01:19:49.4705157Z  * [new branch]          codex/billing-module-20260826            -> origin/codex/billing-module-20260826
2026-10-07T01:19:49.4708246Z  * [new branch]          codex/billing-stage-finish-20260823      -> origin/codex/billing-stage-finish-20260823
2026-10-07T01:19:49.4711466Z  * [new branch]          codex/billing-storage-bounds-20260823    -> origin/codex/billing-storage-bounds-20260823
2026-10-07T01:19:49.4714828Z  * [new branch]          codex/box-label-bulk-print-20260824      -> origin/codex/box-label-bulk-print-20260824
2026-10-07T01:19:49.4717929Z  * [new branch]          codex/catalog-box-filters-20260824       -> origin/codex/catalog-box-filters-20260824
2026-10-07T01:19:49.4721183Z  * [new branch]          codex/catalog-box-tabs-source-20260823   -> origin/codex/catalog-box-tabs-source-20260823
2026-10-07T01:19:49.4724763Z  * [new branch]          codex/cell-contents-scanner-20260824     -> origin/codex/cell-contents-scanner-20260824
2026-10-07T01:19:49.4728129Z  * [new branch]          codex/fbs-qr-only-print-20260823         -> origin/codex/fbs-qr-only-print-20260823
2026-10-07T01:19:49.4731686Z  * [new branch]          codex/fix-fbs-stock-publication-20260831 -> origin/codex/fix-fbs-stock-publication-20260831
2026-10-07T01:19:49.4736132Z  * [new branch]          codex/fix-seller-inbound-empty-picker    -> origin/codex/fix-seller-inbound-empty-picker
2026-10-07T01:19:49.4740159Z  * [new branch]          codex/fix-wb-done-supply-status-prod     -> origin/codex/fix-wb-done-supply-status-prod
2026-10-07T01:19:49.4743579Z  * [new branch]          codex/hotfix-fbs-100-orders-20260820     -> origin/codex/hotfix-fbs-100-orders-20260820
2026-10-07T01:19:49.4746846Z  * [new branch]          codex/hotfix-fbs-packaging-flag          -> origin/codex/hotfix-fbs-packaging-flag
2026-10-07T01:19:49.4749599Z  * [new branch]          codex/hotfix-ozon-kiz                    -> origin/codex/hotfix-ozon-kiz
2026-10-07T01:19:49.4752345Z  * [new branch]          codex/invoice-row-location               -> origin/codex/invoice-row-location
2026-10-07T01:19:49.4755299Z  * [new branch]          codex/knowledge-inbound-guide-20260824   -> origin/codex/knowledge-inbound-guide-20260824
2026-10-07T01:19:49.4758314Z  * [new branch]          codex/mp-dashboard-e2e-20260815          -> origin/codex/mp-dashboard-e2e-20260815
2026-10-07T01:19:49.4761233Z  * [new branch]          codex/night-ready-acceptance-1006        -> origin/codex/night-ready-acceptance-1006
2026-10-07T01:19:49.4764595Z  * [new branch]          codex/night-ready-candidate-1006-inrepo  -> origin/codex/night-ready-candidate-1006-inrepo
2026-10-07T01:19:49.4767919Z  * [new branch]          codex/night-ready-exact-staging-1006     -> origin/codex/night-ready-exact-staging-1006
2026-10-07T01:19:49.4771528Z  * [new branch]          codex/night-ready-exact-staging-redis-1006 -> origin/codex/night-ready-exact-staging-redis-1006
2026-10-07T01:19:49.4775216Z  * [new branch]          codex/night-ready-migration-compat-1006  -> origin/codex/night-ready-migration-compat-1006
2026-10-07T01:19:49.4778759Z  * [new branch]          codex/night-ready-staging-1006           -> origin/codex/night-ready-staging-1006
2026-10-07T01:19:49.4782147Z  * [new branch]          codex/night-ready-staging-db-head-rollback-1006 -> origin/codex/night-ready-staging-db-head-rollback-1006
2026-10-07T01:19:49.4786338Z  * [new branch]          codex/night-ready-staging-migration-deploy-1006 -> origin/codex/night-ready-staging-migration-deploy-1006
2026-10-07T01:19:49.4789863Z  * [new branch]          codex/night-ready-staging-rollback-1006  -> origin/codex/night-ready-staging-rollback-1006
2026-10-07T01:19:49.4793157Z  * [new branch]          codex/night-release-5beb52da-1           -> origin/codex/night-release-5beb52da-1
2026-10-07T01:19:49.4796007Z  * [new branch]          codex/night-requirements-20261006        -> origin/codex/night-requirements-20261006
2026-10-07T01:19:49.4798593Z  * [new branch]          codex/night1007-658                      -> origin/codex/night1007-658
2026-10-07T01:19:49.4800918Z  * [new branch]          codex/night1007-671-687                  -> origin/codex/night1007-671-687
2026-10-07T01:19:49.4803631Z  * [new branch]          codex/night1007-675-release              -> origin/codex/night1007-675-release
2026-10-07T01:19:49.4806698Z  * [new branch]          codex/night1007-679-680                  -> origin/codex/night1007-679-680
2026-10-07T01:19:49.4809054Z  * [new branch]          codex/night1007-681                      -> origin/codex/night1007-681
2026-10-07T01:19:49.4811385Z  * [new branch]          codex/night1007-684-586                  -> origin/codex/night1007-684-586
2026-10-07T01:19:49.4814038Z  * [new branch]          codex/night1007-integration              -> origin/codex/night1007-integration
2026-10-07T01:19:49.4816943Z  * [new branch]          codex/night1007-print-regressions-646cb4 -> origin/codex/night1007-print-regressions-646cb4
2026-10-07T01:19:49.4819856Z  * [new branch]          codex/night1007-wms652-ci-fix            -> origin/codex/night1007-wms652-ci-fix
2026-10-07T01:19:49.4823042Z  * [new branch]          codex/owner-frontend-correction-proof-20261006 -> origin/codex/owner-frontend-correction-proof-20261006
2026-10-07T01:19:49.4826092Z  * [new branch]          codex/ozon-catalog-20260825              -> origin/codex/ozon-catalog-20260825
2026-10-07T01:19:49.4828770Z  * [new branch]          codex/ozon-fbs-20260825                  -> origin/codex/ozon-fbs-20260825
2026-10-07T01:19:49.4831191Z  * [new branch]          codex/ozon-stock-20260825                -> origin/codex/ozon-stock-20260825
2026-10-07T01:19:49.4833986Z  * [new branch]          codex/ozon-test-key-marker-20260824      -> origin/codex/ozon-test-key-marker-20260824
2026-10-07T01:19:49.4836923Z  * [new branch]          codex/priority-five-release-20261006     -> origin/codex/priority-five-release-20261006
2026-10-07T01:19:49.4840476Z  * [new branch]          codex/priority-five-review-20261006      -> origin/codex/priority-five-review-20261006
2026-10-07T01:19:49.4844738Z  * [new branch]          codex/priority-five-staging-proof-20261006 -> origin/codex/priority-five-staging-proof-20261006
2026-10-07T01:19:49.4847832Z  * [new branch]          codex/regress-live-cases-20260825        -> origin/codex/regress-live-cases-20260825
2026-10-07T01:19:49.4850580Z  * [new branch]          codex/release-20261006-astra-a           -> origin/codex/release-20261006-astra-a
2026-10-07T01:19:49.4853458Z  * [new branch]          codex/release-20261006-astra-b           -> origin/codex/release-20261006-astra-b
2026-10-07T01:19:49.4856145Z  * [new branch]          codex/release-ci-final-20261006          -> origin/codex/release-ci-final-20261006
2026-10-07T01:19:49.4858752Z  * [new branch]          codex/release-log-2026-09-27             -> origin/codex/release-log-2026-09-27
2026-10-07T01:19:49.4861541Z  * [new branch]          codex/reporting-backend-core-20260823    -> origin/codex/reporting-backend-core-20260823
2026-10-07T01:19:49.4864748Z  * [new branch]          codex/reporting-stage-finish-20260823    -> origin/codex/reporting-stage-finish-20260823
2026-10-07T01:19:49.4867641Z  * [new branch]          codex/staging-sync-login-20260914        -> origin/codex/staging-sync-login-20260914
2026-10-07T01:19:49.4870347Z  * [new branch]          codex/storage-stage-20260823             -> origin/codex/storage-stage-20260823
2026-10-07T01:19:49.4873249Z  * [new branch]          codex/trello-wms-20261005                -> origin/codex/trello-wms-20261005
2026-10-07T01:19:49.4875706Z  * [new branch]          codex/trello-wms-20261006                -> origin/codex/trello-wms-20261006
2026-10-07T01:19:49.4878195Z  * [new branch]          codex/trello-wms-20261006-1200           -> origin/codex/trello-wms-20261006-1200
2026-10-07T01:19:49.4880707Z  * [new branch]          codex/tsd-package-20260913               -> origin/codex/tsd-package-20260913
2026-10-07T01:19:49.4883493Z  * [new branch]          codex/tsd-package-stage-release          -> origin/codex/tsd-package-stage-release
2026-10-07T01:19:49.4886161Z  * [new branch]          codex/tsd-staging-merge-20260913         -> origin/codex/tsd-staging-merge-20260913
2026-10-07T01:19:49.4888735Z  * [new branch]          codex/volna9-01-backend-only             -> origin/codex/volna9-01-backend-only
2026-10-07T01:19:49.4891241Z  * [new branch]          codex/volna9-02-status-only              -> origin/codex/volna9-02-status-only
2026-10-07T01:19:49.4893912Z  * [new branch]          codex/volna9-03-backend-only             -> origin/codex/volna9-03-backend-only
2026-10-07T01:19:49.4896409Z  * [new branch]          codex/volna9-04-backend-only             -> origin/codex/volna9-04-backend-only
2026-10-07T01:19:49.4898891Z  * [new branch]          codex/volna9-05-backend-only             -> origin/codex/volna9-05-backend-only
2026-10-07T01:19:49.4901441Z  * [new branch]          codex/volna9-06-print-order-only         -> origin/codex/volna9-06-print-order-only
2026-10-07T01:19:49.4904155Z  * [new branch]          codex/weekly-release-20260909            -> origin/codex/weekly-release-20260909
2026-10-07T01:19:49.4906546Z  * [new branch]          codex/wms-chat-20260911                  -> origin/codex/wms-chat-20260911
2026-10-07T01:19:49.4909002Z  * [new branch]          codex/wms-chat-evening-20260910          -> origin/codex/wms-chat-evening-20260910
2026-10-07T01:19:49.4911841Z  * [new branch]          codex/wms-integrations-20260911          -> origin/codex/wms-integrations-20260911
2026-10-07T01:19:49.4914275Z  * [new branch]          codex/wms-ozon-20260911                  -> origin/codex/wms-ozon-20260911
2026-10-07T01:19:49.4916731Z  * [new branch]          codex/wms-ozon-generator-20260911        -> origin/codex/wms-ozon-generator-20260911
2026-10-07T01:19:49.4919336Z  * [new branch]          codex/wms-pick-container-scan            -> origin/codex/wms-pick-container-scan
2026-10-07T01:19:49.4922170Z  * [new branch]          codex/wms-pipeline-unified-v2-20260820   -> origin/codex/wms-pipeline-unified-v2-20260820
2026-10-07T01:19:49.4924773Z  * [new branch]          codex/wms-print-20260911                 -> origin/codex/wms-print-20260911
2026-10-07T01:19:49.4927629Z  * [new branch]          codex/wms-priority-legacy-test-harness-20261006 -> origin/codex/wms-priority-legacy-test-harness-20261006
2026-10-07T01:19:49.4930606Z  * [new branch]          codex/wms-psp-backlog-20260921           -> origin/codex/wms-psp-backlog-20260921
2026-10-07T01:19:49.4933493Z  * [new branch]          codex/wms-qr-review-evidence-20261006    -> origin/codex/wms-qr-review-evidence-20261006
2026-10-07T01:19:49.4936115Z  * [new branch]          codex/wms-release-20260911               -> origin/codex/wms-release-20260911
2026-10-07T01:19:49.4938584Z  * [new branch]          codex/wms-release-ozon-terminal          -> origin/codex/wms-release-ozon-terminal
2026-10-07T01:19:49.4941071Z  * [new branch]          codex/wms-storage-20260911               -> origin/codex/wms-storage-20260911
2026-10-07T01:19:49.4943674Z  * [new branch]          codex/wms-storage-final-20260911         -> origin/codex/wms-storage-final-20260911
2026-10-07T01:19:49.4946155Z  * [new branch]          codex/wms-transfer-urgent                -> origin/codex/wms-transfer-urgent
2026-10-07T01:19:49.4949257Z  * [new branch]          codex/wms-wave-storage-category-inbound-split-20260828 -> origin/codex/wms-wave-storage-category-inbound-split-20260828
2026-10-07T01:19:49.4953131Z  * [new branch]          codex/wms000-night-backlog-normalization -> origin/codex/wms000-night-backlog-normalization
2026-10-07T01:19:49.4955775Z  * [new branch]          codex/wms010-backlog40                   -> origin/codex/wms010-backlog40
2026-10-07T01:19:49.4958016Z  * [new branch]          codex/wms011-backlog40                   -> origin/codex/wms011-backlog40
2026-10-07T01:19:49.4960222Z  * [new branch]          codex/wms013-backlog40                   -> origin/codex/wms013-backlog40
2026-10-07T01:19:49.4962638Z  * [new branch]          codex/wms040-backlog40                   -> origin/codex/wms040-backlog40
2026-10-07T01:19:49.4964879Z  * [new branch]          codex/wms045-backlog40                   -> origin/codex/wms045-backlog40
2026-10-07T01:19:49.4967318Z  * [new branch]          codex/wms058-availability-followup       -> origin/codex/wms058-availability-followup
2026-10-07T01:19:49.4969766Z  * [new branch]          codex/wms058-backlog40                   -> origin/codex/wms058-backlog40
2026-10-07T01:19:49.4972152Z  * [new branch]          codex/wms058-browser-qa                  -> origin/codex/wms058-browser-qa
2026-10-07T01:19:49.4974421Z  * [new branch]          codex/wms058-mp-box-source               -> origin/codex/wms058-mp-box-source
2026-10-07T01:19:49.4976780Z  * [new branch]          codex/wms058-overplan-source             -> origin/codex/wms058-overplan-source
2026-10-07T01:19:49.4979107Z  * [new branch]          codex/wms058-review-fix                  -> origin/codex/wms058-review-fix
2026-10-07T01:19:49.4981355Z  * [new branch]          codex/wms080-392-review-fix              -> origin/codex/wms080-392-review-fix
2026-10-07T01:19:49.4983709Z  * [new branch]          codex/wms080-backlog40                   -> origin/codex/wms080-backlog40
2026-10-07T01:19:49.4985871Z  * [new branch]          codex/wms081-backlog40                   -> origin/codex/wms081-backlog40
2026-10-07T01:19:49.4988280Z  * [new branch]          codex/wms081-defect-compat               -> origin/codex/wms081-defect-compat
2026-10-07T01:19:49.4990709Z  * [new branch]          codex/wms082-085-emulator-meta           -> origin/codex/wms082-085-emulator-meta
2026-10-07T01:19:49.4993281Z  * [new branch]          codex/wms082-backlog40                   -> origin/codex/wms082-backlog40
2026-10-07T01:19:49.4995445Z  * [new branch]          codex/wms083-backlog40                   -> origin/codex/wms083-backlog40
2026-10-07T01:19:49.4997631Z  * [new branch]          codex/wms084-backlog40                   -> origin/codex/wms084-backlog40
2026-10-07T01:19:49.4999900Z  * [new branch]          codex/wms084-emulator-delete             -> origin/codex/wms084-emulator-delete
2026-10-07T01:19:49.5002505Z  * [new branch]          codex/wms084-packing-test-contract       -> origin/codex/wms084-packing-test-contract
2026-10-07T01:19:49.5004841Z  * [new branch]          codex/wms084-rebind                      -> origin/codex/wms084-rebind
2026-10-07T01:19:49.5006968Z  * [new branch]          codex/wms085-backlog40                   -> origin/codex/wms085-backlog40
2026-10-07T01:19:49.5009127Z  * [new branch]          codex/wms086-backlog40                   -> origin/codex/wms086-backlog40
2026-10-07T01:19:49.5011250Z  * [new branch]          codex/wms087-backlog40                   -> origin/codex/wms087-backlog40
2026-10-07T01:19:49.5013587Z  * [new branch]          codex/wms091-backlog40                   -> origin/codex/wms091-backlog40
2026-10-07T01:19:49.5015728Z  * [new branch]          codex/wms092-backlog40                   -> origin/codex/wms092-backlog40
2026-10-07T01:19:49.5017848Z  * [new branch]          codex/wms095-backlog40                   -> origin/codex/wms095-backlog40
2026-10-07T01:19:49.5020274Z  * [new branch]          codex/wms095-import-error-backlog40      -> origin/codex/wms095-import-error-backlog40
2026-10-07T01:19:49.5022756Z  * [new branch]          codex/wms096-backlog40                   -> origin/codex/wms096-backlog40
2026-10-07T01:19:49.5025049Z  * [new branch]          codex/wms110-backlog40                   -> origin/codex/wms110-backlog40
2026-10-07T01:19:49.5027183Z  * [new branch]          codex/wms115-backlog40                   -> origin/codex/wms115-backlog40
2026-10-07T01:19:49.5029294Z  * [new branch]          codex/wms123-backlog40                   -> origin/codex/wms123-backlog40
2026-10-07T01:19:49.5031404Z  * [new branch]          codex/wms272-backlog40                   -> origin/codex/wms272-backlog40
2026-10-07T01:19:49.5033917Z  * [new branch]          codex/wms272-resume-backlog40            -> origin/codex/wms272-resume-backlog40
2026-10-07T01:19:49.5036163Z  * [new branch]          codex/wms273-backlog40                   -> origin/codex/wms273-backlog40
2026-10-07T01:19:49.5038279Z  * [new branch]          codex/wms276-backlog40                   -> origin/codex/wms276-backlog40
2026-10-07T01:19:49.5040360Z  * [new branch]          codex/wms277-backlog40                   -> origin/codex/wms277-backlog40
2026-10-07T01:19:49.5042661Z  * [new branch]          codex/wms277-catalog                     -> origin/codex/wms277-catalog
2026-10-07T01:19:49.5044986Z  * [new branch]          codex/wms277-import-sku-collision        -> origin/codex/wms277-import-sku-collision
2026-10-07T01:19:49.5047311Z  * [new branch]          codex/wms278-backlog40                   -> origin/codex/wms278-backlog40
2026-10-07T01:19:49.5049401Z  * [new branch]          codex/wms387-training                    -> origin/codex/wms387-training
2026-10-07T01:19:49.5051514Z  * [new branch]          codex/wms389-backlog40                   -> origin/codex/wms389-backlog40
2026-10-07T01:19:49.5053812Z  * [new branch]          codex/wms390-backlog40                   -> origin/codex/wms390-backlog40
2026-10-07T01:19:49.5055924Z  * [new branch]          codex/wms391-backlog40                   -> origin/codex/wms391-backlog40
2026-10-07T01:19:49.5058009Z  * [new branch]          codex/wms392-backlog40                   -> origin/codex/wms392-backlog40
2026-10-07T01:19:49.5060346Z  * [new branch]          codex/wms392-review-tests                -> origin/codex/wms392-review-tests
2026-10-07T01:19:49.5062599Z  * [new branch]          codex/wms394-kiz-ui                      -> origin/codex/wms394-kiz-ui
2026-10-07T01:19:49.5064691Z  * [new branch]          codex/wms395-pool-inline                 -> origin/codex/wms395-pool-inline
2026-10-07T01:19:49.5066787Z  * [new branch]          codex/wms396-stage                       -> origin/codex/wms396-stage
2026-10-07T01:19:49.5068938Z  * [new branch]          codex/wms396-staging-release             -> origin/codex/wms396-staging-release
2026-10-07T01:19:49.5071144Z  * [new branch]          codex/wms396-true-api                    -> origin/codex/wms396-true-api
2026-10-07T01:19:49.5073386Z  * [new branch]          codex/wms397-api                         -> origin/codex/wms397-api
2026-10-07T01:19:49.5075456Z  * [new branch]          codex/wms399-chat-design                 -> origin/codex/wms399-chat-design
2026-10-07T01:19:49.5077844Z  * [new branch]          codex/wms401-android-build-proof         -> origin/codex/wms401-android-build-proof
2026-10-07T01:19:49.5080361Z  * [new branch]          codex/wms406-backfill-final-plan         -> origin/codex/wms406-backfill-final-plan
2026-10-07T01:19:49.5082777Z  * [new branch]          codex/wms406-invoice                     -> origin/codex/wms406-invoice
2026-10-07T01:19:49.5084881Z  * [new branch]          codex/wms406-report                      -> origin/codex/wms406-report
2026-10-07T01:19:49.5087178Z  * [new branch]          codex/wms408-billing-unification         -> origin/codex/wms408-billing-unification
2026-10-07T01:19:49.5089599Z  * [new branch]          codex/wms415-coord-20260910              -> origin/codex/wms415-coord-20260910
2026-10-07T01:19:49.5092327Z  * [new branch]          codex/wms418-catalog-publication-filter  -> origin/codex/wms418-catalog-publication-filter
2026-10-07T01:19:49.5094846Z  * [new branch]          codex/wms418-loviana-off                 -> origin/codex/wms418-loviana-off
2026-10-07T01:19:49.5097421Z  * [new branch]          codex/wms425-marketplace-hotfix          -> origin/codex/wms425-marketplace-hotfix
2026-10-07T01:19:49.5099850Z  * [new branch]          codex/wms433-stage-user-only             -> origin/codex/wms433-stage-user-only
2026-10-07T01:19:49.5102364Z  * [new branch]          codex/wms433-support-bot-concept         -> origin/codex/wms433-support-bot-concept
2026-10-07T01:19:49.5104755Z  * [new branch]          codex/wms437-analyst-cases               -> origin/codex/wms437-analyst-cases
2026-10-07T01:19:49.5107096Z  * [new branch]          codex/wms437-small-task-process          -> origin/codex/wms437-small-task-process
2026-10-07T01:19:49.5109294Z  * [new branch]          codex/wms440-tsd                         -> origin/codex/wms440-tsd
2026-10-07T01:19:49.5111264Z  * [new branch]          codex/wms440-tsd-ui                      -> origin/codex/wms440-tsd-ui
2026-10-07T01:19:49.5113655Z  * [new branch]          codex/wms441-c10-evidence                -> origin/codex/wms441-c10-evidence
2026-10-07T01:19:49.5115719Z  * [new branch]          codex/wms441-tsd                         -> origin/codex/wms441-tsd
2026-10-07T01:19:49.5117680Z  * [new branch]          codex/wms441-tsd-ui                      -> origin/codex/wms441-tsd-ui
2026-10-07T01:19:49.5119650Z  * [new branch]          codex/wms442-tsd                         -> origin/codex/wms442-tsd
2026-10-07T01:19:49.5121609Z  * [new branch]          codex/wms442-tsd-ui                      -> origin/codex/wms442-tsd-ui
2026-10-07T01:19:49.5123769Z  * [new branch]          codex/wms443-tsd                         -> origin/codex/wms443-tsd
2026-10-07T01:19:49.5125727Z  * [new branch]          codex/wms443-tsd-ui                      -> origin/codex/wms443-tsd-ui
2026-10-07T01:19:49.5127699Z  * [new branch]          codex/wms444-tsd                         -> origin/codex/wms444-tsd
2026-10-07T01:19:49.5129830Z  * [new branch]          codex/wms444-tsd-ui                      -> origin/codex/wms444-tsd-ui
2026-10-07T01:19:49.5131988Z  * [new branch]          codex/wms445-tsd                         -> origin/codex/wms445-tsd
2026-10-07T01:19:49.5134173Z  * [new branch]          codex/wms445-tsd-server-truth            -> origin/codex/wms445-tsd-server-truth
2026-10-07T01:19:49.5136355Z  * [new branch]          codex/wms445-tsd-ui                      -> origin/codex/wms445-tsd-ui
2026-10-07T01:19:49.5138715Z  * [new branch]          codex/wms447-full-marketplace-labels     -> origin/codex/wms447-full-marketplace-labels
2026-10-07T01:19:49.5141117Z  * [new branch]          codex/wms460-fbs-qr-scan                 -> origin/codex/wms460-fbs-qr-scan
2026-10-07T01:19:49.5143750Z  * [new branch]          codex/wms475-537-prefetch-ci-repair-20261006 -> origin/codex/wms475-537-prefetch-ci-repair-20261006
2026-10-07T01:19:49.5146386Z  * [new branch]          codex/wms476-auto-legacy-guard           -> origin/codex/wms476-auto-legacy-guard
2026-10-07T01:19:49.5148889Z  * [new branch]          codex/wms476-implementation-sol-high     -> origin/codex/wms476-implementation-sol-high
2026-10-07T01:19:49.5151513Z  * [new branch]          codex/wms476-staging-release-20260923    -> origin/codex/wms476-staging-release-20260923
2026-10-07T01:19:49.5154268Z  * [new branch]          codex/wms477-backend-review-fix          -> origin/codex/wms477-backend-review-fix
2026-10-07T01:19:49.5156510Z  * [new branch]          codex/wms477-p3-notice                   -> origin/codex/wms477-p3-notice
2026-10-07T01:19:49.5158797Z  * [new branch]          codex/wms483-prod-release-20260920       -> origin/codex/wms483-prod-release-20260920
2026-10-07T01:19:49.5161218Z  * [new branch]          codex/wms483-wb-zero-refresh             -> origin/codex/wms483-wb-zero-refresh
2026-10-07T01:19:49.5163652Z  * [new branch]          codex/wms489-staging-release             -> origin/codex/wms489-staging-release
2026-10-07T01:19:49.5166257Z  * [new branch]          codex/wms501-performance-isolation-audit -> origin/codex/wms501-performance-isolation-audit
2026-10-07T01:19:49.5169100Z  * [new branch]          codex/wms502-stock-sorting-incident      -> origin/codex/wms502-stock-sorting-incident
2026-10-07T01:19:49.5171550Z  * [new branch]          codex/wms506-silent-kiz-print            -> origin/codex/wms506-silent-kiz-print
2026-10-07T01:19:49.5174162Z  * [new branch]          codex/wms508-persistent-form-cards       -> origin/codex/wms508-persistent-form-cards
2026-10-07T01:19:49.5176623Z  * [new branch]          codex/wms514-clickable-mockup            -> origin/codex/wms514-clickable-mockup
2026-10-07T01:19:49.5179105Z  * [new branch]          codex/wms514-staging-release-20260924    -> origin/codex/wms514-staging-release-20260924
2026-10-07T01:19:49.5181563Z  * [new branch]          codex/wms515-client-registry             -> origin/codex/wms515-client-registry
2026-10-07T01:19:49.5184147Z  * [new branch]          codex/wms517-current-release-analysis    -> origin/codex/wms517-current-release-analysis
2026-10-07T01:19:49.5186937Z  * [new branch]          codex/wms517-dynamicmac-independent-review -> origin/codex/wms517-dynamicmac-independent-review
2026-10-07T01:19:49.5189678Z  * [new branch]          codex/wms517-mac-dynamic-eligible        -> origin/codex/wms517-mac-dynamic-eligible
2026-10-07T01:19:49.5192305Z  * [new branch]          codex/wms517-mac-test-contract           -> origin/codex/wms517-mac-test-contract
2026-10-07T01:19:49.5194768Z  * [new branch]          codex/wms517-price-by-product-group      -> origin/codex/wms517-price-by-product-group
2026-10-07T01:19:49.5197309Z  * [new branch]          codex/wms517-sales-report-contract       -> origin/codex/wms517-sales-report-contract
2026-10-07T01:19:49.5199947Z  * [new branch]          codex/wms517-scoped-integration-20261006 -> origin/codex/wms517-scoped-integration-20261006
2026-10-07T01:19:49.5202593Z  * [new branch]          codex/wms517-staging-20261001            -> origin/codex/wms517-staging-20261001
2026-10-07T01:19:49.5205103Z  * [new branch]          codex/wms519-artifact-pdf-hotfix         -> origin/codex/wms519-artifact-pdf-hotfix
2026-10-07T01:19:49.5207590Z  * [new branch]          codex/wms519-kiz-label-aspect-ratio      -> origin/codex/wms519-kiz-label-aspect-ratio
2026-10-07T01:19:49.5210028Z  * [new branch]          codex/wms519-post-deploy-docs            -> origin/codex/wms519-post-deploy-docs
2026-10-07T01:19:49.5212449Z  * [new branch]          codex/wms520-requirements                -> origin/codex/wms520-requirements
2026-10-07T01:19:49.5214631Z  * [new branch]          codex/wms521-kiz-release                 -> origin/codex/wms521-kiz-release
2026-10-07T01:19:49.5216908Z  * [new branch]          codex/wms523-auto-import-pools           -> origin/codex/wms523-auto-import-pools
2026-10-07T01:19:49.5219191Z  * [new branch]          codex/wms524-confirm-order               -> origin/codex/wms524-confirm-order
2026-10-07T01:19:49.5221367Z  * [new branch]          codex/wms524-print-blank                 -> origin/codex/wms524-print-blank
2026-10-07T01:19:49.5223723Z  * [new branch]          codex/wms533-client-hardening            -> origin/codex/wms533-client-hardening
2026-10-07T01:19:49.5225959Z  * [new branch]          codex/wms533-five-events                 -> origin/codex/wms533-five-events
2026-10-07T01:19:49.5228197Z  * [new branch]          codex/wms533-prod-five-events            -> origin/codex/wms533-prod-five-events
2026-10-07T01:19:49.5230565Z  * [new branch]          codex/wms533-seller-stock-events         -> origin/codex/wms533-seller-stock-events
2026-10-07T01:19:49.5233408Z  * [new branch]          codex/wms537-pg-fixture-review-20261006  -> origin/codex/wms537-pg-fixture-review-20261006
2026-10-07T01:19:49.5235829Z  * [new branch]          codex/wms550-sorting-scan                -> origin/codex/wms550-sorting-scan
2026-10-07T01:19:49.5238080Z  * [new branch]          codex/wms582-yandex-market-api           -> origin/codex/wms582-yandex-market-api
2026-10-07T01:19:49.5240655Z  * [new branch]          codex/wms584-589-release-evidence-20260930 -> origin/codex/wms584-589-release-evidence-20260930
2026-10-07T01:19:49.5243385Z  * [new branch]          codex/wms591-avpack-6300                 -> origin/codex/wms591-avpack-6300
2026-10-07T01:19:49.5245474Z  * [new branch]          codex/wms593-597-urgent                  -> origin/codex/wms593-597-urgent
2026-10-07T01:19:49.5247615Z  * [new branch]          codex/wms602-fbs-cell-scan               -> origin/codex/wms602-fbs-cell-scan
2026-10-07T01:19:49.5249712Z  * [new branch]          codex/wms603-box-scan                    -> origin/codex/wms603-box-scan
2026-10-07T01:19:49.5252036Z  * [new branch]          codex/wms604-staging-integration         -> origin/codex/wms604-staging-integration
2026-10-07T01:19:49.5254391Z  * [new branch]          codex/wms604-unified-packing             -> origin/codex/wms604-unified-packing
2026-10-07T01:19:49.5257132Z  * [new branch]          codex/wms607-artmaks-acceptance-updater-contract -> origin/codex/wms607-artmaks-acceptance-updater-contract
2026-10-07T01:19:49.5260011Z  * [new branch]          codex/wms607-artmaks-direct-repair       -> origin/codex/wms607-artmaks-direct-repair
2026-10-07T01:19:49.5262690Z  * [new branch]          codex/wms607-artmaks-installer-findings  -> origin/codex/wms607-artmaks-installer-findings
2026-10-07T01:19:49.5265286Z  * [new branch]          codex/wms607-artmaks-repair-review       -> origin/codex/wms607-artmaks-repair-review
2026-10-07T01:19:49.5267782Z  * [new branch]          codex/wms607-artmaks-test-contract       -> origin/codex/wms607-artmaks-test-contract
2026-10-07T01:19:49.5270129Z  * [new branch]          codex/wms607-instant-print               -> origin/codex/wms607-instant-print
2026-10-07T01:19:49.5272648Z  * [new branch]          codex/wms607-mac-single-binary           -> origin/codex/wms607-mac-single-binary
2026-10-07T01:19:49.5275134Z  * [new branch]          codex/wms607-printer-failure-analysis    -> origin/codex/wms607-printer-failure-analysis
2026-10-07T01:19:49.5277704Z  * [new branch]          codex/wms607-staging-print               -> origin/codex/wms607-staging-print
2026-10-07T01:19:49.5279870Z  * [new branch]          codex/wms607-windows-x64                 -> origin/codex/wms607-windows-x64
2026-10-07T01:19:49.5282241Z  * [new branch]          codex/wms608-scanned-row-first           -> origin/codex/wms608-scanned-row-first
2026-10-07T01:19:49.5284618Z  * [new branch]          codex/wms610-fbs-picking-columns         -> origin/codex/wms610-fbs-picking-columns
2026-10-07T01:19:49.5286997Z  * [new branch]          codex/wms611-fbs-print-disabled          -> origin/codex/wms611-fbs-print-disabled
2026-10-07T01:19:49.5289355Z  * [new branch]          codex/wms612-delivery-checks             -> origin/codex/wms612-delivery-checks
2026-10-07T01:19:49.5291557Z  * [new branch]          codex/wms612-staging-all                 -> origin/codex/wms612-staging-all
2026-10-07T01:19:49.5293871Z  * [new branch]          codex/wms614-616-prod-release            -> origin/codex/wms614-616-prod-release
2026-10-07T01:19:49.5296070Z  * [new branch]          codex/wms617-video-demo                  -> origin/codex/wms617-video-demo
2026-10-07T01:19:49.5298099Z  * [new branch]          codex/wms618-staging                     -> origin/codex/wms618-staging
2026-10-07T01:19:49.5300238Z  * [new branch]          codex/wms622-fbo-kiz-recovery            -> origin/codex/wms622-fbo-kiz-recovery
2026-10-07T01:19:49.5302722Z  * [new branch]          codex/wms623-artmaks-unused-pdfs         -> origin/codex/wms623-artmaks-unused-pdfs
2026-10-07T01:19:49.5305281Z  * [new branch]          codex/wms624-developer-requests-current  -> origin/codex/wms624-developer-requests-current
2026-10-07T01:19:49.5307695Z  * [new branch]          codex/wms624-sync-cadence                -> origin/codex/wms624-sync-cadence
2026-10-07T01:19:49.5309935Z  * [new branch]          codex/wms625-print-reliability           -> origin/codex/wms625-print-reliability
2026-10-07T01:19:49.5312423Z  * [new branch]          codex/wms626-astra-effort-limit          -> origin/codex/wms626-astra-effort-limit
2026-10-07T01:19:49.5315026Z  * [new branch]          codex/wms627-artmaks-stock-reconcile     -> origin/codex/wms627-artmaks-stock-reconcile
2026-10-07T01:19:49.5317541Z  * [new branch]          codex/wms628-artmaks-wrong-scan          -> origin/codex/wms628-artmaks-wrong-scan
2026-10-07T01:19:49.5319769Z  * [new branch]          codex/wms628-production                  -> origin/codex/wms628-production
2026-10-07T01:19:49.5322027Z  * [new branch]          codex/wms629-packing-scroll              -> origin/codex/wms629-packing-scroll
2026-10-07T01:19:49.5324556Z  * [new branch]          codex/wms636-typecheck-validation-20261006 -> origin/codex/wms636-typecheck-validation-20261006
2026-10-07T01:19:49.5327038Z  * [new branch]          codex/wms651-counter-copy                -> origin/codex/wms651-counter-copy
2026-10-07T01:19:49.5329536Z  * [new branch]          codex/wms652-517-release-acceptance-20261006 -> origin/codex/wms652-517-release-acceptance-20261006
2026-10-07T01:19:49.5332520Z  * [new branch]          codex/wms652-abort-boundary-review-20261007 -> origin/codex/wms652-abort-boundary-review-20261007
2026-10-07T01:19:49.5335149Z  * [new branch]          codex/wms652-acceptance-evidence         -> origin/codex/wms652-acceptance-evidence
2026-10-07T01:19:49.5337929Z  * [new branch]          codex/wms652-accepted-reference-contract-20261007 -> origin/codex/wms652-accepted-reference-contract-20261007
2026-10-07T01:19:49.5340978Z  * [new branch]          codex/wms652-backup-fixture-boundary-20261007 -> origin/codex/wms652-backup-fixture-boundary-20261007
2026-10-07T01:19:49.5343789Z  * [new branch]          codex/wms652-backup-fixture-review       -> origin/codex/wms652-backup-fixture-review
2026-10-07T01:19:49.5346012Z  * [new branch]          codex/wms652-bot-night                   -> origin/codex/wms652-bot-night
2026-10-07T01:19:49.5348470Z  * [new branch]          codex/wms652-cdp-ambiguity-contract-20261007 -> origin/codex/wms652-cdp-ambiguity-contract-20261007
2026-10-07T01:19:49.5351421Z  * [new branch]          codex/wms652-cdp-cancel-contract-20261007 -> origin/codex/wms652-cdp-cancel-contract-20261007
2026-10-07T01:19:49.5354267Z  * [new branch]          codex/wms652-cdp-contract-review-20261007 -> origin/codex/wms652-cdp-contract-review-20261007
2026-10-07T01:19:49.5357017Z  * [new branch]          codex/wms652-cdp-explicit-abort-diagnostic -> origin/codex/wms652-cdp-explicit-abort-diagnostic
2026-10-07T01:19:49.5359930Z  * [new branch]          codex/wms652-cdp-fixture-source-review-20261007 -> origin/codex/wms652-cdp-fixture-source-review-20261007
2026-10-07T01:19:49.5362987Z  * [new branch]          codex/wms652-cdp-known-cancel-fixture    -> origin/codex/wms652-cdp-known-cancel-fixture
2026-10-07T01:19:49.5365554Z  * [new branch]          codex/wms652-cdp-r1-rereview-20261007    -> origin/codex/wms652-cdp-r1-rereview-20261007
2026-10-07T01:19:49.5368074Z  * [new branch]          codex/wms652-checkpoint-requirements     -> origin/codex/wms652-checkpoint-requirements
2026-10-07T01:19:49.5370470Z  * [new branch]          codex/wms652-ci-delta-review             -> origin/codex/wms652-ci-delta-review
2026-10-07T01:19:49.5373515Z  * [new branch]          codex/wms652-ci-two-shards               -> origin/codex/wms652-ci-two-shards
2026-10-07T01:19:49.5375844Z  * [new branch]          codex/wms652-critical-fbs-contracts      -> origin/codex/wms652-critical-fbs-contracts
2026-10-07T01:19:49.5378509Z  * [new branch]          codex/wms652-disjoint-contract-corrections -> origin/codex/wms652-disjoint-contract-corrections
2026-10-07T01:19:49.5381296Z  * [new branch]          codex/wms652-final-bootstrap-pin-20261007 -> origin/codex/wms652-final-bootstrap-pin-20261007
2026-10-07T01:19:49.5384652Z  * [new branch]          codex/wms652-final-infrastructure-pin-review-20261007 -> origin/codex/wms652-final-infrastructure-pin-review-20261007
2026-10-07T01:19:49.5387829Z  * [new branch]          codex/wms652-final-source-pin-review-20261007 -> origin/codex/wms652-final-source-pin-review-20261007
2026-10-07T01:19:49.5391064Z  * [new branch]          codex/wms652-frontend-report-identities-20261007 -> origin/codex/wms652-frontend-report-identities-20261007
2026-10-07T01:19:49.5394488Z  * [new branch]          codex/wms652-independent-main-check      -> origin/codex/wms652-independent-main-check
2026-10-07T01:19:49.5397449Z  * [new branch]          codex/wms652-infrastructure-acceptance-20261007 -> origin/codex/wms652-infrastructure-acceptance-20261007
2026-10-07T01:19:49.5400755Z  * [new branch]          codex/wms652-infrastructure-corrections-review-20261007 -> origin/codex/wms652-infrastructure-corrections-review-20261007
2026-10-07T01:19:49.5403793Z  * [new branch]          codex/wms652-night-reader                -> origin/codex/wms652-night-reader
2026-10-07T01:19:49.5405924Z  * [new branch]          codex/wms652-night-repair                -> origin/codex/wms652-night-repair
2026-10-07T01:19:49.5408020Z  * [new branch]          codex/wms652-pdf-probe                   -> origin/codex/wms652-pdf-probe
2026-10-07T01:19:49.5410470Z  * [new branch]          codex/wms652-portable-backup-proof-20261007 -> origin/codex/wms652-portable-backup-proof-20261007
2026-10-07T01:19:49.5413500Z  * [new branch]          codex/wms652-process-fixes-review-20261007 -> origin/codex/wms652-process-fixes-review-20261007
2026-10-07T01:19:49.5415987Z  * [new branch]          codex/wms652-process-gates               -> origin/codex/wms652-process-gates
2026-10-07T01:19:49.5418524Z  * [new branch]          codex/wms652-process-protection-requirements -> origin/codex/wms652-process-protection-requirements
2026-10-07T01:19:49.5421498Z  * [new branch]          codex/wms652-prod-env-negative-canary-20261007 -> origin/codex/wms652-prod-env-negative-canary-20261007
2026-10-07T01:19:49.5424511Z  * [new branch]          codex/wms652-realqr-cdp-lifecycle-diagnostic -> origin/codex/wms652-realqr-cdp-lifecycle-diagnostic
2026-10-07T01:19:49.5427679Z  * [new branch]          codex/wms652-reference-migration-review-20261007 -> origin/codex/wms652-reference-migration-review-20261007
2026-10-07T01:19:49.5430354Z  * [new branch]          codex/wms652-regression-guard            -> origin/codex/wms652-regression-guard
2026-10-07T01:19:49.5432901Z  * [new branch]          codex/wms652-release-ci-20261006         -> origin/codex/wms652-release-ci-20261006
2026-10-07T01:19:49.5435602Z  * [new branch]          codex/wms652-release-execution-evidence-20261007 -> origin/codex/wms652-release-execution-evidence-20261007
2026-10-07T01:19:49.5438829Z  * [new branch]          codex/wms652-remount-interception-diagnosis-20261007 -> origin/codex/wms652-remount-interception-diagnosis-20261007
2026-10-07T01:19:49.5441981Z  * [new branch]          codex/wms652-required-check-canary-20261006 -> origin/codex/wms652-required-check-canary-20261006
2026-10-07T01:19:49.5444767Z  * [new branch]          codex/wms652-reviewed-contract-corrections -> origin/codex/wms652-reviewed-contract-corrections
2026-10-07T01:19:49.5447760Z  * [new branch]          codex/wms652-reviewed-infrastructure-pin-20261007 -> origin/codex/wms652-reviewed-infrastructure-pin-20261007
2026-10-07T01:19:49.5450496Z  * [new branch]          codex/wms652-server-deploy-gate          -> origin/codex/wms652-server-deploy-gate
2026-10-07T01:19:49.5452891Z  * [new branch]          codex/wms652-sonnet-frontend             -> origin/codex/wms652-sonnet-frontend
2026-10-07T01:19:49.5455093Z  * [new branch]          codex/wms652-trusted-anchor              -> origin/codex/wms652-trusted-anchor
2026-10-07T01:19:49.5457154Z  * [new branch]          codex/wms652-ui-gate                     -> origin/codex/wms652-ui-gate
2026-10-07T01:19:49.5459431Z  * [new branch]          codex/wms653-scope-attribution-20261006  -> origin/codex/wms653-scope-attribution-20261006
2026-10-07T01:19:49.5462325Z  * [new branch]          codex/wms653-scope-independent-review-20261006 -> origin/codex/wms653-scope-independent-review-20261006
2026-10-07T01:19:49.5465673Z  * [new branch]          codex/wms653-shared-proof-independent-review-20261006 -> origin/codex/wms653-shared-proof-independent-review-20261006
2026-10-07T01:19:49.5468476Z  * [new branch]          codex/wms654-product-20261006            -> origin/codex/wms654-product-20261006
2026-10-07T01:19:49.5470656Z  * [new branch]          codex/wms659-imperia-boxes               -> origin/codex/wms659-imperia-boxes
2026-10-07T01:19:49.5472830Z  * [new branch]          codex/wms660-barcodes                    -> origin/codex/wms660-barcodes
2026-10-07T01:19:49.5474936Z  * [new branch]          codex/wms661-analyst-20261006            -> origin/codex/wms661-analyst-20261006
2026-10-07T01:19:49.5477305Z  * [new branch]          codex/wms661-installed-baseline-tests    -> origin/codex/wms661-installed-baseline-tests
2026-10-07T01:19:49.5479941Z  * [new branch]          codex/wms661-reviewed-ordered-integration -> origin/codex/wms661-reviewed-ordered-integration
2026-10-07T01:19:49.5482744Z  * [new branch]          codex/wms661-runtime-preflight-20261006  -> origin/codex/wms661-runtime-preflight-20261006
2026-10-07T01:19:49.5485445Z  * [new branch]          codex/wms661-testwriter-baseline-20261006 -> origin/codex/wms661-testwriter-baseline-20261006
2026-10-07T01:19:49.5488346Z  * [new branch]          codex/wms662-663-owner-supersession-gate-20261006 -> origin/codex/wms662-663-owner-supersession-gate-20261006
2026-10-07T01:19:49.5490990Z  * [new branch]          codex/wms662-663-priority                -> origin/codex/wms662-663-priority
2026-10-07T01:19:49.5493351Z  * [new branch]          codex/wms662-f6-testwriter               -> origin/codex/wms662-f6-testwriter
2026-10-07T01:19:49.5495851Z  * [new branch]          codex/wms662-format-only-correction-20261006 -> origin/codex/wms662-format-only-correction-20261006
2026-10-07T01:19:49.5498703Z  * [new branch]          codex/wms662-live-delivery-contract-20261006 -> origin/codex/wms662-live-delivery-contract-20261006
2026-10-07T01:19:49.5501327Z  * [new branch]          codex/wms662-prod-handoff                -> origin/codex/wms662-prod-handoff
2026-10-07T01:19:49.5503610Z  * [new branch]          codex/wms662-review-c36b8ab              -> origin/codex/wms662-review-c36b8ab
2026-10-07T01:19:49.5506032Z  * [new branch]          codex/wms662-scoped-integration-20261006 -> origin/codex/wms662-scoped-integration-20261006
2026-10-07T01:19:49.5508727Z  * [new branch]          codex/wms663-boxes-single-checkbox-20261006 -> origin/codex/wms663-boxes-single-checkbox-20261006
2026-10-07T01:19:49.5511664Z  * [new branch]          codex/wms663-owner-checkbox-test-contract-20261006 -> origin/codex/wms663-owner-checkbox-test-contract-20261006
2026-10-07T01:19:49.5514881Z  * [new branch]          codex/wms663-pre-set-recovery-contract-20261006 -> origin/codex/wms663-pre-set-recovery-contract-20261006
2026-10-07T01:19:49.5517749Z  * [new branch]          codex/wms663-readonly-ozon-status-20261006 -> origin/codex/wms663-readonly-ozon-status-20261006
2026-10-07T01:19:49.5520375Z  * [new branch]          codex/wms663-release-retry-acceptance    -> origin/codex/wms663-release-retry-acceptance
2026-10-07T01:19:49.5522852Z  * [new branch]          codex/wms663-release-retry-fix           -> origin/codex/wms663-release-retry-fix
2026-10-07T01:19:49.5525671Z  * [new branch]          codex/wms663-required-order-checkbox-contract-20261006 -> origin/codex/wms663-required-order-checkbox-contract-20261006
2026-10-07T01:19:49.5529135Z  * [new branch]          codex/wms663-requirements-completeness-contract-20261006 -> origin/codex/wms663-requirements-completeness-contract-20261006
2026-10-07T01:19:49.5532398Z  * [new branch]          codex/wms663-retry-contract-20261006     -> origin/codex/wms663-retry-contract-20261006
2026-10-07T01:19:49.5534890Z  * [new branch]          codex/wms663-scoped-priority-20261006    -> origin/codex/wms663-scoped-priority-20261006
2026-10-07T01:19:49.5537257Z  * [new branch]          codex/wms664-dispatcher-stall            -> origin/codex/wms664-dispatcher-stall
2026-10-07T01:19:49.5539639Z  * [new branch]          codex/wms665-avpack-withdrawal-helper    -> origin/codex/wms665-avpack-withdrawal-helper
2026-10-07T01:19:49.5542757Z  * [new branch]          codex/wms665-full-sold-operational-check-20261006 -> origin/codex/wms665-full-sold-operational-check-20261006
2026-10-07T01:19:49.5545698Z  * [new branch]          codex/wms665-production-url-hotfix-20261006 -> origin/codex/wms665-production-url-hotfix-20261006
2026-10-07T01:19:49.5548668Z  * [new branch]          codex/wms666-ci-history-independent-review-20261006 -> origin/codex/wms666-ci-history-independent-review-20261006
2026-10-07T01:19:49.5551529Z  * [new branch]          codex/wms666-ci-history-scope-20261006   -> origin/codex/wms666-ci-history-scope-20261006
2026-10-07T01:19:49.5554048Z  * [new branch]          codex/wms666-ci-qr-finish-20261006       -> origin/codex/wms666-ci-qr-finish-20261006
2026-10-07T01:19:49.5556595Z  * [new branch]          codex/wms666-doc-history-scope-fix-20261006 -> origin/codex/wms666-doc-history-scope-fix-20261006
2026-10-07T01:19:49.5559354Z  * [new branch]          codex/wms666-legacy-harness-review-20261006 -> origin/codex/wms666-legacy-harness-review-20261006
2026-10-07T01:19:49.5562049Z  * [new branch]          codex/wms666-priority-etalon-20261006    -> origin/codex/wms666-priority-etalon-20261006
2026-10-07T01:19:49.5564520Z  * [new branch]          codex/wms666-release-c11-acceptance      -> origin/codex/wms666-release-c11-acceptance
2026-10-07T01:19:49.5567087Z  * [new branch]          codex/wms666-remote-browser-proof-20261006 -> origin/codex/wms666-remote-browser-proof-20261006
2026-10-07T01:19:49.5569850Z  * [new branch]          codex/wms666-staging-c11-acceptance-20261006 -> origin/codex/wms666-staging-c11-acceptance-20261006
2026-10-07T01:19:49.5572919Z  * [new branch]          codex/wms666-task-scope-correction-20261006 -> origin/codex/wms666-task-scope-correction-20261006
2026-10-07T01:19:49.5575481Z  * [new branch]          codex/wms666-unified-fbs-packing         -> origin/codex/wms666-unified-fbs-packing
2026-10-07T01:19:49.5577848Z  * [new branch]          codex/wms667-stock-filter                -> origin/codex/wms667-stock-filter
2026-10-07T01:19:49.5579924Z  * [new branch]          codex/wms667-visual-runner               -> origin/codex/wms667-visual-runner
2026-10-07T01:19:49.5582305Z  * [new branch]          codex/wms668-dispatcher-batch-final      -> origin/codex/wms668-dispatcher-batch-final
2026-10-07T01:19:49.5585011Z  * [new branch]          codex/wms669-urgent-confirmed-contract-20261006 -> origin/codex/wms669-urgent-confirmed-contract-20261006
2026-10-07T01:19:49.5587645Z  * [new branch]          codex/wms672-673-analyst-20261006        -> origin/codex/wms672-673-analyst-20261006
2026-10-07T01:19:49.5590149Z  * [new branch]          codex/wms672-673-prerequisite-integration -> origin/codex/wms672-673-prerequisite-integration
2026-10-07T01:19:49.5592730Z  * [new branch]          codex/wms672-c5-cache-clock-trace        -> origin/codex/wms672-c5-cache-clock-trace
2026-10-07T01:19:49.5595067Z  * [new branch]          codex/wms672-c5-cache-debug-trace        -> origin/codex/wms672-c5-cache-debug-trace
2026-10-07T01:19:49.5597283Z  * [new branch]          codex/wms672-c5-cache-trace              -> origin/codex/wms672-c5-cache-trace
2026-10-07T01:19:49.5599489Z  * [new branch]          codex/wms672-c5-linux-diagnostic         -> origin/codex/wms672-c5-linux-diagnostic
2026-10-07T01:19:49.5601844Z  * [new branch]          codex/wms672-c5-linux-fix-check          -> origin/codex/wms672-c5-linux-fix-check
2026-10-07T01:19:49.5604246Z  * [new branch]          codex/wms672-c5-peer-drain-check         -> origin/codex/wms672-c5-peer-drain-check
2026-10-07T01:19:49.5606756Z  * [new branch]          codex/wms672-c5-raster-resource-comparison -> origin/codex/wms672-c5-raster-resource-comparison
2026-10-07T01:19:49.5609292Z  * [new branch]          codex/wms672-c5-target-cache-trace       -> origin/codex/wms672-c5-target-cache-trace
2026-10-07T01:19:49.5611907Z  * [new branch]          codex/wms672-functional-finish-20261006  -> origin/codex/wms672-functional-finish-20261006
2026-10-07T01:19:49.5614486Z  * [new branch]          codex/wms672-native-decode-fix           -> origin/codex/wms672-native-decode-fix
2026-10-07T01:19:49.5616995Z  * [new branch]          codex/wms672-native-error-contract-20261007 -> origin/codex/wms672-native-error-contract-20261007
2026-10-07T01:19:49.5619500Z  * [new branch]          codex/wms672-native-fix-review           -> origin/codex/wms672-native-fix-review
2026-10-07T01:19:49.5622053Z  * [new branch]          codex/wms672-peer-drain-contract-20261007 -> origin/codex/wms672-peer-drain-contract-20261007
2026-10-07T01:19:49.5624624Z  * [new branch]          codex/wms672-peer-drain-source-review    -> origin/codex/wms672-peer-drain-source-review
2026-10-07T01:19:49.5627369Z  * [new branch]          codex/wms672-raster-analyst-acceptance-20261007 -> origin/codex/wms672-raster-analyst-acceptance-20261007
2026-10-07T01:19:49.5630322Z  * [new branch]          codex/wms672-raster-resource-contract-20261007 -> origin/codex/wms672-raster-resource-contract-20261007
2026-10-07T01:19:49.5633263Z  * [new branch]          codex/wms672-raster-resource-fix         -> origin/codex/wms672-raster-resource-fix
2026-10-07T01:19:49.5635843Z  * [new branch]          codex/wms672-raster-resource-review-20261007 -> origin/codex/wms672-raster-resource-review-20261007
2026-10-07T01:19:49.5638520Z  * [new branch]          codex/wms675-ci-topology-proof-20261006  -> origin/codex/wms675-ci-topology-proof-20261006
2026-10-07T01:19:49.5641134Z  * [new branch]          codex/wms675-incident-regression-20261006 -> origin/codex/wms675-incident-regression-20261006
2026-10-07T01:19:49.5644005Z  * [new branch]          codex/wms675-live-reconciliation-20261006 -> origin/codex/wms675-live-reconciliation-20261006
2026-10-07T01:19:49.5646450Z  * [new branch]          codex/wms676-crosscheck-astra            -> origin/codex/wms676-crosscheck-astra
2026-10-07T01:19:49.5648961Z  * [new branch]          codex/wms676-night-review-fallback       -> origin/codex/wms676-night-review-fallback
2026-10-07T01:19:49.5651222Z  * [new branch]          codex/wms676-sol61-pipeline              -> origin/codex/wms676-sol61-pipeline
2026-10-07T01:19:49.5653722Z  * [new branch]          codex/wms679-fbw-analysis-source349      -> origin/codex/wms679-fbw-analysis-source349
2026-10-07T01:19:49.5656201Z  * [new branch]          codex/wms681-682-morning-intake-20261006 -> origin/codex/wms681-682-morning-intake-20261006
2026-10-07T01:19:49.5658497Z  * [new branch]          codex/wms681-qr-recovery                 -> origin/codex/wms681-qr-recovery
2026-10-07T01:19:49.5660591Z  * [new branch]          codex/wms681-real-wb-qr-hotfix           -> origin/codex/wms681-real-wb-qr-hotfix
2026-10-07T01:19:49.5662981Z  * [new branch]          deploy/wb-emulator-real-order-qr         -> origin/deploy/wb-emulator-real-order-qr
2026-10-07T01:19:49.5665306Z  * [new branch]          docs/owner-requirements-20260831         -> origin/docs/owner-requirements-20260831
2026-10-07T01:19:49.5667807Z  * [new branch]          docs/wms-system-review-protocol-20260812 -> origin/docs/wms-system-review-protocol-20260812
2026-10-07T01:19:49.5670100Z  * [new branch]          docs/wms469-470-backlog                  -> origin/docs/wms469-470-backlog
2026-10-07T01:19:49.5672274Z  * [new branch]          docs/wms561-ship-by-in-supply            -> origin/docs/wms561-ship-by-in-supply
2026-10-07T01:19:49.5674477Z  * [new branch]          docs/wms584-585-tsd-walkthrough          -> origin/docs/wms584-585-tsd-walkthrough
2026-10-07T01:19:49.5676734Z  * [new branch]          docs/wms648-ozon-catalog-backlog         -> origin/docs/wms648-ozon-catalog-backlog
2026-10-07T01:19:49.5679001Z  * [new branch]          docs/wms649-shk-po-ploshchadke           -> origin/docs/wms649-shk-po-ploshchadke
2026-10-07T01:19:49.5680918Z  * [new branch]          etalon                                   -> origin/etalon
2026-10-07T01:19:49.5682898Z  * [new branch]          feat/cz-print-split-artifact             -> origin/feat/cz-print-split-artifact
2026-10-07T01:19:49.5685341Z  * [new branch]          feat/fbs-warehouse-filter-20260812       -> origin/feat/fbs-warehouse-filter-20260812
2026-10-07T01:19:49.5687654Z  * [new branch]          feat/ff-inbound-create-20260812          -> origin/feat/ff-inbound-create-20260812
2026-10-07T01:19:49.5689926Z  * [new branch]          feat/marking-import-s3-storage           -> origin/feat/marking-import-s3-storage
2026-10-07T01:19:49.5692352Z  * [new branch]          feat/mobile-fbs-demo-seed                -> origin/feat/mobile-fbs-demo-seed
2026-10-07T01:19:49.5694494Z  * [new branch]          feat/product-barcode-print               -> origin/feat/product-barcode-print
2026-10-07T01:19:49.5696572Z  * [new branch]          feat/wms056-audit-trail                  -> origin/feat/wms056-audit-trail
2026-10-07T01:19:49.5698627Z  * [new branch]          feat/wms062-warehouse-docs               -> origin/feat/wms062-warehouse-docs
2026-10-07T01:19:49.5700767Z  * [new branch]          feat/wms111-wb-cancel-return             -> origin/feat/wms111-wb-cancel-return
2026-10-07T01:19:49.5703015Z  * [new branch]          feat/wms121-supply-identity              -> origin/feat/wms121-supply-identity
2026-10-07T01:19:49.5705128Z  * [new branch]          feat/wms270-login-and-ports              -> origin/feat/wms270-login-and-ports
2026-10-07T01:19:49.5707275Z  * [new branch]          feat/wms338-stock-min-formula            -> origin/feat/wms338-stock-min-formula
2026-10-07T01:19:49.5709742Z  * [new branch]          feat/wms349-merge-service                -> origin/feat/wms349-merge-service
2026-10-07T01:19:49.5712379Z  * [new branch]          feat/wms363-ozon-tsd                     -> origin/feat/wms363-ozon-tsd
2026-10-07T01:19:49.5714315Z  * [new branch]          feat/wms397-chat-mvp                     -> origin/feat/wms397-chat-mvp
2026-10-07T01:19:49.5716346Z  * [new branch]          feat/wms401-mobile-followup              -> origin/feat/wms401-mobile-followup
2026-10-07T01:19:49.5718711Z  * [new branch]          feat/wms433-assistant-release            -> origin/feat/wms433-assistant-release
2026-10-07T01:19:49.5720897Z  * [new branch]          feat/wms433-tenant-rollout               -> origin/feat/wms433-tenant-rollout
2026-10-07T01:19:49.5723076Z  * [new branch]          feat/wms447-fbs-box-count                -> origin/feat/wms447-fbs-box-count
2026-10-07T01:19:49.5725245Z  * [new branch]          feat/wms453-455-boxes-shared-pool        -> origin/feat/wms453-455-boxes-shared-pool
2026-10-07T01:19:49.5727387Z  * [new branch]          feat/wms469-stock-dialog                 -> origin/feat/wms469-stock-dialog
2026-10-07T01:19:49.5729504Z  * [new branch]          feat/wms529-stock-vs-location            -> origin/feat/wms529-stock-vs-location
2026-10-07T01:19:49.5731568Z  * [new branch]          feat/wms534-intake-box                   -> origin/feat/wms534-intake-box
2026-10-07T01:19:49.5733659Z  * [new branch]          feat/wms536-scan-layer                   -> origin/feat/wms536-scan-layer
2026-10-07T01:19:49.5735805Z  * [new branch]          feat/wms539-artmaks-cells-import         -> origin/feat/wms539-artmaks-cells-import
2026-10-07T01:19:49.5737947Z  * [new branch]          feat/wms631-print-agent                  -> origin/feat/wms631-print-agent
2026-10-07T01:19:49.5739924Z  * [new branch]          feat/wms633-chz-copies                   -> origin/feat/wms633-chz-copies
2026-10-07T01:19:49.5742106Z  * [new branch]          feat/wms636-wb-rejected-filter           -> origin/feat/wms636-wb-rejected-filter
2026-10-07T01:19:49.5744252Z  * [new branch]          feat/wms641-support-agent                -> origin/feat/wms641-support-agent
2026-10-07T01:19:49.5746314Z  * [new branch]          feat/wms650-sorting-impl                 -> origin/feat/wms650-sorting-impl
2026-10-07T01:19:49.5748366Z  * [new branch]          feat/wms650-sorting-mockup               -> origin/feat/wms650-sorting-mockup
2026-10-07T01:19:49.5750485Z  * [new branch]          fix/auth-staff-e2e-20260815              -> origin/fix/auth-staff-e2e-20260815
2026-10-07T01:19:49.5752792Z  * [new branch]          fix/cis-pool-full-20260821               -> origin/fix/cis-pool-full-20260821
2026-10-07T01:19:49.5754908Z  * [new branch]          fix/cz-artifact-print-scale              -> origin/fix/cz-artifact-print-scale
2026-10-07T01:19:49.5756964Z  * [new branch]          fix/deploy-hard-reset                    -> origin/fix/deploy-hard-reset
2026-10-07T01:19:49.5759043Z  * [new branch]          fix/fbs-box-controls-20260901            -> origin/fix/fbs-box-controls-20260901
2026-10-07T01:19:49.5761227Z  * [new branch]          fix/fbs-supplier-status-sync             -> origin/fix/fbs-supplier-status-sync
2026-10-07T01:19:49.5763620Z  * [new branch]          fix/inventory-owner-block-20260902       -> origin/fix/inventory-owner-block-20260902
2026-10-07T01:19:49.5766288Z  * [new branch]          fix/inventory-unexpected-product-scan-20260901 -> origin/fix/inventory-unexpected-product-scan-20260901
2026-10-07T01:19:49.5768830Z  * [new branch]          fix/kiz-gs-restore-20260821              -> origin/fix/kiz-gs-restore-20260821
2026-10-07T01:19:49.5770969Z  * [new branch]          fix/no-distribution-20260821             -> origin/fix/no-distribution-20260821
2026-10-07T01:19:49.5773534Z  * [new branch]          fix/outbound-reserve-from-sorting-20260902 -> origin/fix/outbound-reserve-from-sorting-20260902
2026-10-07T01:19:49.5776022Z  * [new branch]          fix/packing-optional-20260819            -> origin/fix/packing-optional-20260819
2026-10-07T01:19:49.5778233Z  * [new branch]          fix/packing-optional-to-prod             -> origin/fix/packing-optional-to-prod
2026-10-07T01:19:49.5780389Z  * [new branch]          fix/picklist-size-20260819               -> origin/fix/picklist-size-20260819
2026-10-07T01:19:49.5782483Z  * [new branch]          fix/print-pdf-dialog                     -> origin/fix/print-pdf-dialog
2026-10-07T01:19:49.5784639Z  * [new branch]          fix/print-restore-proven                 -> origin/fix/print-restore-proven
2026-10-07T01:19:49.5786767Z  * [new branch]          fix/review-findings-20260902             -> origin/fix/review-findings-20260902
2026-10-07T01:19:49.5789083Z  * [new branch]          fix/seller-honest-sign-sync-20260819     -> origin/fix/seller-honest-sign-sync-20260819
2026-10-07T01:19:49.5791473Z  * [new branch]          fix/warehouse-single-20260821            -> origin/fix/warehouse-single-20260821
2026-10-07T01:19:49.5793820Z  * [new branch]          fix/wb-label-seller-line-height          -> origin/fix/wb-label-seller-line-height
2026-10-07T01:19:49.5796059Z  * [new branch]          fix/wb-label-seller-line-trim            -> origin/fix/wb-label-seller-line-trim
2026-10-07T01:19:49.5798196Z  * [new branch]          fix/wb-meta-method-20260821              -> origin/fix/wb-meta-method-20260821
2026-10-07T01:19:49.5800201Z  * [new branch]          fix/wb-token-save-500                    -> origin/fix/wb-token-save-500
2026-10-07T01:19:49.5802391Z  * [new branch]          fix/wms-fbs-single-pick-by-cell          -> origin/fix/wms-fbs-single-pick-by-cell
2026-10-07T01:19:49.5804619Z  * [new branch]          fix/wms-session-regression               -> origin/fix/wms-session-regression
2026-10-07T01:19:49.5806871Z  * [new branch]          fix/wms487-tape-print-missing-codes      -> origin/fix/wms487-tape-print-missing-codes
2026-10-07T01:19:49.5809103Z  * [new branch]          fix/wms517-price-snapshot                -> origin/fix/wms517-price-snapshot
2026-10-07T01:19:49.5811076Z  * [new branch]          fix/wms517-sold-only                     -> origin/fix/wms517-sold-only
2026-10-07T01:19:49.5813213Z  * [new branch]          fix/wms625-on-etalon-20261003            -> origin/fix/wms625-on-etalon-20261003
2026-10-07T01:19:49.5815377Z  * [new branch]          fix/wms634-fbo-date-delegated            -> origin/fix/wms634-fbo-date-delegated
2026-10-07T01:19:49.5817476Z  * [new branch]          fix/wms635-kiz-no-wb-wait                -> origin/fix/wms635-kiz-no-wb-wait
2026-10-07T01:19:49.5819774Z  * [new branch]          fix/wms639-scan-no-wb-readback           -> origin/fix/wms639-scan-no-wb-readback
2026-10-07T01:19:49.5822076Z  * [new branch]          fix/wms640-scan-kiz-no-wb-wait           -> origin/fix/wms640-scan-kiz-no-wb-wait
2026-10-07T01:19:49.5824354Z  * [new branch]          fix/wms641-kiz-delete-background         -> origin/fix/wms641-kiz-delete-background
2026-10-07T01:19:49.5826679Z  * [new branch]          fix/wms642-kiz-no-locks-handover         -> origin/fix/wms642-kiz-no-locks-handover
2026-10-07T01:19:49.5829001Z  * [new branch]          fix/wms643-no-print-when-unchecked       -> origin/fix/wms643-no-print-when-unchecked
2026-10-07T01:19:49.5831317Z  * [new branch]          fix/wms652-contract-check-merge          -> origin/fix/wms652-contract-check-merge
2026-10-07T01:19:49.5833579Z  * [new branch]          fix/wms656-full-kiz-label                -> origin/fix/wms656-full-kiz-label
2026-10-07T01:19:49.5835822Z  * [new branch]          fix/wms666-product-stock-scope           -> origin/fix/wms666-product-stock-scope
2026-10-07T01:19:49.5838270Z  * [new branch]          hotfix/avpack-bulk-print-after-kiz-clear -> origin/hotfix/avpack-bulk-print-after-kiz-clear
2026-10-07T01:19:49.5840629Z  * [new branch]          hotfix/boxes-print-all-qr                -> origin/hotfix/boxes-print-all-qr
2026-10-07T01:19:49.5842978Z  * [new branch]          hotfix/cz-print-regression-2026-07-07    -> origin/hotfix/cz-print-regression-2026-07-07
2026-10-07T01:19:49.5845236Z  * [new branch]          hotfix/inbound-qty-blur-v2               -> origin/hotfix/inbound-qty-blur-v2
2026-10-07T01:19:49.5847519Z  * [new branch]          hotfix/inbound-table-header-alignment    -> origin/hotfix/inbound-table-header-alignment
2026-10-07T01:19:49.5849949Z  * [new branch]          hotfix/ozon-requirements-int-sku         -> origin/hotfix/ozon-requirements-int-sku
2026-10-07T01:19:49.5852393Z  * [new branch]          hotfix/tz-print-landscape-revert         -> origin/hotfix/tz-print-landscape-revert
2026-10-07T01:19:49.5854897Z  * [new branch]          hotfix/wb-unified-token-fbs-intake       -> origin/hotfix/wb-unified-token-fbs-intake
2026-10-07T01:19:49.5857088Z  * [new branch]          hotfix/wms622-628-restore                -> origin/hotfix/wms622-628-restore
2026-10-07T01:19:49.5859195Z  * [new branch]          integration/fbs-fixes-20260821           -> origin/integration/fbs-fixes-20260821
2026-10-07T01:19:49.5861082Z  * [new branch]          main                                     -> origin/main
2026-10-07T01:19:49.5863048Z  * [new branch]          mobile/android7-v014-recovery            -> origin/mobile/android7-v014-recovery
2026-10-07T01:19:49.5865030Z  * [new branch]          mobile/feat-fbs                          -> origin/mobile/feat-fbs
2026-10-07T01:19:49.5866899Z  * [new branch]          mockup/psp2-clickable                    -> origin/mockup/psp2-clickable
2026-10-07T01:19:49.5869672Z  * [new branch]          night/catalog-box-lookup-20260823/lane-1/01-catalog-box-lookup -> origin/night/catalog-box-lookup-20260823/lane-1/01-catalog-box-lookup
2026-10-07T01:19:49.5872913Z  * [new branch]          night/volna-9-recovery/lane-1/01-wb-marking -> origin/night/volna-9-recovery/lane-1/01-wb-marking
2026-10-07T01:19:49.5875641Z  * [new branch]          night/volna-9-recovery/lane-1/04-warehouse-switch -> origin/night/volna-9-recovery/lane-1/04-warehouse-switch
2026-10-07T01:19:49.5878355Z  * [new branch]          night/volna-9-recovery/lane-1/07-reporting -> origin/night/volna-9-recovery/lane-1/07-reporting
2026-10-07T01:19:49.5881020Z  * [new branch]          night/volna-9-recovery/lane-2/02-verdikt-screen -> origin/night/volna-9-recovery/lane-2/02-verdikt-screen
2026-10-07T01:19:49.5883786Z  * [new branch]          night/volna-9-recovery/lane-2/05-prod-slow -> origin/night/volna-9-recovery/lane-2/05-prod-slow
2026-10-07T01:19:49.5886281Z  * [new branch]          night/volna-9-recovery/lane-2/08-storage -> origin/night/volna-9-recovery/lane-2/08-storage
2026-10-07T01:19:49.5889226Z  * [new branch]          night/volna-9-recovery/lane-3/03-no-distribution-mode -> origin/night/volna-9-recovery/lane-3/03-no-distribution-mode
2026-10-07T01:19:49.5892414Z  * [new branch]          night/volna-9-recovery/lane-3/06-picking-list-order -> origin/night/volna-9-recovery/lane-3/06-picking-list-order
2026-10-07T01:19:49.5895156Z  * [new branch]          night/volna-9-recovery/lane-3/09-billing -> origin/night/volna-9-recovery/lane-3/09-billing
2026-10-07T01:19:49.5897499Z  * [new branch]          night/volna-9/lane-1/01-wb-marking       -> origin/night/volna-9/lane-1/01-wb-marking
2026-10-07T01:19:49.5899716Z  * [new branch]          night/volna-9/lane-1/07-reporting        -> origin/night/volna-9/lane-1/07-reporting
2026-10-07T01:19:49.5901988Z  * [new branch]          night/volna-9/lane-1/defect-01           -> origin/night/volna-9/lane-1/defect-01
2026-10-07T01:19:49.5904154Z  * [new branch]          night/volna-9/lane-1/feature-07          -> origin/night/volna-9/lane-1/feature-07
2026-10-07T01:19:49.5906450Z  * [new branch]          night/volna-9/lane-2/02-verdikt-screen   -> origin/night/volna-9/lane-2/02-verdikt-screen
2026-10-07T01:19:49.5908717Z  * [new branch]          night/volna-9/lane-2/08-storage          -> origin/night/volna-9/lane-2/08-storage
2026-10-07T01:19:49.5910833Z  * [new branch]          night/volna-9/lane-2/defect-02           -> origin/night/volna-9/lane-2/defect-02
2026-10-07T01:19:49.5913294Z  * [new branch]          night/volna-9/lane-3/03-no-distribution-mode -> origin/night/volna-9/lane-3/03-no-distribution-mode
2026-10-07T01:19:49.5915676Z  * [new branch]          night/volna-9/lane-3/09-billing          -> origin/night/volna-9/lane-3/09-billing
2026-10-07T01:19:49.5917815Z  * [new branch]          night/volna-9/lane-3/defect-03           -> origin/night/volna-9/lane-3/defect-03
2026-10-07T01:19:49.5920103Z  * [new branch]          night/volna-9/lane-4/04-warehouse-switch -> origin/night/volna-9/lane-4/04-warehouse-switch
2026-10-07T01:19:49.5922651Z  * [new branch]          night/volna-9/lane-4/defect-04           -> origin/night/volna-9/lane-4/defect-04
2026-10-07T01:19:49.5924813Z  * [new branch]          night/volna-9/lane-5/05-prod-slow        -> origin/night/volna-9/lane-5/05-prod-slow
2026-10-07T01:19:49.5926987Z  * [new branch]          night/volna-9/lane-5/defect-05           -> origin/night/volna-9/lane-5/defect-05
2026-10-07T01:19:49.5929312Z  * [new branch]          night/volna-9/lane-6/06-picking-list-order -> origin/night/volna-9/lane-6/06-picking-list-order
2026-10-07T01:19:49.5931648Z  * [new branch]          night/volna-9/lane-6/defect-06           -> origin/night/volna-9/lane-6/defect-06
2026-10-07T01:19:49.5933787Z  * [new branch]          night/wms-653-5beb52da                   -> origin/night/wms-653-5beb52da
2026-10-07T01:19:49.5935735Z  * [new branch]          night/wms-654-5beb52da                   -> origin/night/wms-654-5beb52da
2026-10-07T01:19:49.5937667Z  * [new branch]          night/wms-657-5beb52da                   -> origin/night/wms-657-5beb52da
2026-10-07T01:19:49.5939630Z  * [new branch]          night/wms-658-5beb52da                   -> origin/night/wms-658-5beb52da
2026-10-07T01:19:49.5941569Z  * [new branch]          night/wms-659-5beb52da                   -> origin/night/wms-659-5beb52da
2026-10-07T01:19:49.5943984Z  * [new branch]          night/zadachi-2026-08-21-20260821-r04/lane-1/01 -> origin/night/zadachi-2026-08-21-20260821-r04/lane-1/01
2026-10-07T01:19:49.5946674Z  * [new branch]          night/zadachi-2026-08-21-20260821-r04/lane-1/07 -> origin/night/zadachi-2026-08-21-20260821-r04/lane-1/07
2026-10-07T01:19:49.5949325Z  * [new branch]          night/zadachi-2026-08-21-20260821-r04/lane-2/02 -> origin/night/zadachi-2026-08-21-20260821-r04/lane-2/02
2026-10-07T01:19:49.5952073Z  * [new branch]          night/zadachi-2026-08-21-20260821-r04/lane-2/08 -> origin/night/zadachi-2026-08-21-20260821-r04/lane-2/08
2026-10-07T01:19:49.5954738Z  * [new branch]          night/zadachi-2026-08-21-20260821-r04/lane-3/03 -> origin/night/zadachi-2026-08-21-20260821-r04/lane-3/03
2026-10-07T01:19:49.5957554Z  * [new branch]          night/zadachi-2026-08-21-20260821-r04/lane-3/09 -> origin/night/zadachi-2026-08-21-20260821-r04/lane-3/09
2026-10-07T01:19:49.5960210Z  * [new branch]          night/zadachi-2026-08-21-20260821-r04/lane-4/04 -> origin/night/zadachi-2026-08-21-20260821-r04/lane-4/04
2026-10-07T01:19:49.5962953Z  * [new branch]          night/zadachi-2026-08-21-20260821-r04/lane-5/05 -> origin/night/zadachi-2026-08-21-20260821-r04/lane-5/05
2026-10-07T01:19:49.5965607Z  * [new branch]          night/zadachi-2026-08-21-20260821-r04/lane-6/06 -> origin/night/zadachi-2026-08-21-20260821-r04/lane-6/06
2026-10-07T01:19:49.5968118Z  * [new branch]          process/pipeline-on-etalon-20260821      -> origin/process/pipeline-on-etalon-20260821
2026-10-07T01:19:49.5970404Z  * [new branch]          release/2026-10-02-packing-stock         -> origin/release/2026-10-02-packing-stock
2026-10-07T01:19:49.5972600Z  * [new branch]          release/2026-10-03-ready                 -> origin/release/2026-10-03-ready
2026-10-07T01:19:49.5974617Z  * [new branch]          release/barcode-tall-label               -> origin/release/barcode-tall-label
2026-10-07T01:19:49.5976677Z  * [new branch]          release/inbound-print-fix                -> origin/release/inbound-print-fix
2026-10-07T01:19:49.5978681Z  * [new branch]          release/wms641-agent-v1                  -> origin/release/wms641-agent-v1
2026-10-07T01:19:49.5980622Z  * [new branch]          release/wms641-agent-v2                  -> origin/release/wms641-agent-v2
2026-10-07T01:19:49.5982646Z  * [new branch]          release/wms641-agent-v3                  -> origin/release/wms641-agent-v3
2026-10-07T01:19:49.5984861Z  * [new branch]          review/pick-and-binding-fixes-20260816   -> origin/review/pick-and-binding-fixes-20260816
2026-10-07T01:19:49.5987400Z  * [new branch]          review/system-wide-orchestrator-20260812 -> origin/review/system-wide-orchestrator-20260812
2026-10-07T01:19:49.5989898Z  * [new branch]          speed/test-infra-20260830                -> origin/speed/test-infra-20260830
2026-10-07T01:19:49.5991703Z  * [new branch]          staging                                  -> origin/staging
2026-10-07T01:19:49.5993564Z  * [new branch]          support-task/WMS-651-4                   -> origin/support-task/WMS-651-4
2026-10-07T01:19:49.5995500Z  * [new branch]          support-task/WMS-653-6                   -> origin/support-task/WMS-653-6
2026-10-07T01:19:49.5997434Z  * [new branch]          support-task/WMS-654-7                   -> origin/support-task/WMS-654-7
2026-10-07T01:19:49.5999420Z  * [new branch]          support-task/WMS-657-8                   -> origin/support-task/WMS-657-8
2026-10-07T01:19:49.6001366Z  * [new branch]          support-task/WMS-658-9                   -> origin/support-task/WMS-658-9
2026-10-07T01:19:49.6003411Z  * [new branch]          support-task/WMS-661-14                  -> origin/support-task/WMS-661-14
2026-10-07T01:19:49.6005386Z  * [new branch]          support-task/WMS-667-18                  -> origin/support-task/WMS-667-18
2026-10-07T01:19:49.6007327Z  * [new branch]          support-task/WMS-677-22                  -> origin/support-task/WMS-677-22
2026-10-07T01:19:49.6009263Z  * [new branch]          support-task/WMS-679-26                  -> origin/support-task/WMS-679-26
2026-10-07T01:19:49.6011205Z  * [new branch]          support-task/WMS-680-27                  -> origin/support-task/WMS-680-27
2026-10-07T01:19:49.6013289Z  * [new branch]          support-task/WMS-683-29                  -> origin/support-task/WMS-683-29
2026-10-07T01:19:49.6015313Z  * [new branch]          test/wms672-c7-c10-c11-20261006          -> origin/test/wms672-c7-c10-c11-20261006
2026-10-07T01:19:49.6017131Z  * [new tag]             tsd-preview                              -> tsd-preview
2026-10-07T01:19:49.6018881Z  * [new tag]             wms-print-direct-v2026.09.30.1           -> wms-print-direct-v2026.09.30.1
2026-10-07T01:19:49.6020878Z  * [new tag]             wms-print-direct-v2026.09.30.2           -> wms-print-direct-v2026.09.30.2
2026-10-07T01:19:49.6023114Z  * [new tag]             wms-print-direct-v2026.09.30.3           -> wms-print-direct-v2026.09.30.3
2026-10-07T01:19:49.6025127Z  * [new tag]             wms-print-direct-v2026.09.30.4           -> wms-print-direct-v2026.09.30.4
2026-10-07T01:19:49.6027114Z  * [new tag]             wms-print-direct-v2026.09.30.5           -> wms-print-direct-v2026.09.30.5
2026-10-07T01:19:49.6029146Z  * [new tag]             wms-print-direct-v2026.10.01.1-rc1       -> wms-print-direct-v2026.10.01.1-rc1
2026-10-07T01:19:49.6031078Z  * [new tag]             wms-print-v2026.09.13.1                  -> wms-print-v2026.09.13.1
2026-10-07T01:19:49.6032953Z  * [new tag]             wms-print-v2026.09.13.2                  -> wms-print-v2026.09.13.2
2026-10-07T01:19:49.6034717Z  * [new tag]             wms-print-v2026.09.13.3                  -> wms-print-v2026.09.13.3
2026-10-07T01:19:49.6036429Z  * [new ref]             8b8f20715528122a7260d650f018a9a8b4bd29e5 -> pull/387/merge
2026-10-07T01:19:49.6039937Z ##[endgroup]
2026-10-07T01:19:49.6041930Z ##[group]Determining the checkout info
2026-10-07T01:19:49.6043451Z ##[endgroup]
2026-10-07T01:19:49.6044342Z [command]/usr/bin/git sparse-checkout disable
2026-10-07T01:19:49.6047009Z [command]/usr/bin/git config --local --unset-all extensions.worktreeConfig
2026-10-07T01:19:49.6049903Z ##[group]Checking out the ref
2026-10-07T01:19:49.6051203Z [command]/usr/bin/git checkout --progress --force refs/remotes/pull/387/merge
2026-10-07T01:19:50.4918872Z Updating files:  94% (6060/6408)
2026-10-07T01:19:50.4986652Z Updating files:  95% (6088/6408)
2026-10-07T01:19:50.5067547Z Updating files:  96% (6152/6408)
2026-10-07T01:19:50.5425126Z Updating files:  97% (6216/6408)
2026-10-07T01:19:50.5500756Z Updating files:  98% (6280/6408)
2026-10-07T01:19:50.5584623Z Updating files:  99% (6344/6408)
2026-10-07T01:19:50.5585637Z Updating files: 100% (6408/6408)
2026-10-07T01:19:50.5586004Z Updating files: 100% (6408/6408), done.
2026-10-07T01:19:50.5672791Z Note: switching to 'refs/remotes/pull/387/merge'.
2026-10-07T01:19:50.5673419Z 
2026-10-07T01:19:50.5673841Z You are in 'detached HEAD' state. You can look around, make experimental
2026-10-07T01:19:50.5674773Z changes and commit them, and you can discard any commits you make in this
2026-10-07T01:19:50.5675674Z state without impacting any branches by switching back to a branch.
2026-10-07T01:19:50.5676227Z 
2026-10-07T01:19:50.5676623Z If you want to create a new branch to retain commits you create, you may
2026-10-07T01:19:50.5677476Z do so (now or later) by using -c with the switch command. Example:
2026-10-07T01:19:50.5677978Z 
2026-10-07T01:19:50.5678256Z   git switch -c <new-branch-name>
2026-10-07T01:19:50.5678583Z 
2026-10-07T01:19:50.5678772Z Or undo this operation with:
2026-10-07T01:19:50.5679073Z 
2026-10-07T01:19:50.5679240Z   git switch -
2026-10-07T01:19:50.5679513Z 
2026-10-07T01:19:50.5679903Z Turn off this advice by setting config variable advice.detachedHead to false
2026-10-07T01:19:50.5680451Z 
2026-10-07T01:19:50.5681100Z HEAD is now at 8b8f20715 Merge cbd126200788b87d1a006c5853d8e9560148cd36 into 4b298efc95be7b4b6b7fe5665be9f3671f1fe747
2026-10-07T01:19:50.5755990Z ##[endgroup]
2026-10-07T01:19:50.5814641Z [command]/usr/bin/git log -1 --format=%H
2026-10-07T01:19:50.5846519Z 8b8f20715528122a7260d650f018a9a8b4bd29e5
2026-10-07T01:19:50.5857272Z ##[group]Removing auth
2026-10-07T01:19:50.5860972Z [command]/usr/bin/git config --local --name-only --get-regexp core\.sshCommand
2026-10-07T01:19:50.5896035Z [command]/usr/bin/git submodule foreach --recursive sh -c "git config --local --name-only --get-regexp 'core\.sshCommand' && git config --local --unset-all 'core.sshCommand' || :"
2026-10-07T01:19:50.6153536Z [command]/usr/bin/git config --local --name-only --get-regexp http\.https\:\/\/github\.com\/\.extraheader
2026-10-07T01:19:50.6184873Z http.https://github.com/.extraheader
2026-10-07T01:19:50.6191651Z [command]/usr/bin/git config --local --unset-all http.https://github.com/.extraheader
2026-10-07T01:19:50.6229385Z [command]/usr/bin/git submodule foreach --recursive sh -c "git config --local --name-only --get-regexp 'http\.https\:\/\/github\.com\/\.extraheader' && git config --local --unset-all 'http.https://github.com/.extraheader' || :"
2026-10-07T01:19:50.6485917Z [command]/usr/bin/git config --local --name-only --get-regexp ^includeIf\.gitdir:
2026-10-07T01:19:50.6531158Z [command]/usr/bin/git submodule foreach --recursive git config --local --show-origin --name-only --get-regexp remote.origin.url
2026-10-07T01:19:50.6774645Z ##[endgroup]
2026-10-07T01:19:50.7037417Z ##[group]Run actions/setup-python@v5
2026-10-07T01:19:50.7037782Z with:
2026-10-07T01:19:50.7038054Z   python-version: 3.11
2026-10-07T01:19:50.7038339Z   cache: pip
2026-10-07T01:19:50.7038653Z   cache-dependency-path: backend/pyproject.toml
2026-10-07T01:19:50.7039026Z   check-latest: false
2026-10-07T01:19:50.7041558Z   token: ***
2026-10-07T01:19:50.7041962Z   update-environment: true
2026-10-07T01:19:50.7042273Z   allow-prereleases: false
2026-10-07T01:19:50.7042568Z   freethreaded: false
2026-10-07T01:19:50.7042847Z ##[endgroup]
2026-10-07T01:19:50.8410802Z ##[group]Installed versions
2026-10-07T01:19:50.8489017Z (node:2395) [DEP0040] DeprecationWarning: The `punycode` module is deprecated. Please use a userland alternative instead.
2026-10-07T01:19:50.8490323Z (Use `node --trace-deprecation ...` to show where the warning was created)
2026-10-07T01:19:50.8491110Z Successfully set up CPython (3.11.16)
2026-10-07T01:19:50.8492289Z ##[endgroup]
2026-10-07T01:19:50.8908900Z [command]/opt/hostedtoolcache/Python/3.11.16/x64/bin/pip cache dir
2026-10-07T01:19:52.6784467Z /home/runner/.cache/pip
2026-10-07T01:19:52.8788029Z Cache hit for: setup-python-Linux-x64-24.04-Ubuntu-python-3.11.16-pip-b895c9babfda1d10249511c619da3d95ed37f7d44247c5dff5f74d855af284be
2026-10-07T01:19:52.8888618Z (node:2395) [DEP0169] DeprecationWarning: `url.parse()` behavior is not standardized and prone to errors that have security implications. Use the WHATWG URL API instead. CVEs are not issued for `url.parse()` vulnerabilities.
2026-10-07T01:19:54.0265788Z Received 109051904 of 117236883 (93.0%), 103.9 MBs/sec
2026-10-07T01:19:54.0726207Z Received 117236883 of 117236883 (100.0%), 106.4 MBs/sec
2026-10-07T01:19:54.0726678Z Cache Size: ~112 MB (117236883 B)
2026-10-07T01:19:54.0756009Z [command]/usr/bin/tar -xf /home/runner/work/_temp/55b0f014-af78-47ee-89cc-23998ced1bb9/cache.tzst -P -C /home/runner/work/WMS/WMS --use-compress-program unzstd
2026-10-07T01:19:54.2680961Z Cache restored successfully
2026-10-07T01:19:54.2741431Z Cache restored from key: setup-python-Linux-x64-24.04-Ubuntu-python-3.11.16-pip-b895c9babfda1d10249511c619da3d95ed37f7d44247c5dff5f74d855af284be
2026-10-07T01:19:54.2979201Z ##[group]Run pip install -e ".[dev]" asyncpg==0.31.0
2026-10-07T01:19:54.2979687Z [36;1mpip install -e ".[dev]" asyncpg==0.31.0[0m
2026-10-07T01:19:54.3223608Z shell: /usr/bin/bash -e {0}
2026-10-07T01:19:54.3223909Z env:
2026-10-07T01:19:54.3224215Z   pythonLocation: /opt/hostedtoolcache/Python/3.11.16/x64
2026-10-07T01:19:54.3224710Z   PKG_CONFIG_PATH: /opt/hostedtoolcache/Python/3.11.16/x64/lib/pkgconfig
2026-10-07T01:19:54.3225162Z   Python_ROOT_DIR: /opt/hostedtoolcache/Python/3.11.16/x64
2026-10-07T01:19:54.3225569Z   Python2_ROOT_DIR: /opt/hostedtoolcache/Python/3.11.16/x64
2026-10-07T01:19:54.3225978Z   Python3_ROOT_DIR: /opt/hostedtoolcache/Python/3.11.16/x64
2026-10-07T01:19:54.3226362Z   LD_LIBRARY_PATH: /opt/hostedtoolcache/Python/3.11.16/x64/lib
2026-10-07T01:19:54.3226711Z ##[endgroup]
2026-10-07T01:19:55.2714700Z Obtaining file:///home/runner/work/WMS/WMS/backend
2026-10-07T01:19:55.2778536Z   Installing build dependencies: started
2026-10-07T01:19:56.0186056Z   Installing build dependencies: finished with status 'done'
2026-10-07T01:19:56.0192462Z   Checking if build backend supports build_editable: started
2026-10-07T01:19:56.4949473Z   Checking if build backend supports build_editable: finished with status 'done'
2026-10-07T01:19:56.4957137Z   Getting requirements to build editable: started
2026-10-07T01:19:56.8253851Z   Getting requirements to build editable: finished with status 'done'
2026-10-07T01:19:56.8263543Z   Preparing editable metadata (pyproject.toml): started
2026-10-07T01:19:57.0175483Z   Preparing editable metadata (pyproject.toml): finished with status 'done'
2026-10-07T01:19:57.1447076Z Collecting asyncpg==0.31.0
2026-10-07T01:19:57.2283605Z   Downloading asyncpg-0.31.0-cp311-cp311-manylinux2014_x86_64.manylinux_2_17_x86_64.manylinux_2_28_x86_64.whl.metadata (4.4 kB)
2026-10-07T01:19:57.2859585Z Collecting fastapi>=0.110 (from wms-backend==0.1.0)
2026-10-07T01:19:57.2875990Z   Using cached fastapi-0.142.2-py3-none-any.whl.metadata (27 kB)
2026-10-07T01:19:57.3174141Z Collecting uvicorn>=0.27 (from uvicorn[standard]>=0.27->wms-backend==0.1.0)
2026-10-07T01:19:57.3189668Z   Using cached uvicorn-0.54.0-py3-none-any.whl.metadata (6.6 kB)
2026-10-07T01:19:57.3387271Z Collecting python-multipart>=0.0.9 (from wms-backend==0.1.0)
2026-10-07T01:19:57.3403013Z   Using cached python_multipart-0.0.32-py3-none-any.whl.metadata (2.1 kB)
2026-10-07T01:19:57.4315256Z Collecting pydantic>=2.6 (from wms-backend==0.1.0)
2026-10-07T01:19:57.4331584Z   Using cached pydantic-2.13.5-py3-none-any.whl.metadata (110 kB)
2026-10-07T01:19:57.4599208Z Collecting pydantic-settings>=2.2 (from wms-backend==0.1.0)
2026-10-07T01:19:57.4614318Z   Using cached pydantic_settings-2.15.0-py3-none-any.whl.metadata (3.9 kB)
2026-10-07T01:19:57.7326037Z Collecting sqlalchemy<2.1,>=2.0 (from wms-backend==0.1.0)
2026-10-07T01:19:57.7344246Z   Using cached sqlalchemy-2.0.54-cp311-cp311-manylinux2014_x86_64.manylinux_2_17_x86_64.manylinux_2_28_x86_64.whl.metadata (9.7 kB)
2026-10-07T01:19:57.8682298Z Collecting greenlet>=3.0 (from wms-backend==0.1.0)
2026-10-07T01:19:57.8699291Z   Using cached greenlet-3.5.6-cp311-cp311-manylinux_2_24_x86_64.manylinux_2_28_x86_64.whl.metadata (3.8 kB)
2026-10-07T01:19:57.8930466Z Collecting alembic>=1.13 (from wms-backend==0.1.0)
2026-10-07T01:19:57.8944642Z   Using cached alembic-1.20.0-py3-none-any.whl.metadata (7.3 kB)
2026-10-07T01:19:57.9149632Z Collecting psycopg>=3.1 (from psycopg[binary]>=3.1->wms-backend==0.1.0)
2026-10-07T01:19:57.9163900Z   Using cached psycopg-3.3.6-py3-none-any.whl.metadata (4.4 kB)
2026-10-07T01:19:57.9558202Z Collecting bcrypt>=4.1 (from wms-backend==0.1.0)
2026-10-07T01:19:57.9573502Z   Using cached bcrypt-5.0.0-cp39-abi3-manylinux_2_34_x86_64.whl.metadata (10 kB)
2026-10-07T01:19:57.9772326Z Collecting pyjwt>=2.8 (from wms-backend==0.1.0)
2026-10-07T01:19:57.9787032Z   Using cached pyjwt-2.15.1-py3-none-any.whl.metadata (3.5 kB)
2026-10-07T01:19:57.9954134Z Collecting email-validator>=2.1 (from wms-backend==0.1.0)
2026-10-07T01:19:57.9969143Z   Using cached email_validator-2.3.0-py3-none-any.whl.metadata (26 kB)
2026-10-07T01:19:58.0272443Z Collecting celery>=5.3 (from celery[redis]>=5.3->wms-backend==0.1.0)
2026-10-07T01:19:58.0286889Z   Using cached celery-5.6.3-py3-none-any.whl.metadata (23 kB)
2026-10-07T01:19:58.0582498Z Collecting httpx>=0.27 (from wms-backend==0.1.0)
2026-10-07T01:19:58.0598037Z   Using cached httpx-0.28.1-py3-none-any.whl.metadata (7.1 kB)
2026-10-07T01:19:58.2364753Z Collecting cryptography>=42.0 (from wms-backend==0.1.0)
2026-10-07T01:19:58.2381292Z   Using cached cryptography-50.0.2-cp311-abi3-manylinux_2_34_x86_64.whl.metadata (4.4 kB)
2026-10-07T01:19:58.3632053Z Collecting pymupdf>=1.24 (from wms-backend==0.1.0)
2026-10-07T01:19:58.3649077Z   Using cached pymupdf-1.28.2-cp310-abi3-manylinux_2_28_x86_64.whl.metadata (26 kB)
2026-10-07T01:19:58.3925465Z Collecting zxing-cpp>=3.0 (from wms-backend==0.1.0)
2026-10-07T01:19:58.3940520Z   Using cached zxing_cpp-3.1.1-cp311-cp311-manylinux_2_27_x86_64.manylinux_2_28_x86_64.whl.metadata (2.3 kB)
2026-10-07T01:19:58.4132558Z Collecting openpyxl>=3.1 (from wms-backend==0.1.0)
2026-10-07T01:19:58.4147058Z   Using cached openpyxl-3.1.5-py2.py3-none-any.whl.metadata (2.5 kB)
2026-10-07T01:19:58.5968093Z Collecting boto3>=1.34 (from wms-backend==0.1.0)
2026-10-07T01:19:58.5984917Z   Using cached boto3-1.43.108-py3-none-any.whl.metadata (6.6 kB)
2026-10-07T01:19:58.9089864Z Collecting ruff>=0.4 (from wms-backend==0.1.0)
2026-10-07T01:19:58.9108409Z   Using cached ruff-0.16.10-py3-none-manylinux_2_17_x86_64.manylinux2014_x86_64.whl.metadata (20 kB)
2026-10-07T01:19:59.0405904Z Collecting mypy>=1.10 (from wms-backend==0.1.0)
2026-10-07T01:19:59.0422948Z   Using cached mypy-2.4.0-cp311-cp311-manylinux2014_x86_64.manylinux_2_17_x86_64.manylinux_2_28_x86_64.whl.metadata (2.4 kB)
2026-10-07T01:19:59.0728600Z Collecting pytest>=8.0 (from wms-backend==0.1.0)
2026-10-07T01:19:59.0743486Z   Using cached pytest-9.1.1-py3-none-any.whl.metadata (7.6 kB)
2026-10-07T01:19:59.0963748Z Collecting pytest-asyncio>=0.23 (from wms-backend==0.1.0)
2026-10-07T01:19:59.0977946Z   Using cached pytest_asyncio-1.4.0-py3-none-any.whl.metadata (4.1 kB)
2026-10-07T01:19:59.1168511Z Collecting pytest-xdist>=3.5 (from wms-backend==0.1.0)
2026-10-07T01:19:59.1182584Z   Using cached pytest_xdist-3.8.0-py3-none-any.whl.metadata (3.0 kB)
2026-10-07T01:19:59.1466164Z Collecting types-requests>=2.32.0.20240622 (from wms-backend==0.1.0)
2026-10-07T01:19:59.1598255Z   Downloading types_requests-2.33.0.20261006-py3-none-any.whl.metadata (2.2 kB)
2026-10-07T01:19:59.1783345Z Collecting aiosqlite>=0.20 (from wms-backend==0.1.0)
2026-10-07T01:19:59.1797240Z   Using cached aiosqlite-0.22.1-py3-none-any.whl.metadata (4.3 kB)
2026-10-07T01:19:59.1967196Z Collecting qrcode>=7.4 (from qrcode[pil]>=7.4; extra == "dev"->wms-backend==0.1.0)
2026-10-07T01:19:59.1980788Z   Using cached qrcode-8.2-py3-none-any.whl.metadata (17 kB)
2026-10-07T01:19:59.2146287Z Collecting pypng>=0.20220615 (from wms-backend==0.1.0)
2026-10-07T01:19:59.2159960Z   Using cached pypng-0.20220715.0-py3-none-any.whl.metadata (13 kB)
2026-10-07T01:19:59.2335878Z Collecting python-barcode>=0.15 (from wms-backend==0.1.0)
2026-10-07T01:19:59.2349951Z   Using cached python_barcode-0.16.1-py3-none-any.whl.metadata (2.7 kB)
2026-10-07T01:19:59.2568490Z Collecting typing-extensions>=4.6.0 (from sqlalchemy<2.1,>=2.0->wms-backend==0.1.0)
2026-10-07T01:19:59.2582638Z   Using cached typing_extensions-4.16.0-py3-none-any.whl.metadata (3.3 kB)
2026-10-07T01:19:59.2783654Z Collecting Mako (from alembic>=1.13->wms-backend==0.1.0)
2026-10-07T01:19:59.2797354Z   Using cached mako-1.4.3-py3-none-any.whl.metadata (2.9 kB)
2026-10-07T01:19:59.4702051Z Collecting botocore<1.44.0,>=1.43.108 (from boto3>=1.34->wms-backend==0.1.0)
2026-10-07T01:19:59.4718804Z   Using cached botocore-1.43.108-py3-none-any.whl.metadata (5.6 kB)
2026-10-07T01:19:59.4890022Z Collecting jmespath<2.0.0,>=0.7.1 (from boto3>=1.34->wms-backend==0.1.0)
2026-10-07T01:19:59.4904278Z   Using cached jmespath-1.1.0-py3-none-any.whl.metadata (7.6 kB)
2026-10-07T01:19:59.5103707Z Collecting s3transfer<0.20.0,>=0.19.0 (from boto3>=1.34->wms-backend==0.1.0)
2026-10-07T01:19:59.5117791Z   Using cached s3transfer-0.19.2-py3-none-any.whl.metadata (1.7 kB)
2026-10-07T01:19:59.5307937Z Collecting python-dateutil<3.0.0,>=2.1 (from botocore<1.44.0,>=1.43.108->boto3>=1.34->wms-backend==0.1.0)
2026-10-07T01:19:59.5322230Z   Using cached python_dateutil-2.9.0.post0-py2.py3-none-any.whl.metadata (8.4 kB)
2026-10-07T01:19:59.5565828Z Collecting urllib3!=2.2.0,<3,>=1.25.4 (from botocore<1.44.0,>=1.43.108->boto3>=1.34->wms-backend==0.1.0)
2026-10-07T01:19:59.5580026Z   Using cached urllib3-2.8.0-py3-none-any.whl.metadata (7.4 kB)
2026-10-07T01:19:59.5769005Z Collecting six>=1.5 (from python-dateutil<3.0.0,>=2.1->botocore<1.44.0,>=1.43.108->boto3>=1.34->wms-backend==0.1.0)
2026-10-07T01:19:59.5783700Z   Using cached six-1.17.0-py2.py3-none-any.whl.metadata (1.7 kB)
2026-10-07T01:19:59.6206176Z Collecting billiard<5.0,>=4.2.1 (from celery>=5.3->celery[redis]>=5.3->wms-backend==0.1.0)
2026-10-07T01:19:59.6337985Z   Downloading billiard-4.3.1-py3-none-any.whl.metadata (5.0 kB)
2026-10-07T01:19:59.6629928Z Collecting kombu>=5.6.0 (from celery>=5.3->celery[redis]>=5.3->wms-backend==0.1.0)
2026-10-07T01:19:59.6645581Z   Using cached kombu-5.6.2-py3-none-any.whl.metadata (3.5 kB)
2026-10-07T01:19:59.6828155Z Collecting vine<6.0,>=5.1.0 (from celery>=5.3->celery[redis]>=5.3->wms-backend==0.1.0)
2026-10-07T01:19:59.6841717Z   Using cached vine-5.1.0-py3-none-any.whl.metadata (2.7 kB)
2026-10-07T01:19:59.7560041Z Collecting click<9.0,>=8.1.2 (from celery>=5.3->celery[redis]>=5.3->wms-backend==0.1.0)
2026-10-07T01:19:59.7575745Z   Using cached click-8.5.0-py3-none-any.whl.metadata (2.6 kB)
2026-10-07T01:19:59.7730729Z Collecting click-didyoumean>=0.3.0 (from celery>=5.3->celery[redis]>=5.3->wms-backend==0.1.0)
2026-10-07T01:19:59.7744670Z   Using cached click_didyoumean-0.3.1-py3-none-any.whl.metadata (3.9 kB)
2026-10-07T01:19:59.7911664Z Collecting click-repl>=0.2.0 (from celery>=5.3->celery[redis]>=5.3->wms-backend==0.1.0)
2026-10-07T01:19:59.8035337Z   Downloading click_repl-0.4.1-py3-none-any.whl.metadata (3.7 kB)
2026-10-07T01:19:59.8209007Z Collecting click-plugins>=1.1.1 (from celery>=5.3->celery[redis]>=5.3->wms-backend==0.1.0)
2026-10-07T01:19:59.8223636Z   Using cached click_plugins-1.1.1.2-py2.py3-none-any.whl.metadata (6.5 kB)
2026-10-07T01:19:59.8426561Z Collecting tzlocal (from celery>=5.3->celery[redis]>=5.3->wms-backend==0.1.0)
2026-10-07T01:19:59.8441092Z   Using cached tzlocal-5.4.4-py3-none-any.whl.metadata (7.7 kB)
2026-10-07T01:19:59.8782569Z Collecting prompt_toolkit>=3.0.36 (from click-repl>=0.2.0->celery>=5.3->celery[redis]>=5.3->wms-backend==0.1.0)
2026-10-07T01:19:59.8797289Z   Using cached prompt_toolkit-3.0.53-py3-none-any.whl.metadata (6.4 kB)
2026-10-07T01:19:59.9756304Z Collecting cffi>=2.0.0 (from cryptography>=42.0->wms-backend==0.1.0)
2026-10-07T01:19:59.9773229Z   Using cached cffi-2.1.1-cp311-cp311-manylinux2014_x86_64.manylinux_2_17_x86_64.whl.metadata (2.5 kB)
2026-10-07T01:19:59.9950504Z Collecting pycparser (from cffi>=2.0.0->cryptography>=42.0->wms-backend==0.1.0)
2026-10-07T01:19:59.9965505Z   Using cached pycparser-3.0-py3-none-any.whl.metadata (8.2 kB)
2026-10-07T01:20:00.0150037Z Collecting dnspython>=2.0.0 (from email-validator>=2.1->wms-backend==0.1.0)
2026-10-07T01:20:00.0164842Z   Using cached dnspython-2.8.0-py3-none-any.whl.metadata (5.7 kB)
2026-10-07T01:20:00.0376745Z Collecting idna>=2.0.0 (from email-validator>=2.1->wms-backend==0.1.0)
2026-10-07T01:20:00.0392739Z   Using cached idna-3.20-py3-none-any.whl.metadata (7.2 kB)
2026-10-07T01:20:00.0674669Z Collecting starlette>=0.46.0 (from fastapi>=0.110->wms-backend==0.1.0)
2026-10-07T01:20:00.0690876Z   Using cached starlette-1.7.0-py3-none-any.whl.metadata (6.6 kB)
2026-10-07T01:20:00.0887226Z Collecting typing-inspection>=0.4.2 (from fastapi>=0.110->wms-backend==0.1.0)
2026-10-07T01:20:00.0902108Z   Using cached typing_inspection-0.4.4-py3-none-any.whl.metadata (2.6 kB)
2026-10-07T01:20:00.1054905Z Collecting annotated-doc>=0.0.2 (from fastapi>=0.110->wms-backend==0.1.0)
2026-10-07T01:20:00.1070517Z   Using cached annotated_doc-0.0.5-py3-none-any.whl.metadata (6.5 kB)
2026-10-07T01:20:00.1300113Z Collecting opentelemetry-api>=1.44.0 (from fastapi>=0.110->wms-backend==0.1.0)
2026-10-07T01:20:00.1426776Z   Downloading opentelemetry_api-1.45.1-py3-none-any.whl.metadata (1.4 kB)
2026-10-07T01:20:00.1679082Z Collecting anyio (from httpx>=0.27->wms-backend==0.1.0)
2026-10-07T01:20:00.1694563Z   Using cached anyio-4.15.1-py3-none-any.whl.metadata (4.7 kB)
2026-10-07T01:20:00.1965522Z Collecting certifi (from httpx>=0.27->wms-backend==0.1.0)
2026-10-07T01:20:00.1980372Z   Using cached certifi-2026.7.22-py3-none-any.whl.metadata (2.5 kB)
2026-10-07T01:20:00.2188863Z Collecting httpcore==1.* (from httpx>=0.27->wms-backend==0.1.0)
2026-10-07T01:20:00.2203463Z   Using cached httpcore-1.0.9-py3-none-any.whl.metadata (21 kB)
2026-10-07T01:20:00.2378544Z Collecting h11>=0.16 (from httpcore==1.*->httpx>=0.27->wms-backend==0.1.0)
2026-10-07T01:20:00.2393092Z   Using cached h11-0.16.0-py3-none-any.whl.metadata (8.3 kB)
2026-10-07T01:20:00.2620120Z Collecting amqp<6.0.0,>=5.1.1 (from kombu>=5.6.0->celery>=5.3->celery[redis]>=5.3->wms-backend==0.1.0)
2026-10-07T01:20:00.2749588Z   Downloading amqp-5.4.1-py3-none-any.whl.metadata (9.4 kB)
2026-10-07T01:20:00.2961679Z Collecting tzdata>=2025.2 (from kombu>=5.6.0->celery>=5.3->celery[redis]>=5.3->wms-backend==0.1.0)
2026-10-07T01:20:00.2976902Z   Using cached tzdata-2026.5-py2.py3-none-any.whl.metadata (1.4 kB)
2026-10-07T01:20:00.3177607Z Collecting packaging (from kombu>=5.6.0->celery>=5.3->celery[redis]>=5.3->wms-backend==0.1.0)
2026-10-07T01:20:00.3192608Z   Using cached packaging-26.3-py3-none-any.whl.metadata (3.5 kB)
2026-10-07T01:20:00.3395588Z Collecting mypy_extensions>=1.0.0 (from mypy>=1.10->wms-backend==0.1.0)
2026-10-07T01:20:00.3410272Z   Using cached mypy_extensions-1.1.0-py3-none-any.whl.metadata (1.1 kB)
2026-10-07T01:20:00.3574957Z Collecting pathspec>=1.0.0 (from mypy>=1.10->wms-backend==0.1.0)
2026-10-07T01:20:00.3589423Z   Using cached pathspec-1.1.1-py3-none-any.whl.metadata (14 kB)
2026-10-07T01:20:00.4752484Z Collecting librt>=0.16.0 (from mypy>=1.10->wms-backend==0.1.0)
2026-10-07T01:20:00.4769793Z   Using cached librt-0.16.0-cp311-cp311-manylinux2014_x86_64.manylinux_2_17_x86_64.manylinux_2_28_x86_64.whl.metadata (1.3 kB)
2026-10-07T01:20:00.5283338Z Collecting ast-serialize<1.0.0,>=0.11.2 (from mypy>=1.10->wms-backend==0.1.0)
2026-10-07T01:20:00.5299611Z   Using cached ast_serialize-0.12.1-cp39-abi3-manylinux_2_17_x86_64.manylinux2014_x86_64.whl.metadata (1.4 kB)
2026-10-07T01:20:00.5473960Z Collecting et-xmlfile (from openpyxl>=3.1->wms-backend==0.1.0)
2026-10-07T01:20:00.5488371Z   Using cached et_xmlfile-2.0.0-py3-none-any.whl.metadata (2.7 kB)
2026-10-07T01:20:00.5752491Z Collecting wcwidth>=0.1.4 (from prompt_toolkit>=3.0.36->click-repl>=0.2.0->celery>=5.3->celery[redis]>=5.3->wms-backend==0.1.0)
2026-10-07T01:20:00.5877014Z   Downloading wcwidth-0.9.2-cp310-abi3-manylinux2014_x86_64.manylinux_2_17_x86_64.whl.metadata (23 kB)
2026-10-07T01:20:00.7997503Z Collecting psycopg-binary==3.3.6 (from psycopg[binary]>=3.1->wms-backend==0.1.0)
2026-10-07T01:20:00.8015407Z   Using cached psycopg_binary-3.3.6-cp311-cp311-manylinux2014_x86_64.manylinux_2_17_x86_64.whl.metadata (2.7 kB)
2026-10-07T01:20:00.8191200Z Collecting annotated-types>=0.6.0 (from pydantic>=2.6->wms-backend==0.1.0)
2026-10-07T01:20:00.8206255Z   Using cached annotated_types-0.8.0-py3-none-any.whl.metadata (15 kB)
2026-10-07T01:20:01.4541174Z Collecting pydantic-core==2.46.5 (from pydantic>=2.6->wms-backend==0.1.0)
2026-10-07T01:20:01.4559563Z   Using cached pydantic_core-2.46.5-cp311-cp311-manylinux_2_17_x86_64.manylinux2014_x86_64.whl.metadata (6.6 kB)
2026-10-07T01:20:01.4807191Z Collecting python-dotenv>=0.21.0 (from pydantic-settings>=2.2->wms-backend==0.1.0)
2026-10-07T01:20:01.4822900Z   Using cached python_dotenv-1.2.4-py3-none-any.whl.metadata (29 kB)
2026-10-07T01:20:01.5035306Z Collecting iniconfig>=1.0.1 (from pytest>=8.0->wms-backend==0.1.0)
2026-10-07T01:20:01.5159538Z   Downloading iniconfig-2.3.1-py3-none-any.whl.metadata (2.8 kB)
2026-10-07T01:20:01.5341172Z Collecting pluggy<2,>=1.5 (from pytest>=8.0->wms-backend==0.1.0)
2026-10-07T01:20:01.5355549Z   Using cached pluggy-1.6.0-py3-none-any.whl.metadata (4.8 kB)
2026-10-07T01:20:01.5565963Z Collecting pygments>=2.7.2 (from pytest>=8.0->wms-backend==0.1.0)
2026-10-07T01:20:01.5580393Z   Using cached pygments-2.21.0-py3-none-any.whl.metadata (2.5 kB)
2026-10-07T01:20:01.5806216Z Collecting execnet>=2.1 (from pytest-xdist>=3.5->wms-backend==0.1.0)
2026-10-07T01:20:01.5820935Z   Using cached execnet-2.1.2-py3-none-any.whl.metadata (2.9 kB)
2026-10-07T01:20:01.7267358Z Collecting pillow>=9.1.0 (from qrcode[pil]>=7.4; extra == "dev"->wms-backend==0.1.0)
2026-10-07T01:20:01.7284042Z   Using cached pillow-12.3.0-cp311-cp311-manylinux_2_27_x86_64.manylinux_2_28_x86_64.whl.metadata (9.1 kB)
2026-10-07T01:20:01.8032225Z Collecting httptools>=0.8.0 (from uvicorn[standard]>=0.27->wms-backend==0.1.0)
2026-10-07T01:20:01.8047332Z   Using cached httptools-0.8.0-cp311-cp311-manylinux1_x86_64.manylinux_2_28_x86_64.manylinux_2_5_x86_64.whl.metadata (3.5 kB)
2026-10-07T01:20:01.8417755Z Collecting pyyaml>=5.1 (from uvicorn[standard]>=0.27->wms-backend==0.1.0)
2026-10-07T01:20:01.8434807Z   Using cached pyyaml-6.0.3-cp311-cp311-manylinux2014_x86_64.manylinux_2_17_x86_64.manylinux_2_28_x86_64.whl.metadata (2.4 kB)
2026-10-07T01:20:01.8809884Z Collecting uvloop>=0.15.1 (from uvicorn[standard]>=0.27->wms-backend==0.1.0)
2026-10-07T01:20:01.8825176Z   Using cached uvloop-0.23.0-cp311-cp311-manylinux2014_x86_64.manylinux_2_17_x86_64.manylinux_2_28_x86_64.whl.metadata (5.1 kB)
2026-10-07T01:20:01.9515051Z Collecting watchfiles>=0.20 (from uvicorn[standard]>=0.27->wms-backend==0.1.0)
2026-10-07T01:20:01.9531387Z   Using cached watchfiles-1.3.0-cp310-abi3-manylinux_2_17_x86_64.manylinux2014_x86_64.whl.metadata (4.9 kB)
2026-10-07T01:20:02.1381545Z Collecting websockets>=13.0 (from uvicorn[standard]>=0.27->wms-backend==0.1.0)
2026-10-07T01:20:02.1398548Z   Using cached websockets-17.2-cp311-cp311-manylinux1_x86_64.manylinux_2_28_x86_64.manylinux_2_5_x86_64.whl.metadata (6.3 kB)
2026-10-07T01:20:02.1758813Z Collecting redis!=4.5.5,!=5.0.2,<6.5,>=4.5.2 (from kombu[redis]; extra == "redis"->celery[redis]>=5.3->wms-backend==0.1.0)
2026-10-07T01:20:02.1773568Z   Using cached redis-6.4.0-py3-none-any.whl.metadata (10 kB)
2026-10-07T01:20:02.2327145Z Collecting MarkupSafe>=2.0 (from Mako->alembic>=1.13->wms-backend==0.1.0)
2026-10-07T01:20:02.2343376Z   Using cached markupsafe-3.0.4-cp311-cp311-manylinux2014_x86_64.manylinux_2_17_x86_64.manylinux_2_28_x86_64.whl.metadata (2.7 kB)
2026-10-07T01:20:02.2527630Z Downloading asyncpg-0.31.0-cp311-cp311-manylinux2014_x86_64.manylinux_2_17_x86_64.manylinux_2_28_x86_64.whl (3.0 MB)
2026-10-07T01:20:02.3428462Z    ━━━━━━━━━━━━━━━━━━━━━━━━━━━━━━━━━━━━━━━━ 3.0/3.0 MB 43.4 MB/s  0:00:00
2026-10-07T01:20:02.3446843Z Using cached sqlalchemy-2.0.54-cp311-cp311-manylinux2014_x86_64.manylinux_2_17_x86_64.manylinux_2_28_x86_64.whl (3.4 MB)
2026-10-07T01:20:02.3474034Z Using cached aiosqlite-0.22.1-py3-none-any.whl (17 kB)
2026-10-07T01:20:02.3487939Z Using cached alembic-1.20.0-py3-none-any.whl (268 kB)
2026-10-07T01:20:02.3502566Z Using cached bcrypt-5.0.0-cp39-abi3-manylinux_2_34_x86_64.whl (278 kB)
2026-10-07T01:20:02.3516887Z Using cached boto3-1.43.108-py3-none-any.whl (140 kB)
2026-10-07T01:20:02.3530489Z Using cached botocore-1.43.108-py3-none-any.whl (16.0 MB)
2026-10-07T01:20:02.3597835Z Using cached jmespath-1.1.0-py3-none-any.whl (20 kB)
2026-10-07T01:20:02.3611298Z Using cached python_dateutil-2.9.0.post0-py2.py3-none-any.whl (229 kB)
2026-10-07T01:20:02.3625494Z Using cached s3transfer-0.19.2-py3-none-any.whl (90 kB)
2026-10-07T01:20:02.3639136Z Using cached urllib3-2.8.0-py3-none-any.whl (135 kB)
2026-10-07T01:20:02.3652862Z Using cached celery-5.6.3-py3-none-any.whl (451 kB)
2026-10-07T01:20:02.3799277Z Downloading billiard-4.3.1-py3-none-any.whl (90 kB)
2026-10-07T01:20:02.3833910Z Using cached click-8.5.0-py3-none-any.whl (125 kB)
2026-10-07T01:20:02.3847541Z Using cached vine-5.1.0-py3-none-any.whl (9.6 kB)
2026-10-07T01:20:02.3860856Z Using cached click_didyoumean-0.3.1-py3-none-any.whl (3.6 kB)
2026-10-07T01:20:02.3874425Z Using cached click_plugins-1.1.1.2-py2.py3-none-any.whl (11 kB)
2026-10-07T01:20:02.4020444Z Downloading click_repl-0.4.1-py3-none-any.whl (14 kB)
2026-10-07T01:20:02.4050107Z Using cached cryptography-50.0.2-cp311-abi3-manylinux_2_34_x86_64.whl (4.8 MB)
2026-10-07T01:20:02.4079750Z Using cached cffi-2.1.1-cp311-cp311-manylinux2014_x86_64.manylinux_2_17_x86_64.whl (217 kB)
2026-10-07T01:20:02.4093556Z Using cached email_validator-2.3.0-py3-none-any.whl (35 kB)
2026-10-07T01:20:02.4106882Z Using cached dnspython-2.8.0-py3-none-any.whl (331 kB)
2026-10-07T01:20:02.4121106Z Using cached fastapi-0.142.2-py3-none-any.whl (144 kB)
2026-10-07T01:20:02.4135115Z Using cached annotated_doc-0.0.5-py3-none-any.whl (5.3 kB)
2026-10-07T01:20:02.4148526Z Using cached greenlet-3.5.6-cp311-cp311-manylinux_2_24_x86_64.manylinux_2_28_x86_64.whl (624 kB)
2026-10-07T01:20:02.4164217Z Using cached httpx-0.28.1-py3-none-any.whl (73 kB)
2026-10-07T01:20:02.4177584Z Using cached httpcore-1.0.9-py3-none-any.whl (78 kB)
2026-10-07T01:20:02.4190958Z Using cached h11-0.16.0-py3-none-any.whl (37 kB)
2026-10-07T01:20:02.4204299Z Using cached idna-3.20-py3-none-any.whl (69 kB)
2026-10-07T01:20:02.4217594Z Using cached kombu-5.6.2-py3-none-any.whl (214 kB)
2026-10-07T01:20:02.4372943Z Downloading amqp-5.4.1-py3-none-any.whl (51 kB)
2026-10-07T01:20:02.4406294Z Using cached mypy-2.4.0-cp311-cp311-manylinux2014_x86_64.manylinux_2_17_x86_64.manylinux_2_28_x86_64.whl (15.4 MB)
2026-10-07T01:20:02.4471397Z Using cached ast_serialize-0.12.1-cp39-abi3-manylinux_2_17_x86_64.manylinux2014_x86_64.whl (1.3 MB)
2026-10-07T01:20:02.4489613Z Using cached librt-0.16.0-cp311-cp311-manylinux2014_x86_64.manylinux_2_17_x86_64.manylinux_2_28_x86_64.whl (515 kB)
2026-10-07T01:20:02.4504682Z Using cached mypy_extensions-1.1.0-py3-none-any.whl (5.0 kB)
2026-10-07T01:20:02.4517974Z Using cached openpyxl-3.1.5-py2.py3-none-any.whl (250 kB)
2026-10-07T01:20:02.4647413Z Downloading opentelemetry_api-1.45.1-py3-none-any.whl (60 kB)
2026-10-07T01:20:02.4678256Z Using cached pathspec-1.1.1-py3-none-any.whl (57 kB)
2026-10-07T01:20:02.4691982Z Using cached prompt_toolkit-3.0.53-py3-none-any.whl (392 kB)
2026-10-07T01:20:02.4706888Z Using cached psycopg-3.3.6-py3-none-any.whl (215 kB)
2026-10-07T01:20:02.4721604Z Using cached psycopg_binary-3.3.6-cp311-cp311-manylinux2014_x86_64.manylinux_2_17_x86_64.whl (5.3 MB)
2026-10-07T01:20:02.4752157Z Using cached pydantic-2.13.5-py3-none-any.whl (472 kB)
2026-10-07T01:20:02.4767576Z Using cached pydantic_core-2.46.5-cp311-cp311-manylinux_2_17_x86_64.manylinux2014_x86_64.whl (2.1 MB)
2026-10-07T01:20:02.4787654Z Using cached annotated_types-0.8.0-py3-none-any.whl (13 kB)
2026-10-07T01:20:02.4800902Z Using cached pydantic_settings-2.15.0-py3-none-any.whl (69 kB)
2026-10-07T01:20:02.4814382Z Using cached pyjwt-2.15.1-py3-none-any.whl (33 kB)
2026-10-07T01:20:02.4827870Z Using cached pymupdf-1.28.2-cp310-abi3-manylinux_2_28_x86_64.whl (25.8 MB)
2026-10-07T01:20:02.4927901Z Using cached pypng-0.20220715.0-py3-none-any.whl (58 kB)
2026-10-07T01:20:02.4941230Z Using cached pytest-9.1.1-py3-none-any.whl (386 kB)
2026-10-07T01:20:02.4958630Z Using cached pluggy-1.6.0-py3-none-any.whl (20 kB)
2026-10-07T01:20:02.5091564Z Downloading iniconfig-2.3.1-py3-none-any.whl (7.6 kB)
2026-10-07T01:20:02.5122135Z Using cached packaging-26.3-py3-none-any.whl (129 kB)
2026-10-07T01:20:02.5136027Z Using cached pygments-2.21.0-py3-none-any.whl (1.3 MB)
2026-10-07T01:20:02.5153988Z Using cached pytest_asyncio-1.4.0-py3-none-any.whl (16 kB)
2026-10-07T01:20:02.5167271Z Using cached pytest_xdist-3.8.0-py3-none-any.whl (46 kB)
2026-10-07T01:20:02.5180466Z Using cached execnet-2.1.2-py3-none-any.whl (40 kB)
2026-10-07T01:20:02.5194220Z Using cached python_barcode-0.16.1-py3-none-any.whl (228 kB)
2026-10-07T01:20:02.5207929Z Using cached python_dotenv-1.2.4-py3-none-any.whl (23 kB)
2026-10-07T01:20:02.5221149Z Using cached python_multipart-0.0.32-py3-none-any.whl (30 kB)
2026-10-07T01:20:02.5234637Z Using cached qrcode-8.2-py3-none-any.whl (45 kB)
2026-10-07T01:20:02.5248312Z Using cached pillow-12.3.0-cp311-cp311-manylinux_2_27_x86_64.manylinux_2_28_x86_64.whl (6.9 MB)
2026-10-07T01:20:02.5285079Z Using cached ruff-0.16.10-py3-none-manylinux_2_17_x86_64.manylinux2014_x86_64.whl (10.4 MB)
2026-10-07T01:20:02.5332068Z Using cached six-1.17.0-py2.py3-none-any.whl (11 kB)
2026-10-07T01:20:02.5345333Z Using cached starlette-1.7.0-py3-none-any.whl (78 kB)
2026-10-07T01:20:02.5359005Z Using cached anyio-4.15.1-py3-none-any.whl (132 kB)
2026-10-07T01:20:02.5488248Z Downloading types_requests-2.33.0.20261006-py3-none-any.whl (21 kB)
2026-10-07T01:20:02.5518800Z Using cached typing_extensions-4.16.0-py3-none-any.whl (45 kB)
2026-10-07T01:20:02.5532509Z Using cached typing_inspection-0.4.4-py3-none-any.whl (14 kB)
2026-10-07T01:20:02.5546138Z Using cached tzdata-2026.5-py2.py3-none-any.whl (347 kB)
2026-10-07T01:20:02.5560841Z Using cached uvicorn-0.54.0-py3-none-any.whl (87 kB)
2026-10-07T01:20:02.5575038Z Using cached httptools-0.8.0-cp311-cp311-manylinux1_x86_64.manylinux_2_28_x86_64.manylinux_2_5_x86_64.whl (464 kB)
2026-10-07T01:20:02.5590110Z Using cached pyyaml-6.0.3-cp311-cp311-manylinux2014_x86_64.manylinux_2_17_x86_64.manylinux_2_28_x86_64.whl (806 kB)
2026-10-07T01:20:02.5606727Z Using cached uvloop-0.23.0-cp311-cp311-manylinux2014_x86_64.manylinux_2_17_x86_64.manylinux_2_28_x86_64.whl (4.0 MB)
2026-10-07T01:20:02.5633906Z Using cached watchfiles-1.3.0-cp310-abi3-manylinux_2_17_x86_64.manylinux2014_x86_64.whl (458 kB)
2026-10-07T01:20:02.5768852Z Downloading wcwidth-0.9.2-cp310-abi3-manylinux2014_x86_64.manylinux_2_17_x86_64.whl (769 kB)
2026-10-07T01:20:02.5825038Z    ━━━━━━━━━━━━━━━━━━━━━━━━━━━━━━━━━━━━━━━━ 769.8/769.8 kB 163.5 MB/s  0:00:00
2026-10-07T01:20:02.5839342Z Using cached websockets-17.2-cp311-cp311-manylinux1_x86_64.manylinux_2_28_x86_64.manylinux_2_5_x86_64.whl (225 kB)
2026-10-07T01:20:02.5853593Z Using cached zxing_cpp-3.1.1-cp311-cp311-manylinux_2_27_x86_64.manylinux_2_28_x86_64.whl (1.1 MB)
2026-10-07T01:20:02.5870676Z Using cached certifi-2026.7.22-py3-none-any.whl (136 kB)
2026-10-07T01:20:02.5884802Z Using cached et_xmlfile-2.0.0-py3-none-any.whl (18 kB)
2026-10-07T01:20:02.5898207Z Using cached redis-6.4.0-py3-none-any.whl (279 kB)
2026-10-07T01:20:02.5912575Z Using cached mako-1.4.3-py3-none-any.whl (80 kB)
2026-10-07T01:20:02.5926756Z Using cached markupsafe-3.0.4-cp311-cp311-manylinux2014_x86_64.manylinux_2_17_x86_64.manylinux_2_28_x86_64.whl (22 kB)
2026-10-07T01:20:02.5939555Z Using cached pycparser-3.0-py3-none-any.whl (48 kB)
2026-10-07T01:20:02.5953222Z Using cached tzlocal-5.4.4-py3-none-any.whl (18 kB)
2026-10-07T01:20:02.8538082Z Building wheels for collected packages: wms-backend
2026-10-07T01:20:02.8545700Z   Building editable for wms-backend (pyproject.toml): started
2026-10-07T01:20:03.0884857Z   Building editable for wms-backend (pyproject.toml): finished with status 'done'
2026-10-07T01:20:03.0890221Z   Created wheel for wms-backend: filename=wms_backend-0.1.0-0.editable-py3-none-any.whl size=3077 sha256=e71d858f29b74cbfdf3f555f0abb4ce4aa6c1d20e98ed61209f2693ee73e56e9
2026-10-07T01:20:03.0892056Z   Stored in directory: /tmp/pip-ephem-wheel-cache-ex08cevb/wheels/26/11/5b/89ad3c9e29691b924ee9e05063c147a3e1befbcc743214281d
2026-10-07T01:20:03.0906189Z Successfully built wms-backend
2026-10-07T01:20:03.2189301Z Installing collected packages: pypng, zxing-cpp, websockets, wcwidth, vine, uvloop, urllib3, tzlocal, tzdata, typing-extensions, six, ruff, redis, qrcode, pyyaml, python-multipart, python-dotenv, python-barcode, pymupdf, pyjwt, pygments, pycparser, psycopg-binary, pluggy, pillow, pathspec, packaging, mypy_extensions, MarkupSafe, librt, jmespath, iniconfig, idna, httptools, h11, greenlet, execnet, et-xmlfile, dnspython, click, certifi, billiard, bcrypt, asyncpg, ast-serialize, annotated-types, annotated-doc, aiosqlite, uvicorn, typing-inspection, types-requests, sqlalchemy, python-dateutil, pytest, pydantic-core, psycopg, prompt_toolkit, opentelemetry-api, openpyxl, mypy, Mako, httpcore, email-validator, click-plugins, click-didyoumean, cffi, anyio, amqp, watchfiles, starlette, pytest-xdist, pytest-asyncio, pydantic, kombu, httpx, cryptography, click-repl, botocore, alembic, s3transfer, pydantic-settings, fastapi, celery, boto3, wms-backend
2026-10-07T01:20:12.8667502Z 
2026-10-07T01:20:12.8703905Z Successfully installed Mako-1.4.3 MarkupSafe-3.0.4 aiosqlite-0.22.1 alembic-1.20.0 amqp-5.4.1 annotated-doc-0.0.5 annotated-types-0.8.0 anyio-4.15.1 ast-serialize-0.12.1 asyncpg-0.31.0 bcrypt-5.0.0 billiard-4.3.1 boto3-1.43.108 botocore-1.43.108 celery-5.6.3 certifi-2026.7.22 cffi-2.1.1 click-8.5.0 click-didyoumean-0.3.1 click-plugins-1.1.1.2 click-repl-0.4.1 cryptography-50.0.2 dnspython-2.8.0 email-validator-2.3.0 et-xmlfile-2.0.0 execnet-2.1.2 fastapi-0.142.2 greenlet-3.5.6 h11-0.16.0 httpcore-1.0.9 httptools-0.8.0 httpx-0.28.1 idna-3.20 iniconfig-2.3.1 jmespath-1.1.0 kombu-5.6.2 librt-0.16.0 mypy-2.4.0 mypy_extensions-1.1.0 openpyxl-3.1.5 opentelemetry-api-1.45.1 packaging-26.3 pathspec-1.1.1 pillow-12.3.0 pluggy-1.6.0 prompt_toolkit-3.0.53 psycopg-3.3.6 psycopg-binary-3.3.6 pycparser-3.0 pydantic-2.13.5 pydantic-core-2.46.5 pydantic-settings-2.15.0 pygments-2.21.0 pyjwt-2.15.1 pymupdf-1.28.2 pypng-0.20220715.0 pytest-9.1.1 pytest-asyncio-1.4.0 pytest-xdist-3.8.0 python-barcode-0.16.1 python-dateutil-2.9.0.post0 python-dotenv-1.2.4 python-multipart-0.0.32 pyyaml-6.0.3 qrcode-8.2 redis-6.4.0 ruff-0.16.10 s3transfer-0.19.2 six-1.17.0 sqlalchemy-2.0.54 starlette-1.7.0 types-requests-2.33.0.20261006 typing-extensions-4.16.0 typing-inspection-0.4.4 tzdata-2026.5 tzlocal-5.4.4 urllib3-2.8.0 uvicorn-0.54.0 uvloop-0.23.0 vine-5.1.0 watchfiles-1.3.0 wcwidth-0.9.2 websockets-17.2 wms-backend-0.1.0 zxing-cpp-3.1.1
2026-10-07T01:20:13.3090854Z ##[group]Run if ! command -v redis-server; then
2026-10-07T01:20:13.3091281Z [36;1mif ! command -v redis-server; then[0m
2026-10-07T01:20:13.3091622Z [36;1m  sudo apt-get update -qq[0m
2026-10-07T01:20:13.3092173Z [36;1m  sudo apt-get install -y redis-server[0m
2026-10-07T01:20:13.3092476Z [36;1mfi[0m
2026-10-07T01:20:13.3092701Z [36;1mcommand -v redis-server[0m
2026-10-07T01:20:13.3166508Z shell: /usr/bin/bash -e {0}
2026-10-07T01:20:13.3166791Z env:
2026-10-07T01:20:13.3167085Z   pythonLocation: /opt/hostedtoolcache/Python/3.11.16/x64
2026-10-07T01:20:13.3167557Z   PKG_CONFIG_PATH: /opt/hostedtoolcache/Python/3.11.16/x64/lib/pkgconfig
2026-10-07T01:20:13.3167991Z   Python_ROOT_DIR: /opt/hostedtoolcache/Python/3.11.16/x64
2026-10-07T01:20:13.3168379Z   Python2_ROOT_DIR: /opt/hostedtoolcache/Python/3.11.16/x64
2026-10-07T01:20:13.3168766Z   Python3_ROOT_DIR: /opt/hostedtoolcache/Python/3.11.16/x64
2026-10-07T01:20:13.3169209Z   LD_LIBRARY_PATH: /opt/hostedtoolcache/Python/3.11.16/x64/lib
2026-10-07T01:20:13.3169556Z ##[endgroup]
2026-10-07T01:20:19.2701393Z Reading package lists...
2026-10-07T01:20:19.4796500Z Building dependency tree...
2026-10-07T01:20:19.4803123Z Reading state information...
2026-10-07T01:20:19.6430918Z The following additional packages will be installed:
2026-10-07T01:20:19.6435315Z   libjemalloc2 liblzf1 redis-tools
2026-10-07T01:20:19.6440390Z Suggested packages:
2026-10-07T01:20:19.6440716Z   ruby-redis
2026-10-07T01:20:19.6633738Z The following NEW packages will be installed:
2026-10-07T01:20:19.6638274Z   libjemalloc2 liblzf1 redis-server redis-tools
2026-10-07T01:20:19.6827978Z 0 upgraded, 4 newly installed, 0 to remove and 29 not upgraded.
2026-10-07T01:20:19.6828430Z Need to get 1482 kB of archives.
2026-10-07T01:20:19.6828813Z After this operation, 7568 kB of additional disk space will be used.
2026-10-07T01:20:19.6829403Z Get:1 file:/etc/apt/apt-mirrors.txt Mirrorlist [144 B]
2026-10-07T01:20:19.8826968Z Get:2 http://azure.archive.ubuntu.com/ubuntu noble/universe amd64 libjemalloc2 amd64 5.3.0-2build1 [256 kB]
2026-10-07T01:20:21.2935262Z Get:3 http://azure.archive.ubuntu.com/ubuntu noble/universe amd64 liblzf1 amd64 3.6-4 [7624 B]
2026-10-07T01:20:21.4397186Z Get:4 http://azure.archive.ubuntu.com/ubuntu noble-updates/universe amd64 redis-tools amd64 5:7.0.15-1ubuntu0.24.04.5 [1167 kB]
2026-10-07T01:20:27.5914054Z Get:5 http://azure.archive.ubuntu.com/ubuntu noble-updates/universe amd64 redis-server amd64 5:7.0.15-1ubuntu0.24.04.5 [51.7 kB]
2026-10-07T01:20:28.1363291Z Fetched 1482 kB in 8s (181 kB/s)
2026-10-07T01:20:28.1649270Z Selecting previously unselected package libjemalloc2:amd64.
2026-10-07T01:20:28.1871025Z (Reading database ... 
2026-10-07T01:20:28.1871430Z (Reading database ... 5%
2026-10-07T01:20:28.1871707Z (Reading database ... 10%
2026-10-07T01:20:28.1872230Z (Reading database ... 15%
2026-10-07T01:20:28.1872608Z (Reading database ... 20%
2026-10-07T01:20:28.1872979Z (Reading database ... 25%
2026-10-07T01:20:28.1873524Z (Reading database ... 30%
2026-10-07T01:20:28.1884481Z (Reading database ... 35%
2026-10-07T01:20:28.1884957Z (Reading database ... 40%
2026-10-07T01:20:28.1885295Z (Reading database ... 45%
2026-10-07T01:20:28.1885638Z (Reading database ... 50%
2026-10-07T01:20:28.1913257Z (Reading database ... 55%
2026-10-07T01:20:28.2979929Z (Reading database ... 60%
2026-10-07T01:20:28.5030460Z (Reading database ... 65%
2026-10-07T01:20:28.7041476Z (Reading database ... 70%
2026-10-07T01:20:28.8590287Z (Reading database ... 75%
2026-10-07T01:20:29.0118708Z (Reading database ... 80%
2026-10-07T01:20:29.1569987Z (Reading database ... 85%
2026-10-07T01:20:29.3513739Z (Reading database ... 90%
2026-10-07T01:20:29.5009430Z (Reading database ... 95%
2026-10-07T01:20:29.5009803Z (Reading database ... 100%
2026-10-07T01:20:29.5010181Z (Reading database ... 202296 files and directories currently installed.)
2026-10-07T01:20:29.5058020Z Preparing to unpack .../libjemalloc2_5.3.0-2build1_amd64.deb ...
2026-10-07T01:20:29.5088564Z Unpacking libjemalloc2:amd64 (5.3.0-2build1) ...
2026-10-07T01:20:29.5329077Z Selecting previously unselected package liblzf1:amd64.
2026-10-07T01:20:29.5462600Z Preparing to unpack .../liblzf1_3.6-4_amd64.deb ...
2026-10-07T01:20:29.5469077Z Unpacking liblzf1:amd64 (3.6-4) ...
2026-10-07T01:20:29.5663441Z Selecting previously unselected package redis-tools.
2026-10-07T01:20:29.5796719Z Preparing to unpack .../redis-tools_5%3a7.0.15-1ubuntu0.24.04.5_amd64.deb ...
2026-10-07T01:20:29.5803724Z Unpacking redis-tools (5:7.0.15-1ubuntu0.24.04.5) ...
2026-10-07T01:20:29.6284311Z Selecting previously unselected package redis-server.
2026-10-07T01:20:29.6417404Z Preparing to unpack .../redis-server_5%3a7.0.15-1ubuntu0.24.04.5_amd64.deb ...
2026-10-07T01:20:29.6591048Z Unpacking redis-server (5:7.0.15-1ubuntu0.24.04.5) ...
2026-10-07T01:20:29.7004074Z Setting up libjemalloc2:amd64 (5.3.0-2build1) ...
2026-10-07T01:20:29.7018824Z Setting up liblzf1:amd64 (3.6-4) ...
2026-10-07T01:20:29.7033146Z Setting up redis-tools (5:7.0.15-1ubuntu0.24.04.5) ...
2026-10-07T01:20:29.8305304Z Setting up redis-server (5:7.0.15-1ubuntu0.24.04.5) ...
2026-10-07T01:20:30.2870183Z Created symlink /etc/systemd/system/redis.service → /usr/lib/systemd/system/redis-server.service.
2026-10-07T01:20:30.2871308Z 
2026-10-07T01:20:30.2872341Z Created symlink /etc/systemd/system/multi-user.target.wants/redis-server.service → /usr/lib/systemd/system/redis-server.service.
2026-10-07T01:20:30.2872966Z 
2026-10-07T01:20:30.6518890Z Processing triggers for man-db (2.12.0-4build2) ...
2026-10-07T01:20:30.6538020Z Not building database; man-db/auto-update is not 'true'.
2026-10-07T01:20:30.6548409Z Processing triggers for libc-bin (2.39-0ubuntu8.9) ...
2026-10-07T01:20:31.2860670Z 
2026-10-07T01:20:31.2861248Z Running kernel seems to be up-to-date.
2026-10-07T01:20:31.2861627Z 
2026-10-07T01:20:31.2861945Z No services need to be restarted.
2026-10-07T01:20:31.2862223Z 
2026-10-07T01:20:31.2862396Z No containers need to be restarted.
2026-10-07T01:20:31.2862693Z 
2026-10-07T01:20:31.2862956Z No user sessions are running outdated binaries.
2026-10-07T01:20:31.2863310Z 
2026-10-07T01:20:31.2863624Z No VM guests are running outdated hypervisor (qemu) binaries on this host.
2026-10-07T01:20:32.3446594Z /usr/bin/redis-server
2026-10-07T01:20:32.3534685Z ##[group]Run actions/setup-node@v4
2026-10-07T01:20:32.3534981Z with:
2026-10-07T01:20:32.3535187Z   node-version: 20
2026-10-07T01:20:32.3535406Z   cache: npm
2026-10-07T01:20:32.3535676Z   cache-dependency-path: frontend/package-lock.json
2026-10-07T01:20:32.3536001Z   always-auth: false
2026-10-07T01:20:32.3536231Z   check-latest: false
2026-10-07T01:20:32.3538634Z   token: ***
2026-10-07T01:20:32.3538847Z env:
2026-10-07T01:20:32.3539121Z   pythonLocation: /opt/hostedtoolcache/Python/3.11.16/x64
2026-10-07T01:20:32.3539565Z   PKG_CONFIG_PATH: /opt/hostedtoolcache/Python/3.11.16/x64/lib/pkgconfig
2026-10-07T01:20:32.3540008Z   Python_ROOT_DIR: /opt/hostedtoolcache/Python/3.11.16/x64
2026-10-07T01:20:32.3540398Z   Python2_ROOT_DIR: /opt/hostedtoolcache/Python/3.11.16/x64
2026-10-07T01:20:32.3540780Z   Python3_ROOT_DIR: /opt/hostedtoolcache/Python/3.11.16/x64
2026-10-07T01:20:32.3541164Z   LD_LIBRARY_PATH: /opt/hostedtoolcache/Python/3.11.16/x64/lib
2026-10-07T01:20:32.3541555Z ##[endgroup]
2026-10-07T01:20:32.4975942Z Attempting to download 20...
2026-10-07T01:20:32.5080210Z (node:3139) [DEP0040] DeprecationWarning: The `punycode` module is deprecated. Please use a userland alternative instead.
2026-10-07T01:20:32.5081194Z (Use `node --trace-deprecation ...` to show where the warning was created)
2026-10-07T01:20:33.3113084Z Acquiring 20.20.2 - x64 from https://github.com/actions/node-versions/releases/download/20.20.2-23521894959/node-20.20.2-linux-x64.tar.gz
2026-10-07T01:20:33.8392847Z Extracting ...
2026-10-07T01:20:33.8518635Z [command]/usr/bin/tar xz --strip 1 --warning=no-unknown-keyword --overwrite -C /home/runner/work/_temp/3efe6c59-f3f3-4c53-b020-027c81737d1b -f /home/runner/work/_temp/d3d578f2-699a-4aea-b35f-44345ff91554
2026-10-07T01:20:34.9530273Z Adding to the cache ...
2026-10-07T01:20:36.5146459Z ##[group]Environment details
2026-10-07T01:20:36.7429514Z node: v20.20.2
2026-10-07T01:20:36.7429948Z npm: 10.8.2
2026-10-07T01:20:36.7430248Z yarn: 1.22.22
2026-10-07T01:20:36.7430889Z ##[endgroup]
2026-10-07T01:20:36.7450341Z [command]/opt/hostedtoolcache/node/20.20.2/x64/bin/npm config get cache
2026-10-07T01:20:36.8506559Z /home/runner/.npm
2026-10-07T01:20:37.0182232Z Cache hit for: node-cache-Linux-x64-npm-85763e8c3cd51fb20d591991ef5fa0a023b0d9aaf6756079ffb1291716056b32
2026-10-07T01:20:37.0293905Z (node:3139) [DEP0169] DeprecationWarning: `url.parse()` behavior is not standardized and prone to errors that have security implications. Use the WHATWG URL API instead. CVEs are not issued for `url.parse()` vulnerabilities.
2026-10-07T01:20:38.1301100Z Received 75426797 of 75426797 (100.0%), 75.5 MBs/sec
2026-10-07T01:20:38.1302125Z Cache Size: ~72 MB (75426797 B)
2026-10-07T01:20:38.1386731Z [command]/usr/bin/tar -xf /home/runner/work/_temp/6cd3efd9-1436-4b83-a882-1b209efaf82c/cache.tzst -P -C /home/runner/work/WMS/WMS --use-compress-program unzstd
2026-10-07T01:20:38.3375815Z Cache restored successfully
2026-10-07T01:20:38.3420969Z Cache restored from key: node-cache-Linux-x64-npm-85763e8c3cd51fb20d591991ef5fa0a023b0d9aaf6756079ffb1291716056b32
2026-10-07T01:20:38.4044927Z ##[group]Run npm ci --prefix ../frontend
2026-10-07T01:20:38.4045332Z [36;1mnpm ci --prefix ../frontend[0m
2026-10-07T01:20:38.4120840Z shell: /usr/bin/bash -e {0}
2026-10-07T01:20:38.4121128Z env:
2026-10-07T01:20:38.4121429Z   pythonLocation: /opt/hostedtoolcache/Python/3.11.16/x64
2026-10-07T01:20:38.4122108Z   PKG_CONFIG_PATH: /opt/hostedtoolcache/Python/3.11.16/x64/lib/pkgconfig
2026-10-07T01:20:38.4122561Z   Python_ROOT_DIR: /opt/hostedtoolcache/Python/3.11.16/x64
2026-10-07T01:20:38.4122961Z   Python2_ROOT_DIR: /opt/hostedtoolcache/Python/3.11.16/x64
2026-10-07T01:20:38.4123366Z   Python3_ROOT_DIR: /opt/hostedtoolcache/Python/3.11.16/x64
2026-10-07T01:20:38.4123759Z   LD_LIBRARY_PATH: /opt/hostedtoolcache/Python/3.11.16/x64/lib
2026-10-07T01:20:38.4124109Z ##[endgroup]
2026-10-07T01:20:41.1190351Z npm warn deprecated whatwg-encoding@3.1.1: Use @exodus/bytes instead for a more spec-conformant and faster implementation
2026-10-07T01:20:48.0723545Z 
2026-10-07T01:20:48.0726742Z added 329 packages, and audited 330 packages in 10s
2026-10-07T01:20:48.0727175Z 
2026-10-07T01:20:48.0727429Z 85 packages are looking for funding
2026-10-07T01:20:48.0727894Z   run `npm fund` for details
2026-10-07T01:20:48.1227605Z 
2026-10-07T01:20:48.1229100Z 15 vulnerabilities (1 low, 3 moderate, 9 high, 2 critical)
2026-10-07T01:20:48.1229594Z 
2026-10-07T01:20:48.1229989Z To address issues that do not require attention, run:
2026-10-07T01:20:48.1230567Z   npm audit fix
2026-10-07T01:20:48.1230773Z 
2026-10-07T01:20:48.1231155Z To address all issues (including breaking changes), run:
2026-10-07T01:20:48.1232022Z   npm audit fix --force
2026-10-07T01:20:48.1232274Z 
2026-10-07T01:20:48.1232496Z Run `npm audit` for details.
2026-10-07T01:20:48.1880666Z ##[group]Run python ../scripts/ci/backend_shards.py run --index 1 --output "$RUNNER_TEMP/backend-shard" -- -n auto --ignore=tests/test_wms662_batch_handoff_lock_order.py --ignore=tests/test_wms662_batch_handoff_steady_state.py
2026-10-07T01:20:48.1882333Z [36;1mpython ../scripts/ci/backend_shards.py run --index 1 --output "$RUNNER_TEMP/backend-shard" -- -n auto --ignore=tests/test_wms662_batch_handoff_lock_order.py --ignore=tests/test_wms662_batch_handoff_steady_state.py[0m
2026-10-07T01:20:48.1953844Z shell: /usr/bin/bash -e {0}
2026-10-07T01:20:48.1954135Z env:
2026-10-07T01:20:48.1954430Z   pythonLocation: /opt/hostedtoolcache/Python/3.11.16/x64
2026-10-07T01:20:48.1970408Z   PKG_CONFIG_PATH: /opt/hostedtoolcache/Python/3.11.16/x64/lib/pkgconfig
2026-10-07T01:20:48.1970904Z   Python_ROOT_DIR: /opt/hostedtoolcache/Python/3.11.16/x64
2026-10-07T01:20:48.1971311Z   Python2_ROOT_DIR: /opt/hostedtoolcache/Python/3.11.16/x64
2026-10-07T01:20:48.1971891Z   Python3_ROOT_DIR: /opt/hostedtoolcache/Python/3.11.16/x64
2026-10-07T01:20:48.1972293Z   LD_LIBRARY_PATH: /opt/hostedtoolcache/Python/3.11.16/x64/lib
2026-10-07T01:20:48.1972652Z ##[endgroup]
2026-10-07T01:21:13.6231267Z ============================= test session starts ==============================
2026-10-07T01:21:13.6233569Z platform linux -- Python 3.11.16, pytest-9.1.1, pluggy-1.6.0
2026-10-07T01:21:13.6234214Z rootdir: /home/runner/work/WMS/WMS/backend
2026-10-07T01:21:13.6234566Z configfile: pyproject.toml
2026-10-07T01:21:13.6236574Z testpaths: tests
2026-10-07T01:21:13.6237179Z plugins: asyncio-1.4.0, xdist-3.8.0, anyio-4.15.1
2026-10-07T01:21:13.6238434Z asyncio: mode=Mode.AUTO, debug=False, asyncio_default_fixture_loop_scope=None, asyncio_default_test_loop_scope=function
2026-10-07T01:21:13.6239399Z collected 4631 items
2026-10-07T01:21:13.6239641Z 
2026-10-07T01:21:13.6239789Z <Dir backend>
2026-10-07T01:21:13.6240141Z   <Dir tests>
2026-10-07T01:21:13.6240472Z     <Dir guards>
2026-10-07T01:21:13.6240963Z       <Module test_guard_stock_documents.py>
2026-10-07T01:21:13.6241619Z         <Coroutine test_g_stock_1_documents_and_fbo_staging>
2026-10-07T01:21:13.6243080Z       <Module test_guard_stock_limits.py>
2026-10-07T01:21:13.6243869Z         <Coroutine test_g_stock_7_order_lifecycle_does_not_spend_operator_limit>
2026-10-07T01:21:13.6244628Z       <Module test_guard_stock_picking.py>
2026-10-07T01:21:13.6245357Z         <Coroutine test_g_stock_2_pick_undo_and_cancel_restore_exact_source>
2026-10-07T01:21:13.6246080Z       <Module test_guard_stock_printing.py>
2026-10-07T01:21:13.6246833Z         <Coroutine test_g_stock_6_print_reprint_failure_recovery_and_clear_kiz>
2026-10-07T01:21:13.6247592Z       <Module test_guard_stock_publication.py>
2026-10-07T01:21:13.6248456Z         <Coroutine test_g_stock_8_publication_min_cap_free_and_marketplace_settings>
2026-10-07T01:21:13.6249246Z       <Module test_guard_stock_reservation.py>
2026-10-07T01:21:13.6250106Z         <Coroutine test_g_stock_5_import_reserves_without_publication_and_cancel_releases>
2026-10-07T01:21:13.6250924Z       <Module test_guard_stock_shipment.py>
2026-10-07T01:21:13.6251601Z         <Coroutine test_g_stock_3_deliver_writes_three_units_once>
2026-10-07T01:21:13.6252424Z       <Module test_guard_stock_tracking.py>
2026-10-07T01:21:13.6253038Z         <Coroutine test_g_stock_4_wb_done_never_writes_off>
2026-10-07T01:21:13.6253689Z     <Module test_address_storage_cross_system.py>
2026-10-07T01:21:13.6254500Z       <Coroutine test_tenant_without_address_storage_never_needs_or_sees_a_cell>
2026-10-07T01:21:13.6255245Z     <Module test_agent_seller_rls.py>
2026-10-07T01:21:13.6255870Z       <Function test_spec_matches_models_and_has_no_cycles>
2026-10-07T01:21:13.6256734Z       <Function test_every_listed_table_gets_rls_and_exactly_one_policy_for_the_role>
2026-10-07T01:21:13.6257545Z       <Function test_role_attributes_are_minimal>
2026-10-07T01:21:13.6258346Z       <Function test_each_role_sees_exactly_its_own_rows_in_every_allowed_table[S1]>
2026-10-07T01:21:13.6259697Z       <Function test_each_role_sees_exactly_its_own_rows_in_every_allowed_table[S2]>
2026-10-07T01:21:13.6260686Z       <Function test_each_role_sees_exactly_its_own_rows_in_every_allowed_table[S3]>
2026-10-07T01:21:13.6261680Z       <Function test_each_role_sees_exactly_its_own_rows_in_every_allowed_table[S1b]>
2026-10-07T01:21:13.6262747Z       <Function test_conflicting_and_orphan_rows_are_visible_to_nobody>
2026-10-07T01:21:13.6263623Z       <Function test_tables_outside_the_list_and_secret_columns_are_denied>
2026-10-07T01:21:13.6264560Z       <Function test_where_join_union_subquery_aggregate_never_show_foreign_rows>
2026-10-07T01:21:13.6265606Z       <Function test_escape_and_write_attempts_fail[SET ROLE postgres-permission denied]>
2026-10-07T01:21:13.6266685Z       <Function test_escape_and_write_attempts_fail[SET ROLE {other}-permission denied]>
2026-10-07T01:21:13.6267877Z       <Function test_escape_and_write_attempts_fail[SET SESSION AUTHORIZATION postgres-permission denied]>
2026-10-07T01:21:13.6269273Z       <Function test_escape_and_write_attempts_fail[SELECT set_config('role', 'postgres', false)-permission denied]>
2026-10-07T01:21:13.6270604Z       <Function test_escape_and_write_attempts_fail[RESET ROLE; SET ROLE wms_agent_ro-permission denied]>
2026-10-07T01:21:13.6272012Z       <Function test_escape_and_write_attempts_fail[SELECT pg_read_file('/etc/passwd')-permission denied]>
2026-10-07T01:21:13.6273297Z       <Function test_escape_and_write_attempts_fail[SELECT lo_import('/etc/passwd')-permission denied]>
2026-10-07T01:21:13.6274558Z       <Function test_escape_and_write_attempts_fail[COPY products TO '/tmp/leak.csv'-permission denied]>
2026-10-07T01:21:13.6275806Z       <Function test_escape_and_write_attempts_fail[COPY products TO PROGRAM 'id'-permission denied]>
2026-10-07T01:21:13.6277005Z       <Function test_escape_and_write_attempts_fail[SELECT * FROM pg_authid-permission denied]>
2026-10-07T01:21:13.6278231Z       <Function test_escape_and_write_attempts_fail[SELECT public.leak_all_products()-permission denied]>
2026-10-07T01:21:13.6279535Z       <Function test_escape_and_write_attempts_fail[SELECT * FROM public.v_all_products-permission denied]>
2026-10-07T01:21:13.6281172Z       <Function test_escape_and_write_attempts_fail[INSERT INTO products (id) VALUES (gen_random_uuid())-permission denied]>
2026-10-07T01:21:13.6282713Z       <Function test_escape_and_write_attempts_fail[UPDATE products SET id = id-permission denied]>
2026-10-07T01:21:13.6283872Z       <Function test_escape_and_write_attempts_fail[DELETE FROM products-permission denied]>
2026-10-07T01:21:13.6284981Z       <Function test_escape_and_write_attempts_fail[TRUNCATE products-permission denied]>
2026-10-07T01:21:13.6286167Z       <Function test_escape_and_write_attempts_fail[CREATE TABLE public.leak (a int)-permission denied]>
2026-10-07T01:21:13.6287317Z       <Function test_escape_and_write_attempts_fail[DROP TABLE products-must be owner]>
2026-10-07T01:21:13.6288557Z       <Function test_escape_and_write_attempts_fail[ALTER TABLE products DISABLE ROW LEVEL SECURITY-must be owner]>
2026-10-07T01:21:13.6289899Z       <Function test_escape_and_write_attempts_fail[DROP POLICY agent_{hex} ON products-must be owner]>
2026-10-07T01:21:13.6291279Z       <Function test_escape_and_write_attempts_fail[GRANT SELECT ON products TO PUBLIC-permission denied]>
2026-10-07T01:21:13.6292660Z       <Function test_escape_and_write_attempts_fail[ALTER ROLE {me} BYPASSRLS-permission denied]>
2026-10-07T01:21:13.6293822Z       <Function test_escape_and_write_attempts_fail[ALTER ROLE {me} SUPERUSER-permission denied]>
2026-10-07T01:21:13.6294918Z       <Function test_escape_and_write_attempts_fail[CREATE ROLE evil-permission denied]>
2026-10-07T01:21:13.6296486Z       <Function test_escape_and_write_attempts_fail[SET default_transaction_read_only = off; INSERT INTO products (id) VALUES (gen_random_uuid())-permission denied]>
2026-10-07T01:21:13.6298422Z       <Function test_escape_and_write_attempts_fail[BEGIN READ WRITE; DELETE FROM products; COMMIT-permission denied]>
2026-10-07T01:21:13.6299672Z       <Function test_escape_and_write_attempts_fail[SELECT dblink('x', 'y')-does not exist]>
2026-10-07T01:21:13.6301201Z       <Function test_writes_are_denied_by_privileges_even_when_the_read_only_setting_is_switched_off[INSERT INTO products (id) VALUES (gen_random_uuid())]>
2026-10-07T01:21:13.6303073Z       <Function test_writes_are_denied_by_privileges_even_when_the_read_only_setting_is_switched_off[UPDATE products SET id = id]>
2026-10-07T01:21:13.6304600Z       <Function test_writes_are_denied_by_privileges_even_when_the_read_only_setting_is_switched_off[DELETE FROM products]>
2026-10-07T01:21:13.6306116Z       <Function test_writes_are_denied_by_privileges_even_when_the_read_only_setting_is_switched_off[TRUNCATE products]>
2026-10-07T01:21:13.6307654Z       <Function test_writes_are_denied_by_privileges_even_when_the_read_only_setting_is_switched_off[CREATE TABLE public.leak (a int)]>
2026-10-07T01:21:13.6309187Z       <Function test_writes_are_denied_by_privileges_even_when_the_read_only_setting_is_switched_off[CREATE SCHEMA leak]>
2026-10-07T01:21:13.6310941Z       <Function test_writes_are_denied_by_privileges_even_when_the_read_only_setting_is_switched_off[CREATE FUNCTION public.f() RETURNS int LANGUAGE sql AS 'select 1']>
2026-10-07T01:21:13.6313146Z       <Function test_writes_are_denied_by_privileges_even_when_the_read_only_setting_is_switched_off[INSERT INTO inventory_balances (id) VALUES (gen_random_uuid())]>
2026-10-07T01:21:13.6314932Z       <Function test_writes_are_denied_by_privileges_even_when_the_read_only_setting_is_switched_off[UPDATE sellers SET name = 'x']>
2026-10-07T01:21:13.6316549Z       <Function test_writes_are_denied_by_privileges_even_when_the_read_only_setting_is_switched_off[DELETE FROM fbs_orders]>
2026-10-07T01:21:13.6317766Z       <Function test_row_security_cannot_be_switched_off_to_widen_the_view>
2026-10-07T01:21:13.6318573Z       <Function test_temp_tables_do_not_shadow_or_widen>
2026-10-07T01:21:13.6319316Z       <Function test_postgres_and_shared_role_keep_their_access>
2026-10-07T01:21:13.6320149Z       <Function test_catalog_and_security_definer_functions_are_not_a_leak>
2026-10-07T01:21:13.6321194Z       <Function test_stock_by_article_is_only_the_sellers_own>
2026-10-07T01:21:13.6322229Z       <Function test_ensure_is_idempotent_and_new_tables_are_not_granted_automatically>
2026-10-07T01:21:13.6323292Z       <Function test_missing_table_or_column_in_the_database_is_skipped_not_guessed>
2026-10-07T01:21:13.6324240Z       <Function test_generator_validates_inputs_and_hides_secret_names>
2026-10-07T01:21:13.6325093Z       <Function test_gateway_refuses_everything_but_the_three_forms[]>
2026-10-07T01:21:13.6325934Z       <Function test_gateway_refuses_everything_but_the_three_forms[ls]>
2026-10-07T01:21:13.6326881Z       <Function test_gateway_refuses_everything_but_the_three_forms[sql wms_agent_ro]>
2026-10-07T01:21:13.6327892Z       <Function test_gateway_refuses_everything_but_the_three_forms[sql postgres]>
2026-10-07T01:21:13.6328922Z       <Function test_gateway_refuses_everything_but_the_three_forms[sql wms_agent_s_XYZ]>
2026-10-07T01:21:13.6330198Z       <Function test_gateway_refuses_everything_but_the_three_forms[sql wms_agent_s_aaaaaaaaaaaaaaaaaaaaaaaaaaaaaaa]>
2026-10-07T01:21:13.6331654Z       <Function test_gateway_refuses_everything_but_the_three_forms[sql wms_agent_s_aaaaaaaaaaaaaaaaaaaaaaaaaaaaaaaaa]>
2026-10-07T01:21:13.6333296Z       <Function test_gateway_refuses_everything_but_the_three_forms[sql wms_agent_s_aaaaaaaaaaaaaaaaaaaaaaaaaaaaaaaa extra]>
2026-10-07T01:21:13.6334809Z       <Function test_gateway_refuses_everything_but_the_three_forms[sql wms_agent_s_aaaaaaaaaaaaaaaaaaaaaaaaaaaaaaaa; ls]>
2026-10-07T01:21:13.6336051Z       <Function test_gateway_refuses_everything_but_the_three_forms[ensure-seller]>
2026-10-07T01:21:13.6337067Z       <Function test_gateway_refuses_everything_but_the_three_forms[ensure-seller xyz]>
2026-10-07T01:21:13.6338526Z       <Function test_gateway_refuses_everything_but_the_three_forms[ensure-seller 11111111-1111-1111-1111-111111111111; ls]>
2026-10-07T01:21:13.6339738Z       <Function test_gateway_refuses_everything_but_the_three_forms[find-seller]>
2026-10-07T01:21:13.6340729Z       <Function test_gateway_refuses_everything_but_the_three_forms[find-seller a]>
2026-10-07T01:21:13.6344835Z       <Function test_gateway_refuses_everything_but_the_three_forms[find-seller \u044f\u044f\u044f\u044f\u044f\u044f\u044f\u044f\u044f\u044f\u044f\u044f\u044f\u044f\u044f\u044f\u044f\u044f\u044f\u044f\u044f\u044f\u044f\u044f\u044f\u044f\u044f\u044f\u044f\u044f\u044f\u044f\u044f\u044f\u044f\u044f\u044f\u044f\u044f\u044f\u044f\u044f\u044f\u044f\u044f\u044f\u044f\u044f\u044f\u044f\u044f\u044f\u044f\u044f\u044f\u044f\u044f\u044f\u044f\u044f\u044f\u044f\u044f\u044f\u044f\u044f\u044f\u044f\u044f\u044f\u044f\u044f\u044f\u044f\u044f\u044f\u044f\u044f\u044f\u044f\u044f]>
2026-10-07T01:21:13.6348566Z       <Function test_gateway_refuses_everything_but_the_three_forms[find-seller x'; DROP TABLE sellers;--]>
2026-10-07T01:21:13.6349733Z       <Function test_gateway_refuses_everything_but_the_three_forms[find-seller a%]>
2026-10-07T01:21:13.6350765Z       <Function test_gateway_refuses_everything_but_the_three_forms[find-seller `id`]>
2026-10-07T01:21:13.6351969Z       <Function test_gateway_refuses_everything_but_the_three_forms[find-seller $(id)]>
2026-10-07T01:21:13.6352999Z       <Function test_gateway_refuses_everything_but_the_three_forms[find-seller a\\b]>
2026-10-07T01:21:13.6353994Z       <Function test_gateway_refuses_everything_but_the_three_forms[bash -c id]>
2026-10-07T01:21:13.6355223Z       <Function test_gateway_refuses_everything_but_the_three_forms[sql  wms_agent_s_aaaaaaaaaaaaaaaaaaaaaaaaaaaaaaaa]>
2026-10-07T01:21:13.6356682Z       <Function test_gateway_refuses_everything_but_the_three_forms[SQL wms_agent_s_aaaaaaaaaaaaaaaaaaaaaaaaaaaaaaaa]>
2026-10-07T01:21:13.6357908Z       <Function test_gateway_refuses_everything_but_the_three_forms[find-seller\tabc]>
2026-10-07T01:21:13.6358888Z       <Function test_gateway_sql_runs_under_the_sellers_role_and_returns_csv>
2026-10-07T01:21:13.6359931Z       <Function test_gateway_find_seller_is_injection_safe_and_shows_both_same_name_candidates>
2026-10-07T01:21:13.6361091Z       <Function test_gateway_ensure_unknown_seller_is_refused>
2026-10-07T01:21:13.6362075Z       <Function test_psql_meta_commands_never_reach_psql_through_the_gateway>
2026-10-07T01:21:13.6363129Z       <Function test_gateway_passes_the_query_by_dash_c_so_input_cannot_become_a_meta_command>
2026-10-07T01:21:13.6364194Z       <Function test_non_utf8_and_oversized_stdin_are_refused_without_running_psql>
2026-10-07T01:21:13.6365184Z       <Function test_gateway_contract_matches_the_client_validator_on_one_corpus>
2026-10-07T01:21:13.6366139Z       <Function test_big_stdout_is_cut_by_budget_and_the_next_query_still_works>
2026-10-07T01:21:13.6367017Z       <Function test_multibyte_field_is_cut_on_a_character_boundary>
2026-10-07T01:21:13.6367861Z       <Function test_big_stderr_is_discarded_and_the_error_is_sanitised>
2026-10-07T01:21:13.6368752Z       <Function test_gateway_run_bounded_kills_a_silent_process_on_timeout>
2026-10-07T01:21:13.6369740Z       <Function test_gateway_run_bounded_does_not_hang_on_a_noisy_stderr_and_cuts_stdout>
2026-10-07T01:21:13.6370712Z       <Function test_error_text_returned_by_the_gateway_has_no_data_values>
2026-10-07T01:21:13.6372039Z       <Function test_any_dollar_sign_is_refused_before_psql_and_nothing_is_executed[SELECT 1 AS a$$; SELECT 2 AS b$$]>
2026-10-07T01:21:13.6373492Z       <Function test_any_dollar_sign_is_refused_before_psql_and_nothing_is_executed[SELECT 1 AS a$tag$; SELECT 2 AS b$tag$]>
2026-10-07T01:21:13.6375636Z       <Function test_any_dollar_sign_is_refused_before_psql_and_nothing_is_executed[EXPLAIN SELECT 1 AS a$$; COMMIT; SET default_transaction_read_only=off; ALTER ROLE CURRENT_USER SET statement_timeout=0; SELECT 2 AS b$$]>
2026-10-07T01:21:13.6378248Z       <Function test_any_dollar_sign_is_refused_before_psql_and_nothing_is_executed[EXPLAIN SELECT 1 AS a$x$; COMMIT; ALTER ROLE CURRENT_USER SET statement_timeout=0; SELECT 2 AS b$x$]>
2026-10-07T01:21:13.6379890Z       <Function test_any_dollar_sign_is_refused_before_psql_and_nothing_is_executed[SELECT $1]>
2026-10-07T01:21:13.6381023Z       <Function test_any_dollar_sign_is_refused_before_psql_and_nothing_is_executed[SELECT '$']>
2026-10-07T01:21:13.6382317Z       <Function test_any_dollar_sign_is_refused_before_psql_and_nothing_is_executed[SELECT $$x$$]>
2026-10-07T01:21:13.6383582Z       <Function test_any_dollar_sign_is_refused_before_psql_and_nothing_is_executed[SELECT "a$b" FROM products]>
2026-10-07T01:21:13.6384847Z       <Function test_any_dollar_sign_is_refused_before_psql_and_nothing_is_executed[SELECT 1 AS a$]>
2026-10-07T01:21:13.6385977Z       <Function test_second_statement_in_any_form_is_refused[SELECT 1 AS a; SELECT 2 AS b]>
2026-10-07T01:21:13.6387037Z       <Function test_second_statement_in_any_form_is_refused[EXPLAIN SELECT 1; COMMIT]>
2026-10-07T01:21:13.6388033Z       <Function test_second_statement_in_any_form_is_refused[SELECT 1;;SELECT 2]>
2026-10-07T01:21:13.6389199Z       <Function test_second_statement_in_any_form_is_refused[SELECT 'x'; SET default_transaction_read_only=off]>
2026-10-07T01:21:13.6390268Z       <Function test_second_statement_in_any_form_is_refused[COMMIT]>
2026-10-07T01:21:13.6391358Z       <Function test_second_statement_in_any_form_is_refused[ALTER ROLE CURRENT_USER SET statement_timeout=0]>
2026-10-07T01:21:13.6392744Z       <Function test_normal_select_with_explain_still_work_and_a_semicolon_in_a_string_is_data>
2026-10-07T01:21:13.6393874Z       <Function test_session_settings_override_a_tampered_role_and_ensure_restores_the_role>
2026-10-07T01:21:13.6394944Z       <Function test_gateway_session_guard_uses_a_connection_string_not_the_environment>
2026-10-07T01:21:13.6395953Z       <Function test_repeat_ensure_on_the_current_version_takes_no_table_locks>
2026-10-07T01:21:13.6397029Z       <Function test_first_ensure_waits_about_two_seconds_then_rolls_back_without_partial_policies>
2026-10-07T01:21:13.6398066Z       <Function test_other_queries_are_not_queued_behind_a_blocked_ensure>
2026-10-07T01:21:13.6399196Z       <Function test_policies_are_recreated_only_when_the_policy_version_changes>
2026-10-07T01:21:13.6400188Z       <Function test_role_settings_are_reapplied_on_every_ensure_even_when_current>
2026-10-07T01:21:13.6401139Z       <Function test_rendered_script_has_lock_and_statement_timeouts_first>
2026-10-07T01:21:13.6402180Z       <Function test_enable_rls_and_policies_are_emitted_only_where_missing>
2026-10-07T01:21:13.6403159Z       <Function test_current_label_with_disabled_rls_is_repaired_not_reported_unchanged>
2026-10-07T01:21:13.6404129Z       <Function test_current_label_with_a_deleted_own_policy_is_repaired>
2026-10-07T01:21:13.6405083Z       <Function test_current_label_with_a_deleted_shared_policy_is_repaired>
2026-10-07T01:21:13.6406154Z       <Function test_current_branch_still_does_not_wait_for_a_held_lock_when_everything_is_in_place>
2026-10-07T01:21:13.6407265Z       <Function test_widening_the_secret_rule_revokes_a_previously_granted_column>
2026-10-07T01:21:13.6408344Z       <Function test_tenant_spec_matches_models_and_every_tenant_table_has_an_explicit_decision>
2026-10-07T01:21:13.6409461Z       <Function test_tenant_roles_are_minimal_and_every_listed_table_has_exactly_one_policy>
2026-10-07T01:21:13.6410559Z       <Function test_tenant_role_sees_exactly_its_tenant_rows_in_every_table_of_the_list[T1]>
2026-10-07T01:21:13.6411650Z       <Function test_tenant_role_sees_exactly_its_tenant_rows_in_every_table_of_the_list[T2]>
2026-10-07T01:21:13.6412852Z       <Function test_tenant_roles_never_overlap_and_see_all_sellers_of_their_own_tenant>
2026-10-07T01:21:13.6413904Z       <Function test_tenant_role_denies_credentials_secrets_and_everything_outside_the_list>
2026-10-07T01:21:13.6414958Z       <Function test_tenant_role_escape_and_cross_tenant_attempts_show_nothing_foreign>
2026-10-07T01:21:13.6416234Z       <Function test_seller_and_tenant_roles_coexist_on_the_same_tables_with_their_own_policies>
2026-10-07T01:21:13.6417277Z       <Function test_gateway_sql_under_the_tenant_role_and_ensure_is_idempotent>
2026-10-07T01:21:13.6418226Z       <Function test_gateway_refuses_malformed_tenant_commands[ensure-tenant]>
2026-10-07T01:21:13.6419190Z       <Function test_gateway_refuses_malformed_tenant_commands[ensure-tenant xyz]>
2026-10-07T01:21:13.6420388Z       <Function test_gateway_refuses_malformed_tenant_commands[ensure-tenant 11111111-1111-1111-1111-111111111111; ls]>
2026-10-07T01:21:13.6421544Z       <Function test_gateway_refuses_malformed_tenant_commands[find-tenant]>
2026-10-07T01:21:13.6422606Z       <Function test_gateway_refuses_malformed_tenant_commands[find-tenant a]>
2026-10-07T01:21:13.6423571Z       <Function test_gateway_refuses_malformed_tenant_commands[find-tenant `id`]>
2026-10-07T01:21:13.6424532Z       <Function test_gateway_refuses_malformed_tenant_commands[find-tenant $(id)]>
2026-10-07T01:21:13.6425497Z       <Function test_gateway_refuses_malformed_tenant_commands[find-tenant a\\b]>
2026-10-07T01:21:13.6426477Z       <Function test_gateway_refuses_malformed_tenant_commands[sql wms_agent_t_XYZ]>
2026-10-07T01:21:13.6427688Z       <Function test_gateway_refuses_malformed_tenant_commands[sql wms_agent_t_aaaaaaaaaaaaaaaaaaaaaaaaaaaaaaa]>
2026-10-07T01:21:13.6429095Z       <Function test_gateway_refuses_malformed_tenant_commands[sql wms_agent_x_aaaaaaaaaaaaaaaaaaaaaaaaaaaaaaaa]>
2026-10-07T01:21:13.6430515Z       <Function test_gateway_refuses_malformed_tenant_commands[sql wms_agent_t_aaaaaaaaaaaaaaaaaaaaaaaaaaaaaaaa; ls]>
2026-10-07T01:21:13.6432066Z       <Function test_gateway_refuses_malformed_tenant_commands[ENSURE-TENANT 11111111-1111-1111-1111-111111111111]>
2026-10-07T01:21:13.6433246Z       <Function test_find_tenant_ranks_by_words_counts_sellers_and_is_injection_safe>
2026-10-07T01:21:13.6434221Z       <Function test_tenant_ensure_under_a_held_lock_behaves_like_the_seller_one>
2026-10-07T01:21:13.6434990Z     <Module test_artmaks_cell_qr_mapping.py>
2026-10-07T01:21:13.6435593Z       <Function test_csv_bom_header_and_duplicates>
2026-10-07T01:21:13.6436449Z     <Module test_auth.py>
2026-10-07T01:21:13.6437089Z       <Coroutine test_same_email_has_separate_ff_and_seller_logins>
2026-10-07T01:21:13.6438557Z       <Coroutine test_ff_registration_accepts_existing_seller_email>
2026-10-07T01:21:13.6439239Z       <Coroutine test_register_login_me>
2026-10-07T01:21:13.6439854Z       <Coroutine test_register_creates_default_warehouse>
2026-10-07T01:21:13.6440502Z       <Coroutine test_register_duplicate_slug>
2026-10-07T01:21:13.6441256Z       <Coroutine test_register_duplicate_email_rolls_back_new_organization>
2026-10-07T01:21:13.6442110Z     <Module test_auth_email_links.py>
2026-10-07T01:21:13.6442747Z       <Coroutine test_public_registration_closed_by_default>
2026-10-07T01:21:13.6443456Z       <Coroutine test_invite_link_sets_password_and_logs_in>
2026-10-07T01:21:13.6444094Z       <Coroutine test_invite_link_works_once>
2026-10-07T01:21:13.6444792Z       <Coroutine test_link_rechecks_password_after_concurrent_change>
2026-10-07T01:21:13.6445480Z       <Coroutine test_password_reset_flow>
2026-10-07T01:21:13.6446152Z       <Coroutine test_password_reset_request_hides_unknown_email>
2026-10-07T01:21:13.6446882Z       <Coroutine test_broken_and_expired_links_rejected>
2026-10-07T01:21:13.6447611Z       <Coroutine test_admin_resends_invite_only_inside_own_tenant>
2026-10-07T01:21:13.6448295Z     <Module test_backfill_fbs_order_facts.py>
2026-10-07T01:21:13.6449234Z       <Coroutine test_apply_preserves_accounted_fact_dates_and_invoice_sources[issued-unbilled_charge]>
2026-10-07T01:21:13.6450447Z       <Coroutine test_apply_preserves_accounted_fact_dates_and_invoice_sources[issued-legacy]>
2026-10-07T01:21:13.6451598Z       <Coroutine test_apply_preserves_accounted_fact_dates_and_invoice_sources[issued-v2_ledger]>
2026-10-07T01:21:13.6453121Z       <Coroutine test_apply_preserves_accounted_fact_dates_and_invoice_sources[issued-v2_fact]>
2026-10-07T01:21:13.6454384Z       <Coroutine test_apply_preserves_accounted_fact_dates_and_invoice_sources[cancelled-unbilled_charge]>
2026-10-07T01:21:13.6455616Z       <Coroutine test_apply_preserves_accounted_fact_dates_and_invoice_sources[cancelled-legacy]>
2026-10-07T01:21:13.6456818Z       <Coroutine test_apply_preserves_accounted_fact_dates_and_invoice_sources[cancelled-v2_ledger]>
2026-10-07T01:21:13.6458010Z       <Coroutine test_apply_preserves_accounted_fact_dates_and_invoice_sources[cancelled-v2_fact]>
2026-10-07T01:21:13.6459037Z       <Coroutine test_unaccounted_fact_dates_dry_run_and_apply[False]>
2026-10-07T01:21:13.6459860Z       <Coroutine test_unaccounted_fact_dates_dry_run_and_apply[True]>
2026-10-07T01:21:13.6460788Z       <Coroutine test_billing_backfill_uses_handover_period_not_old_fact_date[False]>
2026-10-07T01:21:13.6461942Z       <Coroutine test_billing_backfill_uses_handover_period_not_old_fact_date[True]>
2026-10-07T01:21:13.6463119Z       <Coroutine test_backfill_uses_persisted_handover_and_ignores_unconfirmed_import[in_delivery-False]>
2026-10-07T01:21:13.6464406Z       <Coroutine test_backfill_uses_persisted_handover_and_ignores_unconfirmed_import[in_delivery-True]>
2026-10-07T01:21:13.6465669Z       <Coroutine test_backfill_uses_persisted_handover_and_ignores_unconfirmed_import[sorted-True]>
2026-10-07T01:21:13.6466871Z       <Coroutine test_backfill_uses_persisted_handover_and_ignores_unconfirmed_import[sorted-False]>
2026-10-07T01:21:13.6468065Z       <Coroutine test_backfill_uses_persisted_handover_and_ignores_unconfirmed_import[done-False]>
2026-10-07T01:21:13.6469270Z       <Coroutine test_backfill_uses_persisted_handover_and_ignores_unconfirmed_import[cancelled-True]>
2026-10-07T01:21:13.6470492Z       <Coroutine test_backfill_uses_persisted_handover_and_ignores_unconfirmed_import[defect-True]>
2026-10-07T01:21:13.6471530Z       <Coroutine test_redating_commits_at_batch_boundary_without_new_facts>
2026-10-07T01:21:13.6472387Z     <Module test_background_jobs.py>
2026-10-07T01:21:13.6472981Z       <Coroutine test_background_job_movements_digest>
2026-10-07T01:21:13.6473823Z     <Module test_billing_configuration_api.py>
2026-10-07T01:21:13.6474719Z       <Coroutine test_billing_configuration_api_validates_profiles_tariffs_and_tenant_boundary>
2026-10-07T01:21:13.6475761Z       <Coroutine test_tariff_matrix_api_is_explicit_tenant_scoped_and_atomic>
2026-10-07T01:21:13.6476789Z       <Coroutine test_tariff_matrix_api_returns_and_atomically_persists_full_versioned_draft>
2026-10-07T01:21:13.6477969Z       <Coroutine test_tariff_matrix_api_persists_product_and_employee_rates_without_cross_tenant_leak>
2026-10-07T01:21:13.6479126Z       <Coroutine test_tariff_matrix_rate_edit_closes_old_interval_and_rejects_document_rate>
2026-10-07T01:21:13.6480167Z       <Function test_matrix_out_uses_interval_active_common_not_a_future_version>
2026-10-07T01:21:13.6481162Z       <Coroutine test_creating_covering_tariffs_reprices_unpriced_entries_in_kopecks>
2026-10-07T01:21:13.6482339Z       <Coroutine test_tariff_and_repricing_overflow_are_rejected_without_partial_state>
2026-10-07T01:21:13.6483443Z       <Coroutine test_document_tariff_api_rejection_does_not_activate_or_change_billing[inbound]>
2026-10-07T01:21:13.6484457Z       <Coroutine test_document_tariff_api_rejection_does_not_activate_or_change_billing[marketplace_outbound]>
2026-10-07T01:21:13.6485255Z     <Module test_billing_configuration_service.py>
2026-10-07T01:21:13.6485847Z       <Function test_validate_inn_accepts_valid_twelve_digit_inn>
2026-10-07T01:21:13.6486576Z       <Function test_validate_inn_rejects_invalid_twelve_digit_inn_with_domain_error>
2026-10-07T01:21:13.6487340Z       <Coroutine test_tariff_versions_cannot_overlap>
2026-10-07T01:21:13.6488105Z       <Coroutine test_first_tariff_explicitly_activates_billing_from_its_start_date>
2026-10-07T01:21:13.6488893Z       <Coroutine test_tariff_rejects_unknown_service_and_invalid_unit_pair>
2026-10-07T01:21:13.6489793Z       <Coroutine test_ff_profile_rejects_whitespace_only_bank_details>
2026-10-07T01:21:13.6490608Z       <Coroutine test_document_tariff_is_rejected_before_any_database_access[inbound]>
2026-10-07T01:21:13.6491529Z       <Coroutine test_document_tariff_is_rejected_before_any_database_access[marketplace_outbound]>
2026-10-07T01:21:13.6492529Z     <Module test_billing_financial_core_migration.py>
2026-10-07T01:21:13.6493182Z       <Function test_billing_financial_core_is_in_the_single_alembic_lineage>
2026-10-07T01:21:13.6494058Z       <Function test_billing_financial_core_migration_creates_only_shared_billing_tables>
2026-10-07T01:21:13.6494850Z       <Function test_billing_invoice_number_is_unique_inside_tenant_only>
2026-10-07T01:21:13.6495680Z       <Function test_billing_models_store_money_as_kopecks_and_format_it_as_rubles>
2026-10-07T01:21:13.6496311Z     <Module test_billing_invoice_api.py>
2026-10-07T01:21:13.6497061Z       <Coroutine test_billing_http_parallel_form_uses_date_alias_and_keeps_document_snapshot>
2026-10-07T01:21:13.6498038Z       <Coroutine test_invoice_numbers_are_tenant_scoped_for_two_tenants>
2026-10-07T01:21:13.6498941Z       <Coroutine test_form_invoice_returns_empty_for_a_month_without_charges>
2026-10-07T01:21:13.6499845Z       <Coroutine test_form_invoice_api_returns_missing_ff_profile_reason>
2026-10-07T01:21:13.6500754Z       <Coroutine test_form_invoice_api_returns_missing_seller_profile_reason>
2026-10-07T01:21:13.6501694Z       <Coroutine test_billing_ledger_reversal_keeps_original_document_reference>
2026-10-07T01:21:13.6502793Z       <Coroutine test_form_invoice_keeps_unpriced_charge_as_blocking_reason>
2026-10-07T01:21:13.6503702Z       <Coroutine test_invoice_list_hides_resolved_and_nonblocking_run_issues>
2026-10-07T01:21:13.6504536Z     <Module test_billing_invoice_cross_format_duplicates.py>
2026-10-07T01:21:13.6505463Z       <Coroutine test_cross_format_overlap_is_atomic_and_cancel_releases[legacy]>
2026-10-07T01:21:13.6506414Z       <Coroutine test_cross_format_overlap_is_atomic_and_cancel_releases[v2]>
2026-10-07T01:21:13.6507210Z       <Coroutine test_storage_cancel_releases_same_days>
2026-10-07T01:21:13.6508357Z       <Coroutine test_postgres_concurrent_writers_recheck_after_shared_lock[storage-storage]>
2026-10-07T01:21:13.6509465Z       <Coroutine test_postgres_concurrent_writers_recheck_after_shared_lock[legacy-v2]>
2026-10-07T01:21:13.6510532Z       <Coroutine test_postgres_concurrent_writers_recheck_after_shared_lock[v2-legacy]>
2026-10-07T01:21:13.6511339Z     <Module test_billing_invoice_service.py>
2026-10-07T01:21:13.6512232Z       <Coroutine test_form_invoice_blocks_unpriced_with_one_current_issue>
2026-10-07T01:21:13.6513149Z       <Coroutine test_form_invoice_keeps_operational_overflow_as_a_hard_blocker>
2026-10-07T01:21:13.6514122Z       <Coroutine test_form_invoice_uses_shared_document_number_for_each_seller>
2026-10-07T01:21:13.6515059Z       <Coroutine test_form_invoice_uses_moscow_date_for_invoice_line_documents>
2026-10-07T01:21:13.6516103Z       <Coroutine test_form_invoice_returns_incomplete_seller_profile_reason_without_ff_reason>
2026-10-07T01:21:13.6517166Z       <Coroutine test_form_invoice_returns_ff_profile_reason_without_seller_reason>
2026-10-07T01:21:13.6518096Z       <Coroutine test_form_invoice_returns_each_missing_profile_reason>
2026-10-07T01:21:13.6518922Z       <Coroutine test_empty_month_is_not_persisted_as_blocking_issue>
2026-10-07T01:21:13.6519796Z       <Coroutine test_existing_invoice_clears_stale_issues_without_duplicate>
2026-10-07T01:21:13.6520835Z       <Coroutine test_storage_barrier_requires_fixed_published_statement_for_both_warehouses>
2026-10-07T01:21:13.6522037Z       <Coroutine test_storage_barrier_accepts_zero_and_measured_published_statements>
2026-10-07T01:21:13.6522872Z     <Module test_billing_invoice_shipment_selection.py>
2026-10-07T01:21:13.6523664Z       <Coroutine test_confirmed_no_gate_deduplicates_preserves_calculation>
2026-10-07T01:21:13.6524464Z       <Coroutine test_missing_price_requires_explicit_total>
2026-10-07T01:21:13.6525440Z       <Coroutine test_source_and_amount_guards[unconfirmed]>
2026-10-07T01:21:13.6526120Z       <Coroutine test_source_and_amount_guards[period]>
2026-10-07T01:21:13.6526767Z       <Coroutine test_source_and_amount_guards[seller]>
2026-10-07T01:21:13.6527412Z       <Coroutine test_source_and_amount_guards[negative]>
2026-10-07T01:21:13.6528068Z       <Coroutine test_source_and_amount_guards[overflow]>
2026-10-07T01:21:13.6529003Z       <Coroutine test_ozon_confirmed_without_local_handover_remains_invoiceable[fbs_order-ledger]>
2026-10-07T01:21:13.6530349Z       <Coroutine test_ozon_confirmed_without_local_handover_remains_invoiceable[fbs_order-source]>
2026-10-07T01:21:13.6531507Z       <Coroutine test_ozon_confirmed_without_local_handover_remains_invoiceable[packing-ledger]>
2026-10-07T01:21:13.6532859Z       <Coroutine test_ozon_confirmed_without_local_handover_remains_invoiceable[packing-source]>
2026-10-07T01:21:13.6533872Z       <Coroutine test_manual_description_cannot_hide_money[0.00-manual]>
2026-10-07T01:21:13.6534831Z       <Coroutine test_manual_description_cannot_hide_money[0.00-selected_operations]>
2026-10-07T01:21:13.6535765Z       <Coroutine test_manual_description_cannot_hide_money[1.00-manual]>
2026-10-07T01:21:13.6536685Z       <Coroutine test_manual_description_cannot_hide_money[1.00-selected_operations]>
2026-10-07T01:21:13.6537607Z       <Coroutine test_saved_unknown_calculation_survives_ledger_reprice>
2026-10-07T01:21:13.6538326Z     <Module test_billing_invoice_v2_api.py>
2026-10-07T01:21:13.6539037Z       <Coroutine test_manual_invoice_v2_preview_save_retry_and_cancel>
2026-10-07T01:21:13.6539936Z       <Coroutine test_manual_invoice_v2_rejects_decimal_float_and_missing_key>
2026-10-07T01:21:13.6540922Z       <Coroutine test_selected_operations_invoice_uses_whole_charge_reversal_chain>
2026-10-07T01:21:13.6542071Z       <Coroutine test_invoice_history_merges_legacy_and_v2_without_losing_documents>
2026-10-07T01:21:13.6543006Z       <Coroutine test_v2_invoice_marks_the_operation_as_already_billed>
2026-10-07T01:21:13.6543797Z       <Coroutine test_storage_period_cannot_be_invoiced_twice>
2026-10-07T01:21:13.6544839Z       <Coroutine test_selected_operations_invoice_carries_manually_added_lines>
2026-10-07T01:21:13.6545805Z       <Coroutine test_late_evening_utc_operation_belongs_to_the_moscow_day>
2026-10-07T01:21:13.6546732Z       <Coroutine test_p36_return_service_line_labelled_vozvrat_not_raw_code>
2026-10-07T01:21:13.6547509Z     <Module test_billing_invoice_v2_duplicates.py>
2026-10-07T01:21:13.6548374Z       <Coroutine test_overlap_rejected_atomically_cancel_releases_and_history_stays>
2026-10-07T01:21:13.6549341Z       <Coroutine test_postgres_concurrent_issue_waits_then_rechecks[False]>
2026-10-07T01:21:13.6550255Z       <Coroutine test_postgres_concurrent_issue_waits_then_rechecks[True]>
2026-10-07T01:21:13.6550983Z     <Module test_billing_ledger_service.py>
2026-10-07T01:21:13.6551894Z       <Function test_postgres_numeric_validates_finite_precision_and_scale>
2026-10-07T01:21:13.6552760Z       <Coroutine test_operational_charge_without_tariff_is_unpriced>
2026-10-07T01:21:13.6553608Z       <Coroutine test_repeated_operational_charge_returns_existing_entry>
2026-10-07T01:21:13.6554418Z       <Coroutine test_tariff_period_uses_moscow_calendar_date>
2026-10-07T01:21:13.6555253Z       <Coroutine test_operational_charge_accepts_max_postgres_integer_amount>
2026-10-07T01:21:13.6556280Z       <Coroutine test_operational_charge_rejects_rate_times_quantity_overflow_before_write>
2026-10-07T01:21:13.6557334Z       <Coroutine test_operational_charge_before_billing_activation_is_not_recorded>
2026-10-07T01:21:13.6558321Z       <Coroutine test_operational_reversal_preserves_snapshot_and_is_idempotent>
2026-10-07T01:21:13.6559296Z       <Coroutine test_charge_is_created_again_only_after_the_same_fact_is_reversed>
2026-10-07T01:21:13.6560266Z       <Coroutine test_identical_charge_calls_without_reversal_create_one_ledger_entry>
2026-10-07T01:21:13.6561340Z     <Module test_billing_models.py>
2026-10-07T01:21:13.6562126Z       <Function test_billing_ff_profile_index_is_partial_on_sqlite>
2026-10-07T01:21:13.6563067Z       <Function test_billing_unique_indexes_separate_global_and_warehouse_tariff_scopes>
2026-10-07T01:21:13.6564107Z       <Function test_billing_ledger_rejects_duplicate_source_event_and_second_reversal>
2026-10-07T01:21:13.6564909Z     <Module test_billing_piece_tariff.py>
2026-10-07T01:21:13.6565812Z       <Coroutine test_completed_multiline_intake_prices_pieces_once_and_keeps_tenant_scope[legacy]>
2026-10-07T01:21:13.6567055Z       <Coroutine test_completed_multiline_intake_prices_pieces_once_and_keeps_tenant_scope[matrix]>
2026-10-07T01:21:13.6567955Z     <Module test_billing_seller_report_api.py>
2026-10-07T01:21:13.6568873Z       <Coroutine test_wms406_confirmed_handover_drives_both_reports_despite_old_fact_dates[False]>
2026-10-07T01:21:13.6570032Z       <Coroutine test_wms406_confirmed_handover_drives_both_reports_despite_old_fact_dates[True]>
2026-10-07T01:21:13.6571196Z       <Coroutine test_wms406_fbo_shipped_units_define_packing_without_standalone_events[False]>
2026-10-07T01:21:13.6572735Z       <Coroutine test_wms406_fbo_shipped_units_define_packing_without_standalone_events[True]>
2026-10-07T01:21:13.6573446Z       <Coroutine test_wms406_legacy_fbo_packing_and_ozon_contract_remain_visible>
2026-10-07T01:21:13.6574100Z       <Coroutine test_wms406_fbo_existing_unpriced_charge_is_not_zero_or_live_repriced[False]>
2026-10-07T01:21:13.6574765Z       <Coroutine test_wms406_fbo_existing_unpriced_charge_is_not_zero_or_live_repriced[True]>
2026-10-07T01:21:13.6575369Z       <Coroutine test_seller_report_summary_and_details_are_tenant_scoped>
2026-10-07T01:21:13.6575961Z       <Coroutine test_seller_report_rejects_future_and_too_long_period_before_data_read>
2026-10-07T01:21:13.6576593Z       <Coroutine test_details_cursor_keeps_one_storage_row_and_exact_legacy_invoice_history>
2026-10-07T01:21:13.6577212Z       <Coroutine test_finance_off_hides_unpriced_and_openapi_exposes_distinct_shapes>
2026-10-07T01:21:13.6577788Z       <Coroutine test_invoice_history_counts_the_full_charge_reversal_chain>
2026-10-07T01:21:13.6578653Z       <Coroutine test_malformed_same_tenant_invoice_snapshot_makes_history_unknown>
2026-10-07T01:21:13.6579247Z       <Coroutine test_finance_operation_fact_explicitly_nulls_unpriced_and_mixed_rates>
2026-10-07T01:21:13.6579809Z       <Coroutine test_packing_charge_is_visible_and_can_be_invoiced>
2026-10-07T01:21:13.6580285Z       <Coroutine test_seller_with_storage_only_stays_in_the_summary>
2026-10-07T01:21:13.6580739Z       <Coroutine test_reversal_money_lands_on_its_own_document>
2026-10-07T01:21:13.6581252Z       <Coroutine test_wms447_fbs_box_count_lands_in_totals_by_delivered_supply[False]>
2026-10-07T01:21:13.6582026Z       <Coroutine test_wms447_fbs_box_count_lands_in_totals_by_delivered_supply[True]>
2026-10-07T01:21:13.6582571Z       <Coroutine test_wms568_return_items_are_counted_apart_from_inbound>
2026-10-07T01:21:13.6583030Z     <Module test_billing_seller_report_service.py>
2026-10-07T01:21:13.6583562Z       <Function test_exact_storage_interval_clamps_preexisting_stock_to_the_three_day_window>
2026-10-07T01:21:13.6584187Z       <Function test_storage_two_warehouse_total_and_missing_dimension_stay_explicit>
2026-10-07T01:21:13.6584769Z       <Function test_storage_fingerprint_token_is_stable_then_changes_with_source_data>
2026-10-07T01:21:13.6585275Z       <Coroutine test_finance_off_has_physical_shape_only>
2026-10-07T01:21:13.6585675Z     <Module test_billing_storage_tariff_matrix.py>
2026-10-07T01:21:13.6586111Z       <Coroutine test_storage_is_a_matrix_service_with_a_common_rate>
2026-10-07T01:21:13.6586568Z       <Coroutine test_storage_takes_an_individual_seller_rate>
2026-10-07T01:21:13.6586978Z       <Coroutine test_storage_rejects_a_per_item_unit>
2026-10-07T01:21:13.6587349Z       <Coroutine test_storage_is_not_an_employee_rate>
2026-10-07T01:21:13.6587827Z       <Coroutine test_night_prices_storage_by_the_matrix_and_prefers_the_seller_rate>
2026-10-07T01:21:13.6588443Z     <Module test_billing_tariff_matrix.py>
2026-10-07T01:21:13.6588906Z       <Coroutine test_new_tenant_gets_persisted_disabled_matrix_including_storage>
2026-10-07T01:21:13.6589489Z       <Coroutine test_matrix_bootstrap_is_idempotent_and_missing_matrix_is_not_silent>
2026-10-07T01:21:13.6590041Z       <Coroutine test_matrix_service_rejects_rate_overflow_before_writing>
2026-10-07T01:21:13.6590541Z       <Coroutine test_saving_a_matrix_rate_enables_billing_for_the_tenant>
2026-10-07T01:21:13.6591067Z       <Coroutine test_postgresql_two_sessions_accept_exactly_one_matrix_revision>
2026-10-07T01:21:13.6591657Z       <Coroutine test_postgresql_composite_ledger_line_foreign_keys_reject_foreign_tenant>
2026-10-07T01:21:13.6592481Z       <Coroutine test_postgresql_v2_scope_check_rejects_invalid_direct_inserts>
2026-10-07T01:21:13.6593026Z       <Function test_postgresql_0113_isolated_upgrade_downgrade_reupgrade>
2026-10-07T01:21:13.6593594Z       <Coroutine test_matrix_refuses_new_document_rates_but_keeps_reading_old_ones>
2026-10-07T01:21:13.6594060Z     <Module test_billing_tariff_priority.py>
2026-10-07T01:21:13.6594490Z       <Coroutine test_seller_rate_beats_a_common_rate_created_later>
2026-10-07T01:21:13.6594939Z       <Coroutine test_product_rate_beats_seller_and_common>
2026-10-07T01:21:13.6595379Z       <Coroutine test_seller_rate_never_leaks_to_another_seller>
2026-10-07T01:21:13.6595815Z       <Coroutine test_newer_rate_still_wins_inside_one_level>
2026-10-07T01:21:13.6596192Z     <Module test_billing_tasks.py>
2026-10-07T01:21:13.6596601Z       <Coroutine test_already_queued_daily_invoice_task_is_a_db_free_noop>
2026-10-07T01:21:13.6597067Z       <Function test_beat_has_no_automatic_invoice_task>
2026-10-07T01:21:13.6597459Z     <Module test_bootstrap_billing_tariff_matrix.py>
2026-10-07T01:21:13.6597945Z       <Coroutine test_bootstrap_matrix_creation_is_idempotent_for_existing_tenant>
2026-10-07T01:21:13.6598391Z     <Module test_box_barcode_service.py>
2026-10-07T01:21:13.6598838Z       <Function test_generated_box_barcodes_are_wb_compatible_and_unique[WHB]>
2026-10-07T01:21:13.6599373Z       <Function test_generated_box_barcodes_are_wb_compatible_and_unique[INB]>
2026-10-07T01:21:13.6600040Z       <Function test_every_physical_box_generator_uses_the_shared_format>
2026-10-07T01:21:13.6600607Z       <Function test_collision_budget_is_below_one_in_twenty_million_at_ten_million_boxes>
2026-10-07T01:21:13.6601227Z       <Function test_existing_box_barcode_shapes_remain_valid_inputs[WHB-ABCDEF123456]>
2026-10-07T01:21:13.6601933Z       <Function test_existing_box_barcode_shapes_remain_valid_inputs[INB-ABCDEF123456]>
2026-10-07T01:21:13.6602521Z       <Function test_existing_box_barcode_shapes_remain_valid_inputs[custom_box-123]>
2026-10-07T01:21:13.6603075Z       <Coroutine test_legacy_box_barcodes_attach_through_real_database_path>
2026-10-07T01:21:13.6603580Z       <Function test_validator_rejects_values_wb_will_not_accept[]>
2026-10-07T01:21:13.6604067Z       <Function test_validator_rejects_values_wb_will_not_accept[A-123]>
2026-10-07T01:21:13.6604658Z       <Function test_validator_rejects_values_wb_will_not_accept[WHB-123456789012345678901234567]>
2026-10-07T01:21:13.6605248Z       <Function test_validator_rejects_values_wb_will_not_accept[WB_123456]>
2026-10-07T01:21:13.6605758Z       <Function test_validator_rejects_values_wb_will_not_accept[wb_123456]>
2026-10-07T01:21:13.6606265Z       <Function test_validator_rejects_values_wb_will_not_accept[WHB 123456]>
2026-10-07T01:21:13.6606877Z       <Function test_validator_rejects_values_wb_will_not_accept[\u041a\u041e\u0420\u041e\u0411-123456]>
2026-10-07T01:21:13.6607472Z       <Function test_validator_rejects_values_wb_will_not_accept[WHB+123456]>
2026-10-07T01:21:13.6607980Z       <Function test_validator_rejects_values_wb_will_not_accept[WHB/123456]>
2026-10-07T01:21:13.6608461Z       <Function test_suffix_encoder_preserves_all_70_random_bits>
2026-10-07T01:21:13.6609066Z       <Function test_generator_rejects_invalid_prefix[]>
2026-10-07T01:21:13.6609482Z       <Function test_generator_rejects_invalid_prefix[FBS]>
2026-10-07T01:21:13.6609910Z       <Function test_generator_rejects_invalid_prefix[TOOLONG]>
2026-10-07T01:21:13.6610337Z       <Function test_generator_rejects_invalid_prefix[W-B]>
2026-10-07T01:21:13.6610785Z       <Function test_generator_rejects_invalid_prefix[\u0428\u041a]>
2026-10-07T01:21:13.6611180Z     <Module test_box_import_service.py>
2026-10-07T01:21:13.6611599Z       <Function test_parse_valid_file_groups_boxes_and_merges_duplicates>
2026-10-07T01:21:13.6612230Z       <Function test_missing_column_raises>
2026-10-07T01:21:13.6612564Z       <Function test_unsupported_file_type>
2026-10-07T01:21:13.6612906Z       <Function test_unknown_barcode_in_errors>
2026-10-07T01:21:13.6613267Z       <Function test_fractional_quantity_row_error>
2026-10-07T01:21:13.6613606Z     <Module test_catalog.py>
2026-10-07T01:21:13.6613902Z       <Coroutine test_catalog_flow>
2026-10-07T01:21:13.6614399Z       <Coroutine test_reception_shift_lead_and_inventory_staff_can_update_product_dimensions>
2026-10-07T01:21:13.6615034Z       <Coroutine test_staff_product_dimensions_validation_rejects_zero_and_partial_body>
2026-10-07T01:21:13.6615525Z       <Coroutine test_warehouse_duplicate_code>
2026-10-07T01:21:13.6615899Z       <Coroutine test_catalog_endpoints_require_auth>
2026-10-07T01:21:13.6616296Z       <Coroutine test_list_locations_unknown_warehouse>
2026-10-07T01:21:13.6616653Z     <Module test_catalog_search_limit.py>
2026-10-07T01:21:13.6617000Z       <Function test_route_has_search_and_limit>
2026-10-07T01:21:13.6617354Z       <Function test_service_passes_filters_down>
2026-10-07T01:21:13.6617718Z       <Function test_list_products_filters_in_sql>
2026-10-07T01:21:13.6618079Z     <Module test_celery_schedule_persistence.py>
2026-10-07T01:21:13.6618533Z       <Function test_beat_schedule_survives_persistent_scheduler_serialization>
2026-10-07T01:21:13.6618987Z     <Module test_cleanup_fbs_stub_test_orders.py>
2026-10-07T01:21:13.6619400Z       <Coroutine test_cleanup_refuses_order_linked_to_supply>
2026-10-07T01:21:13.6619895Z       <Coroutine test_cleanup_allows_unlinked_order_without_shipments_or_marking>
2026-10-07T01:21:13.6620629Z       <Coroutine test_cleanup_db_guard_preserves_order_and_accounting_rows[reversal]>
2026-10-07T01:21:13.6621205Z       <Coroutine test_cleanup_db_guard_preserves_order_and_accounting_rows[marking]>
2026-10-07T01:21:13.6621835Z       <Coroutine test_cleanup_reloads_locked_order_before_supply_check>
2026-10-07T01:21:13.6622256Z     <Module test_dadata_party_service.py>
2026-10-07T01:21:13.6622685Z       <Coroutine test_lookup_party_by_inn_returns_fields_on_valid_response>
2026-10-07T01:21:13.6623283Z       <Coroutine test_lookup_party_by_inn_normalizes_non_object_response_to_dadata_error[null]>
2026-10-07T01:21:13.6623960Z       <Coroutine test_lookup_party_by_inn_normalizes_non_object_response_to_dadata_error[empty-list]>
2026-10-07T01:21:13.6624644Z       <Coroutine test_lookup_party_by_inn_normalizes_non_object_response_to_dadata_error[string]>
2026-10-07T01:21:13.6625270Z       <Coroutine test_lookup_party_by_inn_empty_suggestions_is_still_party_not_found>
2026-10-07T01:21:13.6625722Z     <Module test_developer_requests.py>
2026-10-07T01:21:13.6626107Z       <Coroutine test_api_isolation_validation_and_idempotency>
2026-10-07T01:21:13.6626524Z       <Coroutine test_effective_seller_from_auth_only>
2026-10-07T01:21:13.6626944Z       <Coroutine test_concurrent_same_submission_returns_one_row>
2026-10-07T01:21:13.6627366Z       <Coroutine test_dispatch_payload_and_four_statuses>
2026-10-07T01:21:13.6627820Z       <Coroutine test_unknown_create_recovery_never_repeats_post[timeout]>
2026-10-07T01:21:13.6628353Z       <Coroutine test_unknown_create_recovery_never_repeats_post[server_error]>
2026-10-07T01:21:13.6628855Z       <Coroutine test_absent_marker_does_not_authorize_recreate>
2026-10-07T01:21:13.6629290Z       <Coroutine test_overlapping_workers_create_only_once>
2026-10-07T01:21:13.6629850Z       <Coroutine test_expired_worker_lease_recovers_by_marker>
2026-10-07T01:21:13.6630370Z       <Coroutine test_explicit_rejection_backoff_recovers_after_many_rejections>
2026-10-07T01:21:13.6630923Z       <Coroutine test_unconfigured_keeps_local_success_and_optional_label>
2026-10-07T01:21:13.6631445Z       <Coroutine test_expired_inflight_worker_cannot_overwrite_successor>
2026-10-07T01:21:13.6632203Z       <Coroutine test_public_board_and_changed_board_never_receive_cards>
2026-10-07T01:21:13.6632997Z       <Coroutine test_recovery_scans_all_trello_pages_before_linking[second_page]>
2026-10-07T01:21:13.6633563Z       <Coroutine test_recovery_scans_all_trello_pages_before_linking[duplicate]>
2026-10-07T01:21:13.6634135Z       <Coroutine test_recovery_scans_all_trello_pages_before_linking[partial_failure]>
2026-10-07T01:21:13.6634718Z       <Coroutine test_recovery_scans_all_trello_pages_before_linking[repeated_page]>
2026-10-07T01:21:13.6635285Z       <Coroutine test_description_limit_exact_boundary_and_replay[False-bug]>
2026-10-07T01:21:13.6635860Z       <Coroutine test_description_limit_exact_boundary_and_replay[False-improvement]>
2026-10-07T01:21:13.6636416Z       <Coroutine test_description_limit_exact_boundary_and_replay[True-bug]>
2026-10-07T01:21:13.6636958Z       <Coroutine test_description_limit_exact_boundary_and_replay[True-improvement]>
2026-10-07T01:21:13.6637515Z       <Coroutine test_combined_improvement_limit_rejects_without_trello_config>
2026-10-07T01:21:13.6638149Z       <Coroutine test_consecutive_scheduled_passes_ignore_http_delay_and_preserve_batch_fairness[1]>
2026-10-07T01:21:13.6638855Z       <Coroutine test_consecutive_scheduled_passes_ignore_http_delay_and_preserve_batch_fairness[51]>
2026-10-07T01:21:13.6639459Z       <Coroutine test_scheduled_error_keeps_completion_based_backoff[False]>
2026-10-07T01:21:13.6639983Z       <Coroutine test_scheduled_error_keeps_completion_based_backoff[True]>
2026-10-07T01:21:13.6640398Z     <Module test_document_events.py>
2026-10-07T01:21:13.6640856Z       <Coroutine test_inbound_status_chain_is_visible_through_document_events_api>
2026-10-07T01:21:13.6641383Z       <Coroutine test_event_write_contract_and_repeated_quantity_changes>
2026-10-07T01:21:13.6642137Z       <Coroutine test_fbs_and_marketplace_unload_status_sequences>
2026-10-07T01:21:13.6642623Z       <Coroutine test_journal_failure_does_not_rollback_document_change>
2026-10-07T01:21:13.6643089Z       <Coroutine test_all_inbound_document_data_event_types>
2026-10-07T01:21:13.6643568Z       <Coroutine test_return_status_chain_and_defect_are_recorded_through_api>
2026-10-07T01:21:13.6644106Z       <Coroutine test_background_service_status_transition_is_system_authored>
2026-10-07T01:21:13.6644610Z       <Coroutine test_inbound_direct_receiving_and_reopen_status_edges>
2026-10-07T01:21:13.6645052Z       <Coroutine test_fbs_detach_reverse_status_edges>
2026-10-07T01:21:13.6645495Z       <Coroutine test_unload_confirmed_and_collecting_cancel_status_edges>
2026-10-07T01:21:13.6646034Z       <Function test_postgresql_trigger_is_system_authored_and_failure_isolated>
2026-10-07T01:21:13.6646588Z       <Coroutine test_duplicate_authorization_headers_cannot_change_audit_actor>
2026-10-07T01:21:13.6647039Z     <Module test_document_number_service.py>
2026-10-07T01:21:13.6647433Z       <Coroutine test_next_document_number_sequential_same_day>
2026-10-07T01:21:13.6647884Z       <Coroutine test_next_document_number_independent_doc_types>
2026-10-07T01:21:13.6648331Z       <Coroutine test_next_display_number_independent_doc_types>
2026-10-07T01:21:13.6648742Z       <Function test_format_display_number_padding>
2026-10-07T01:21:13.6649138Z       <Coroutine test_next_document_number_resets_next_day>
2026-10-07T01:21:13.6649585Z       <Coroutine test_next_document_number_concurrent_no_duplicates>
2026-10-07T01:21:13.6650005Z       <Function test_format_document_number_padding>
2026-10-07T01:21:13.6650370Z       <Coroutine test_peek_next_counter_empty>
2026-10-07T01:21:13.6650867Z       <Coroutine test_peek_next_display_counter_empty>
2026-10-07T01:21:13.6651305Z       <Coroutine test_inbound_and_unload_api_assign_document_number>
2026-10-07T01:21:13.6651818Z     <Module test_fbs_auto_assign_ozon_boxes.py>
2026-10-07T01:21:13.6652292Z       <Coroutine test_auto_assign_puts_every_position_in_its_own_consecutive_box>
2026-10-07T01:21:13.6652814Z       <Coroutine test_repeat_call_does_not_duplicate_boxes_or_positions>
2026-10-07T01:21:13.6653286Z       <Coroutine test_nothing_to_assign_is_a_successful_noop>
2026-10-07T01:21:13.6670333Z       <Coroutine test_partial_layout_and_existing_empty_box_are_left_alone>
2026-10-07T01:21:13.6670832Z       <Coroutine test_cancelled_order_is_skipped>
2026-10-07T01:21:13.6671296Z       <Coroutine test_wb_supply_is_rejected_without_creating_anything>
2026-10-07T01:21:13.6672018Z       <Coroutine test_delivered_supply_is_rejected_same_as_create_boxes>
2026-10-07T01:21:13.6672589Z       <Coroutine test_more_than_one_hundred_positions_are_all_assigned_in_one_call>
2026-10-07T01:21:13.6673150Z       <Coroutine test_failure_partway_leaves_no_new_boxes_or_assignments>
2026-10-07T01:21:13.6673661Z       <Coroutine test_endpoint_reports_boxes_created_by_this_call>
2026-10-07T01:21:13.6674062Z     <Module test_fbs_autopoll.py>
2026-10-07T01:21:13.6674460Z       <Coroutine test_fbs_autopoll_syncs_orders_for_one_seller>
2026-10-07T01:21:13.6674905Z       <Coroutine test_fbs_autopoll_iterates_multiple_sellers>
2026-10-07T01:21:13.6675350Z       <Coroutine test_fbs_autopoll_continues_after_seller_error>
2026-10-07T01:21:13.6675768Z       <Coroutine test_fbs_autopoll_idempotent_upsert>
2026-10-07T01:21:13.6676230Z       <Coroutine test_fbs_autopoll_status_sync_updates_sorted_then_sold>
2026-10-07T01:21:13.6676780Z       <Coroutine test_fbs_autopoll_supplier_status_moves_new_order_out_of_new>
2026-10-07T01:21:13.6677354Z       <Coroutine test_fbs_autopoll_status_sync_splits_batches_and_skips_bad_order>
2026-10-07T01:21:13.6677887Z       <Coroutine test_fbs_autopoll_supplier_status_new_keeps_order_new>
2026-10-07T01:21:13.6678372Z       <Coroutine test_list_sellers_with_marketplace_token_filters>
2026-10-07T01:21:13.6678803Z       <Coroutine test_fbs_statuses_autopoll_all_sellers>
2026-10-07T01:21:13.6679500Z       <Coroutine test_fbs_autopoll_intake_success_skips_stock_sync_by_default>
2026-10-07T01:21:13.6680021Z       <Coroutine test_fbs_autopoll_intake_success_can_opt_into_stock_sync>
2026-10-07T01:21:13.6680526Z       <Coroutine test_fbs_autopoll_intake_error_skips_stock_sync>
2026-10-07T01:21:13.6680990Z       <Coroutine test_fbs_autopoll_all_sellers_skips_stock_sync>
2026-10-07T01:21:13.6681467Z       <Coroutine test_sync_seller_stocks_continues_after_binding_error>
2026-10-07T01:21:13.6682026Z     <Module test_fbs_box_clear_and_workspace_extras.py>
2026-10-07T01:21:13.6682452Z       <Coroutine test_clear_box_returns_orders_to_unassigned>
2026-10-07T01:21:13.6682877Z       <Coroutine test_clear_box_on_empty_box_is_idempotent>
2026-10-07T01:21:13.6683327Z       <Coroutine test_clear_box_after_supply_delivered_is_rejected>
2026-10-07T01:21:13.6683794Z       <Coroutine test_workspace_exposes_packaging_instructions>
2026-10-07T01:21:13.6684269Z       <Coroutine test_workspace_exposes_packaging_instructions_absent>
2026-10-07T01:21:13.6684784Z       <Coroutine test_wb_pack_checkbox_never_removes_pick_fallback_location>
2026-10-07T01:21:13.6685261Z       <Coroutine test_workspace_marking_pool_reports_shortage>
2026-10-07T01:21:13.6685758Z       <Coroutine test_workspace_marking_pool_empty_when_nothing_needs_marking>
2026-10-07T01:21:13.6686575Z       <Coroutine test_order_print_tape_assigns_codes_to_requested_orders>
2026-10-07T01:21:13.6687030Z     <Module test_fbs_box_scan.py>
2026-10-07T01:21:13.6687446Z       <Coroutine test_fbs_box_scan_variants_select_source_without_movement>
2026-10-07T01:21:13.6687957Z       <Coroutine test_fbs_box_scan_exact_priority_ambiguity_and_scope>
2026-10-07T01:21:13.6688362Z     <Module test_fbs_cancellations.py>
2026-10-07T01:21:13.6688867Z       <Coroutine test_cancel_new_order_releases_reserve>
2026-10-07T01:21:13.6689265Z       <Coroutine test_cancel_in_delivery_returns_409>
2026-10-07T01:21:13.6689628Z       <Function test_penalty_band_lt13>
2026-10-07T01:21:13.6689990Z       <Coroutine test_sync_statuses_sold_and_canceled>
2026-10-07T01:21:13.6690593Z       <Coroutine test_cancel_after_confirmation_preserves_only_handed_over_charges[sorted-without-handover]>
2026-10-07T01:21:13.6691339Z       <Coroutine test_cancel_after_confirmation_preserves_only_handed_over_charges[confirmed-handover]>
2026-10-07T01:21:13.6692004Z       <Coroutine test_cancel_idempotent_second_call>
2026-10-07T01:21:13.6692382Z       <Coroutine test_sync_defect_sets_status_defect>
2026-10-07T01:21:13.6692753Z       <Coroutine test_cancel_wb_error_surfaces_502>
2026-10-07T01:21:13.6693111Z     <Module test_fbs_cancelled_after_pack.py>
2026-10-07T01:21:13.6693972Z       <Coroutine test_cancelled_after_pack_includes_after_assembly_and_excludes_before>
2026-10-07T01:21:13.6694900Z       <Coroutine test_cancelled_after_pack_is_tenant_scoped_and_filters_seller_period>
2026-10-07T01:21:13.6695828Z       <Coroutine test_cancelled_list_searches_boxes_before_pagination_without_writes>
2026-10-07T01:21:13.6696719Z       <Coroutine test_pack_all_warns_only_requested_cancelled_and_never_changes_stock>
2026-10-07T01:21:13.6697504Z     <Module test_fbs_cancelled_operations.py>
2026-10-07T01:21:13.6698043Z       <Coroutine test_cancelled_order_print_is_human_readable_and_batch_remains_partial>
2026-10-07T01:21:13.6698551Z       <Coroutine test_cancelled_order_cannot_be_picked>
2026-10-07T01:21:13.6698933Z       <Coroutine test_cancelled_order_cannot_be_packed>
2026-10-07T01:21:13.6699283Z     <Module test_fbs_catalog_free_fbo.py>
2026-10-07T01:21:13.6699804Z       <Coroutine test_catalog_free_fbo_excludes_order_reserves_in_both_modes[False-1-0-1-0]>
2026-10-07T01:21:13.6700448Z       <Coroutine test_catalog_free_fbo_excludes_order_reserves_in_both_modes[False-10-2-3-5]>
2026-10-07T01:21:13.6701069Z       <Coroutine test_catalog_free_fbo_excludes_order_reserves_in_both_modes[True-10-2-3-5]>
2026-10-07T01:21:13.6701528Z     <Module test_fbs_cell_scan.py>
2026-10-07T01:21:13.6702213Z       <Coroutine test_fbs_cell_scan_formats_and_scope>
2026-10-07T01:21:13.6702589Z     <Module test_fbs_contract_error_envelope.py>
2026-10-07T01:21:13.6703001Z       <Coroutine test_print_asset_404_uses_flat_error_envelope>
2026-10-07T01:21:13.6703442Z       <Coroutine test_cargo_places_preflight_failed_envelope>
2026-10-07T01:21:13.6703957Z       <Coroutine test_pvz_missing_dims_confirmation_persists_actor_timestamp_source>
2026-10-07T01:21:13.6704454Z       <Coroutine test_deprecated_trbx_bind_returns_envelope>
2026-10-07T01:21:13.6704931Z       <Function test_legacy_sticker_endpoints_marked_deprecated_in_openapi>
2026-10-07T01:21:13.6705369Z     <Module test_fbs_create_http_connection.py>
2026-10-07T01:21:13.6705824Z       <Coroutine test_create_http_releases_pool_and_persists_identity[success]>
2026-10-07T01:21:13.6706383Z       <Coroutine test_create_http_releases_pool_and_persists_identity[transport]>
2026-10-07T01:21:13.6706931Z       <Coroutine test_create_http_releases_pool_and_persists_identity[invalid]>
2026-10-07T01:21:13.6707466Z       <Coroutine test_create_http_releases_pool_and_persists_identity[rejected]>
2026-10-07T01:21:13.6708011Z       <Coroutine test_create_http_releases_pool_and_persists_identity[cancelled]>
2026-10-07T01:21:13.6708584Z       <Coroutine test_create_http_releases_pool_and_persists_identity[readback_timeout]>
2026-10-07T01:21:13.6709181Z       <Coroutine test_create_http_releases_pool_and_persists_identity[owner_cancelled]>
2026-10-07T01:21:13.6709739Z       <Coroutine test_create_http_releases_pool_and_persists_identity[same_key]>
2026-10-07T01:21:13.6710287Z       <Coroutine test_create_http_releases_pool_and_persists_identity[rotated_key]>
2026-10-07T01:21:13.6710849Z       <Coroutine test_create_http_releases_pool_and_persists_identity[loser_failed]>
2026-10-07T01:21:13.6711584Z       <Coroutine test_create_http_releases_pool_and_persists_identity[partial_winner]>
2026-10-07T01:21:13.6712375Z       <Coroutine test_transaction_claim_shares_key_and_releases_pool_atomically>
2026-10-07T01:21:13.6712847Z     <Module test_fbs_create_lock_connection.py>
2026-10-07T01:21:13.6713326Z       <Coroutine test_waiting_creates_release_pool_but_owner_keeps_same_connection>
2026-10-07T01:21:13.6713812Z     <Module test_fbs_delivery_cancelled_exclusion.py>
2026-10-07T01:21:13.6714306Z       <Coroutine test_confirm_excludes_cancelled_box_links_without_stock_return[False]>
2026-10-07T01:21:13.6714902Z       <Coroutine test_confirm_excludes_cancelled_box_links_without_stock_return[True]>
2026-10-07T01:21:13.6715349Z     <Module test_fbs_handover_billing.py>
2026-10-07T01:21:13.6715807Z       <Coroutine test_deliver_api_records_work_before_marketplace_sorting[success]>
2026-10-07T01:21:13.6716414Z       <Coroutine test_deliver_api_records_work_before_marketplace_sorting[marketplace_error]>
2026-10-07T01:21:13.6717051Z       <Coroutine test_deliver_api_records_work_before_marketplace_sorting[billing_error]>
2026-10-07T01:21:13.6717638Z       <Coroutine test_deliver_api_records_work_before_marketplace_sorting[timeout]>
2026-10-07T01:21:13.6718217Z       <Coroutine test_deliver_api_records_work_before_marketplace_sorting[local_error]>
2026-10-07T01:21:13.6718811Z       <Coroutine test_handover_quantities_import_guard_and_cancellation[wb-quantities0]>
2026-10-07T01:21:13.6719435Z       <Coroutine test_handover_quantities_import_guard_and_cancellation[ozon-quantities1]>
2026-10-07T01:21:13.6719885Z     <Module test_fbs_kiz.py>
2026-10-07T01:21:13.6720321Z       <Function test_wb_decision_mapping_covers_safe_sync_states[filled-accepted]>
2026-10-07T01:21:13.6720948Z       <Function test_wb_decision_mapping_covers_safe_sync_states[optional-allowed_without_check]>
2026-10-07T01:21:13.6721558Z       <Function test_wb_decision_mapping_covers_safe_sync_states[pending-pending]>
2026-10-07T01:21:13.6722223Z       <Function test_wb_decision_mapping_covers_safe_sync_states[required-None]>
2026-10-07T01:21:13.6722781Z       <Function test_wb_decision_mapping_covers_safe_sync_states[invalid-rejected]>
2026-10-07T01:21:13.6723523Z       <Function test_wb_decision_mapping_covers_safe_sync_states[something-new-None]>
2026-10-07T01:21:13.6724060Z       <Function test_universal_test_kiz_is_opt_in_and_unique_per_order>
2026-10-07T01:21:13.6724541Z       <Function test_normalize_scanned_cis_strips_aim_prefix[]d2]>
2026-10-07T01:21:13.6724998Z       <Function test_normalize_scanned_cis_strips_aim_prefix[]d1]>
2026-10-07T01:21:13.6725432Z       <Function test_normalize_scanned_cis_strips_aim_prefix[]Q1]>
2026-10-07T01:21:13.6725869Z       <Function test_normalize_scanned_cis_strips_aim_prefix[]Q3]>
2026-10-07T01:21:13.6726298Z       <Function test_normalize_scanned_cis_strips_aim_prefix[]C1]>
2026-10-07T01:21:13.6726810Z       <Function test_normalize_scanned_cis_restores_gs_substitute_only_at_separator[~]>
2026-10-07T01:21:13.6727398Z       <Function test_normalize_scanned_cis_restores_gs_substitute_only_at_separator[|]>
2026-10-07T01:21:13.6727977Z       <Function test_normalize_scanned_cis_restores_gs_substitute_only_at_separator[#]>
2026-10-07T01:21:13.6728576Z       <Function test_normalize_scanned_cis_restores_gs_substitute_only_at_separator[<GS>]>
2026-10-07T01:21:13.6729193Z       <Function test_normalize_scanned_cis_restores_gs_substitute_only_at_separator[{GS}]>
2026-10-07T01:21:13.6729798Z       <Function test_normalize_scanned_cis_restores_gs_substitute_only_at_separator[\\x1d]>
2026-10-07T01:21:13.6730412Z       <Function test_normalize_scanned_cis_restores_gs_substitute_only_at_separator[<gs>]>
2026-10-07T01:21:13.6730998Z       <Function test_normalize_scanned_cis_restores_gs_substitute_only_at_separator[{gs}]>
2026-10-07T01:21:13.6731526Z       <Function test_normalize_scanned_cis_repairs_keyboard_layout>
2026-10-07T01:21:13.6732092Z       <Function test_normalize_scanned_cis_trims_scanner_suffix>
2026-10-07T01:21:13.6732735Z       <Function test_normalize_scanned_cis_repairs_keyboard_layout_and_gs_together>
2026-10-07T01:21:13.6733260Z       <Function test_normalize_scanned_cis_clean_value_has_no_hints>
2026-10-07T01:21:13.6733787Z       <Function test_normalize_scanned_cis_restores_separator_before_weight_ai>
2026-10-07T01:21:13.6734346Z       <Function test_normalize_scanned_cis_repairs_russian_aim_prefix_after_layout>
2026-10-07T01:21:13.6734878Z       <Function test_windows_russian_keyboard_layout_mapping_is_complete>
2026-10-07T01:21:13.6735315Z       <Function test_is_probably_cis_rejects_garbage>
2026-10-07T01:21:13.6735687Z       <Function test_scan_debug_masks_gs_in_edges>
2026-10-07T01:21:13.6736149Z       <Coroutine test_fbs_kiz_lookup_matches_tolerant_sticker_fields[sticker_code]>
2026-10-07T01:21:13.6736701Z       <Coroutine test_fbs_kiz_lookup_matches_tolerant_sticker_fields[wb_barcode]>
2026-10-07T01:21:13.6737193Z       <Coroutine test_fbs_kiz_lookup_garbage_sticker_returns_404>
2026-10-07T01:21:13.6737674Z       <Coroutine test_fbs_kiz_lookup_foreign_supply_sticker_returns_404>
2026-10-07T01:21:13.6738135Z       <Coroutine test_fbs_kiz_lookup_frozen_order_returns_409>
2026-10-07T01:21:13.6738609Z       <Coroutine test_fbs_kiz_lookup_existing_pool_kiz_needs_confirmation>
2026-10-07T01:21:13.6739100Z       <Coroutine test_fbs_kiz_validate_normalizes_and_does_not_write>
2026-10-07T01:21:13.6739566Z       <Coroutine test_fbs_kiz_validate_rejects_garbage_with_debug>
2026-10-07T01:21:13.6740054Z       <Coroutine test_fbs_kiz_validate_duplicate_marking_returns_order_context>
2026-10-07T01:21:13.6740540Z       <Coroutine test_fbs_kiz_validate_frozen_order_returns_409>
2026-10-07T01:21:13.6741024Z       <Coroutine test_fbs_kiz_commit_partial_success_keeps_other_transactions>
2026-10-07T01:21:13.6741581Z       <Coroutine test_fbs_kiz_commit_existing_kiz_needs_confirmation_without_writes>
2026-10-07T01:21:13.6742244Z       <Coroutine test_fbs_kiz_commit_confirmed_replaces_old_kiz_and_voids_code>
2026-10-07T01:21:13.6742785Z       <Coroutine test_fbs_kiz_commit_success_creates_records_event_and_counter>
2026-10-07T01:21:13.6743288Z       <Coroutine test_fbs_kiz_delete_wb_error_does_not_change_records>
2026-10-07T01:21:13.6743950Z       <Coroutine test_fbs_kiz_commit_same_pair_is_idempotent_without_second_wb_call>
2026-10-07T01:21:13.6744510Z       <Coroutine test_fbs_kiz_external_marking_counts_as_printed_for_pool_and_gate>
2026-10-07T01:21:13.6745068Z       <Coroutine test_fbs_kiz_validate_rejects_available_pool_code_owner_mismatches>
2026-10-07T01:21:13.6745648Z       <Coroutine test_fbs_kiz_commit_claims_available_pool_code_without_reclassifying_it>
2026-10-07T01:21:13.6746227Z       <Coroutine test_fbs_kiz_replacement_runs_registry_checks_before_wb_delete>
2026-10-07T01:21:13.6746808Z       <Coroutine test_fbs_kiz_replacement_restores_old_wb_value_when_new_value_is_rejected>
2026-10-07T01:21:13.6747416Z       <Coroutine test_fbs_kiz_replacement_persists_reason_when_wb_restore_also_fails>
2026-10-07T01:21:13.6748021Z       <Coroutine test_fbs_kiz_pool_to_external_replacement_does_not_double_count_unit>
2026-10-07T01:21:13.6748643Z       <Coroutine test_fbs_order_tape_reprints_operator_kiz_without_pool_mutation[False-accepted]>
2026-10-07T01:21:13.6749317Z       <Coroutine test_fbs_order_tape_reprints_operator_kiz_without_pool_mutation[True-pending]>
2026-10-07T01:21:13.6749968Z       <Coroutine test_fbs_order_tape_reprints_operator_kiz_without_pool_mutation[True-rejected]>
2026-10-07T01:21:13.6750573Z       <Coroutine test_fbs_marking_readers_prefer_active_row_over_newer_rejected_row>
2026-10-07T01:21:13.6751238Z       <Coroutine test_fbs_marking_wb_meta_decision_is_safe_and_preserves_raw_detail[filled-same-accepted-ok]>
2026-10-07T01:21:13.6752288Z       <Coroutine test_fbs_marking_wb_meta_decision_is_safe_and_preserves_raw_detail[optional-same-allowed_without_check-no_check]>
2026-10-07T01:21:13.6753133Z       <Coroutine test_fbs_marking_wb_meta_decision_is_safe_and_preserves_raw_detail[pending-same-pending-checking]>
2026-10-07T01:21:13.6754052Z       <Coroutine test_fbs_marking_wb_meta_decision_is_safe_and_preserves_raw_detail[required-None-missing-new]>
2026-10-07T01:21:13.6754829Z       <Coroutine test_fbs_marking_wb_meta_decision_is_safe_and_preserves_raw_detail[invalid-same-rejected-error]>
2026-10-07T01:21:13.6755635Z       <Coroutine test_fbs_marking_wb_meta_decision_is_safe_and_preserves_raw_detail[unrecognized-same-unknown-error]>
2026-10-07T01:21:13.6756406Z       <Coroutine test_fbs_marking_wb_meta_decision_is_safe_and_preserves_raw_detail[required-same-unknown-new]>
2026-10-07T01:21:13.6757219Z       <Coroutine test_fbs_marking_wb_meta_decision_is_safe_and_preserves_raw_detail[filled-other-replacement_required-error]>
2026-10-07T01:21:13.6758077Z       <Coroutine test_fbs_marking_wb_meta_decision_is_safe_and_preserves_raw_detail[invalid-other-replacement_required-error]>
2026-10-07T01:21:13.6758794Z       <Coroutine test_fbs_marking_partial_wb_row_is_unknown_without_fresh_check_time>
2026-10-07T01:21:13.6759337Z       <Coroutine test_fbs_marking_omitted_wb_row_preserves_saved_verdict>
2026-10-07T01:21:13.6760039Z       <Coroutine test_fbs_marking_orphaned_audit_is_created_once_for_concurrent_and_repeated_mismatch[required-None-missing]>
2026-10-07T01:21:13.6760949Z       <Coroutine test_fbs_marking_orphaned_audit_is_created_once_for_concurrent_and_repeated_mismatch[invalid-other-replacement_required]>
2026-10-07T01:21:13.6761820Z       <Coroutine test_fbs_marking_pool_counts_replacement_required_order_as_needing_code>
2026-10-07T01:21:13.6762381Z       <Function test_gs_restore_fixes_production_scan_byte_for_byte>
2026-10-07T01:21:13.6762846Z       <Function test_gs_restore_is_idempotent_on_production_scan>
2026-10-07T01:21:13.6763305Z       <Function test_gs_restore_handles_footwear_88_char_signature>
2026-10-07T01:21:13.6763767Z       <Function test_gs_restore_not_fooled_by_91_and_92_inside_serial>
2026-10-07T01:21:13.6764248Z       <Function test_gs_restore_leaves_already_separated_code_untouched>
2026-10-07T01:21:13.6764758Z       <Function test_gs_restore_leaves_short_form_kiz_without_crypto_tail>
2026-10-07T01:21:13.6765697Z       <Function test_gs_restore_refuses_to_guess_when_structure_does_not_match[truncated_signature-010460601234567821aXq7Tz9Km91K7pQ92MTIzNDU2Nzg5MGFiY2RlZmdoaWprbG1ub3BxcnN]>
2026-10-07T01:21:13.6767235Z       <Function test_gs_restore_refuses_to_guess_when_structure_does_not_match[signature_66-010460601234567821aXq7Tz9Km91K7pQ92AAAAAAAAAAAAAAAAAAAAAAAAAAAAAAAAAAAAAAAAAAAAAAAAAAAAAAAAAAAAAAAAAA]>
2026-10-07T01:21:13.6768657Z       <Function test_gs_restore_refuses_to_guess_when_structure_does_not_match[serial_21-010460601234567821AAAAAAAAAAAAAAAAAAAAA91K7pQ92MTIzNDU2Nzg5MGFiY2RlZmdoaWprbG1ub3BxcnN0dXY=]>
2026-10-07T01:21:13.6769906Z       <Function test_gs_restore_refuses_to_guess_when_structure_does_not_match[serial_empty-01046060123456782191K7pQ92MTIzNDU2Nzg5MGFiY2RlZmdoaWprbG1ub3BxcnN0dXY=]>
2026-10-07T01:21:13.6771136Z       <Function test_gs_restore_refuses_to_guess_when_structure_does_not_match[wrong_ai_marker-010460601234567821aXq7Tz9Km93K7pQ92MTIzNDU2Nzg5MGFiY2RlZmdoaWprbG1ub3BxcnN0dXY=]>
2026-10-07T01:21:13.6774307Z       <Function test_gs_restore_refuses_to_guess_when_structure_does_not_match[long_noise-010460601234567821XXXXXXXXXXXXXXXXXXXXXXXXXXXXXXXXXXXXXXXXXXXXXXXXXXXXXXXXXXXXXXXXXXXXXXXXXXXXXXXXXXXXXXXXXXXXXXXXXXXXXXXXXXXXXXXXXXXXXXXXXXXXXXXXXXXXXXXXXXXXXXXXXXXXXXXXXXXXXXXXXXXXXXXXXXXXXXXXXXXXXXXXXXXXXXXXXXXXXXXXXXXXXXXXXXXXXXXXXXXXXXXXXXXXXXXXXXXXXXXXXXXXXXXXXXXXXXXXXXXXXXXXXXXXXXXXXXXXXXXXXXXXXXXXXXXXXXXXXXXX]>
2026-10-07T01:21:13.6776872Z       <Function test_gs_restore_accepts_serial_length_boundaries[1]>
2026-10-07T01:21:13.6777351Z       <Function test_gs_restore_accepts_serial_length_boundaries[20]>
2026-10-07T01:21:13.6777867Z       <Function test_gs_restore_ignores_values_that_are_not_kiz_prefixed[empty-]>
2026-10-07T01:21:13.6778510Z       <Function test_gs_restore_ignores_values_that_are_not_kiz_prefixed[only_separators-\x1d\x1d\x1d]>
2026-10-07T01:21:13.6779331Z       <Function test_gs_restore_ignores_values_that_are_not_kiz_prefixed[noise-laser scanner noise]>
2026-10-07T01:21:13.6780357Z       <Function test_gs_restore_ignores_values_that_are_not_kiz_prefixed[gtin_not_digits-01ABCDEFGHIJKLMN21aXq7Tz9Km91K7pQ92MTIzNDU2Nzg5MGFiY2RlZmdoaWprbG1ub3BxcnN0dXY=]>
2026-10-07T01:21:13.6781607Z       <Function test_gs_restore_ignores_values_that_are_not_kiz_prefixed[gtin_13_digits-01000000000000021aXq7Tz9Km91K7pQ92MTIzNDU2Nzg5MGFiY2RlZmdoaWprbG1ub3BxcnN0dXY=]>
2026-10-07T01:21:13.6782898Z       <Function test_gs_restore_ignores_values_that_are_not_kiz_prefixed[no_ai21-010460601234567810aXq7Tz9Km91K7pQ92MTIzNDU2Nzg5MGFiY2RlZmdoaWprbG1ub3BxcnN0dXY=]>
2026-10-07T01:21:13.6783924Z       <Function test_gs_restore_ignores_values_that_are_not_kiz_prefixed[not_a_gs1_string_at_all-PROD-BARCODE-1234567890]>
2026-10-07T01:21:13.6784573Z       <Function test_gs_restore_survives_aim_prefix_and_russian_layout>
2026-10-07T01:21:13.6785047Z       <Function test_gs_restore_ignores_trailing_scanner_newline>
2026-10-07T01:21:13.6785550Z       <Function test_gs_restore_ignores_any_trailing_scanner_whitespace[\t]>
2026-10-07T01:21:13.6786080Z       <Function test_gs_restore_ignores_any_trailing_scanner_whitespace[ ]>
2026-10-07T01:21:13.6786608Z       <Function test_gs_restore_ignores_any_trailing_scanner_whitespace[\r\n]>
2026-10-07T01:21:13.6787133Z       <Function test_gs_restore_ignores_any_trailing_scanner_whitespace[\x0b]>
2026-10-07T01:21:13.6787641Z       <Function test_gs_restore_ignores_any_trailing_scanner_whitespace[\x0c]>
2026-10-07T01:21:13.6788179Z       <Function test_gs_restore_ignores_any_trailing_scanner_whitespace[\t\t \r\n]>
2026-10-07T01:21:13.6788741Z       <Function test_normalize_does_not_strip_separator_as_if_it_were_whitespace>
2026-10-07T01:21:13.6789242Z       <Function test_gs_restore_never_loses_payload_characters>
2026-10-07T01:21:13.6789737Z       <Function test_gs_restore_repairs_code_with_only_one_of_two_separators[91]>
2026-10-07T01:21:13.6790279Z       <Function test_gs_restore_repairs_code_with_only_one_of_two_separators[92]>
2026-10-07T01:21:13.6790822Z       <Function test_gs_restore_collapses_duplicated_separators_to_canonical_form>
2026-10-07T01:21:13.6791532Z       <Function test_gs_restore_does_not_call_a_separated_code_lost>
2026-10-07T01:21:13.6792208Z       <Coroutine test_fbs_kiz_validate_rejects_unrestorable_glued_code>
2026-10-07T01:21:13.6792727Z       <Coroutine test_fbs_kiz_validate_unrestorable_code_is_client_error_not_500>
2026-10-07T01:21:13.6793238Z       <Coroutine test_fbs_kiz_commit_never_sends_unrestorable_code_to_wb>
2026-10-07T01:21:13.6793745Z       <Coroutine test_fbs_kiz_commit_sends_restored_production_value_to_wb>
2026-10-07T01:21:13.6794299Z       <Function test_gs_restore_normalizes_trailing_gs1_terminator_without_losing_data>
2026-10-07T01:21:13.6794858Z       <Function test_gs_restore_does_not_reparse_a_code_that_already_parses>
2026-10-07T01:21:13.6795412Z       <Function test_gs_restore_leaves_alternative_crypto_tag_93_alone_when_separated>
2026-10-07T01:21:13.6796379Z       <Function test_gs_restore_refuses_rather_than_guesses_unknown_kiz_shapes[crypto_tag_93-010460601234567821aXq7Tz9Km91K7pQ93MMMMMMMMMMMMMMMMMMMMMMMMMMMMMMMMMMMMMMMMMMMM]>
2026-10-07T01:21:13.6797768Z       <Function test_gs_restore_refuses_rather_than_guesses_unknown_kiz_shapes[unknown_tail_length_60-010460601234567821aXq7Tz9Km91K7pQ92MMMMMMMMMMMMMMMMMMMMMMMMMMMMMMMMMMMMMMMMMMMMMMMMMMMMMMMMMMMM]>
2026-10-07T01:21:13.6798888Z       <Coroutine test_initial_kiz_uncertain_write_is_persisted_and_reconciled_without_rewrite[transport-filled]>
2026-10-07T01:21:13.6799638Z       <Coroutine test_initial_kiz_uncertain_write_is_persisted_and_reconciled_without_rewrite[503-filled]>
2026-10-07T01:21:13.6800365Z       <Coroutine test_initial_kiz_uncertain_write_is_persisted_and_reconciled_without_rewrite[read-filled]>
2026-10-07T01:21:13.6801081Z       <Coroutine test_initial_kiz_uncertain_write_is_persisted_and_reconciled_without_rewrite[403-refused]>
2026-10-07T01:21:13.6802062Z       <Coroutine test_initial_kiz_uncertain_write_is_persisted_and_reconciled_without_rewrite[transport-invalid]>
2026-10-07T01:21:13.6802843Z       <Coroutine test_initial_kiz_uncertain_write_is_persisted_and_reconciled_without_rewrite[transport-cancel]>
2026-10-07T01:21:13.6803394Z     <Module test_fbs_kiz_applied.py>
2026-10-07T01:21:13.6803909Z       <Coroutine test_scan_known_code_records_application_once_without_reprinting[available_pool]>
2026-10-07T01:21:13.6804614Z       <Coroutine test_scan_known_code_records_application_once_without_reprinting[available_external]>
2026-10-07T01:21:13.6805282Z       <Coroutine test_scan_known_code_records_application_once_without_reprinting[printed]>
2026-10-07T01:21:13.6805940Z       <Coroutine test_scan_known_code_records_application_once_without_reprinting[printed_bound]>
2026-10-07T01:21:13.6806600Z       <Coroutine test_scan_known_code_records_application_once_without_reprinting[reserved_bound]>
2026-10-07T01:21:13.6807254Z       <Coroutine test_scan_known_code_records_application_once_without_reprinting[wrong_line]>
2026-10-07T01:21:13.6807859Z       <Coroutine test_print_scan_history_and_reprint_keep_the_same_applied_code>
2026-10-07T01:21:13.6808311Z     <Module test_fbs_kiz_operator_detach.py>
2026-10-07T01:21:13.6808857Z       <Coroutine test_cancel_rescan_and_replay_preserve_code_and_move_line_counts[external_fbs-applied]>
2026-10-07T01:21:13.6809568Z       <Coroutine test_cancel_rescan_and_replay_preserve_code_and_move_line_counts[pool-introduced]>
2026-10-07T01:21:13.6810156Z       <Coroutine test_remote_failure_and_final_order_do_not_release_code>
2026-10-07T01:21:13.6810657Z       <Coroutine test_postgres_two_orders_claim_detached_code_only_once>
2026-10-07T01:21:13.6811074Z     <Module test_fbs_kiz_ru_layout_symbols.py>
2026-10-07T01:21:13.6812082Z       <Function test_ru_layout_raw_scan_is_repaired_with_slash_question_and_ampersand[0104600000000017215Ab/c?d&Ef9GhJ-0104600000000017215\u0424\u0438.\u0441,\u0432?\u0423\u04309\u041f\u0440\u041e]>
2026-10-07T01:21:13.6813429Z       <Function test_ru_layout_raw_scan_is_repaired_with_slash_question_and_ampersand[0104600000000017215Ab/c?d\x1d93Ef9G-0104600000000017215\u0424\u0438.\u0441,\u0432\x1d93\u0423\u04309\u041f]>
2026-10-07T01:21:13.6814767Z       <Function test_latin_scan_is_unchanged[0104600000000017215Ab/c?d&Ef9GhJ-0104600000000017215\u0424\u0438.\u0441,\u0432?\u0423\u04309\u041f\u0440\u041e]>
2026-10-07T01:21:13.6815815Z       <Function test_latin_scan_is_unchanged[0104600000000017215Ab/c?d\x1d93Ef9G-0104600000000017215\u0424\u0438.\u0441,\u0432\x1d93\u0423\u04309\u041f]>
2026-10-07T01:21:13.6816526Z       <Function test_letter_only_translation_is_not_repaired>
2026-10-07T01:21:13.6816923Z     <Module test_fbs_kiz_sticker_lookup.py>
2026-10-07T01:21:13.6817339Z       <Function test_wb_row_split_into_human_number_and_scanner_code>
2026-10-07T01:21:13.6817789Z       <Function test_scan_finds_order_by_sticker_barcode>
2026-10-07T01:21:13.6818211Z       <Function test_human_number_still_works_for_manual_entry>
2026-10-07T01:21:13.6818616Z       <Function test_unknown_code_finds_nothing>
2026-10-07T01:21:13.6819000Z       <Function test_scan_in_russian_layout_finds_order>
2026-10-07T01:21:13.6819434Z       <Function test_latin_scan_is_not_touched_by_layout_repair>
2026-10-07T01:21:13.6819875Z       <Function test_ozon_posting_number_is_an_order_identifier>
2026-10-07T01:21:13.6820313Z       <Function test_ozon_split_posting_number_finds_its_order>
2026-10-07T01:21:13.6820779Z       <Function test_ambiguous_ozon_barcode_does_not_choose_first_order>
2026-10-07T01:21:13.6821193Z     <Module test_fbs_manual_pick.py>
2026-10-07T01:21:13.6821651Z       <Coroutine test_manual_pick_selects_cell_and_picks_explicit_order_idempotently>
2026-10-07T01:21:13.6822343Z       <Coroutine test_manual_pick_rejects_wrong_cell_product_and_allows_packed_order>
2026-10-07T01:21:13.6822781Z     <Module test_fbs_marking.py>
2026-10-07T01:21:13.6823147Z       <Coroutine test_fbs_marking_sync_updates_check_status>
2026-10-07T01:21:13.6823549Z       <Coroutine test_fbs_marking_get_list_all_kinds>
2026-10-07T01:21:13.6824156Z       <Coroutine test_fbs_metadata_gate_rejected_blocks_allowed_without_check_ok>
2026-10-07T01:21:13.6824683Z       <Function test_fbs_metadata_gate_pending_blocks_filled_allows>
2026-10-07T01:21:13.6825146Z       <Coroutine test_fbs_intake_stores_required_optional_meta>
2026-10-07T01:21:13.6825715Z       <Coroutine test_fbs_marking_autopoll_batches_unique_ids_and_skips_partial_or_failed_batches>
2026-10-07T01:21:13.6826350Z       <Function test_wb_decision_sgtin_introduced_maps_to_accepted[sgtinIntroduced]>
2026-10-07T01:21:13.6826914Z       <Function test_wb_decision_sgtin_introduced_maps_to_accepted[sgtinintroduced]>
2026-10-07T01:21:13.6827468Z       <Function test_wb_decision_sgtin_introduced_maps_to_accepted[SGTININTRODUCED]>
2026-10-07T01:21:13.6828023Z       <Function test_wb_decision_sgtin_introduced_maps_to_accepted[sgtin_introduced]>
2026-10-07T01:21:13.6828587Z       <Function test_wb_decision_sgtin_introduced_maps_to_accepted[sgtin-introduced]>
2026-10-07T01:21:13.6829146Z       <Function test_wb_decision_sgtin_introduced_maps_to_accepted[sgtin introduced]>
2026-10-07T01:21:13.6829729Z       <Function test_wb_decision_sgtin_introduced_maps_to_accepted[  sgtinIntroduced  ]>
2026-10-07T01:21:13.6830306Z       <Function test_wb_decision_mapping_stays_fail_closed[rejected-rejected]>
2026-10-07T01:21:13.6830843Z       <Function test_wb_decision_mapping_stays_fail_closed[invalid-rejected]>
2026-10-07T01:21:13.6831473Z       <Function test_wb_decision_mapping_stays_fail_closed[replacementRequired-replacement_required]>
2026-10-07T01:21:13.6832280Z       <Function test_wb_decision_mapping_stays_fail_closed[pending-pending]>
2026-10-07T01:21:13.6832796Z       <Function test_wb_decision_mapping_stays_fail_closed[required-None]>
2026-10-07T01:21:13.6833335Z       <Function test_wb_decision_mapping_stays_fail_closed[sgtinIntroduce-None]>
2026-10-07T01:21:13.6833880Z       <Function test_wb_decision_mapping_stays_fail_closed[sgtinRejected-None]>
2026-10-07T01:21:13.6834403Z       <Function test_wb_decision_mapping_stays_fail_closed[sgtin-None]>
2026-10-07T01:21:13.6834908Z       <Function test_wb_decision_mapping_stays_fail_closed[introduced-None]>
2026-10-07T01:21:13.6835539Z       <Function test_wb_decision_mapping_stays_fail_closed[-None]>
2026-10-07T01:21:13.6836012Z       <Function test_wb_decision_mapping_stays_fail_closed[None-None]>
2026-10-07T01:21:13.6837202Z       <Function test_same_marking_value_ignores_only_separators[0104630710098651215VaAOh'u!tRFR91EE1292/p5ES3Y984dx9CHANLa3oqpTJkYWL0iMcO/2z6i0be4=-0104630710098651215VaAOh'u!tRFR\x1d91EE12\x1d92/p5ES3Y984dx9CHANLa3oqpTJkYWL0iMcO/2z6i0be4=-True]>
2026-10-07T01:21:13.6838941Z       <Function test_same_marking_value_ignores_only_separators[0104630710098651215VaAOh'u!tRFR\x1d91EE12\x1d92/p5ES3Y984dx9CHANLa3oqpTJkYWL0iMcO/2z6i0be4=-0104630710098651215VaAOh'u!tRFR91EE1292/p5ES3Y984dx9CHANLa3oqpTJkYWL0iMcO/2z6i0be4=-True]>
2026-10-07T01:21:13.6840684Z       <Function test_same_marking_value_ignores_only_separators[0104630710098651215VaAOh'u!tRFR\x1d91EE12\x1d92/p5ES3Y984dx9CHANLa3oqpTJkYWL0iMcO/2z6i0be4=-0104630710098651215VaAOh'u!tRFR\x1d91EE12\x1d92/p5ES3Y984dx9CHANLa3oqpTJkYWL0iMcO/2z6i0be4=-True]>
2026-10-07T01:21:13.6842500Z       <Function test_same_marking_value_ignores_only_separators[0104630710098651215VaAOh'u!tRFR91EE1292/p5ES3Y984dx9CHANLa3oqpTJkYWL0iMcO/2z6i0be4=-0104630710098651215VaAOh'u!tRFR91EE1292/p5ES3Y984dx9CHANLa3oqpTJkYWL0iMcO/2z6i0be4=-True]>
2026-10-07T01:21:13.6844199Z       <Function test_same_marking_value_ignores_only_separators[0104630710098651215VaAOh'u!tRFR91EE1292/p5ES3Y984dx9CHANLa3oqpTJkYWL0iMcO/2z6i0be4=-0104630710098651215VaAOh'u!tRFX\x1d91EE12\x1d92/p5ES3Y984dx9CHANLa3oqpTJkYWL0iMcO/2z6i0be4=-False]>
2026-10-07T01:21:13.6845937Z       <Function test_same_marking_value_ignores_only_separators[0104630710098651215VaAOh'u!tRFR\x1d91EE12\x1d92/p5ES3Y984dx9CHANLa3oqpTJkYWL0iMcO/2z6i0be4=-0104630710098651215VaAOh'u!tRFX\x1d91EE12\x1d92/p5ES3Y984dx9CHANLa3oqpTJkYWL0iMcO/2z6i0be4=-False]>
2026-10-07T01:21:13.6847821Z       <Function test_same_marking_value_ignores_only_separators[0104630710098651215VaAOh'u!tRFR91EE1292/p5ES3Y984dx9CHANLa3oqpTJkYWL0iMcO/2z6i0be4=-0104630710098651215VaAOh'u!tRFR\x1d91EE12\x1d92/p5ES3Y984dx9CHANLa3oqpTJkYWL0iMcO/2z6i0be4-False]>
2026-10-07T01:21:13.6848925Z       <Function test_same_marking_value_ignores_only_separators[None-None-True]>
2026-10-07T01:21:13.6849811Z       <Function test_same_marking_value_ignores_only_separators[None-0104630710098651215VaAOh'u!tRFR\x1d91EE12\x1d92/p5ES3Y984dx9CHANLa3oqpTJkYWL0iMcO/2z6i0be4=-False]>
2026-10-07T01:21:13.6850958Z       <Function test_same_marking_value_ignores_only_separators[0104630710098651215VaAOh'u!tRFR\x1d91EE12\x1d92/p5ES3Y984dx9CHANLa3oqpTJkYWL0iMcO/2z6i0be4=-None-False]>
2026-10-07T01:21:13.6851866Z       <Function test_same_marking_value_ignores_only_separators[--True]>
2026-10-07T01:21:13.6852397Z       <Function test_delivery_gate_accepts_glued_local_code_confirmed_by_wb>
2026-10-07T01:21:13.6852935Z       <Function test_delivery_gate_still_blocks_a_genuinely_different_code>
2026-10-07T01:21:13.6853873Z       <Function test_delivery_gate_blocks_bad_wb_answers[rejected-rejected-None-WB \u043d\u0435 \u043f\u0440\u0438\u043d\u044f\u043b \u043c\u0430\u0440\u043a\u0438\u0440\u043e\u0432\u043a\u0443.]>
2026-10-07T01:21:13.6855162Z       <Function test_delivery_gate_blocks_bad_wb_answers[invalid-rejected-None-WB \u043d\u0435 \u043f\u0440\u0438\u043d\u044f\u043b \u043c\u0430\u0440\u043a\u0438\u0440\u043e\u0432\u043a\u0443.]>
2026-10-07T01:21:13.6856512Z       <Function test_delivery_gate_blocks_bad_wb_answers[sgtinIntroduced-accepted-sgtinNoGS-WB \u043d\u0435 \u043f\u0440\u0438\u043d\u044f\u043b \u043c\u0430\u0440\u043a\u0438\u0440\u043e\u0432\u043a\u0443: sgtinNoGS]>
2026-10-07T01:21:13.6857977Z       <Function test_delivery_gate_blocks_bad_wb_answers[required-pending-None-WB \u0435\u0449\u0451 \u043d\u0435 \u043f\u043e\u0434\u0442\u0432\u0435\u0440\u0434\u0438\u043b \u043c\u0430\u0440\u043a\u0438\u0440\u043e\u0432\u043a\u0443.]>
2026-10-07T01:21:13.6859454Z       <Function test_delivery_gate_blocks_bad_wb_answers[pending-pending-None-WB \u0435\u0449\u0451 \u043d\u0435 \u043f\u043e\u0434\u0442\u0432\u0435\u0440\u0434\u0438\u043b \u043c\u0430\u0440\u043a\u0438\u0440\u043e\u0432\u043a\u0443.]>
2026-10-07T01:21:13.6861068Z       <Function test_delivery_gate_blocks_bad_wb_answers[None-pending-None-WB \u0435\u0449\u0451 \u043d\u0435 \u043f\u043e\u0434\u0442\u0432\u0435\u0440\u0434\u0438\u043b \u043c\u0430\u0440\u043a\u0438\u0440\u043e\u0432\u043a\u0443.]>
2026-10-07T01:21:13.6862636Z       <Function test_delivery_gate_blocks_bad_wb_answers[somethingNew-unknown-None-WB \u0435\u0449\u0451 \u043d\u0435 \u043f\u043e\u0434\u0442\u0432\u0435\u0440\u0434\u0438\u043b \u043c\u0430\u0440\u043a\u0438\u0440\u043e\u0432\u043a\u0443.]>
2026-10-07T01:21:13.6863677Z       <Coroutine test_fbs_marking_sync_does_not_flag_replacement_for_separator_only_diff>
2026-10-07T01:21:13.6864281Z       <Coroutine test_fbs_marking_sync_still_flags_replacement_for_a_different_code>
2026-10-07T01:21:13.6864920Z       <Function test_wb_sgtin_verdicts_are_split_into_ship_and_refuse[sgtinIntroduced-accepted]>
2026-10-07T01:21:13.6865579Z       <Function test_wb_sgtin_verdicts_are_split_into_ship_and_refuse[sgtinSoldB2B-accepted]>
2026-10-07T01:21:13.6866238Z       <Function test_wb_sgtin_verdicts_are_split_into_ship_and_refuse[deadlineExceeded-accepted]>
2026-10-07T01:21:13.6866876Z       <Function test_wb_sgtin_verdicts_are_split_into_ship_and_refuse[sgtinApplied-rejected]>
2026-10-07T01:21:13.6867536Z       <Function test_wb_sgtin_verdicts_are_split_into_ship_and_refuse[sgtinAppliedNotPaid-rejected]>
2026-10-07T01:21:13.6868180Z       <Function test_wb_sgtin_verdicts_are_split_into_ship_and_refuse[sgtinEmitted-rejected]>
2026-10-07T01:21:13.6868813Z       <Function test_wb_sgtin_verdicts_are_split_into_ship_and_refuse[sgtinWrittenOff-rejected]>
2026-10-07T01:21:13.6869453Z       <Function test_wb_sgtin_verdicts_are_split_into_ship_and_refuse[sgtinWithdrawn-rejected]>
2026-10-07T01:21:13.6870226Z       <Function test_wb_sgtin_verdicts_are_split_into_ship_and_refuse[sgtinNotFound-rejected]>
2026-10-07T01:21:13.6870869Z       <Function test_wb_sgtin_verdicts_are_split_into_ship_and_refuse[sgtinNoGS-rejected]>
2026-10-07T01:21:13.6871526Z       <Function test_wb_sgtin_verdicts_are_split_into_ship_and_refuse[sgtinInvalidFormat-rejected]>
2026-10-07T01:21:13.6872484Z       <Function test_wb_sgtin_verdicts_are_split_into_ship_and_refuse[sgtinHasNonLatinSymbols-rejected]>
2026-10-07T01:21:13.6873139Z       <Function test_refusing_verdicts_never_open_the_delivery_gate[sgtinApplied]>
2026-10-07T01:21:13.6873755Z       <Function test_refusing_verdicts_never_open_the_delivery_gate[sgtinAppliedNotPaid]>
2026-10-07T01:21:13.6874345Z       <Function test_refusing_verdicts_never_open_the_delivery_gate[sgtinEmitted]>
2026-10-07T01:21:13.6874917Z       <Function test_refusing_verdicts_never_open_the_delivery_gate[sgtinNotFound]>
2026-10-07T01:21:13.6875490Z       <Function test_refusing_verdicts_never_open_the_delivery_gate[sgtinNoGS]>
2026-10-07T01:21:13.6876066Z       <Function test_refusing_verdicts_never_open_the_delivery_gate[sgtinWrittenOff]>
2026-10-07T01:21:13.6876668Z       <Function test_refusing_verdicts_never_open_the_delivery_gate[sgtinInvalidFormat]>
2026-10-07T01:21:13.6877626Z       <Function test_refusing_verdicts_tell_the_operator_what_actually_happened[sgtinApplied-\u043d\u0435 \u0432\u0432\u0435\u0434\u0451\u043d \u0432 \u043e\u0431\u043e\u0440\u043e\u0442]>
2026-10-07T01:21:13.6878771Z       <Function test_refusing_verdicts_tell_the_operator_what_actually_happened[sgtinAppliedNotPaid-\u043d\u0435 \u043e\u043f\u043b\u0430\u0447\u0435\u043d]>
2026-10-07T01:21:13.6879812Z       <Function test_refusing_verdicts_tell_the_operator_what_actually_happened[sgtinNoGS-\u0440\u0430\u0437\u0434\u0435\u043b\u0438\u0442\u0435\u043b]>
2026-10-07T01:21:13.6880981Z       <Function test_refusing_verdicts_tell_the_operator_what_actually_happened[sgtinNotFound-\u043d\u0435 \u0437\u043d\u0430\u0435\u0442 \u0442\u0430\u043a\u043e\u0433\u043e \u043a\u043e\u0434\u0430]>
2026-10-07T01:21:13.6882378Z       <Function test_refusing_verdicts_tell_the_operator_what_actually_happened[sgtinWrittenOff-\u0432\u044b\u0432\u0435\u0434\u0435\u043d \u0438\u0437 \u043e\u0431\u043e\u0440\u043e\u0442\u0430]>
2026-10-07T01:21:13.6883369Z       <Function test_unknown_sgtin_verdict_still_blocks_delivery>
2026-10-07T01:21:13.6883850Z       <Function test_decision_key_normalization_is_separator_insensitive>
2026-10-07T01:21:13.6884287Z     <Module test_fbs_marking_presentation.py>
2026-10-07T01:21:13.6884812Z       <Coroutine test_wb_verdict_is_saved_and_reread_in_workspace[accepted-None-accepted-False]>
2026-10-07T01:21:13.6885475Z       <Coroutine test_wb_verdict_is_saved_and_reread_in_workspace[accepted-None-accepted-True]>
2026-10-07T01:21:13.6886115Z       <Coroutine test_wb_verdict_is_saved_and_reread_in_workspace[pending-None-pending-False]>
2026-10-07T01:21:13.6886760Z       <Coroutine test_wb_verdict_is_saved_and_reread_in_workspace[pending-None-pending-True]>
2026-10-07T01:21:13.6887424Z       <Coroutine test_wb_verdict_is_saved_and_reread_in_workspace[sgtinApplied-None-rejected-False]>
2026-10-07T01:21:13.6888124Z       <Coroutine test_wb_verdict_is_saved_and_reread_in_workspace[sgtinApplied-None-rejected-True]>
2026-10-07T01:21:13.6889302Z       <Coroutine test_wb_verdict_is_saved_and_reread_in_workspace[invalid-\u041a\u043e\u0434 \u043f\u0440\u0438\u043d\u0430\u0434\u043b\u0435\u0436\u0438\u0442 \u0434\u0440\u0443\u0433\u043e\u043c\u0443 \u0442\u043e\u0432\u0430\u0440\u0443-rejected-False]>
2026-10-07T01:21:13.6890887Z       <Coroutine test_wb_verdict_is_saved_and_reread_in_workspace[invalid-\u041a\u043e\u0434 \u043f\u0440\u0438\u043d\u0430\u0434\u043b\u0435\u0436\u0438\u0442 \u0434\u0440\u0443\u0433\u043e\u043c\u0443 \u0442\u043e\u0432\u0430\u0440\u0443-rejected-True]>
2026-10-07T01:21:13.6892579Z       <Coroutine test_wb_verdict_is_saved_and_reread_in_workspace[replacementRequired-\u041d\u0443\u0436\u043d\u043e \u0437\u0430\u043c\u0435\u043d\u0438\u0442\u044c \u043a\u043e\u0434-replacement_required-False]>
2026-10-07T01:21:13.6893969Z       <Coroutine test_wb_verdict_is_saved_and_reread_in_workspace[replacementRequired-\u041d\u0443\u0436\u043d\u043e \u0437\u0430\u043c\u0435\u043d\u0438\u0442\u044c \u043a\u043e\u0434-replacement_required-True]>
2026-10-07T01:21:13.6894973Z       <Coroutine test_wb_verdict_is_saved_and_reread_in_workspace[somethingNew-None-unknown-False]>
2026-10-07T01:21:13.6895653Z       <Coroutine test_wb_verdict_is_saved_and_reread_in_workspace[somethingNew-None-unknown-True]>
2026-10-07T01:21:13.6896246Z       <Coroutine test_put_refusal_exposes_only_this_orders_saved_decision>
2026-10-07T01:21:13.6896670Z     <Module test_fbs_marking_state_id.py>
2026-10-07T01:21:13.6897061Z       <Function test_marking_state_id_survives_serialization>
2026-10-07T01:21:13.6897468Z       <Function test_missing_marking_state_has_no_id>
2026-10-07T01:21:13.6897923Z       <Coroutine test_worklist_and_workspace_return_operator_marking_id>
2026-10-07T01:21:13.6898360Z     <Module test_fbs_meta_requirements_import.py>
2026-10-07T01:21:13.6898921Z       <Function test_requirement_snapshot_distinguishes_absent_from_empty[row0-required0-optional0]>
2026-10-07T01:21:13.6899622Z       <Function test_requirement_snapshot_distinguishes_absent_from_empty[row1-required1-optional1]>
2026-10-07T01:21:13.6900306Z       <Function test_requirement_snapshot_distinguishes_absent_from_empty[row2-required2-optional2]>
2026-10-07T01:21:13.6900981Z       <Function test_requirement_snapshot_distinguishes_absent_from_empty[row3-required3-optional3]>
2026-10-07T01:21:13.6901664Z       <Function test_requirement_snapshot_distinguishes_absent_from_empty[row4-required4-optional4]>
2026-10-07T01:21:13.6902472Z       <Function test_requirement_snapshot_distinguishes_absent_from_empty[row5-required5-optional5]>
2026-10-07T01:21:13.6903153Z       <Coroutine test_wb_import_persists_requirements_then_preserves_omitted_and_clears_empty>
2026-10-07T01:21:13.6903644Z     <Module test_fbs_openapi_contract.py>
2026-10-07T01:21:13.6904055Z       <Function test_fbs_openapi_generation_includes_contract_paths>
2026-10-07T01:21:13.6904689Z       <Function test_removed_fbs_marking_paths_are_absent>
2026-10-07T01:21:13.6905146Z       <Function test_deprecated_print_compatibility_marked_in_openapi>
2026-10-07T01:21:13.6905625Z       <Function test_exported_fbs_openapi_file_matches_live_schema>
2026-10-07T01:21:13.6906020Z     <Module test_fbs_operation_actor.py>
2026-10-07T01:21:13.6906397Z       <Coroutine test_actor_recorded_for_supply_from_orders>
2026-10-07T01:21:13.6906787Z       <Coroutine test_actor_recorded_for_deliver>
2026-10-07T01:21:13.6907168Z       <Coroutine test_background_operation_has_no_actor>
2026-10-07T01:21:13.6907598Z       <Function test_migration_0104_adds_created_by_user_id_column>
2026-10-07T01:21:13.6907993Z     <Module test_fbs_operator_flow_handoff.py>
2026-10-07T01:21:13.6908399Z       <Function test_handoff_md_present_with_required_sections>
2026-10-07T01:21:13.6908861Z       <Function test_handoff_openapi_and_error_catalog_artifacts>
2026-10-07T01:21:13.6909275Z       <Function test_emulator_tokens_three_sellers>
2026-10-07T01:21:13.6909687Z       <Coroutine test_tc01_three_sellers_wms_seed_isolated>
2026-10-07T01:21:13.6910114Z       <Coroutine test_tc23_emulator_admin_seed_orders_visible>
2026-10-07T01:21:13.6910524Z       <Coroutine test_full_flow_warehouse_sc_emulator>
2026-10-07T01:21:13.6910889Z       <Coroutine test_full_flow_pvz_emulator>
2026-10-07T01:21:13.6911291Z       <Coroutine test_emulator_409_from_orders_no_false_success>
2026-10-07T01:21:13.6911894Z       <Coroutine test_emulator_deliver_timeout_pending_confirmation>
2026-10-07T01:21:13.6912387Z       <Function test_tc_non_browser_coverage_map_complete>
2026-10-07T01:21:13.6912771Z     <Module test_fbs_operator_flow_migration.py>
2026-10-07T01:21:13.6913181Z       <Function test_migration_0069_upgrade_downgrade_upgrade>
2026-10-07T01:21:13.6913702Z     <Module test_fbs_operator_flow_models.py>
2026-10-07T01:21:13.6914084Z       <Coroutine test_fbs_order_operator_status_defaults>
2026-10-07T01:21:13.6914482Z       <Coroutine test_wb_operation_duplicate_idempotency>
2026-10-07T01:21:13.6914877Z       <Coroutine test_duplicate_active_pick_rejected>
2026-10-07T01:21:13.6915281Z       <Coroutine test_duplicate_active_fulfillment_rejected>
2026-10-07T01:21:13.6915683Z     <Module test_fbs_operator_permissions.py>
2026-10-07T01:21:13.6916165Z       <Coroutine test_packaging_staff_can_use_fbs_operator_routes_but_not_admin_setup>
2026-10-07T01:21:13.6916732Z       <Coroutine test_staff_without_packaging_permission_cannot_open_fbs>
2026-10-07T01:21:13.6917167Z     <Module test_fbs_order_charge_savepoint.py>
2026-10-07T01:21:13.6917594Z       <Coroutine test_charge_failure_keeps_outer_transaction_alive>
2026-10-07T01:21:13.6917998Z     <Module test_fbs_order_tape_concurrency.py>
2026-10-07T01:21:13.6918426Z       <Coroutine test_postgres_order_tape_reuses_binding_after_wait[1]>
2026-10-07T01:21:13.6918918Z       <Coroutine test_postgres_order_tape_reuses_binding_after_wait[2]>
2026-10-07T01:21:13.6919395Z       <Coroutine test_postgres_order_tape_reuses_binding_after_wait[4]>
2026-10-07T01:21:13.6919894Z       <Coroutine test_pack_all_then_first_order_tape_and_done_task_reprint>
2026-10-07T01:21:13.6920424Z       <Coroutine test_postgres_tape_with_concurrent_packing_or_kiz[pack_all]>
2026-10-07T01:21:13.6920945Z       <Coroutine test_postgres_tape_with_concurrent_packing_or_kiz[scan]>
2026-10-07T01:21:13.6921456Z       <Coroutine test_postgres_tape_with_concurrent_packing_or_kiz[unbind]>
2026-10-07T01:21:13.6922096Z       <Coroutine test_postgres_unbind_then_waiting_tape_refreshes_deleted_binding>
2026-10-07T01:21:13.6922585Z     <Module test_fbs_order_tape_print_missing_codes.py>
2026-10-07T01:21:13.6923136Z       <Coroutine test_tape_allocates_only_missing_codes_and_preserves_existing_bindings[0-True]>
2026-10-07T01:21:13.6923807Z       <Coroutine test_tape_allocates_only_missing_codes_and_preserves_existing_bindings[1-True]>
2026-10-07T01:21:13.6924449Z       <Coroutine test_tape_allocates_only_missing_codes_and_preserves_existing_bindings[2-True]>
2026-10-07T01:21:13.6925262Z       <Coroutine test_tape_allocates_only_missing_codes_and_preserves_existing_bindings[1-False]>
2026-10-07T01:21:13.6925887Z       <Coroutine test_reprint_without_code_or_requirement_still_has_nothing_to_reprint>
2026-10-07T01:21:13.6926448Z       <Coroutine test_skipped_tape_without_codes_does_not_allocate[False]>
2026-10-07T01:21:13.6926954Z       <Coroutine test_skipped_tape_without_codes_does_not_allocate[True]>
2026-10-07T01:21:13.6927368Z     <Module test_fbs_order_tape_qr_only.py>
2026-10-07T01:21:13.6927837Z       <Coroutine test_qr_only_tape_does_not_allocate_or_print_honest_sign[layout0-True]>
2026-10-07T01:21:13.6928436Z       <Coroutine test_qr_only_tape_does_not_allocate_or_print_honest_sign[layout1-False]>
2026-10-07T01:21:13.6928948Z       <Coroutine test_empty_tape_without_order_qr_is_rejected>
2026-10-07T01:21:13.6929457Z       <Coroutine test_delivered_wb_reuses_saved_code_without_packaging_task[pool]>
2026-10-07T01:21:13.6930031Z       <Coroutine test_delivered_wb_reuses_saved_code_without_packaging_task[operator]>
2026-10-07T01:21:13.6930618Z       <Coroutine test_delivered_wb_reuses_saved_code_without_packaging_task[missing]>
2026-10-07T01:21:13.6931170Z       <Coroutine test_ozon_inline_reprint_selects_only_clicked_operator_kiz>
2026-10-07T01:21:13.6931607Z     <Module test_fbs_orders_intake.py>
2026-10-07T01:21:13.6932092Z       <Coroutine test_fbs_order_upsert_idempotent_and_deadline>
2026-10-07T01:21:13.6932566Z       <Coroutine test_frequent_intake_skips_full_history_and_status_calls>
2026-10-07T01:21:13.6933057Z       <Coroutine test_fbs_order_product_mapping_success_and_missing>
2026-10-07T01:21:13.6933571Z       <Coroutine test_fbs_order_product_mapping_prefers_chrt_id_over_shared_nm_id>
2026-10-07T01:21:13.6934038Z       <Coroutine test_fbs_order_reserve_and_no_stock>
2026-10-07T01:21:13.6934589Z       <Coroutine test_fbs_order_without_publication_still_reserves>
2026-10-07T01:21:13.6935161Z       <Coroutine test_fbs_order_status_sync_supplier_confirm_moves_new_to_external_processing>
2026-10-07T01:21:13.6935739Z       <Coroutine test_fbs_order_status_sync_links_external_wb_supply>
2026-10-07T01:21:13.6936212Z       <Coroutine test_fbs_external_wb_supply_link_is_idempotent>
2026-10-07T01:21:13.6936727Z       <Coroutine test_fbs_external_wb_supply_link_skips_wb_calls_without_candidates>
2026-10-07T01:21:13.6937278Z       <Coroutine test_fbs_external_wb_supply_link_soft_fails_on_local_error>
2026-10-07T01:21:13.6937852Z       <Coroutine test_fbs_external_wb_supply_link_skips_unserved_then_imports_after_binding>
2026-10-07T01:21:13.6938414Z       <Coroutine test_fbs_order_status_sync_releases_reserve_on_cancel>
2026-10-07T01:21:13.6938864Z       <Coroutine test_fbs_sync_job_fails_on_wb_client_error>
2026-10-07T01:21:13.6939312Z       <Coroutine test_fbs_sync_keeps_new_orders_when_page_fetch_fails>
2026-10-07T01:21:13.6939851Z       <Coroutine test_fbs_history_page_updates_pickup_point_allowed_for_existing_order>
2026-10-07T01:21:13.6940406Z       <Coroutine test_fbs_sync_keeps_new_orders_when_status_fetch_fails>
2026-10-07T01:21:13.6940848Z       <Coroutine test_fbs_sync_missing_marketplace_token>
2026-10-07T01:21:13.6941283Z       <Coroutine test_fbs_cancelled_order_not_re_reserved_on_upsert>
2026-10-07T01:21:13.6941701Z       <Coroutine test_fbs_sync_ignores_body_warehouse_id>
2026-10-07T01:21:13.6942217Z       <Coroutine test_fbs_orders_bind_to_correct_wms_warehouse>
2026-10-07T01:21:13.6942645Z       <Coroutine test_fbs_orders_skip_unserved_wb_warehouses>
2026-10-07T01:21:13.6943164Z       <Coroutine test_fbs_legacy_technical_binding_repairs_to_sole_operational_warehouse>
2026-10-07T01:21:13.6943760Z       <Coroutine test_fbs_legacy_binding_with_assigned_order_is_not_repaired_or_moved>
2026-10-07T01:21:13.6944344Z       <Coroutine test_fbs_inactive_explicit_binding_is_not_revived_by_auto_binding>
2026-10-07T01:21:13.6944893Z       <Coroutine test_fbs_normal_explicit_operational_binding_is_untouched>
2026-10-07T01:21:13.6945460Z       <Coroutine test_fbs_existing_order_warehouse_is_not_moved_by_later_binding_change>
2026-10-07T01:21:13.6946125Z       <Coroutine test_fbs_order_unknown_wb_warehouse_is_skipped>
2026-10-07T01:21:13.6946626Z       <Coroutine test_fbs_order_is_skipped_without_served_operational_warehouse>
2026-10-07T01:21:13.6947130Z       <Coroutine test_fbs_order_without_local_stock_is_selectable>
2026-10-07T01:21:13.6947608Z       <Coroutine test_fbs_sole_warehouse_does_not_import_unserved_order>
2026-10-07T01:21:13.6948101Z       <Coroutine test_fbs_order_status_sync_releases_reserve_on_defect>
2026-10-07T01:21:13.6948583Z       <Coroutine test_fbs_order_reservation_conflict_keeps_warehouse>
2026-10-07T01:21:13.6949056Z       <Coroutine test_fbs_order_wb_warehouse_remap_conflict_on_resync>
2026-10-07T01:21:13.6949529Z       <Coroutine test_fbs_order_intake_does_not_touch_operator_number>
2026-10-07T01:21:13.6949920Z     <Module test_fbs_ozon_lane.py>
2026-10-07T01:21:13.6950302Z       <Coroutine test_supply_preflight_rejects_mixed_marketplaces>
2026-10-07T01:21:13.6950821Z       <Coroutine test_order_label_dispatch_uses_only_selected_marketplace_adapter>
2026-10-07T01:21:13.6951334Z       <Coroutine test_ozon_pdf_label_is_stored_and_served_as_a_pdf>
2026-10-07T01:21:13.6952067Z       <Coroutine test_ozon_label_before_handoff_explains_itself_instead_of_failing_blankly>
2026-10-07T01:21:13.6952627Z       <Coroutine test_order_label_fake_preserves_human_ozon_403_code7>
2026-10-07T01:21:13.6953088Z       <Coroutine test_manual_sync_fake_returns_human_ozon_403_code7>
2026-10-07T01:21:13.6953597Z       <Coroutine test_ozon_autopoll_positive_fake_upserts_shared_order_and_status>
2026-10-07T01:21:13.6954192Z       <Coroutine test_ozon_stock_dispatch_uses_binding_pool_with_fake_transport[True-True-2]>
2026-10-07T01:21:13.6954987Z       <Coroutine test_ozon_stock_dispatch_uses_binding_pool_with_fake_transport[True-False-0]>
2026-10-07T01:21:13.6955646Z       <Coroutine test_ozon_stock_dispatch_uses_binding_pool_with_fake_transport[False-True-10]>
2026-10-07T01:21:13.6956282Z       <Coroutine test_ozon_partial_stock_confirmation_counts_only_what_ozon_confirmed>
2026-10-07T01:21:13.6956970Z       <Coroutine test_ozon_publish_respects_configured_products_and_all_binding_flags[True-True-True-True-1]>
2026-10-07T01:21:13.6957746Z       <Coroutine test_ozon_publish_respects_configured_products_and_all_binding_flags[True-True-True-False-0]>
2026-10-07T01:21:13.6958497Z       <Coroutine test_ozon_publish_respects_configured_products_and_all_binding_flags[False-True-True-True-0]>
2026-10-07T01:21:13.6959242Z       <Coroutine test_ozon_publish_respects_configured_products_and_all_binding_flags[True-False-True-True-1]>
2026-10-07T01:21:13.6959981Z       <Coroutine test_ozon_publish_respects_configured_products_and_all_binding_flags[True-True-False-True-0]>
2026-10-07T01:21:13.6960606Z       <Coroutine test_wb_and_ozon_may_publish_the_same_last_physical_unit>
2026-10-07T01:21:13.6961092Z       <Coroutine test_ozon_import_persists_single_product_position>
2026-10-07T01:21:13.6961557Z       <Coroutine test_ozon_import_persists_all_product_positions>
2026-10-07T01:21:13.6962157Z       <Coroutine test_ozon_repeat_sync_replaces_changed_quantity_and_rereserves>
2026-10-07T01:21:13.6962635Z       <Coroutine test_ozon_ship_keeps_quantity_above_one>
2026-10-07T01:21:13.6963113Z       <Coroutine test_ozon_multi_position_ship_keeps_complete_posting_composition>
2026-10-07T01:21:13.6963666Z       <Coroutine test_ozon_handoff_sets_required_product_country_before_ship>
2026-10-07T01:21:13.6964210Z       <Coroutine test_ozon_handoff_blocks_when_required_product_country_is_missing>
2026-10-07T01:21:13.6964773Z       <Coroutine test_ozon_handoff_blocks_when_posting_exceeds_the_drop_off_limits>
2026-10-07T01:21:13.6965316Z       <Coroutine test_ozon_handoff_passes_a_posting_that_fits_the_drop_off_limits>
2026-10-07T01:21:13.6965818Z       <Coroutine test_wb_order_keeps_legacy_single_product_shape>
2026-10-07T01:21:13.6966247Z       <Coroutine test_ozon_supply_creation_never_calls_wb>
2026-10-07T01:21:13.6966863Z       <Coroutine test_ozon_boxes_are_local_and_require_distribution>
2026-10-07T01:21:13.6967388Z       <Function test_without_distribution_stage_does_not_create_navigation_blockers>
2026-10-07T01:21:13.6967984Z       <Coroutine test_ozon_supply_handoff_ships_rechecks_and_creates_carriage_without_wb>
2026-10-07T01:21:13.6968535Z       <Coroutine test_ozon_live_handoff_never_falls_back_to_fake_success>
2026-10-07T01:21:13.6969067Z       <Coroutine test_ozon_ship_failed_readback_stays_visible_and_blocks_handoff>
2026-10-07T01:21:13.6969609Z       <Coroutine test_ozon_partial_handoff_is_journalled_and_the_retry_resumes>
2026-10-07T01:21:13.6970161Z       <Coroutine test_ozon_handoff_after_approved_carriage_does_not_approve_twice>
2026-10-07T01:21:13.6970731Z       <Coroutine test_ozon_status_sync_skips_finished_orders_and_polls_the_rest_in_turns>
2026-10-07T01:21:13.6971327Z       <Coroutine test_ozon_cancellation_is_journalled_before_the_local_part>
2026-10-07T01:21:13.6971951Z       <Coroutine test_ozon_cancellation_reason_comes_from_the_caller>
2026-10-07T01:21:13.6972442Z       <Coroutine test_ozon_marking_uses_exemplar_flow_and_preserves_gs>
2026-10-07T01:21:13.6972945Z       <Coroutine test_ozon_marking_targets_its_exact_multi_product_position>
2026-10-07T01:21:13.6973554Z       <Coroutine test_ozon_scanner_binds_every_required_code_without_wb_path[ship_available-False]>
2026-10-07T01:21:13.6974238Z       <Coroutine test_ozon_scanner_binds_every_required_code_without_wb_path[ship_available-True]>
2026-10-07T01:21:13.6974945Z       <Coroutine test_ozon_scanner_binds_every_required_code_without_wb_path[validation_in_process-False]>
2026-10-07T01:21:13.6975670Z       <Coroutine test_ozon_scanner_binds_every_required_code_without_wb_path[validation_in_process-True]>
2026-10-07T01:21:13.6976479Z       <Coroutine test_ozon_preflight_warns_about_required_marking_without_product_positions>
2026-10-07T01:21:13.6977085Z       <Coroutine test_ozon_gate_requires_each_kind_and_rejects_duplicate_exemplar>
2026-10-07T01:21:13.6977674Z       <Coroutine test_ozon_status_sync_updates_only_current_rows_and_preserves_exemplars>
2026-10-07T01:21:13.6978243Z       <Coroutine test_ozon_negative_sync_does_not_fall_back_to_accepted_history>
2026-10-07T01:21:13.6978772Z       <Coroutine test_ozon_marking_rejection_uses_existing_visible_status>
2026-10-07T01:21:13.6979243Z       <Coroutine test_wb_background_marking_ignores_ozon_orders>
2026-10-07T01:21:13.6979702Z       <Coroutine test_wb_background_tracking_ignores_ozon_supplies>
2026-10-07T01:21:13.6980217Z       <Coroutine test_ozon_labels_are_not_requested_while_the_live_transport_is_off>
2026-10-07T01:21:13.6980835Z       <Coroutine test_ozon_poll_uses_served_warehouse_independently_of_publication[True-True-1]>
2026-10-07T01:21:13.6981500Z       <Coroutine test_ozon_poll_uses_served_warehouse_independently_of_publication[False-True-1]>
2026-10-07T01:21:13.6982251Z       <Coroutine test_ozon_poll_uses_served_warehouse_independently_of_publication[True-False-0]>
2026-10-07T01:21:13.6982908Z       <Coroutine test_ozon_poll_uses_served_warehouse_independently_of_publication[False-False-0]>
2026-10-07T01:21:13.6983453Z       <Coroutine test_ozon_order_row_carries_its_delivery_route>
2026-10-07T01:21:13.6983889Z       <Coroutine test_ozon_order_route_falls_back_to_the_method_id>
2026-10-07T01:21:13.6984378Z       <Coroutine test_supply_creation_refuses_a_mixed_wb_and_ozon_selection>
2026-10-07T01:21:13.6984924Z       <Function test_existing_supply_never_accepts_an_order_of_another_marketplace>
2026-10-07T01:21:13.6985583Z       <Coroutine test_ozon_pending_after_worker_exit_resumes_without_repeating_approve[None-ozon-crashed]>
2026-10-07T01:21:13.6986320Z       <Coroutine test_ozon_pending_after_worker_exit_resumes_without_repeating_approve[None-ozon-fresh-key]>
2026-10-07T01:21:13.6987050Z       <Coroutine test_ozon_pending_after_worker_exit_resumes_without_repeating_approve[901-ozon-crashed]>
2026-10-07T01:21:13.6987776Z       <Coroutine test_ozon_pending_after_worker_exit_resumes_without_repeating_approve[901-ozon-fresh-key]>
2026-10-07T01:21:13.6988557Z       <Coroutine test_ozon_lost_create_response_never_creates_a_second_carriage>
2026-10-07T01:21:13.6989081Z       <Coroutine test_ozon_live_owner_blocks_retry_before_external_calls>
2026-10-07T01:21:13.6989617Z       <Coroutine test_ozon_pack_is_only_fact_with_nonzero_reservation[line-unpacked]>
2026-10-07T01:21:13.6990241Z       <Coroutine test_ozon_pack_is_only_fact_with_nonzero_reservation[line-legacy-packed-only]>
2026-10-07T01:21:13.6990843Z       <Coroutine test_ozon_pack_is_only_fact_with_nonzero_reservation[all-unpacked]>
2026-10-07T01:21:13.6991446Z       <Coroutine test_ozon_pack_is_only_fact_with_nonzero_reservation[all-legacy-packed-only]>
2026-10-07T01:21:13.6992305Z       <Coroutine test_ozon_pack_is_only_fact_with_nonzero_reservation[confirm_shelf-unpacked]>
2026-10-07T01:21:13.6993014Z       <Coroutine test_ozon_pack_is_only_fact_with_nonzero_reservation[confirm_shelf-legacy-packed-only]>
2026-10-07T01:21:13.6993557Z     <Module test_fbs_ozon_picking_terminal.py>
2026-10-07T01:21:13.6994058Z       <Coroutine test_late_undo_cannot_return_other_sorting_stock_to_old_box[in_delivery]>
2026-10-07T01:21:13.6994652Z       <Coroutine test_late_undo_cannot_return_other_sorting_stock_to_old_box[done]>
2026-10-07T01:21:13.6995240Z       <Coroutine test_late_undo_cannot_return_other_sorting_stock_to_old_box[cancelled]>
2026-10-07T01:21:13.6995754Z       <Coroutine test_packed_ozon_undo_and_repick_still_work>
2026-10-07T01:21:13.6996300Z       <Coroutine test_delivery_checkpoint_protects_pick_mutations[pending-progress0-True]>
2026-10-07T01:21:13.6996991Z       <Coroutine test_delivery_checkpoint_protects_pick_mutations[pending_confirmation-progress1-True]>
2026-10-07T01:21:13.6997689Z       <Coroutine test_delivery_checkpoint_protects_pick_mutations[confirmed-progress2-True]>
2026-10-07T01:21:13.6998456Z       <Coroutine test_delivery_checkpoint_protects_pick_mutations[failed-progress3-True]>
2026-10-07T01:21:13.6999108Z       <Coroutine test_delivery_checkpoint_protects_pick_mutations[failed-progress4-True]>
2026-10-07T01:21:13.6999725Z       <Coroutine test_delivery_checkpoint_protects_pick_mutations[failed-progress5-True]>
2026-10-07T01:21:13.7000330Z       <Coroutine test_delivery_checkpoint_protects_pick_mutations[failed-progress6-True]>
2026-10-07T01:21:13.7000943Z       <Coroutine test_delivery_checkpoint_protects_pick_mutations[failed-progress7-False]>
2026-10-07T01:21:13.7001566Z       <Coroutine test_delivery_checkpoint_protects_pick_mutations[failed-progress8-False]>
2026-10-07T01:21:13.7002213Z       <Coroutine test_late_undo_waits_and_rereads_committed_delivery>
2026-10-07T01:21:13.7002729Z       <Coroutine test_finalization_relocks_supply_after_external_checkpoint>
2026-10-07T01:21:13.7003360Z       <Coroutine test_known_fallback_rejection_reopens_pick_but_uncertain_outcome_does_not[404-400]>
2026-10-07T01:21:13.7004050Z       <Coroutine test_known_fallback_rejection_reopens_pick_but_uncertain_outcome_does_not[404-401]>
2026-10-07T01:21:13.7004720Z       <Coroutine test_known_fallback_rejection_reopens_pick_but_uncertain_outcome_does_not[404-403]>
2026-10-07T01:21:13.7005386Z       <Coroutine test_known_fallback_rejection_reopens_pick_but_uncertain_outcome_does_not[404-422]>
2026-10-07T01:21:13.7006045Z       <Coroutine test_known_fallback_rejection_reopens_pick_but_uncertain_outcome_does_not[404-429]>
2026-10-07T01:21:13.7006710Z       <Coroutine test_known_fallback_rejection_reopens_pick_but_uncertain_outcome_does_not[404-503]>
2026-10-07T01:21:13.7007377Z       <Coroutine test_known_fallback_rejection_reopens_pick_but_uncertain_outcome_does_not[404-None]>
2026-10-07T01:21:13.7008053Z       <Coroutine test_known_fallback_rejection_reopens_pick_but_uncertain_outcome_does_not[409-400]>
2026-10-07T01:21:13.7008721Z       <Coroutine test_known_fallback_rejection_reopens_pick_but_uncertain_outcome_does_not[409-401]>
2026-10-07T01:21:13.7009388Z       <Coroutine test_known_fallback_rejection_reopens_pick_but_uncertain_outcome_does_not[409-403]>
2026-10-07T01:21:13.7010209Z       <Coroutine test_known_fallback_rejection_reopens_pick_but_uncertain_outcome_does_not[409-422]>
2026-10-07T01:21:13.7010889Z       <Coroutine test_known_fallback_rejection_reopens_pick_but_uncertain_outcome_does_not[409-429]>
2026-10-07T01:21:13.7011552Z       <Coroutine test_known_fallback_rejection_reopens_pick_but_uncertain_outcome_does_not[409-503]>
2026-10-07T01:21:13.7012330Z       <Coroutine test_known_fallback_rejection_reopens_pick_but_uncertain_outcome_does_not[409-None]>
2026-10-07T01:21:13.7012868Z     <Module test_fbs_packaging_eligibility_unit.py>
2026-10-07T01:21:13.7013308Z       <Coroutine test_eligible_orders_loads_active_picks_in_one_query>
2026-10-07T01:21:13.7013467Z     <Module test_fbs_packaging_fulfillment.py>
2026-10-07T01:21:13.7013699Z       <Coroutine test_fbs_pack_fact_keeps_stock_unpacked_until_delivery>
2026-10-07T01:21:13.7013877Z       <Coroutine test_fbs_pack_and_complete_without_pick>
2026-10-07T01:21:13.7014146Z       <Coroutine test_fbs_pack_all_completes_without_marking_or_stock_conversion>
2026-10-07T01:21:13.7014400Z       <Coroutine test_fbs_pack_all_honest_sign_skip_completes_without_promotion>
2026-10-07T01:21:13.7014723Z       <Coroutine test_fbs_pack_all_insufficient_stock_completes_without_cross_warehouse_write_off>
2026-10-07T01:21:13.7014958Z       <Coroutine test_fbs_pack_all_completes_atomically_and_is_idempotent>
2026-10-07T01:21:13.7015162Z       <Coroutine test_fbs_pack_same_sku_two_orders_third_rejected>
2026-10-07T01:21:13.7015414Z       <Coroutine test_fbs_pack_succeeds_when_line_balance_already_marked_packed>
2026-10-07T01:21:13.7015653Z       <Coroutine test_fbs_pack_continues_when_location_has_no_stock_at_all>
2026-10-07T01:21:13.7015904Z       <Coroutine test_ozon_multi_product_packaging_requires_all_posting_units>
2026-10-07T01:21:13.7016181Z     <Module test_fbs_packaging_integration.py>
2026-10-07T01:21:13.7016390Z       <Coroutine test_fbs_packaging_task_created_on_assembling>
2026-10-07T01:21:13.7016558Z       <Coroutine test_fbs_bind_packaging_box_to_trbx>
2026-10-07T01:21:13.7016801Z       <Coroutine test_fbs_bind_packaging_box_rejects_foreign_tenant_warehouse>
2026-10-07T01:21:13.7017054Z       <Coroutine test_fbs_packaging_complete_does_not_convert_or_promote_supply>
2026-10-07T01:21:13.7017269Z       <Coroutine test_fbs_supply_deliver_allowed_without_packaging>
2026-10-07T01:21:13.7017474Z       <Coroutine test_fbs_warehouse_sc_supply_gets_packaging_task>
2026-10-07T01:21:13.7017674Z       <Coroutine test_fbs_packaging_task_skips_unmapped_product>
2026-10-07T01:21:13.7017913Z       <Coroutine test_fbs_supply_legacy_add_order_allowed_after_packing>
2026-10-07T01:21:13.7018108Z       <Coroutine test_fbs_supply_manual_packed_status_rejected>
2026-10-07T01:21:13.7018325Z       <Coroutine test_fbs_marking_update_does_not_promote_wb_supply>
2026-10-07T01:21:13.7018587Z       <Coroutine test_fbs_packaging_keeps_physical_stock_reserved_until_delivery>
2026-10-07T01:21:13.7018787Z       <Coroutine test_fbs_packing_without_stock_in_line_location>
2026-10-07T01:21:13.7019031Z       <Coroutine test_fbs_packing_does_not_convert_stock_from_other_warehouse>
2026-10-07T01:21:13.7019306Z       <Coroutine test_fbs_packaging_task_completes_without_stock_or_supply_promotion>
2026-10-07T01:21:13.7019532Z       <Coroutine test_tape_covers_every_order_and_matches_picking_list>
2026-10-07T01:21:13.7019671Z     <Module test_fbs_packing_box.py>
2026-10-07T01:21:13.7019917Z       <Coroutine test_warehouse_boxes_get_cargo_places_and_orders_are_exclusive>
2026-10-07T01:21:13.7020128Z       <Coroutine test_wb_box_readiness_never_depends_on_pack_status>
2026-10-07T01:21:13.7020381Z       <Coroutine test_box_creation_key_is_idempotent_and_rejects_different_count>
2026-10-07T01:21:13.7020694Z       <Coroutine test_box_creation_wb_rejection_cleans_local_boxes_and_same_key_can_retry[404]>
2026-10-07T01:21:13.7020997Z       <Coroutine test_box_creation_wb_rejection_cleans_local_boxes_and_same_key_can_retry[409]>
2026-10-07T01:21:13.7021385Z       <Coroutine test_box_retry_after_409_reconciles_timeout_with_same_operator_key>
2026-10-07T01:21:13.7021630Z       <Coroutine test_without_distribution_boxes_do_not_accept_order_assignment>
2026-10-07T01:21:13.7021978Z       <Coroutine test_legacy_create_boxes_toggle_rejects_existing_assignment>
2026-10-07T01:21:13.7022231Z       <Coroutine test_legacy_without_distribution_marker_still_blocks_assignment>
2026-10-07T01:21:13.7022583Z       <Coroutine test_legacy_without_distribution_create_retry_returns_existing_box[no-distribution:]>
2026-10-07T01:21:13.7022914Z       <Coroutine test_legacy_without_distribution_create_retry_returns_existing_box[retired-no-dist:]>
2026-10-07T01:21:13.7023229Z       <Coroutine test_truncated_legacy_key_does_not_capture_distinct_long_key[no-distribution:]>
2026-10-07T01:21:13.7023540Z       <Coroutine test_truncated_legacy_key_does_not_capture_distinct_long_key[retired-no-dist:]>
2026-10-07T01:21:13.7023842Z       <Coroutine test_truncated_legacy_key_retry_returns_existing_box[no-distribution:]>
2026-10-07T01:21:13.7024126Z       <Coroutine test_truncated_legacy_key_retry_returns_existing_box[retired-no-dist:]>
2026-10-07T01:21:13.7024402Z       <Coroutine test_without_distribution_mode_depends_on_assignments_not_box_count>
2026-10-07T01:21:13.7024679Z       <Coroutine test_without_distribution_toggle_preserves_full_key_for_create_retry>
2026-10-07T01:21:13.7024946Z       <Coroutine test_without_distribution_keeps_distinct_max_length_idempotency_keys>
2026-10-07T01:21:13.7025256Z       <Coroutine test_boxes_without_distribution_api_persists_mode_across_empty_box_lifecycle>
2026-10-07T01:21:13.7025578Z       <Coroutine test_migration_moves_provable_legacy_marker_to_supply_before_empty_box_lifecycle>
2026-10-07T01:21:13.7025876Z       <Coroutine test_client_key_with_legacy_prefix_is_not_mode_marker_and_stays_idempotent>
2026-10-07T01:21:13.7026267Z       <Coroutine test_boxes_without_distribution_api_conflicts_when_order_is_assigned>
2026-10-07T01:21:13.7026539Z       <Function test_workspace_wb_distribution_does_not_publish_navigation_blockers>
2026-10-07T01:21:13.7026784Z       <Function test_workspace_opens_boxes_without_sticker_navigation_blocker>
2026-10-07T01:21:13.7027034Z       <Function test_workspace_active_wb_starts_with_optional_picking>
2026-10-07T01:21:13.7027301Z       <Function test_workspace_active_wb_stage_does_not_consult_packaging_progress>
2026-10-07T01:21:13.7027561Z       <Function test_workspace_completed_wb_assembling_never_returns_to_picking>
2026-10-07T01:21:13.7027775Z       <Function test_workspace_wb_never_exposes_navigation_blockers>
2026-10-07T01:21:13.7028026Z       <Function test_workspace_fresh_ozon_supply_starts_with_picking_not_boxes>
2026-10-07T01:21:13.7028240Z       <Function test_workspace_ozon_never_exposes_navigation_blockers>
2026-10-07T01:21:13.7028511Z       <Function test_workspace_completed_ozon_assembling_never_returns_to_picking>
2026-10-07T01:21:13.7028744Z       <Function test_workspace_without_distribution_skips_assignment_gate>
2026-10-07T01:21:13.7028898Z     <Module test_fbs_packing_selection.py>
2026-10-07T01:21:13.7029154Z       <Coroutine test_selected_tape_reuses_code_and_clear_never_changes_inventory>
2026-10-07T01:21:13.7029424Z       <Coroutine test_clear_after_pool_to_external_replacement_releases_marking_need>
2026-10-07T01:21:13.7029689Z       <Coroutine test_clear_rejected_pool_code_returns_available_and_keeps_history>
2026-10-07T01:21:13.7029829Z     <Module test_fbs_pick_barcode_hint.py>
2026-10-07T01:21:13.7030091Z       <Coroutine test_wrong_barcode_with_hint_has_no_writes[5594804821589-pick_scan]>
2026-10-07T01:21:13.7030385Z       <Coroutine test_wrong_barcode_with_hint_has_no_writes[5594804821589-scan_pick_product]>
2026-10-07T01:21:13.7030626Z       <Coroutine test_wrong_barcode_with_hint_has_no_writes[UNKNOWN-pick_scan]>
2026-10-07T01:21:13.7030903Z       <Coroutine test_wrong_barcode_with_hint_has_no_writes[UNKNOWN-scan_pick_product]>
2026-10-07T01:21:13.7031147Z       <Coroutine test_wrong_barcode_with_hint_has_no_writes[722-pick_scan]>
2026-10-07T01:21:13.7031542Z       <Coroutine test_wrong_barcode_with_hint_has_no_writes[722-scan_pick_product]>
2026-10-07T01:21:13.7040139Z       <Coroutine test_wrong_barcode_with_hint_has_no_writes[   -pick_scan]>
2026-10-07T01:21:13.7040498Z       <Coroutine test_wrong_barcode_with_hint_has_no_writes[   -scan_pick_product]>
2026-10-07T01:21:13.7040770Z       <Coroutine test_valid_codes_and_replay[True-4119560418722-pick_scan]>
2026-10-07T01:21:13.7041047Z       <Coroutine test_valid_codes_and_replay[True-4119560418722-scan_pick_product]>
2026-10-07T01:21:13.7041278Z       <Coroutine test_valid_codes_and_replay[True-ALIAS-pick_scan]>
2026-10-07T01:21:13.7041531Z       <Coroutine test_valid_codes_and_replay[True-ALIAS-scan_pick_product]>
2026-10-07T01:21:13.7042055Z       <Coroutine test_valid_codes_and_replay[True-\u0424\u0410_\u041c\u041e\u0414274\u0430/001/42-pick_scan]>
2026-10-07T01:21:13.7042434Z       <Coroutine test_valid_codes_and_replay[True-\u0424\u0410_\u041c\u041e\u0414274\u0430/001/42-scan_pick_product]>
2026-10-07T01:21:13.7042684Z       <Coroutine test_valid_codes_and_replay[True-ORDER-CODE-pick_scan]>
2026-10-07T01:21:13.7042949Z       <Coroutine test_valid_codes_and_replay[True-ORDER-CODE-scan_pick_product]>
2026-10-07T01:21:13.7043193Z       <Coroutine test_valid_codes_and_replay[False-4119560418722-pick_scan]>
2026-10-07T01:21:13.7043457Z       <Coroutine test_valid_codes_and_replay[False-4119560418722-scan_pick_product]>
2026-10-07T01:21:13.7043672Z       <Coroutine test_valid_codes_and_replay[False-ALIAS-pick_scan]>
2026-10-07T01:21:13.7043914Z       <Coroutine test_valid_codes_and_replay[False-ALIAS-scan_pick_product]>
2026-10-07T01:21:13.7044265Z       <Coroutine test_valid_codes_and_replay[False-\u0424\u0410_\u041c\u041e\u0414274\u0430/001/42-pick_scan]>
2026-10-07T01:21:13.7044817Z       <Coroutine test_valid_codes_and_replay[False-\u0424\u0410_\u041c\u041e\u0414274\u0430/001/42-scan_pick_product]>
2026-10-07T01:21:13.7045058Z       <Coroutine test_valid_codes_and_replay[False-ORDER-CODE-pick_scan]>
2026-10-07T01:21:13.7045325Z       <Coroutine test_valid_codes_and_replay[False-ORDER-CODE-scan_pick_product]>
2026-10-07T01:21:13.7045613Z       <Coroutine test_hint_preserves_selected_product_with_shared_order_code[pick_scan]>
2026-10-07T01:21:13.7045938Z       <Coroutine test_hint_preserves_selected_product_with_shared_order_code[scan_pick_product]>
2026-10-07T01:21:13.7046167Z       <Coroutine test_ozon_marketplace_code_and_wrong_hint[pick_scan]>
2026-10-07T01:21:13.7046416Z       <Coroutine test_ozon_marketplace_code_and_wrong_hint[scan_pick_product]>
2026-10-07T01:21:13.7046601Z       <Coroutine test_manual_pick_and_public_empty_scan>
2026-10-07T01:21:13.7046844Z       <Coroutine test_hint_cannot_cross_product_scope[wb-tenant-pick_scan]>
2026-10-07T01:21:13.7047121Z       <Coroutine test_hint_cannot_cross_product_scope[wb-tenant-scan_pick_product]>
2026-10-07T01:21:13.7047356Z       <Coroutine test_hint_cannot_cross_product_scope[wb-seller-pick_scan]>
2026-10-07T01:21:13.7047620Z       <Coroutine test_hint_cannot_cross_product_scope[wb-seller-scan_pick_product]>
2026-10-07T01:21:13.7047853Z       <Coroutine test_hint_cannot_cross_product_scope[wb-supply-pick_scan]>
2026-10-07T01:21:13.7048111Z       <Coroutine test_hint_cannot_cross_product_scope[wb-supply-scan_pick_product]>
2026-10-07T01:21:13.7048355Z       <Coroutine test_hint_cannot_cross_product_scope[ozon-tenant-pick_scan]>
2026-10-07T01:21:13.7048629Z       <Coroutine test_hint_cannot_cross_product_scope[ozon-tenant-scan_pick_product]>
2026-10-07T01:21:13.7048868Z       <Coroutine test_hint_cannot_cross_product_scope[ozon-seller-pick_scan]>
2026-10-07T01:21:13.7049134Z       <Coroutine test_hint_cannot_cross_product_scope[ozon-seller-scan_pick_product]>
2026-10-07T01:21:13.7049371Z       <Coroutine test_hint_cannot_cross_product_scope[ozon-supply-pick_scan]>
2026-10-07T01:21:13.7049631Z       <Coroutine test_hint_cannot_cross_product_scope[ozon-supply-scan_pick_product]>
2026-10-07T01:21:13.7049977Z       <Coroutine test_public_hint_rejects_wrong_code_and_allows_retry>
2026-10-07T01:21:13.7050231Z       <Coroutine test_direct_scan_replay_rejects_changed_identity[barcode-wb]>
2026-10-07T01:21:13.7050494Z       <Coroutine test_direct_scan_replay_rejects_changed_identity[barcode-ozon]>
2026-10-07T01:21:13.7050740Z       <Coroutine test_direct_scan_replay_rejects_changed_identity[product-wb]>
2026-10-07T01:21:13.7050989Z       <Coroutine test_direct_scan_replay_rejects_changed_identity[product-ozon]>
2026-10-07T01:21:13.7051279Z       <Coroutine test_hinted_sku_preserves_case_insensitive_frontend_contract[pick_scan]>
2026-10-07T01:21:13.7051612Z       <Coroutine test_hinted_sku_preserves_case_insensitive_frontend_contract[scan_pick_product]>
2026-10-07T01:21:13.7051996Z       <Coroutine test_valid_replay_after_all_product_units_are_picked[pick_scan-wb]>
2026-10-07T01:21:13.7052272Z       <Coroutine test_valid_replay_after_all_product_units_are_picked[pick_scan-ozon]>
2026-10-07T01:21:13.7052582Z       <Coroutine test_valid_replay_after_all_product_units_are_picked[scan_pick_product-wb]>
2026-10-07T01:21:13.7052887Z       <Coroutine test_valid_replay_after_all_product_units_are_picked[scan_pick_product-ozon]>
2026-10-07T01:21:13.7053034Z     <Module test_fbs_pick_options.py>
2026-10-07T01:21:13.7053300Z       <Coroutine test_fbs_pick_options_returns_two_locations_with_inventory_numbers>
2026-10-07T01:21:13.7053548Z       <Coroutine test_fbs_pick_options_reports_active_pick_for_source_location>
2026-10-07T01:21:13.7053783Z       <Coroutine test_fbs_pick_options_keeps_physical_balance_after_pick>
2026-10-07T01:21:13.7054001Z       <Coroutine test_fbs_pick_options_hides_foreign_tenant_supply>
2026-10-07T01:21:13.7054235Z       <Coroutine test_fbs_pick_options_rejects_invalid_container_reference>
2026-10-07T01:21:13.7054589Z       <Coroutine test_fbs_pick_options_returns_empty_list_for_empty_supply>
2026-10-07T01:21:13.7054874Z       <Coroutine test_product_scan_finds_packed_only_container_without_address_storage>
2026-10-07T01:21:13.7055031Z     <Module test_fbs_pick_unload_contract.py>
2026-10-07T01:21:13.7055254Z       <Function test_fbs_pick_write_models_match_marketplace_unload>
2026-10-07T01:21:13.7055482Z       <Coroutine test_fbs_pick_set_assigns_two_orders_then_removes_one>
2026-10-07T01:21:13.7055747Z       <Coroutine test_fbs_pick_set_cas_and_stable_receipt_survive_intervening_change>
2026-10-07T01:21:13.7055953Z       <Coroutine test_fbs_pick_set_concurrent_cas_allows_one_writer>
2026-10-07T01:21:13.7056175Z       <Coroutine test_fbs_pick_scan_location_then_product_is_idempotent>
2026-10-07T01:21:13.7056454Z       <Coroutine test_fbs_pick_scan_receipt_keeps_original_source_quantity_for_safe_undo>
2026-10-07T01:21:13.7056722Z       <Coroutine test_fbs_pick_scan_concurrent_writers_return_atomic_source_quantities>
2026-10-07T01:21:13.7056986Z       <Coroutine test_fbs_pick_scan_selects_container_and_keeps_it_on_product_pick>
2026-10-07T01:21:13.7057211Z       <Coroutine test_fbs_pick_set_rejects_quantity_above_waiting_orders>
2026-10-07T01:21:13.7057419Z       <Coroutine test_fbs_pick_write_hides_foreign_tenant_supply>
2026-10-07T01:21:13.7057628Z       <Coroutine test_fbs_pick_scan_works_without_visible_address>
2026-10-07T01:21:13.7057881Z       <Coroutine test_fbs_pick_scan_works_for_container_in_sorting_without_cell>
2026-10-07T01:21:13.7058140Z       <Coroutine test_fbs_pick_scan_switches_source_and_keeps_it_on_product_alias>
2026-10-07T01:21:13.7058276Z     <Module test_fbs_picking.py>
2026-10-07T01:21:13.7058498Z       <Coroutine test_fbs_pick_scan_location_product_earliest_deadline>
2026-10-07T01:21:13.7058732Z       <Coroutine test_fbs_pick_concurrent_same_order_allocation_one_success>
2026-10-07T01:21:13.7058959Z       <Coroutine test_fbs_pick_zero_stock_does_not_create_synthetic_pick>
2026-10-07T01:21:13.7059152Z       <Coroutine test_fbs_pick_sorting_last_unit_is_atomic>
2026-10-07T01:21:13.7059400Z       <Coroutine test_fbs_pick_sorting_excludes_unit_assigned_to_other_supply>
2026-10-07T01:21:13.7059731Z       <Coroutine test_fbs_pick_refresh_keeps_progress>
2026-10-07T01:21:13.7059988Z       <Coroutine test_fbs_pick_and_undo_move_stock_between_source_and_picking_area>
2026-10-07T01:21:13.7060311Z       <Coroutine test_ozon_multi_product_quantity_partial_pick_manual_finish_and_idempotent_undo>
2026-10-07T01:21:13.7060486Z       <Coroutine test_fbs_pick_undo_allowed_after_pack>
2026-10-07T01:21:13.7060679Z       <Coroutine test_fbs_pick_rejects_cross_seller_product>
2026-10-07T01:21:13.7060861Z       <Coroutine test_fbs_pick_idempotency_no_double_pick>
2026-10-07T01:21:13.7061033Z       <Coroutine test_fbs_pick_sold_out_order_is_blocked>
2026-10-07T01:21:13.7061183Z     <Module test_fbs_picking_tape_order.py>
2026-10-07T01:21:13.7061442Z       <Coroutine test_workspace_tape_order_index_matches_picking_list_order>
2026-10-07T01:21:13.7061654Z       <Coroutine test_full_tape_print_matches_picking_list_order>
2026-10-07T01:21:13.7061958Z       <Coroutine test_partial_tape_print_preserves_caller_order>
2026-10-07T01:21:13.7062195Z       <Coroutine test_cancelled_order_does_not_shift_remaining_tape_order>
2026-10-07T01:21:13.7062364Z     <Module test_fbs_pr140_shipment_write_off.py>
2026-10-07T01:21:13.7062630Z       <Coroutine test_ozon_two_products_are_written_off_from_their_packed_locations>
2026-10-07T01:21:13.7062850Z       <Coroutine test_ozon_quantity_above_one_is_written_off_in_full>
2026-10-07T01:21:13.7063105Z       <Coroutine test_ozon_cancellation_does_not_restore_written_off_positions>
2026-10-07T01:21:13.7063362Z       <Coroutine test_ozon_single_packed_unit_keeps_the_previous_one_unit_result>
2026-10-07T01:21:13.7063610Z       <Coroutine test_ozon_packaging_write_off_then_delivery_debits_stock_once>
2026-10-07T01:21:13.7063808Z       <Coroutine test_wb_delivery_keeps_single_write_off_path>
2026-10-07T01:21:13.7064254Z       <Coroutine test_wb_confirmed_checkpoint_replays_local_write_off_without_replanning>
2026-10-07T01:21:13.7064505Z       <Coroutine test_ozon_cancelled_after_packaging_is_not_written_off_again>
2026-10-07T01:21:13.7064833Z       <Coroutine test_units_shipment_consumes_once_with_or_without_reserve[True-wb-quantities0]>
2026-10-07T01:21:13.7065156Z       <Coroutine test_units_shipment_consumes_once_with_or_without_reserve[True-ozon-quantities1]>
2026-10-07T01:21:13.7065471Z       <Coroutine test_units_shipment_consumes_once_with_or_without_reserve[False-wb-quantities0]>
2026-10-07T01:21:13.7065799Z       <Coroutine test_units_shipment_consumes_once_with_or_without_reserve[False-ozon-quantities1]>
2026-10-07T01:21:13.7065961Z     <Module test_fbs_print_asset_file_missing.py>
2026-10-07T01:21:13.7066140Z       <Function test_ready_asset_with_file_is_printable>
2026-10-07T01:21:13.7066337Z       <Function test_ready_asset_without_file_is_not_printable>
2026-10-07T01:21:13.7066544Z       <Function test_asset_without_storage_path_is_not_printable>
2026-10-07T01:21:13.7066740Z       <Function test_already_failed_asset_keeps_its_own_error>
2026-10-07T01:21:13.7066900Z     <Module test_fbs_print_asset_pdf_storage.py>
2026-10-07T01:21:13.7067104Z       <Function test_pdf_label_is_stored_and_read_back_untouched>
2026-10-07T01:21:13.7067307Z       <Function test_png_and_pdf_of_one_order_are_different_files>
2026-10-07T01:21:13.7067479Z       <Function test_a_pdf_declared_as_png_is_refused>
2026-10-07T01:21:13.7067640Z       <Function test_a_png_declared_as_pdf_is_refused>
2026-10-07T01:21:13.7067831Z       <Function test_an_unknown_format_never_reaches_the_disk>
2026-10-07T01:21:13.7068013Z       <Function test_empty_content_is_still_empty_content>
2026-10-07T01:21:13.7068260Z       <Function test_reading_a_pdf_as_png_fails_instead_of_returning_garbage>
2026-10-07T01:21:13.7068395Z     <Module test_fbs_print_assets.py>
2026-10-07T01:21:13.7068578Z       <Coroutine test_tc15_one_order_sticker_binary_content>
2026-10-07T01:21:13.7068744Z       <Coroutine test_tc15_missing_file_not_ready>
2026-10-07T01:21:13.7068982Z       <Coroutine test_tc16_batch_stickers_partial_failure_and_retry_missing>
2026-10-07T01:21:13.7069318Z       <Coroutine test_tc16_retry_missing_does_not_regenerate_ready>
2026-10-07T01:21:13.7069477Z       <Coroutine test_print_asset_cross_tenant_404>
2026-10-07T01:21:13.7069648Z       <Function test_storage_traversal_path_rejected>
2026-10-07T01:21:13.7069828Z       <Coroutine test_applied_separate_from_print_opened>
2026-10-07T01:21:13.7069976Z     <Module test_fbs_print_job_delivery.py>
2026-10-07T01:21:13.7070244Z       <Coroutine test_document_replay_claim_and_queue_receipt_do_not_repeat_print>
2026-10-07T01:21:13.7070397Z     <Module test_fbs_product_barcode_source.py>
2026-10-07T01:21:13.7070590Z       <Function test_product_card_barcode_wins_over_wb_order>
2026-10-07T01:21:13.7070820Z       <Function test_wb_order_barcode_is_fallback_when_product_has_none>
2026-10-07T01:21:13.7071006Z       <Function test_unmapped_order_falls_back_to_wb_barcode>
2026-10-07T01:21:13.7071177Z       <Function test_no_barcode_anywhere_gives_none>
2026-10-07T01:21:13.7071322Z     <Module test_fbs_resume_connection.py>
2026-10-07T01:21:13.7071608Z       <Coroutine test_resume_http_releases_pool_and_rereads_before_finalizing[success]>
2026-10-07T01:21:13.7072139Z       <Coroutine test_resume_http_releases_pool_and_rereads_before_finalizing[timeout]>
2026-10-07T01:21:13.7072478Z       <Coroutine test_resume_http_releases_pool_and_rereads_before_finalizing[concurrent_confirmed]>
2026-10-07T01:21:13.7072617Z     <Module test_fbs_review_fixes.py>
2026-10-07T01:21:13.7072850Z       <Coroutine test_cancel_in_assembling_detaches_and_adjusts_packaging>
2026-10-07T01:21:13.7073097Z       <Coroutine test_cancel_last_order_in_assembling_reverts_supply_to_draft>
2026-10-07T01:21:13.7073287Z       <Coroutine test_concurrent_reserve_only_one_succeeds>
2026-10-07T01:21:13.7073475Z       <Coroutine test_sync_order_statuses_paginates_past_500>
2026-10-07T01:21:13.7073899Z       <Coroutine test_wb_packaging_promotion_is_disabled_even_after_marking_ok>
2026-10-07T01:21:13.7074117Z       <Coroutine test_cancel_in_packed_supply_demotes_to_assembling>
2026-10-07T01:21:13.7074330Z       <Coroutine test_sync_order_statuses_advances_sorted_to_sold>
2026-10-07T01:21:13.7074551Z       <Coroutine test_fbs_shipment_uses_each_planned_source_location>
2026-10-07T01:21:13.7074695Z     <Module test_fbs_seller_warehouse.py>
2026-10-07T01:21:13.7074908Z       <Coroutine test_fbs_seller_warehouses_ok_and_missing_token_403>
2026-10-07T01:21:13.7075050Z       <Coroutine test_fbs_seller_offices_ok>
2026-10-07T01:21:13.7075273Z       <Coroutine test_fbs_seller_warehouses_supplies_only_fallback_ok>
2026-10-07T01:21:13.7075483Z       <Coroutine test_fbs_seller_warehouses_content_only_fallback_ok>
2026-10-07T01:21:13.7075747Z       <Coroutine test_fbs_seller_warehouses_stale_marketplace_falls_back_to_content>
2026-10-07T01:21:13.7075932Z       <Coroutine test_fbs_seller_warehouses_cross_tenant_404>
2026-10-07T01:21:13.7076137Z       <Coroutine test_fbs_seller_warehouses_wb_upstream_error_502>
2026-10-07T01:21:13.7076307Z     <Module test_fbs_shipment_deliver_gate_unit.py>
2026-10-07T01:21:13.7076525Z       <Function test_deliver_allows_optional_pick_pack_for_in_supply>
2026-10-07T01:21:13.7076745Z       <Function test_deliver_allows_optional_pick_pack_for_assembling>
2026-10-07T01:21:13.7076888Z       <Function test_deliver_ok_when_packed>
2026-10-07T01:21:13.7077084Z       <Function test_missing_order_sticker_warns_but_never_blocks>
2026-10-07T01:21:13.7077310Z       <Function test_non_wb_delivery_does_not_require_wb_order_sticker>
2026-10-07T01:21:13.7077468Z       <Function test_terminal_order_check_not_ok>
2026-10-07T01:21:13.7077727Z       <Function test_terminal_wb_composition_order_is_visible_but_does_not_block>
2026-10-07T01:21:13.7077904Z       <Function test_warehouse_route_has_no_cargo_checks>
2026-10-07T01:21:13.7078115Z       <Function test_boxes_and_distribution_are_not_delivery_checks>
2026-10-07T01:21:13.7078312Z       <Function test_deliver_allows_boxes_without_distribution>
2026-10-07T01:21:13.7078522Z       <Function test_marking_required_is_a_warning_and_never_blocks>
2026-10-07T01:21:13.7078838Z       <Function test_skip_honest_sign_removes_our_marking_gate>
2026-10-07T01:21:13.7079035Z       <Function test_preflight_exposes_real_wb_marking_status>
2026-10-07T01:21:13.7079215Z       <Function test_wb_delivery_blocker_codes_are_frozen>
2026-10-07T01:21:13.7079444Z       <Function test_wb_supply_with_nothing_prepared_is_still_deliverable>
2026-10-07T01:21:13.7079706Z       <Function test_wb_preflight_version_ignores_every_advisory_packaging_fact>
2026-10-07T01:21:13.7079947Z       <Function test_wb_preflight_version_still_changes_for_terminal_order>
2026-10-07T01:21:13.7080196Z       <Function test_meta_validation_message_shows_order_and_concrete_wb_reason>
2026-10-07T01:21:13.7080409Z       <Function test_meta_validation_message_keeps_unknown_wb_reason>
2026-10-07T01:21:13.7080643Z       <Function test_already_delivered_supply_still_refuses_second_handoff>
2026-10-07T01:21:13.7080824Z       <Function test_empty_supply_still_refuses_handoff>
2026-10-07T01:21:13.7081059Z       <Function test_wb_checklist_survives_stock_moving_under_the_operator>
2026-10-07T01:21:13.7081334Z       <Function test_order_without_mapped_product_warns_and_does_not_stop_the_supply>
2026-10-07T01:21:13.7081608Z       <Function test_wb_dispatch_refusal_shows_order_reasons_instead_of_advice_to_wait>
2026-10-07T01:21:13.7082001Z       <Function test_wb_dispatch_refusal_without_details_still_suggests_a_retry>
2026-10-07T01:21:13.7082360Z       <Function test_real_wb_refusal_from_2026_09_02_reads_as_an_instruction>
2026-10-07T01:21:13.7082605Z       <Function test_wms653_all_pending_sgtin_rows_have_human_waiting_message>
2026-10-07T01:21:13.7083489Z       <Function test_wms653_non_waiting_meta_validation_is_not_masked[item0-\u041a\u0418\u0417 \u043e\u0442\u043a\u043b\u043e\u043d\u0451\u043d \u0432\u043b\u0430\u0434\u0435\u043b\u044c\u0446\u0435\u043c \u043a\u043e\u0434\u0430]>
2026-10-07T01:21:13.7084124Z       <Function test_wms653_non_waiting_meta_validation_is_not_masked[item1-\u041a\u0418\u0417 \u043d\u0435 \u043f\u0440\u043e\u0448\u0451\u043b \u043f\u0440\u043e\u0432\u0435\u0440\u043a\u0443]>
2026-10-07T01:21:13.7084660Z       <Function test_wms653_non_waiting_meta_validation_is_not_masked[item2-\u0423\u0418\u041d \u0435\u0449\u0451 \u043d\u0435 \u043f\u0440\u0438\u043d\u044f\u0442]>
2026-10-07T01:21:13.7084884Z       <Function test_wms653_real_kiz_refusal_keeps_order_and_wb_reason>
2026-10-07T01:21:13.7085116Z       <Function test_wms653_mixed_pending_and_refusal_keep_two_human_reasons>
2026-10-07T01:21:13.7085352Z       <Function test_wms653_edge_meta_validation_variants_are_safe_and_human>
2026-10-07T01:21:13.7085500Z     <Module test_fbs_shipment_delivery.py>
2026-10-07T01:21:13.7085737Z       <Coroutine test_tc19_delivery_preflight_checklist_and_stale_version>
2026-10-07T01:21:13.7085957Z       <Coroutine test_tc20_pvz_deliver_timeout_pending_confirmation>
2026-10-07T01:21:13.7086165Z       <Coroutine test_tc21_warehouse_sc_qr_after_deliver_route_diff>
2026-10-07T01:21:13.7086303Z     <Module test_fbs_shipment_pvz.py>
2026-10-07T01:21:13.7086556Z       <Coroutine test_tc17_pvz_cargo_places_create_qr_and_deliver_without_bind>
2026-10-07T01:21:13.7086886Z       <Coroutine test_pvz_cargo_places_transport_after_wb_side_effect_reconciles_without_recreate>
2026-10-07T01:21:13.7087152Z       <Coroutine test_pvz_cargo_places_unresolved_reconcile_returns_structured_504>
2026-10-07T01:21:13.7087347Z       <Coroutine test_tc18_pvz_cargo_places_dimension_blockers>
2026-10-07T01:21:13.7087578Z       <Coroutine test_fbs_pvz_create_trbx_ok_and_warehouse_sc_create_trbx_ok>
2026-10-07T01:21:13.7087755Z       <Coroutine test_fbs_pvz_bind_orders_deprecated_410>
2026-10-07T01:21:13.7087958Z       <Coroutine test_fbs_pvz_trbx_stickers_cached_and_wb_error>
2026-10-07T01:21:13.7088192Z       <Coroutine test_fbs_pvz_trbx_sticker_single_response_without_trbx_id>
2026-10-07T01:21:13.7088428Z       <Coroutine test_fbs_pvz_deliver_warns_about_boxes_but_does_not_stop>
2026-10-07T01:21:13.7088714Z       <Coroutine test_pvz_delete_cargo_places_ok>
2026-10-07T01:21:13.7089009Z       <Coroutine test_pvz_delete_cargo_places_transport_reconciles_without_double_delete>
2026-10-07T01:21:13.7089179Z       <Coroutine test_pvz_delete_cargo_places_guards>
2026-10-07T01:21:13.7089342Z     <Module test_fbs_shipment_source_service.py>
2026-10-07T01:21:13.7089596Z       <Coroutine test_manual_pick_wins_and_keeps_exact_container_for_reversal>
2026-10-07T01:21:13.7089809Z       <Coroutine test_auto_source_priority_and_in_plan_consumption>
2026-10-07T01:21:13.7090050Z       <Coroutine test_forced_negative_uses_supply_sorting_without_balance>
2026-10-07T01:21:13.7090207Z     <Module test_fbs_shipment_warehouse_sc.py>
2026-10-07T01:21:13.7090413Z       <Coroutine test_fbs_shipment_deliver_ok_and_orders_not_ready>
2026-10-07T01:21:13.7090695Z       <Coroutine test_wb_pick_moves_to_sorting_undo_returns_and_deliver_debits_sorting>
2026-10-07T01:21:13.7090973Z       <Coroutine test_fbs_delivery_writes_zero_stock_negative_once_and_releases_reserve>
2026-10-07T01:21:13.7091221Z       <Coroutine test_fbs_shipment_translates_temporary_dispatch_rejection>
2026-10-07T01:21:13.7091443Z       <Coroutine test_fbs_shipment_deliver_allows_optional_pick_pack>
2026-10-07T01:21:13.7091616Z       <Coroutine test_fbs_shipment_barcode_png_cached>
2026-10-07T01:21:13.7091919Z       <Coroutine test_fbs_shipment_marking_required_and_ok>
2026-10-07T01:21:13.7092132Z       <Coroutine test_fbs_shipment_deliver_wb_error_no_status_change>
2026-10-07T01:21:13.7092429Z       <Coroutine test_pending_delivery_recovers_after_process_crash_without_second_wb_call>
2026-10-07T01:21:13.7092710Z       <Coroutine test_pending_reconcile_never_overwrites_parallel_definitive_failure>
2026-10-07T01:21:13.7092960Z       <Coroutine test_stale_not_delivered_never_overwrites_parallel_ambiguity>
2026-10-07T01:21:13.7093329Z       <Coroutine test_failed_key_cannot_close_another_active_delivery_attempt>
2026-10-07T01:21:13.7093597Z       <Coroutine test_pending_retry_uses_frozen_plan_without_recomputing_sources>
2026-10-07T01:21:13.7093820Z       <Coroutine test_relock_refresh_prevents_parallel_second_wb_call>
2026-10-07T01:21:13.7094073Z       <Coroutine test_pending_delivery_key_cannot_be_rebound_to_another_supply>
2026-10-07T01:21:13.7094407Z       <Coroutine test_warehouse_sc_deliver_qr_failure_keeps_confirmed_delivery_and_retries_qr_only>
2026-10-07T01:21:13.7094599Z       <Coroutine test_retry_supply_qr_never_calls_wb_deliver>
2026-10-07T01:21:13.7094816Z       <Coroutine test_retry_supply_qr_succeeds_for_pvz_delivery_type>
2026-10-07T01:21:13.7095037Z       <Coroutine test_fbs_shipment_deliver_pvz_without_boxes_still_goes>
2026-10-07T01:21:13.7095248Z       <Coroutine test_fbs_shipment_deliver_cancelled_order_in_supply>
2026-10-07T01:21:13.7095465Z       <Coroutine test_supply_of_only_unmapped_orders_still_reaches_wb>
2026-10-07T01:21:13.7095666Z       <Coroutine test_mixed_supply_marks_every_order_delivered>
2026-10-07T01:21:13.7095921Z       <Coroutine test_supply_without_wb_number_does_not_break_the_whole_worklist>
2026-10-07T01:21:13.7096218Z       <Coroutine test_wms653_pending_kiz_response_is_safe_but_operation_keeps_raw_context>
2026-10-07T01:21:13.7096355Z     <Module test_fbs_skip_reprint.py>
2026-10-07T01:21:13.7096663Z       <Coroutine test_skip_pack_handoff_reuses_saved_code_without_new_pool_or_wb_write[False]>
2026-10-07T01:21:13.7096966Z       <Coroutine test_skip_pack_handoff_reuses_saved_code_without_new_pool_or_wb_write[True]>
2026-10-07T01:21:13.7097287Z       <Coroutine test_skipped_supply_does_not_replace_unprintable_saved_marking[operator-True]>
2026-10-07T01:21:13.7097584Z       <Coroutine test_skipped_supply_does_not_replace_unprintable_saved_marking[pool-False]>
2026-10-07T01:21:13.7097732Z     <Module test_fbs_stock_availability.py>
2026-10-07T01:21:13.7097984Z       <Coroutine test_fbs_availability_without_direction_uses_physical_stock>
2026-10-07T01:21:13.7098157Z       <Coroutine test_fbo_reserve_reduces_fbs_publish>
2026-10-07T01:21:13.7098347Z       <Coroutine test_inventory_summary_includes_fbs_reserve>
2026-10-07T01:21:13.7098662Z       <Coroutine test_negative_computed_amount_clamps_to_zero>
2026-10-07T01:21:13.7098866Z       <Coroutine test_fbs_availability_batch_query_count_bounded>
2026-10-07T01:21:13.7099144Z       <Coroutine test_sold_release_does_not_resurrect_available_after_fbs_write_off>
2026-10-07T01:21:13.7099389Z       <Coroutine test_fbs_available_stock_reserve_release_writeoff_sequence>
2026-10-07T01:21:13.7099563Z     <Module test_fbs_stock_emulator_integration.py>
2026-10-07T01:21:13.7099735Z       <Function test_prod_compose_has_no_wb_emulator>
2026-10-07T01:21:13.7099958Z       <Function test_prod_compose_runs_migrations_once_before_workers>
2026-10-07T01:21:13.7100224Z       <Coroutine test_wms_emulator_safe_sync_without_fbs_percent_ignores_legacy_pool>
2026-10-07T01:21:13.7100407Z       <Coroutine test_wms_emulator_fbs_stock_full_cycle>
2026-10-07T01:21:13.7100549Z     <Module test_fbs_stock_models.py>
2026-10-07T01:21:13.7100815Z       <Function test_ozon_binding_api_output_keeps_provider_identity[True-False]>
2026-10-07T01:21:13.7101070Z       <Function test_ozon_binding_api_output_keeps_provider_identity[False-True]>
2026-10-07T01:21:13.7101246Z       <Coroutine test_binding_unique_seller_wb_warehouse>
2026-10-07T01:21:13.7101494Z       <Coroutine test_binding_allows_one_wms_warehouse_for_many_wb_warehouses>
2026-10-07T01:21:13.7101827Z       <Coroutine test_one_physical_unit_may_be_published_to_wb_and_ozon>
2026-10-07T01:21:13.7102040Z       <Coroutine test_fbs_order_wb_warehouse_separate_from_office>
2026-10-07T01:21:13.7102233Z       <Coroutine test_fbs_order_unmapped_warehouse_nullable>
2026-10-07T01:21:13.7102408Z       <Coroutine test_stock_sync_item_unique_binding_chrt>
2026-10-07T01:21:13.7102580Z       <Coroutine test_stock_sync_item_status_and_amounts>
2026-10-07T01:21:13.7102869Z       <Coroutine test_binding_lease_and_sync_metadata>
2026-10-07T01:21:13.7103041Z     <Module test_fbs_stock_publish_on_movement.py>
2026-10-07T01:21:13.7103337Z       <Coroutine test_publish_lock_survives_business_commits_and_does_not_block_delivery>
2026-10-07T01:21:13.7103533Z       <Coroutine test_movement_publishes_stock_once_per_seller>
2026-10-07T01:21:13.7103763Z       <Coroutine test_schedule_collapses_duplicates_and_skips_rollback>
2026-10-07T01:21:13.7103957Z       <Function test_read_only_wb_token_is_reported_distinctly>
2026-10-07T01:21:13.7104143Z       <Coroutine test_outbound_reservation_publishes_stock>
2026-10-07T01:21:13.7104317Z       <Function test_picking_service_allows_sorting_zone>
2026-10-07T01:21:13.7104594Z       <Function test_drain_removes_finished_task_even_when_its_done_callback_has_not_run>
2026-10-07T01:21:13.7104740Z     <Module test_fbs_stock_rule_service.py>
2026-10-07T01:21:13.7104909Z       <Function test_amount_from_percent_rounds_down>
2026-10-07T01:21:13.7105130Z       <Function test_validate_rule_allows_each_binding_up_to_hundred>
2026-10-07T01:21:13.7105318Z       <Function test_validate_rule_rejects_off_step_percent>
2026-10-07T01:21:13.7105526Z       <Function test_split_amounts_caps_each_binding_by_free_stock>
2026-10-07T01:21:13.7105692Z       <Coroutine test_rule_view_shows_three_numbers>
2026-10-07T01:21:13.7105973Z       <Coroutine test_rule_view_counts_global_direction_reserve_once_across_warehouses>
2026-10-07T01:21:13.7106194Z       <Coroutine test_rule_view_keeps_single_warehouse_direction_math>
2026-10-07T01:21:13.7106382Z       <Coroutine test_bulk_rule_views_match_single_rule_math>
2026-10-07T01:21:13.7106546Z       <Coroutine test_bulk_rule_rejects_mixed_sellers>
2026-10-07T01:21:13.7106712Z       <Coroutine test_publish_takes_number_from_rule>
2026-10-07T01:21:13.7106991Z       <Coroutine test_disabled_rule_save_does_not_enable_bindings_or_schedule_publish>
2026-10-07T01:21:13.7107203Z       <Coroutine test_product_without_rule_ignores_old_stored_number>
2026-10-07T01:21:13.7107409Z       <Coroutine test_units_mode_publishes_numbers_as_given>
2026-10-07T01:21:13.7107620Z       <Coroutine test_units_quota_is_eaten_only_by_its_own_warehouse>
2026-10-07T01:21:13.7107939Z       <Coroutine test_cancelled_before_handover_returns_quota>
2026-10-07T01:21:13.7108139Z       <Coroutine test_cancelled_after_handover_keeps_quota_spent>
2026-10-07T01:21:13.7108341Z       <Coroutine test_old_orders_do_not_eat_a_freshly_set_number>
2026-10-07T01:21:13.7108617Z       <Coroutine test_inventory_deducts_allocation_and_receiving_does_not_restore_it>
2026-10-07T01:21:13.7108824Z       <Coroutine test_units_caps_are_independent_between_bindings>
2026-10-07T01:21:13.7109002Z       <Coroutine test_receiving_does_not_raise_units_quota>
2026-10-07T01:21:13.7109240Z       <Coroutine test_zero_edit_cancel_and_repeated_events_preserve_reserve>
2026-10-07T01:21:13.7109426Z       <Coroutine test_inventory_uses_ordinary_stock_then_fbs>
2026-10-07T01:21:13.7109606Z       <Coroutine test_switching_modes_preserves_reserves>
2026-10-07T01:21:13.7109810Z       <Coroutine test_ozon_reserves_product_quantities_atomically>
2026-10-07T01:21:13.7110043Z       <Coroutine test_available_stock_migration_keeps_current_remainder>
2026-10-07T01:21:13.7110276Z       <Coroutine test_share_rule_keeps_allocation_the_rule_does_not_reach>
2026-10-07T01:21:13.7110485Z       <Coroutine test_percent_rules_are_independent_for_wb_and_ozon>
2026-10-07T01:21:13.7110746Z       <Coroutine test_same_everywhere_may_publish_full_share_to_each_marketplace>
2026-10-07T01:21:13.7111000Z       <Coroutine test_one_physical_unit_is_never_promised_to_both_marketplaces>
2026-10-07T01:21:13.7111264Z       <Coroutine test_rule_refuses_when_two_marketplaces_share_a_warehouse_number>
2026-10-07T01:21:13.7111641Z       <Coroutine test_existing_pools_do_not_alias_when_another_marketplace_uses_same_warehouse_id[True-True]>
2026-10-07T01:21:13.7112362Z       <Coroutine test_existing_pools_do_not_alias_when_another_marketplace_uses_same_warehouse_id[True-False]>
2026-10-07T01:21:13.7112736Z       <Coroutine test_existing_pools_do_not_alias_when_another_marketplace_uses_same_warehouse_id[False-True]>
2026-10-07T01:21:13.7113111Z       <Coroutine test_existing_pools_do_not_alias_when_another_marketplace_uses_same_warehouse_id[False-False]>
2026-10-07T01:21:13.7113407Z       <Function test_units_publication_caps_each_marketplace_after_outbound[0-expected0]>
2026-10-07T01:21:13.7113700Z       <Function test_units_publication_caps_each_marketplace_after_outbound[10-expected1]>
2026-10-07T01:21:13.7113981Z       <Function test_units_publication_caps_each_marketplace_after_outbound[20-expected2]>
2026-10-07T01:21:13.7114258Z       <Coroutine test_named_direction_never_exposes_existing_fbs_reservations_to_fbo[0]>
2026-10-07T01:21:13.7114540Z       <Coroutine test_named_direction_never_exposes_existing_fbs_reservations_to_fbo[25]>
2026-10-07T01:21:13.7114822Z       <Coroutine test_named_direction_never_exposes_existing_fbs_reservations_to_fbo[100]>
2026-10-07T01:21:13.7115191Z       <Coroutine test_qualified_warehouse_keys_round_trip_both_marketplaces_and_keep_combined_limit[False]>
2026-10-07T01:21:13.7115552Z       <Coroutine test_qualified_warehouse_keys_round_trip_both_marketplaces_and_keep_combined_limit[True]>
2026-10-07T01:21:13.7115810Z       <Function test_remaining_units_respect_the_supplied_binding_filter[False]>
2026-10-07T01:21:13.7116058Z       <Function test_remaining_units_respect_the_supplied_binding_filter[True]>
2026-10-07T01:21:13.7116361Z       <Coroutine test_unused_mode_warehouse_keys_do_not_block_saving_the_active_rule[False]>
2026-10-07T01:21:13.7116658Z       <Coroutine test_unused_mode_warehouse_keys_do_not_block_saving_the_active_rule[True]>
2026-10-07T01:21:13.7116857Z       <Coroutine test_manual_cap_is_preserved_when_stock_falls>
2026-10-07T01:21:13.7117084Z       <Coroutine test_bulk_legacy_save_remains_atomic_for_each_product>
2026-10-07T01:21:13.7117272Z       <Coroutine test_cap_is_not_fbo_reservation_but_order_is>
2026-10-07T01:21:13.7117493Z       <Coroutine test_disabled_publication_still_clamps_manual_value>
2026-10-07T01:21:13.7117707Z       <Coroutine test_manual_cap_endpoint_keeps_marketplace_identity>
2026-10-07T01:21:13.7118073Z       <Coroutine test_old_session_cap_is_refreshed_before_clamping_save>
2026-10-07T01:21:13.7118220Z     <Module test_fbs_stock_share_wave2.py>
2026-10-07T01:21:13.7118419Z       <Coroutine test_fbs_seller_warehouses_contract_get_and_put>
2026-10-07T01:21:13.7118641Z       <Coroutine test_fbs_import_skips_unserved_and_unknown_warehouses>
2026-10-07T01:21:13.7118839Z       <Coroutine test_fbs_assembly_time_period_and_seller_filter>
2026-10-07T01:21:13.7119008Z       <Coroutine test_fbs_assembly_time_empty_period>
2026-10-07T01:21:13.7119192Z       <Coroutine test_fbs_wave2_routes_are_tenant_isolated>
2026-10-07T01:21:13.7119473Z       <Coroutine test_fbs_legacy_limits_reset_requires_rule_and_preserves_operator_cap>
2026-10-07T01:21:13.7119608Z     <Module test_fbs_stock_sync.py>
2026-10-07T01:21:13.7119864Z       <Coroutine test_disabled_product_gets_one_farewell_zero_and_then_silence>
2026-10-07T01:21:13.7120098Z       <Function test_build_publish_plan_reads_amounts_directly_from_pool>
2026-10-07T01:21:13.7120375Z       <Function test_build_publish_plan_sends_zero_only_when_something_was_published>
2026-10-07T01:21:13.7120641Z       <Coroutine test_sync_does_not_zero_disabled_product_from_stale_confirmed_item>
2026-10-07T01:21:13.7120894Z       <Coroutine test_sync_skips_product_without_percent_despite_old_pool_number>
2026-10-07T01:21:13.7121125Z       <Coroutine test_zero_percent_means_no_rule_and_nothing_is_published>
2026-10-07T01:21:13.7121345Z       <Coroutine test_units_mode_publishes_even_though_percent_is_zero>
2026-10-07T01:21:13.7121598Z       <Coroutine test_unserved_binding_still_publishes_when_its_own_switch_is_on>
2026-10-07T01:21:13.7122020Z       <Coroutine test_sync_skips_binding_with_publication_switched_off>
2026-10-07T01:21:13.7122425Z       <Coroutine test_rule_failure_marks_binding_error_without_old_pool_fallback>
2026-10-07T01:21:13.7122611Z       <Coroutine test_sync_confirms_when_readback_matches>
2026-10-07T01:21:13.7122926Z       <Coroutine test_repair_subset_publishes_only_selected_and_keeps_duplicate_guard[False]>
2026-10-07T01:21:13.7123221Z       <Coroutine test_repair_subset_publishes_only_selected_and_keeps_duplicate_guard[True]>
2026-10-07T01:21:13.7123419Z       <Coroutine test_sync_publishes_amount_calculated_by_rule>
2026-10-07T01:21:13.7123613Z       <Coroutine test_sync_publishes_rule_amounts_per_binding>
2026-10-07T01:21:13.7123907Z       <Coroutine test_seller_catalog_prefers_active_confirmed_readback_over_irrelevant_error>
2026-10-07T01:21:13.7124191Z       <Coroutine test_seller_catalog_keeps_active_safe_error_without_confirmed_readback>
2026-10-07T01:21:13.7124377Z       <Coroutine test_sync_marks_error_on_readback_mismatch>
2026-10-07T01:21:13.7124644Z       <Coroutine test_sync_skips_previously_published_absent_product_without_zeroing>
2026-10-07T01:21:13.7124869Z       <Coroutine test_sync_skips_missing_chrt_and_conflicts_duplicates>
2026-10-07T01:21:13.7125053Z       <Coroutine test_sync_splits_1001_items_into_two_batches>
2026-10-07T01:21:13.7125261Z       <Coroutine test_sync_upstream_error_marks_batch_error[401]>
2026-10-07T01:21:13.7125459Z       <Coroutine test_sync_upstream_error_marks_batch_error[409]>
2026-10-07T01:21:13.7125800Z       <Coroutine test_sync_429_after_retry_marks_binding_upstream_error>
2026-10-07T01:21:13.7126175Z       <Coroutine test_sync_transport_error_marks_binding_not_readback_mismatch>
2026-10-07T01:21:13.7126436Z       <Coroutine test_sync_429_retries_once_then_succeeds>
2026-10-07T01:21:13.7126697Z       <Coroutine test_default_rate_limiter_paces_wb_calls>
2026-10-07T01:21:13.7127010Z       <Coroutine test_sync_429_honors_retry_after_on_production_limiter>
2026-10-07T01:21:13.7127176Z       <Coroutine test_sync_skips_when_lease_active>
2026-10-07T01:21:13.7127406Z       <Coroutine test_try_acquire_lease_handles_naive_loaded_lease_until>
2026-10-07T01:21:13.7127623Z       <Coroutine test_partial_batch_failure_leaves_confirmed_batch>
2026-10-07T01:21:13.7127823Z       <Coroutine test_try_acquire_lease_atomic_under_concurrency>
2026-10-07T01:21:13.7128177Z       <Coroutine test_farewell_zero_skips_cards_we_never_published>
2026-10-07T01:21:13.7128321Z     <Module test_fbs_supply_assembly.py>
2026-10-07T01:21:13.7128466Z       <Coroutine test_fbs_supply_create_ok>
2026-10-07T01:21:13.7128644Z       <Coroutine test_fbs_supply_create_wb_error_no_db_row>
2026-10-07T01:21:13.7128797Z       <Coroutine test_fbs_supply_add_order_ok>
2026-10-07T01:21:13.7129020Z       <Coroutine test_fbs_supply_deliver_in_supply_goes_without_boxes>
2026-10-07T01:21:13.7129248Z       <Coroutine test_fbs_supply_add_order_already_in_other_supply>
2026-10-07T01:21:13.7129428Z       <Coroutine test_fbs_supply_add_order_concurrent_race>
2026-10-07T01:21:13.7129612Z       <Coroutine test_fbs_supply_add_order_warehouse_mismatch>
2026-10-07T01:21:13.7129828Z       <Coroutine test_fbs_supply_add_order_wb_error_leaves_order_new>
2026-10-07T01:21:13.7130006Z       <Coroutine test_fbs_supply_picking_list_grouping>
2026-10-07T01:21:13.7130173Z       <Coroutine test_fbs_supply_stickers_cached>
2026-10-07T01:21:13.7130333Z       <Coroutine test_fbs_supply_stickers_wb_error>
2026-10-07T01:21:13.7130497Z       <Coroutine test_fbs_supply_stickers_incomplete>
2026-10-07T01:21:13.7130667Z       <Coroutine test_fbs_supply_add_order_bad_status>
2026-10-07T01:21:13.7130833Z     <Module test_fbs_supply_composition_service.py>
2026-10-07T01:21:13.7131038Z       <Coroutine test_packed_supply_absorbs_late_known_wb_order>
2026-10-07T01:21:13.7131289Z       <Coroutine test_actual_composition_never_moves_order_from_another_supply>
2026-10-07T01:21:13.7131433Z     <Module test_fbs_supply_from_orders.py>
2026-10-07T01:21:13.7131587Z       <Coroutine test_tc01_from_orders_per_seller>
2026-10-07T01:21:13.7131901Z       <Coroutine test_tc02_preflight_different_wb_warehouses>
2026-10-07T01:21:13.7132213Z       <Coroutine test_tc03_preflight_b2c_b2b_incompatible>
2026-10-07T01:21:13.7132396Z       <Coroutine test_tc04_preflight_different_cargo_types>
2026-10-07T01:21:13.7132617Z       <Coroutine test_tc05_preflight_pvz_ignores_legacy_can_pvz_gate>
2026-10-07T01:21:13.7132792Z       <Coroutine test_tc06_atomic_from_orders_workspace>
2026-10-07T01:21:13.7133035Z       <Coroutine test_fbs_cutoff_autoplans_supply_manual_date_and_calendar>
2026-10-07T01:21:13.7133316Z       <Coroutine test_supplier_processed_order_hidden_from_new_and_rejected_by_create>
2026-10-07T01:21:13.7133489Z       <Coroutine test_from_orders_idempotency_same_key>
2026-10-07T01:21:13.7133688Z       <Coroutine test_parallel_from_orders_one_order_one_supply>
2026-10-07T01:21:13.7133918Z       <Coroutine test_batch_timeout_pending_confirmation_no_false_success>
2026-10-07T01:21:13.7134115Z       <Coroutine test_add_failure_no_false_success_legacy_path>
2026-10-07T01:21:13.7134355Z       <Coroutine test_from_orders_add_failure_persists_wb_supply_reference>
2026-10-07T01:21:13.7134605Z       <Coroutine test_from_orders_partial_readback_binds_only_confirmed_orders>
2026-10-07T01:21:13.7134827Z       <Coroutine test_supply_worklist_groups_active_orders_by_supply>
2026-10-07T01:21:13.7135107Z       <Coroutine test_existing_supply_add_orders_partial_readback_binds_only_confirmed>
2026-10-07T01:21:13.7135352Z       <Coroutine test_wms683_existing_add_waits_for_wb_without_resending[True]>
2026-10-07T01:21:13.7135605Z       <Coroutine test_wms683_existing_add_waits_for_wb_without_resending[False]>
2026-10-07T01:21:13.7135788Z       <Coroutine test_start_work_idempotent_packaging_task>
2026-10-07T01:21:13.7135932Z     <Module test_fbs_supply_history.py>
2026-10-07T01:21:13.7136177Z       <Coroutine test_cancelled_order_keeps_its_number_in_the_supply_history>
2026-10-07T01:21:13.7136338Z     <Module test_fbs_supply_honest_sign_skip.py>
2026-10-07T01:21:13.7136547Z       <Coroutine test_honest_sign_skip_sets_flag_and_is_idempotent>
2026-10-07T01:21:13.7136764Z       <Coroutine test_honest_sign_skip_blocks_code_release_on_print>
2026-10-07T01:21:13.7136963Z       <Coroutine test_honest_sign_skip_preserves_existing_codes>
2026-10-07T01:21:13.7137298Z       <Coroutine test_honest_sign_skip_blocked_on_submitted_supply>
2026-10-07T01:21:13.7137469Z       <Coroutine test_honest_sign_skipped_in_workspace>
2026-10-07T01:21:13.7137624Z     <Module test_fbs_supply_repair_from_wb.py>
2026-10-07T01:21:13.7137792Z       <Coroutine test_readback_lag_keeps_composition>
2026-10-07T01:21:13.7137986Z       <Coroutine test_partial_readback_binds_confirmed_orders>
2026-10-07T01:21:13.7138162Z       <Coroutine test_repair_endpoint_restores_composition>
2026-10-07T01:21:13.7138322Z       <Coroutine test_repair_skips_cancelled_order>
2026-10-07T01:21:13.7138490Z       <Coroutine test_repair_rejects_shipped_supply>
2026-10-07T01:21:13.7138660Z       <Coroutine test_autopoll_repairs_pending_supply>
2026-10-07T01:21:13.7138920Z       <Coroutine test_composition_repair_only_confirms_its_own_operation_kind>
2026-10-07T01:21:13.7139059Z     <Module test_fbs_supply_transfer.py>
2026-10-07T01:21:13.7139284Z       <Coroutine test_transfer_preserves_kiz_packing_and_replays_once>
2026-10-07T01:21:13.7139524Z       <Coroutine test_unknown_patch_partial_then_reconcile_without_replay>
2026-10-07T01:21:13.7139777Z       <Coroutine test_unknown_create_recovers_named_supply_without_second_post>
2026-10-07T01:21:13.7139962Z       <Coroutine test_known_rejection_is_failed_not_unknown>
2026-10-07T01:21:13.7140175Z       <Coroutine test_targets_and_mutations_enforce_scope_and_draft>
2026-10-07T01:21:13.7140436Z       <Coroutine test_packed_transfer_can_start_target_without_second_fulfillment>
2026-10-07T01:21:13.7140655Z       <Coroutine test_crash_between_batches_resumes_only_unsent_batch>
2026-10-07T01:21:13.7140906Z       <Coroutine test_target_started_during_wb_wait_receives_incoming_task_line>
2026-10-07T01:21:13.7141076Z     <Module test_fbs_tape_background_concurrency.py>
2026-10-07T01:21:13.7141504Z       <Coroutine test_postgres_background_status_http_overlaps_tape_with_reverse_uuid_dates[False]>
2026-10-07T01:21:13.7141923Z       <Coroutine test_postgres_background_status_http_overlaps_tape_with_reverse_uuid_dates[True]>
2026-10-07T01:21:13.7142172Z       <Coroutine test_postgres_slow_tape_http_allows_other_product_work[qr]>
2026-10-07T01:21:13.7142411Z       <Coroutine test_postgres_slow_tape_http_allows_other_product_work[cz]>
2026-10-07T01:21:13.7142681Z       <Coroutine test_tape_uncertain_wb_write_keeps_code_and_retries_get_only[put]>
2026-10-07T01:21:13.7142939Z       <Coroutine test_tape_uncertain_wb_write_keeps_code_and_retries_get_only[get]>
2026-10-07T01:21:13.7143187Z       <Coroutine test_postgres_metadata_poll_and_tape_use_same_order_lock_order>
2026-10-07T01:21:13.7143460Z       <Coroutine test_metadata_get_does_not_overwrite_a_new_binding_after_http[False]>
2026-10-07T01:21:13.7143727Z       <Coroutine test_metadata_get_does_not_overwrite_a_new_binding_after_http[True]>
2026-10-07T01:21:13.7143980Z       <Coroutine test_ozon_delayed_status_preserves_replacement[ship_available]>
2026-10-07T01:21:13.7144259Z       <Coroutine test_ozon_delayed_status_preserves_replacement[validation_in_process]>
2026-10-07T01:21:13.7144400Z     <Module test_fbs_tracking.py>
2026-10-07T01:21:13.7144614Z       <Coroutine test_tc22_partial_acceptance_mixed_orders_preserved>
2026-10-07T01:21:13.7144812Z       <Coroutine test_tc22_sync_tracking_api_updates_workspace>
2026-10-07T01:21:13.7145044Z       <Coroutine test_tc22_autopoll_sync_in_delivery_supplies_per_seller>
2026-10-07T01:21:13.7145295Z       <Coroutine test_wb_done_is_authoritative_for_assembling_supply[True-done]>
2026-10-07T01:21:13.7145568Z       <Coroutine test_wb_done_is_authoritative_for_assembling_supply[False-assembling]>
2026-10-07T01:21:13.7145776Z       <Coroutine test_supply_details_error_keeps_order_sync_working>
2026-10-07T01:21:13.7145984Z       <Coroutine test_tc22_stale_sync_warning_when_last_sync_old>
2026-10-07T01:21:13.7146167Z     <Module test_fbs_tracking_supply_done_rate_limit.py>
2026-10-07T01:21:13.7146466Z       <Coroutine test_supply_closes_from_list_even_when_per_supply_endpoint_is_rate_limited>
2026-10-07T01:21:13.7146903Z       <Coroutine test_list_unavailable_and_detail_429_twice_leaves_supply_and_logs_skip>
2026-10-07T01:21:13.7147166Z       <Coroutine test_wb_not_done_but_all_local_orders_terminal_for_in_delivery_supply>
2026-10-07T01:21:13.7147448Z       <Coroutine test_seller_without_marketplace_token_makes_no_wb_calls_and_warns_once>
2026-10-07T01:21:13.7147735Z       <Coroutine test_eight_open_supplies_cost_one_list_request_and_zero_detail_requests>
2026-10-07T01:21:13.7147962Z       <Coroutine test_wb_request_count_does_not_grow_with_supply_count>
2026-10-07T01:21:13.7148230Z       <Coroutine test_zero_cursor_on_non_empty_page_causes_repeated_identical_requests>
2026-10-07T01:21:13.7148502Z       <Coroutine test_in_delivery_supply_with_done_hint_closes_and_still_syncs_orders>
2026-10-07T01:21:13.7148761Z       <Coroutine test_empty_wb_supply_id_is_not_closed_by_list_endpoint_response>
2026-10-07T01:21:13.7148962Z       <Coroutine test_not_done_supply_with_all_orders_cancelled>
2026-10-07T01:21:13.7149177Z       <Coroutine test_same_wb_supply_id_in_two_tenants_is_isolated>
2026-10-07T01:21:13.7149391Z       <Coroutine test_retry_after_is_capped_so_one_pass_cannot_stall>
2026-10-07T01:21:13.7149587Z       <Function test_retry_after_seconds_never_exceeds_the_cap>
2026-10-07T01:21:13.7149848Z       <Coroutine test_list_429_recovers_on_retry_and_keeps_per_supply_calls_at_zero>
2026-10-07T01:21:13.7150086Z       <Coroutine test_token_is_resolved_once_per_supply_not_once_per_seller>
2026-10-07T01:21:13.7150346Z       <Coroutine test_done_hint_closes_supply_even_when_order_status_endpoint_fails>
2026-10-07T01:21:13.7150494Z     <Module test_fbs_warehouse_binding.py>
2026-10-07T01:21:13.7150684Z       <Coroutine test_fbs_warehouse_binding_crud_happy_path>
2026-10-07T01:21:13.7150861Z       <Coroutine test_fbs_warehouse_binding_two_wb_two_wms>
2026-10-07T01:21:13.7151212Z       <Coroutine test_fbs_warehouse_binding_cross_tenant_404>
2026-10-07T01:21:13.7151453Z       <Coroutine test_fbs_warehouse_binding_wms_shared_across_wb_warehouses>
2026-10-07T01:21:13.7151706Z       <Coroutine test_fbs_warehouse_binding_blocked_by_active_reservations_409>
2026-10-07T01:21:13.7152265Z       <Coroutine test_fbs_warehouse_binding_disable_blocked_by_active_reservations_409>
2026-10-07T01:21:13.7152459Z       <Coroutine test_fbs_warehouse_binding_invalid_wb_id_400>
2026-10-07T01:21:13.7152665Z       <Coroutine test_fbs_warehouse_binding_reactivate_after_disable>
2026-10-07T01:21:13.7152838Z       <Coroutine test_fbs_manual_stock_sync_inline_200>
2026-10-07T01:21:13.7153004Z       <Coroutine test_fbs_manual_stock_sync_celery_202>
2026-10-07T01:21:13.7153164Z       <Coroutine test_fbs_stock_sync_status_read>
2026-10-07T01:21:13.7153330Z       <Coroutine test_fbs_stock_sync_cross_tenant_404>
2026-10-07T01:21:13.7153547Z       <Coroutine test_fbs_stock_sync_ignores_auto_technical_warehouse>
2026-10-07T01:21:13.7153759Z       <Coroutine test_wb_stock_sync_does_not_publish_ozon_binding>
2026-10-07T01:21:13.7154030Z       <Coroutine test_ozon_warehouse_binding_can_be_created_and_found_by_a_posting>
2026-10-07T01:21:13.7154304Z       <Coroutine test_binding_marketplace_defaults_to_wb_and_keeps_external_id_empty>
2026-10-07T01:21:13.7154543Z       <Coroutine test_unknown_marketplace_is_refused_with_a_readable_error>
2026-10-07T01:21:13.7154770Z       <Coroutine test_ozon_binding_is_addressed_separately_from_the_wb_one>
2026-10-07T01:21:13.7155070Z       <Coroutine test_configure_seller_warehouse_takes_the_marketplace_and_makes_no_wb_twin>
2026-10-07T01:21:13.7155363Z       <Coroutine test_ozon_warehouse_directory_says_why_it_is_empty_while_the_switch_is_off>
2026-10-07T01:21:13.7155685Z       <Coroutine test_ozon_warehouse_directory_offers_the_cabinet_list_with_entrusted_acceptance>
2026-10-07T01:21:13.7155950Z       <Coroutine test_ozon_warehouse_directory_refuses_a_seller_without_a_cabinet>
2026-10-07T01:21:13.7156201Z       <Coroutine test_unserving_a_warehouse_keeps_stock_publication_untouched>
2026-10-07T01:21:13.7156611Z       <Coroutine test_serving_a_new_warehouse_does_not_start_publishing_by_itself>
2026-10-07T01:21:13.7156872Z       <Coroutine test_operator_can_switch_publication_off_on_the_live_endpoint>
2026-10-07T01:21:13.7157123Z       <Coroutine test_serving_a_new_warehouse_still_does_not_start_publishing>
2026-10-07T01:21:13.7157298Z     <Module test_fbs_wb_exact_kiz_confirmation.py>
2026-10-07T01:21:13.7157628Z       <Coroutine test_optional_without_value_keeps_binding_and_recovers_exact_value[resend-tape]>
2026-10-07T01:21:13.7157936Z       <Coroutine test_optional_without_value_keeps_binding_and_recovers_exact_value[resend-scan]>
2026-10-07T01:21:13.7158274Z       <Coroutine test_optional_without_value_keeps_binding_and_recovers_exact_value[empty_kind-tape]>
2026-10-07T01:21:13.7158602Z       <Coroutine test_optional_without_value_keeps_binding_and_recovers_exact_value[empty_kind-scan]>
2026-10-07T01:21:13.7158925Z       <Coroutine test_optional_without_value_keeps_binding_and_recovers_exact_value[delayed-tape]>
2026-10-07T01:21:13.7159241Z       <Coroutine test_optional_without_value_keeps_binding_and_recovers_exact_value[delayed-scan]>
2026-10-07T01:21:13.7159554Z       <Coroutine test_optional_without_value_keeps_binding_and_recovers_exact_value[pending-tape]>
2026-10-07T01:21:13.7159858Z       <Coroutine test_optional_without_value_keeps_binding_and_recovers_exact_value[pending-scan]>
2026-10-07T01:21:13.7160192Z       <Coroutine test_optional_without_value_keeps_binding_and_recovers_exact_value[other_order-tape]>
2026-10-07T01:21:13.7160520Z       <Coroutine test_optional_without_value_keeps_binding_and_recovers_exact_value[other_order-scan]>
2026-10-07T01:21:13.7160845Z       <Coroutine test_optional_without_value_keeps_binding_and_recovers_exact_value[read_error-tape]>
2026-10-07T01:21:13.7161346Z       <Coroutine test_optional_without_value_keeps_binding_and_recovers_exact_value[read_error-scan]>
2026-10-07T01:21:13.7161671Z       <Coroutine test_optional_without_value_keeps_binding_and_recovers_exact_value[retry_lost-tape]>
2026-10-07T01:21:13.7162094Z       <Coroutine test_optional_without_value_keeps_binding_and_recovers_exact_value[retry_lost-scan]>
2026-10-07T01:21:13.7162349Z       <Coroutine test_initial_put_without_echo_keeps_pending_operation[empty]>
2026-10-07T01:21:13.7162634Z       <Coroutine test_initial_put_without_echo_keeps_pending_operation[absent_kind]>
2026-10-07T01:21:13.7162919Z       <Coroutine test_initial_put_without_echo_keeps_pending_operation[absent_row]>
2026-10-07T01:21:13.7163130Z       <Coroutine test_normal_exact_echo_keeps_single_put_and_get>
2026-10-07T01:21:13.7163397Z       <Coroutine test_concurrent_same_scan_recovery_uses_one_binding_and_one_resend>
2026-10-07T01:21:13.7163573Z     <Module test_fbs_worklist_marketplace_identity.py>
2026-10-07T01:21:13.7163877Z       <Function test_worklist_identifiers_stay_with_order_marketplace[OZON-BARCODE-ozon]>
2026-10-07T01:21:13.7164163Z       <Function test_worklist_identifiers_stay_with_order_marketplace[OZON-BARCODE-wb]>
2026-10-07T01:21:13.7164429Z       <Function test_worklist_identifiers_stay_with_order_marketplace[None-ozon]>
2026-10-07T01:21:13.7164681Z       <Function test_worklist_identifiers_stay_with_order_marketplace[None-wb]>
2026-10-07T01:21:13.7164917Z       <Function test_ozon_positions_keep_own_catalog_metadata_and_identity>
2026-10-07T01:21:13.7165073Z     <Module test_fbs_worklist_query_count.py>
2026-10-07T01:21:13.7165247Z       <Coroutine test_fbs_worklist_happy_path[False]>
2026-10-07T01:21:13.7165416Z       <Coroutine test_fbs_worklist_happy_path[True]>
2026-10-07T01:21:13.7165670Z       <Coroutine test_fbs_worklist_hides_locations_when_address_storage_disabled>
2026-10-07T01:21:13.7165870Z       <Coroutine test_fbs_worklist_searches_operator_identifiers>
2026-10-07T01:21:13.7166062Z       <Coroutine test_fbs_worklist_delivery_and_done_groups>
2026-10-07T01:21:13.7166367Z       <Coroutine test_tsd_working_worklist_includes_only_actionable_statuses_and_paginates>
2026-10-07T01:21:13.7166762Z       <Coroutine test_tsd_working_worklist_keeps_tenant_and_served_warehouse_scope>
2026-10-07T01:21:13.7167005Z       <Coroutine test_fbs_worklist_new_and_expired_groups_split_by_deadline>
2026-10-07T01:21:13.7167213Z       <Coroutine test_fbs_worklist_filters_new_orders_by_warehouse>
2026-10-07T01:21:13.7167443Z       <Coroutine test_fbs_worklist_hides_orders_from_unserved_warehouse>
2026-10-07T01:21:13.7167617Z       <Coroutine test_fbs_worklist_query_count_bounded>
2026-10-07T01:21:13.7167759Z     <Module test_fbs_worklist_search.py>
2026-10-07T01:21:13.7167995Z       <Coroutine test_search_finds_order_after_500_and_counts_before_cursor>
2026-10-07T01:21:13.7168230Z       <Coroutine test_supply_search_numbers_members_duplicates_and_scope>
2026-10-07T01:21:13.7168412Z     <Module test_fbs_writeoff_sold_and_reversal_guard.py>
2026-10-07T01:21:13.7168650Z       <Coroutine test_sold_status_without_our_handover_does_not_touch_stock>
2026-10-07T01:21:13.7168960Z       <Coroutine test_cancellation_never_receives_previously_written_off_goods[cancel-True]>
2026-10-07T01:21:13.7169271Z       <Coroutine test_cancellation_never_receives_previously_written_off_goods[cancel-False]>
2026-10-07T01:21:13.7169570Z       <Coroutine test_cancellation_never_receives_previously_written_off_goods[cancel-None]>
2026-10-07T01:21:13.7169876Z       <Coroutine test_cancellation_never_receives_previously_written_off_goods[complete-None]>
2026-10-07T01:21:13.7170171Z       <Coroutine test_cancellation_never_receives_previously_written_off_goods[new-False]>
2026-10-07T01:21:13.7170476Z       <Coroutine test_cancellation_never_receives_previously_written_off_goods[confirm-False]>
2026-10-07T01:21:13.7170791Z       <Coroutine test_cancellation_never_receives_previously_written_off_goods[assembly-False]>
2026-10-07T01:21:13.7170933Z     <Module test_fbs_zero_refresh.py>
2026-10-07T01:21:13.7171387Z       <Coroutine test_zero_without_history_refreshes_after_ten_minutes_and_stops_on_restock[False]>
2026-10-07T01:21:13.7171707Z       <Coroutine test_zero_without_history_refreshes_after_ten_minutes_and_stops_on_restock[True]>
2026-10-07T01:21:13.7172096Z       <Coroutine test_by_binding_zero_clear_and_reenable_resets_confirmed_item_once>
2026-10-07T01:21:13.7172386Z       <Coroutine test_unmanaged_and_rounding_zero_never_enter_refresh[disabled_product]>
2026-10-07T01:21:13.7172653Z       <Coroutine test_unmanaged_and_rounding_zero_never_enter_refresh[zero_percent]>
2026-10-07T01:21:13.7172906Z       <Coroutine test_unmanaged_and_rounding_zero_never_enter_refresh[no_rule]>
2026-10-07T01:21:13.7173171Z       <Coroutine test_unmanaged_and_rounding_zero_never_enter_refresh[missing_units]>
2026-10-07T01:21:13.7173433Z       <Coroutine test_unmanaged_and_rounding_zero_never_enter_refresh[binding_off]>
2026-10-07T01:21:13.7173707Z       <Coroutine test_unmanaged_and_rounding_zero_never_enter_refresh[binding_inactive]>
2026-10-07T01:21:13.7173968Z       <Coroutine test_unmanaged_and_rounding_zero_never_enter_refresh[rounding]>
2026-10-07T01:21:13.7174263Z       <Coroutine test_unmanaged_and_rounding_zero_never_enter_refresh[zero_binding_percent]>
2026-10-07T01:21:13.7174575Z       <Coroutine test_unmanaged_and_rounding_zero_never_enter_refresh[missing_binding_percent]>
2026-10-07T01:21:13.7174805Z       <Coroutine test_zero_failure_readback_and_next_cycle_retry[refused]>
2026-10-07T01:21:13.7175043Z       <Coroutine test_zero_failure_readback_and_next_cycle_retry[mismatch]>
2026-10-07T01:21:13.7175297Z       <Coroutine test_zero_failure_readback_and_next_cycle_retry[lost_response]>
2026-10-07T01:21:13.7175462Z       <Coroutine test_zero_eligibility_is_wb_only>
2026-10-07T01:21:13.7175719Z       <Coroutine test_committed_events_publish_first_zero_immediately[movement]>
2026-10-07T01:21:13.7175966Z       <Coroutine test_committed_events_publish_first_zero_immediately[reserve]>
2026-10-07T01:21:13.7176242Z       <Coroutine test_committed_events_publish_first_zero_immediately[operator_zero]>
2026-10-07T01:21:13.7176450Z       <Coroutine test_concurrent_zero_refresh_uses_binding_lease>
2026-10-07T01:21:13.7176803Z       <Coroutine test_same_chrt_in_other_seller_targets_only_its_binding>
2026-10-07T01:21:13.7177103Z       <Coroutine test_eta_refresh_at_ten_minutes_after_off_phase_event_and_duplicate_delivery>
2026-10-07T01:21:13.7177273Z       <Function test_zero_scheduler_uses_broker_eta>
2026-10-07T01:21:13.7177555Z       <Coroutine test_delayed_worker_recalculates_current_rules_and_publishes_only_zero>
2026-10-07T01:21:13.7177924Z       <Coroutine test_stale_eta_preserves_binding_summary_and_ignores_unrelated_conflicts[confirmed-None]>
2026-10-07T01:21:13.7178318Z       <Coroutine test_stale_eta_preserves_binding_summary_and_ignores_unrelated_conflicts[error-wb_http_error_500]>
2026-10-07T01:21:13.7178620Z       <Coroutine test_percentage_to_units_clears_omitted_units_and_preserves_percentages[wb]>
2026-10-07T01:21:13.7178934Z       <Coroutine test_percentage_to_units_clears_omitted_units_and_preserves_percentages[ozon]>
2026-10-07T01:21:13.7179235Z       <Coroutine test_historical_zero_does_not_prove_operator_intent_but_explicit_save_does[0]>
2026-10-07T01:21:13.7179543Z       <Coroutine test_historical_zero_does_not_prove_operator_intent_but_explicit_save_does[5]>
2026-10-07T01:21:13.7179779Z       <Function test_units_intent_migration_preserves_legacy_quantities>
2026-10-07T01:21:13.7180052Z       <Coroutine test_legacy_zero_keeps_one_time_transition_but_never_starts_refresh>
2026-10-07T01:21:13.7180376Z       <Coroutine test_successful_nonempty_zero_refresh_preserves_another_products_error_summary>
2026-10-07T01:21:13.7180639Z       <Coroutine test_reentering_explicit_zero_after_unset_publishes_immediately>
2026-10-07T01:21:13.7180972Z       <Coroutine test_release_zero_only_preserves_production_publication_boundary[disabled_product]>
2026-10-07T01:21:13.7181390Z       <Coroutine test_release_zero_only_preserves_production_publication_boundary[no_rule]>
2026-10-07T01:21:13.7181700Z       <Coroutine test_release_zero_only_preserves_production_publication_boundary[positive]>
2026-10-07T01:21:13.7182127Z       <Coroutine test_release_zero_only_preserves_production_publication_boundary[disabled_binding]>
2026-10-07T01:21:13.7182386Z       <Coroutine test_explicit_zero_survives_percentage_mode_and_resumes_refresh>
2026-10-07T01:21:13.7182652Z       <Coroutine test_delayed_worker_stops_after_binding_moves_to_auto_fbs_warehouse>
2026-10-07T01:21:13.7182766Z     <Module test_health.py>
2026-10-07T01:21:13.7182894Z       <Function test_health_ok>
2026-10-07T01:21:13.7183045Z     <Module test_inbound_acceptance_act.py>
2026-10-07T01:21:13.7183280Z       <Coroutine test_wms586_acceptance_act_has_plan_fact_and_difference>
2026-10-07T01:21:13.7183531Z       <Coroutine test_wms586_acceptance_act_refused_before_reception_is_closed>
2026-10-07T01:21:13.7183673Z     <Module test_inbound_box_acceptance.py>
2026-10-07T01:21:13.7183882Z       <Coroutine test_inbound_box_plan_vs_actual_discrepancy>
2026-10-07T01:21:13.7184061Z       <Coroutine test_on_demand_boxes_and_mark_label>
2026-10-07T01:21:13.7184263Z       <Coroutine test_patch_rejects_invalid_planned_box_count>
2026-10-07T01:21:13.7184404Z     <Module test_inbound_box_import_api.py>
2026-10-07T01:21:13.7184586Z       <Coroutine test_inbound_import_boxes_preview_and_apply>
2026-10-07T01:21:13.7184768Z       <Coroutine test_inbound_import_boxes_bad_file_no_boxes>
2026-10-07T01:21:13.7184906Z     <Module test_inbound_box_intake.py>
2026-10-07T01:21:13.7185110Z       <Coroutine test_inbound_box_intake_manual_qty_and_verify>
2026-10-07T01:21:13.7185294Z       <Coroutine test_inbound_box_zero_qty_sets_actual_zero>
2026-10-07T01:21:13.7185461Z       <Coroutine test_inbound_box_over_receive_allowed>
2026-10-07T01:21:13.7185641Z       <Coroutine test_inbound_box_line_qty_auto_opens_box>
2026-10-07T01:21:13.7185862Z       <Coroutine test_inbound_manual_actual_allowed_when_boxes_exist>
2026-10-07T01:21:13.7186025Z       <Coroutine test_inbound_unknown_inb_barcode>
2026-10-07T01:21:13.7186239Z       <Coroutine test_inbound_box_line_quantity_accepts_up_to_999999>
2026-10-07T01:21:13.7186591Z       <Coroutine test_inbound_box_clear_removes_units_and_allows_delete>
2026-10-07T01:21:13.7186753Z     <Module test_inbound_box_reconciliation.py>
2026-10-07T01:21:13.7187046Z       <Coroutine test_reconciliation_caps_by_current_stock_and_preserves_original_boxes>
2026-10-07T01:21:13.7187193Z     <Module test_inbound_cargo_place_api.py>
2026-10-07T01:21:13.7187431Z       <Coroutine test_cargo_place_quantity_scan_update_and_remove_one_line>
2026-10-07T01:21:13.7187675Z       <Coroutine test_cargo_place_scan_increases_accepted_qty_and_posts_stock>
2026-10-07T01:21:13.7187899Z       <Coroutine test_box_and_cargo_place_are_counted_once_across_reopen>
2026-10-07T01:21:13.7188106Z       <Coroutine test_cargo_place_rejects_product_not_on_request>
2026-10-07T01:21:13.7188326Z       <Coroutine test_cargo_place_scan_resolves_ozon_external_barcode>
2026-10-07T01:21:13.7188546Z       <Coroutine test_cargo_place_quantity_cannot_drop_below_posted>
2026-10-07T01:21:13.7188752Z       <Coroutine test_foreign_tenant_cannot_see_or_edit_cargo_place>
2026-10-07T01:21:13.7188904Z     <Module test_inbound_distribution.py>
2026-10-07T01:21:13.7189140Z       <Coroutine test_inbound_distribution_lines_validate_limits_and_lock>
2026-10-07T01:21:13.7189382Z       <Coroutine test_whole_box_putaway_moves_every_product_to_one_location>
2026-10-07T01:21:13.7189593Z       <Coroutine test_concurrent_same_box_putaway_is_applied_once>
2026-10-07T01:21:13.7189762Z       <Coroutine test_resync_sorting_stock_idempotent>
2026-10-07T01:21:13.7189950Z       <Coroutine test_empty_distribution_complete_rejected>
2026-10-07T01:21:13.7190178Z       <Coroutine test_distribution_scan_cell_then_product_and_complete>
2026-10-07T01:21:13.7190428Z       <Coroutine test_delete_location_with_stock_requires_move_and_hides_cell>
2026-10-07T01:21:13.7190731Z       <Coroutine test_distribution_reopen_after_stuck_lock>
2026-10-07T01:21:13.7190867Z     <Module test_inbound_intake.py>
2026-10-07T01:21:13.7191034Z       <Coroutine test_inbound_intake_flow_post_all>
2026-10-07T01:21:13.7191301Z       <Coroutine test_ff_created_request_begins_receiving_and_reads_cargo_places>
2026-10-07T01:21:13.7191603Z       <Coroutine test_rec03_seller_created_requires_submit_but_ff_created_receives_directly>
2026-10-07T01:21:13.7191990Z       <Coroutine test_inbound_partial_receive_then_complete>
2026-10-07T01:21:13.7192214Z       <Coroutine test_inbound_patch_storage_after_line_create>
2026-10-07T01:21:13.7192393Z       <Coroutine test_inbound_post_missing_storage_on_line>
2026-10-07T01:21:13.7192575Z       <Coroutine test_inbound_duplicate_line_while_draft>
2026-10-07T01:21:13.7192831Z       <Coroutine test_ff_created_inbound_summary_keeps_seller_and_product_terms>
2026-10-07T01:21:13.7192978Z       <Coroutine test_inbound_requires_auth>
2026-10-07T01:21:13.7193176Z       <Coroutine test_inbound_patch_wrong_warehouse_location>
2026-10-07T01:21:13.7193343Z       <Coroutine test_inbound_create_unknown_warehouse>
2026-10-07T01:21:13.7193561Z       <Coroutine test_inbound_draft_patch_qty_delete_patch_planned>
2026-10-07T01:21:13.7193864Z       <Coroutine test_inbound_receiving_scan_accepts_planned_local_product_without_wb_ids>
2026-10-07T01:21:13.7194140Z       <Coroutine test_inbound_scan_rejects_catalog_product_not_on_request_until_added>
2026-10-07T01:21:13.7194413Z       <Coroutine test_inbound_receiving_accepts_seller_catalog_product_as_discrepancy>
2026-10-07T01:21:13.7194671Z       <Coroutine test_inbound_receiving_lines_accepts_same_seller_catalog_product>
2026-10-07T01:21:13.7194959Z       <Coroutine test_inbound_receiving_lines_accepts_local_same_seller_catalog_product>
2026-10-07T01:21:13.7195204Z       <Coroutine test_inbound_receiving_lines_rejects_foreign_seller_product>
2026-10-07T01:21:13.7195351Z     <Module test_inbound_intake_api_be03.py>
2026-10-07T01:21:13.7195524Z       <Coroutine test_primary_accept_endpoint_removed>
2026-10-07T01:21:13.7195680Z       <Coroutine test_loose_scan_increments_actual>
2026-10-07T01:21:13.7195939Z       <Coroutine test_loose_scan_mutation_id_replays_without_duplicate_increment>
2026-10-07T01:21:13.7196275Z       <Coroutine test_two_boxes_manual_qty_effective_in_get>
2026-10-07T01:21:13.7196442Z       <Coroutine test_loose_scan_unknown_barcode_422>
2026-10-07T01:21:13.7196599Z       <Coroutine test_manual_actual_qty_absolute>
2026-10-07T01:21:13.7196750Z       <Coroutine test_create_box_and_scan_into_box>
2026-10-07T01:21:13.7196933Z       <Coroutine test_complete_receiving_with_discrepancy>
2026-10-07T01:21:13.7197146Z       <Coroutine test_complete_receiving_mixed_box_then_loose_api>
2026-10-07T01:21:13.7197402Z       <Coroutine test_complete_receiving_matched_goods_still_reports_missing_box>
2026-10-07T01:21:13.7197653Z       <Coroutine test_reopen_receiving_reverses_sorting_and_allows_recomplete>
2026-10-07T01:21:13.7197877Z       <Coroutine test_complete_receiving_reports_box_count_discrepancy>
2026-10-07T01:21:13.7198045Z       <Coroutine test_inbound_box_damaged_flag_toggle>
2026-10-07T01:21:13.7198259Z       <Coroutine test_inbound_box_damaged_flag_rejects_unknown_box>
2026-10-07T01:21:13.7198481Z       <Coroutine test_complete_receiving_zero_boxes_compares_with_plan>
2026-10-07T01:21:13.7198739Z       <Coroutine test_ff_list_hides_only_seller_drafts_and_preserves_seller_scope>
2026-10-07T01:21:13.7198899Z     <Module test_inbound_intake_box_ondemand.py>
2026-10-07T01:21:13.7199098Z       <Coroutine test_create_three_boxes_on_demand_are_distinct>
2026-10-07T01:21:13.7199248Z       <Coroutine test_box_two_scans_only_box_two>
2026-10-07T01:21:13.7199439Z       <Coroutine test_box_scan_resolves_ozon_external_barcode>
2026-10-07T01:21:13.7199714Z       <Coroutine test_ambiguous_external_barcode_does_not_change_box_or_cargo_place>
2026-10-07T01:21:13.7199972Z       <Coroutine test_receiving_scans_limit_catalog_lookup_to_request_products>
2026-10-07T01:21:13.7200342Z       <Coroutine test_product_hint_skips_catalog_and_updates_only_requested_line>
2026-10-07T01:21:13.7200613Z       <Coroutine test_box_total_validation_keeps_zero_quantity_box_line_membership>
2026-10-07T01:21:13.7200823Z       <Coroutine test_loose_scan_api_does_not_reload_full_request>
2026-10-07T01:21:13.7200974Z       <Coroutine test_delete_empty_box_on_demand>
2026-10-07T01:21:13.7201233Z       <Coroutine test_loose_scan_stays_loose_and_completion_does_not_require_close>
2026-10-07T01:21:13.7201370Z     <Module test_inbound_intake_excel.py>
2026-10-07T01:21:13.7201622Z       <Coroutine test_seller_intake_excel_import_is_atomic_scoped_and_repeatable>
2026-10-07T01:21:13.7201911Z     <Module test_inbound_intake_service_be01.py>
2026-10-07T01:21:13.7202131Z       <Coroutine test_loose_only_receiving_flags_missing_planned_box>
2026-10-07T01:21:13.7202302Z       <Coroutine test_mixed_box_then_loose_fact_is_sum>
2026-10-07T01:21:13.7202463Z       <Coroutine test_mixed_loose_then_box_fact_is_sum>
2026-10-07T01:21:13.7202691Z       <Coroutine test_under_receive_sets_has_discrepancy_but_completes>
2026-10-07T01:21:13.7202870Z       <Coroutine test_over_receive_sets_has_discrepancy>
2026-10-07T01:21:13.7203055Z       <Coroutine test_status_transitions_collapsed_chain>
2026-10-07T01:21:13.7203247Z       <Coroutine test_box_only_under_receive_sets_discrepancy>
2026-10-07T01:21:13.7203424Z       <Coroutine test_primary_accept_does_not_create_boxes>
2026-10-07T01:21:13.7203596Z     <Module test_inbound_intake_service_sort_be01.py>
2026-10-07T01:21:13.7203832Z       <Coroutine test_complete_receiving_exposes_sorting_remaining_qty>
2026-10-07T01:21:13.7204023Z       <Coroutine test_mixed_distribution_lines_across_cells>
2026-10-07T01:21:13.7204225Z       <Coroutine test_mixed_distribution_rejects_over_accepted>
2026-10-07T01:21:13.7204427Z       <Coroutine test_mixed_distribution_rejects_loose_over_pool>
2026-10-07T01:21:13.7204627Z       <Coroutine test_complete_distribution_mixed_box_and_loose>
2026-10-07T01:21:13.7204861Z       <Coroutine test_billing_overflow_does_not_block_completed_inbound>
2026-10-07T01:21:13.7205118Z       <Coroutine test_zero_actual_intake_closes_and_charges_document_tariff_once>
2026-10-07T01:21:13.7205494Z       <Coroutine test_zero_actual_intake_closes_with_zero_item_tariff_amount>
2026-10-07T01:21:13.7205631Z     <Module test_inbound_marking.py>
2026-10-07T01:21:13.7205854Z       <Coroutine test_attach_preserves_full_code_qty_and_idempotency>
2026-10-07T01:21:13.7206091Z       <Coroutine test_capacity_and_existing_lifecycle_are_not_overwritten>
2026-10-07T01:21:13.7206375Z       <Coroutine test_background_check_is_idempotent_and_has_no_stock_effect[applied]>
2026-10-07T01:21:13.7206664Z       <Coroutine test_background_check_is_idempotent_and_has_no_stock_effect[introduced]>
2026-10-07T01:21:13.7206936Z       <Coroutine test_background_check_is_idempotent_and_has_no_stock_effect[http451]>
2026-10-07T01:21:13.7207197Z       <Coroutine test_background_check_is_idempotent_and_has_no_stock_effect[offline]>
2026-10-07T01:21:13.7207396Z       <Function test_xlsx_only_problems_keeps_codes_as_text>
2026-10-07T01:21:13.7207584Z       <Coroutine test_wb_only_admits_unbound_received_code>
2026-10-07T01:21:13.7207867Z       <Coroutine test_failed_check_scheduling_cannot_undo_posting_or_successful_replay>
2026-10-07T01:21:13.7208170Z       <Coroutine test_receiving_code_binds_as_external_once_and_cannot_be_printed[False-wb]>
2026-10-07T01:21:13.7208472Z       <Coroutine test_receiving_code_binds_as_external_once_and_cannot_be_printed[False-ozon]>
2026-10-07T01:21:13.7208766Z       <Coroutine test_receiving_code_binds_as_external_once_and_cannot_be_printed[True-wb]>
2026-10-07T01:21:13.7209063Z       <Coroutine test_receiving_code_binds_as_external_once_and_cannot_be_printed[True-ozon]>
2026-10-07T01:21:13.7209478Z       <Coroutine test_existing_lifecycle_is_rejected_without_silent_reassignment[pool-available-marking_code_in_pool]>
2026-10-07T01:21:13.7210051Z       <Coroutine test_existing_lifecycle_is_rejected_without_silent_reassignment[external_fbs-applied-marking_code_already_used]>
2026-10-07T01:21:13.7210504Z       <Coroutine test_existing_lifecycle_is_rejected_without_silent_reassignment[external_fbs-shipped-marking_code_already_used]>
2026-10-07T01:21:13.7210945Z       <Coroutine test_existing_lifecycle_is_rejected_without_silent_reassignment[external_fbs-void-marking_code_already_used]>
2026-10-07T01:21:13.7211221Z       <Coroutine test_concurrent_receipt_scan_serializes_capacity_and_duplicate[True]>
2026-10-07T01:21:13.7211501Z       <Coroutine test_concurrent_receipt_scan_serializes_capacity_and_duplicate[False]>
2026-10-07T01:21:13.7211829Z       <Coroutine test_failed_job_is_persisted_when_receipt_was_deleted>
2026-10-07T01:21:13.7212108Z       <Coroutine test_automatic_check_preserves_finished_answers_manual_check_rechecks>
2026-10-07T01:21:13.7212383Z       <Coroutine test_delete_wrong_input_releases_capacity_and_allows_correct_product>
2026-10-07T01:21:13.7212654Z       <Coroutine test_deletion_during_check_and_rescan_are_drained_without_stuck_job>
2026-10-07T01:21:13.7212902Z       <Coroutine test_delete_preserves_existing_history_and_scope[history]>
2026-10-07T01:21:13.7213138Z       <Coroutine test_delete_preserves_existing_history_and_scope[printed]>
2026-10-07T01:21:13.7213369Z       <Coroutine test_delete_preserves_existing_history_and_scope[shipped]>
2026-10-07T01:21:13.7213626Z       <Coroutine test_delete_preserves_existing_history_and_scope[other_receipt]>
2026-10-07T01:21:13.7213860Z       <Coroutine test_delete_preserves_existing_history_and_scope[posted]>
2026-10-07T01:21:13.7214166Z       <Coroutine test_printed_pool_inspection_and_removal_preserve_original_code_and_history>
2026-10-07T01:21:13.7214387Z       <Coroutine test_delete_never_erases_code_referenced_by_fbs_order>
2026-10-07T01:21:13.7214616Z       <Coroutine test_delete_api_is_authenticated_and_returns_no_content>
2026-10-07T01:21:13.7214884Z       <Coroutine test_expired_check_cannot_overwrite_replacement_pending_snapshot>
2026-10-07T01:21:13.7215038Z     <Module test_inbound_package_catalog.py>
2026-10-07T01:21:13.7215264Z       <Coroutine test_catalog_list_and_lookup_are_tenant_scoped_read_only>
2026-10-07T01:21:13.7215664Z       <Coroutine test_catalog_list_keeps_original_package_numbers_after_distribution>
2026-10-07T01:21:13.7215893Z       <Coroutine test_catalog_box_lookup_has_bounded_read_only_query_path>
2026-10-07T01:21:13.7216146Z       <Coroutine test_catalog_package_access_matches_catalog_read_permissions>
2026-10-07T01:21:13.7216316Z     <Module test_inbound_receiving_concurrency.py>
2026-10-07T01:21:13.7216514Z       <Coroutine test_concurrent_completion_posts_once[commit]>
2026-10-07T01:21:13.7216720Z       <Coroutine test_concurrent_completion_posts_once[rollback]>
2026-10-07T01:21:13.7216887Z     <Module test_inbound_sorting_object_putaway.py>
2026-10-07T01:21:13.7217122Z       <Coroutine test_sorting_object_place_moves_inbound_box_stock_to_cell>
2026-10-07T01:21:13.7217284Z     <Module test_inventory_atomic_increment.py>
2026-10-07T01:21:13.7217505Z       <Function test_positive_balance_upsert_compiles_for_postgresql>
2026-10-07T01:21:13.7217732Z       <Coroutine test_concurrent_positive_movements_do_not_lose_balance>
2026-10-07T01:21:13.7217965Z       <Coroutine test_import_and_pack_overlap_without_lost_bucket_update>
2026-10-07T01:21:13.7218197Z       <Coroutine test_import_and_deduct_overlap_without_lost_bucket_update>
2026-10-07T01:21:13.7218348Z     <Module test_inventory_balances_summary.py>
2026-10-07T01:21:13.7218536Z       <Coroutine test_inventory_balances_summary_seller_scope>
2026-10-07T01:21:13.7218766Z       <Coroutine test_available_includes_sorting_before_and_after_putaway>
2026-10-07T01:21:13.7218926Z     <Module test_inventory_count_print_sheet.py>
2026-10-07T01:21:13.7219127Z       <Coroutine test_print_sheet_header_matches_document_screen>
2026-10-07T01:21:13.7219353Z       <Coroutine test_print_sheet_prints_only_the_filters_set_at_creation>
2026-10-07T01:21:13.7219703Z       <Coroutine test_print_sheet_object_source_prints_only_by_object>
2026-10-07T01:21:13.7219928Z       <Coroutine test_print_sheet_selected_products_persist_after_reopen>
2026-10-07T01:21:13.7220154Z       <Coroutine test_print_sheet_without_selection_has_no_products_line>
2026-10-07T01:21:13.7220376Z       <Coroutine test_print_sheet_one_row_per_product_across_locations>
2026-10-07T01:21:13.7220639Z       <Coroutine test_print_sheet_totals_match_balances_summary_with_reservations>
2026-10-07T01:21:13.7220894Z       <Coroutine test_print_sheet_movement_after_creation_shows_current_numbers>
2026-10-07T01:21:13.7221153Z       <Coroutine test_print_sheet_ozon_only_product_uses_link_barcode_and_offer_id>
2026-10-07T01:21:13.7221400Z       <Coroutine test_print_sheet_product_without_any_article_falls_back_to_sku>
2026-10-07T01:21:13.7221602Z       <Coroutine test_print_sheet_negative_balance_prints_as_is>
2026-10-07T01:21:13.7221892Z       <Coroutine test_print_sheet_works_for_posted_document>
2026-10-07T01:21:13.7222095Z       <Coroutine test_print_sheet_works_for_cancelled_document>
2026-10-07T01:21:13.7222240Z       <Coroutine test_print_sheet_is_read_only>
2026-10-07T01:21:13.7222440Z       <Coroutine test_print_sheet_requires_inventory_permission>
2026-10-07T01:21:13.7222600Z       <Coroutine test_print_sheet_is_tenant_scoped>
2026-10-07T01:21:13.7222740Z     <Module test_inventory_counts.py>
2026-10-07T01:21:13.7222989Z       <Coroutine test_inventory_count_shows_actual_wb_alias_and_ozon_barcodes>
2026-10-07T01:21:13.7223289Z       <Coroutine test_inventory_count_seller_and_category_filters_do_not_leak_other_products>
2026-10-07T01:21:13.7223534Z       <Coroutine test_inventory_count_selected_products_narrow_existing_scope>
2026-10-07T01:21:13.7223820Z       <Coroutine test_inventory_count_object_keeps_existing_location_and_product_scopes>
2026-10-07T01:21:13.7224060Z       <Coroutine test_inventory_count_uses_human_label_for_sorting_location>
2026-10-07T01:21:13.7224277Z       <Coroutine test_inventory_count_by_box_uses_exact_box_balances>
2026-10-07T01:21:13.7224553Z       <Coroutine test_inventory_count_by_cargo_place_uses_exact_cargo_place_balances>
2026-10-07T01:21:13.7224988Z       <Coroutine test_inventory_count_by_pallet_includes_nested_container_balances>
2026-10-07T01:21:13.7225267Z       <Coroutine test_inventory_count_by_empty_container_is_visible_before_confirmation>
2026-10-07T01:21:13.7225512Z       <Coroutine test_inventory_count_is_tenant_scoped_for_list_get_and_post>
2026-10-07T01:21:13.7225806Z       <Coroutine test_inventory_count_zero_blank_match_and_mismatch_create_exact_movements>
2026-10-07T01:21:13.7226086Z       <Coroutine test_inventory_count_posts_against_current_balance_and_returns_warning>
2026-10-07T01:21:13.7226378Z       <Coroutine test_inventory_count_empty_document_is_rejected_and_draft_can_be_cancelled>
2026-10-07T01:21:13.7226686Z       <Coroutine test_inventory_count_without_address_storage_hides_and_does_not_require_cell>
2026-10-07T01:21:13.7226946Z       <Coroutine test_inventory_count_includes_negative_balance_and_skips_zero>
2026-10-07T01:21:13.7227214Z       <Coroutine test_inventory_count_found_creates_line_and_second_scan_increments>
2026-10-07T01:21:13.7227460Z       <Coroutine test_inventory_count_found_survives_scanner_layout_and_case>
2026-10-07T01:21:13.7227726Z       <Coroutine test_inventory_count_found_rejects_container_from_another_warehouse>
2026-10-07T01:21:13.7227972Z       <Coroutine test_inventory_count_found_without_place_goes_to_sorting_zone>
2026-10-07T01:21:13.7228189Z       <Coroutine test_inventory_count_found_is_idempotent_per_scan>
2026-10-07T01:21:13.7228484Z       <Coroutine test_inventory_count_scan_of_expected_line_increments_without_found_notice>
2026-10-07T01:21:13.7228777Z       <Coroutine test_inventory_count_scan_with_line_id_resolves_same_barcode_across_sellers>
2026-10-07T01:21:13.7229041Z       <Coroutine test_inventory_count_drops_empty_places_but_keeps_them_scannable>
2026-10-07T01:21:13.7229475Z       <Coroutine test_inventory_count_create_container_keeps_it_visible_but_not_other_empty_boxes>
2026-10-07T01:21:13.7229765Z       <Coroutine test_inventory_count_container_and_document_link_commit_together[box]>
2026-10-07T01:21:13.7230089Z       <Coroutine test_inventory_count_container_and_document_link_commit_together[cargo_place]>
2026-10-07T01:21:13.7230403Z       <Coroutine test_inventory_count_container_and_document_link_commit_together[pallet]>
2026-10-07T01:21:13.7230669Z       <Coroutine test_inventory_count_create_container_rejects_posted_document>
2026-10-07T01:21:13.7230945Z       <Coroutine test_inventory_count_records_found_into_container_dropped_as_empty>
2026-10-07T01:21:13.7231219Z       <Coroutine test_inventory_count_reports_physical_shortage_without_consuming_cap>
2026-10-07T01:21:13.7231490Z       <Coroutine test_inventory_count_manual_line_without_selection_uses_sorting_zone>
2026-10-07T01:21:13.7232006Z       <Coroutine test_inventory_count_manual_line_into_selected_container_binds_its_location>
2026-10-07T01:21:13.7232256Z       <Coroutine test_inventory_count_manual_line_into_selected_cell>
2026-10-07T01:21:13.7232552Z       <Coroutine test_inventory_count_manual_line_merges_into_existing_line_at_same_place>
2026-10-07T01:21:13.7232826Z       <Coroutine test_inventory_count_manual_line_rejects_product_from_other_seller>
2026-10-07T01:21:13.7233055Z       <Coroutine test_inventory_count_manual_line_rejects_posted_document>
2026-10-07T01:21:13.7233309Z       <Coroutine test_inventory_count_manual_line_rejects_non_positive_quantity>
2026-10-07T01:21:13.7233585Z       <Coroutine test_inventory_count_create_container_places_into_selected_cell[box]>
2026-10-07T01:21:13.7233895Z       <Coroutine test_inventory_count_create_container_places_into_selected_cell[cargo_place]>
2026-10-07T01:21:13.7234182Z       <Coroutine test_inventory_count_create_container_places_into_selected_cell[pallet]>
2026-10-07T01:21:13.7234418Z       <Coroutine test_inventory_count_create_container_rejects_foreign_cell>
2026-10-07T01:21:13.7234673Z       <Coroutine test_inventory_count_create_container_without_cell_still_works>
2026-10-07T01:21:13.7234917Z       <Coroutine test_inventory_count_lines_put_preserves_comment_by_default>
2026-10-07T01:21:13.7235303Z       <Coroutine test_inventory_count_lines_put_updates_comment_when_flag_set>
2026-10-07T01:21:13.7235563Z       <Coroutine test_inventory_count_lines_put_clears_comment_with_empty_string>
2026-10-07T01:21:13.7235826Z       <Coroutine test_inventory_count_move_line_transfers_balance_and_line_address>
2026-10-07T01:21:13.7236060Z       <Coroutine test_inventory_count_move_line_rejects_when_already_there>
2026-10-07T01:21:13.7236340Z       <Coroutine test_inventory_count_move_line_rejects_product_already_at_destination>
2026-10-07T01:21:13.7236560Z       <Coroutine test_inventory_count_move_line_rejects_empty_source>
2026-10-07T01:21:13.7236787Z       <Coroutine test_inventory_count_move_line_rejects_posted_document>
2026-10-07T01:21:13.7237019Z       <Coroutine test_inventory_count_delete_container_removes_empty_box>
2026-10-07T01:21:13.7237256Z       <Coroutine test_inventory_count_delete_container_removes_empty_pallet>
2026-10-07T01:21:13.7237480Z       <Coroutine test_inventory_count_delete_container_rejects_non_empty>
2026-10-07T01:21:13.7237753Z       <Coroutine test_inventory_count_delete_container_rejects_pallet_with_children>
2026-10-07T01:21:13.7238002Z       <Coroutine test_inventory_count_delete_container_rejects_inbound_linked>
2026-10-07T01:21:13.7238254Z       <Coroutine test_inventory_count_delete_container_rejects_posted_document>
2026-10-07T01:21:13.7238585Z       <Coroutine test_empty_container_without_goods_is_confirmed_reloaded_and_removed_on_post[box]>
2026-10-07T01:21:13.7238948Z       <Coroutine test_empty_container_without_goods_is_confirmed_reloaded_and_removed_on_post[cargo_place]>
2026-10-07T01:21:13.7239288Z       <Coroutine test_empty_container_without_goods_is_confirmed_reloaded_and_removed_on_post[pallet]>
2026-10-07T01:21:13.7239576Z       <Coroutine test_confirm_empty_zeros_previously_counted_goods_and_removes_container>
2026-10-07T01:21:13.7239928Z       <Coroutine test_stale_comment_update_preserves_other_operators_edit>
2026-10-07T01:21:13.7240164Z       <Coroutine test_recount_after_empty_confirmation_keeps_container>
2026-10-07T01:21:13.7240434Z       <Coroutine test_new_stock_in_confirmed_empty_container_blocks_removal_atomically>
2026-10-07T01:21:13.7240610Z       <Coroutine test_save_rereads_stale_count_status>
2026-10-07T01:21:13.7240934Z       <Coroutine test_truly_empty_cell_confirmation_survives_reload_and_posts_without_movements>
2026-10-07T01:21:13.7241164Z       <Coroutine test_move_rejects_destination_stock_missing_from_count>
2026-10-07T01:21:13.7241409Z       <Coroutine test_empty_cell_does_not_schedule_inbound_container_deletion>
2026-10-07T01:21:13.7241835Z       <Coroutine test_confirmed_empty_container_deleted_by_other_count_is_idempotent[False-box]>
2026-10-07T01:21:13.7242195Z       <Coroutine test_confirmed_empty_container_deleted_by_other_count_is_idempotent[False-cargo_place]>
2026-10-07T01:21:13.7242530Z       <Coroutine test_confirmed_empty_container_deleted_by_other_count_is_idempotent[False-pallet]>
2026-10-07T01:21:13.7242850Z       <Coroutine test_confirmed_empty_container_deleted_by_other_count_is_idempotent[True-box]>
2026-10-07T01:21:13.7243198Z       <Coroutine test_confirmed_empty_container_deleted_by_other_count_is_idempotent[True-cargo_place]>
2026-10-07T01:21:13.7243521Z       <Coroutine test_confirmed_empty_container_deleted_by_other_count_is_idempotent[True-pallet]>
2026-10-07T01:21:13.7243818Z       <Coroutine test_stale_empty_confirmation_does_not_hide_foreign_container[save-tenant]>
2026-10-07T01:21:13.7244128Z       <Coroutine test_stale_empty_confirmation_does_not_hide_foreign_container[save-warehouse]>
2026-10-07T01:21:13.7244422Z       <Coroutine test_stale_empty_confirmation_does_not_hide_foreign_container[save-kind]>
2026-10-07T01:21:13.7244716Z       <Coroutine test_stale_empty_confirmation_does_not_hide_foreign_container[post-tenant]>
2026-10-07T01:21:13.7245026Z       <Coroutine test_stale_empty_confirmation_does_not_hide_foreign_container[post-warehouse]>
2026-10-07T01:21:13.7245311Z       <Coroutine test_stale_empty_confirmation_does_not_hide_foreign_container[post-kind]>
2026-10-07T01:21:13.7245757Z       <Coroutine test_stale_empty_confirmation_keeps_missing_and_nonempty_errors_distinct[False]>
2026-10-07T01:21:13.7246069Z       <Coroutine test_stale_empty_confirmation_keeps_missing_and_nonempty_errors_distinct[True]>
2026-10-07T01:21:13.7246230Z     <Module test_inventory_movement_actor.py>
2026-10-07T01:21:13.7246557Z       <Coroutine test_inbound_post_records_authenticated_actor_and_returns_it_from_movement_api>
2026-10-07T01:21:13.7246868Z       <Coroutine test_transfer_uses_authenticated_actor_on_both_legs_and_ignores_spoofed_actor>
2026-10-07T01:21:13.7247139Z       <Coroutine test_inventory_movement_api_returns_null_actor_for_historical_row>
2026-10-07T01:21:13.7247408Z       <Function test_inventory_movement_actor_schema_and_additive_migration_contract>
2026-10-07T01:21:13.7247582Z     <Module test_inventory_movement_actor_flows.py>
2026-10-07T01:21:13.7247839Z       <Coroutine test_outbound_post_records_actor_in_row_and_both_movement_apis>
2026-10-07T01:21:13.7248104Z       <Coroutine test_discrepancy_act_approval_records_approving_user_as_actor>
2026-10-07T01:21:13.7248331Z       <Coroutine test_ozon_packaging_write_off_records_operator_actor>
2026-10-07T01:21:13.7248615Z       <Coroutine test_fbs_cancellation_preserves_shipment_actor_without_returning_stock>
2026-10-07T01:21:13.7248847Z       <Coroutine test_marketplace_unload_box_add_and_remove_record_actor>
2026-10-07T01:21:13.7249089Z       <Coroutine test_system_cancellation_does_not_create_a_return_movement>
2026-10-07T01:21:13.7249290Z     <Module test_inventory_movement_reporting_dimensions.py>
2026-10-07T01:21:13.7249532Z       <Function test_inventory_movement_has_immutable_reporting_dimensions>
2026-10-07T01:21:13.7249950Z       <Function test_reporting_dimensions_migration_backfills_as_legacy_and_creates_indexes>
2026-10-07T01:21:13.7250114Z     <Module test_inventory_movements_report.py>
2026-10-07T01:21:13.7250353Z       <Coroutine test_inventory_movements_summary_groups_and_period_filter>
2026-10-07T01:21:13.7250587Z       <Coroutine test_inventory_movements_summary_seller_scope_forbidden>
2026-10-07T01:21:13.7250732Z     <Module test_inventory_reservation.py>
2026-10-07T01:21:13.7250982Z       <Coroutine test_second_outbound_line_blocks_when_reserved_exceeds_on_hand>
2026-10-07T01:21:13.7251196Z       <Coroutine test_stock_transfer_blocked_by_outbound_reservation>
2026-10-07T01:21:13.7251423Z       <Coroutine test_inventory_balances_include_reserved_and_available>
2026-10-07T01:21:13.7251620Z     <Module test_inventory_service_reporting_dimensions.py>
2026-10-07T01:21:13.7251967Z       <Coroutine test_movement_keeps_seller_and_warehouse_at_write_time>
2026-10-07T01:21:13.7252122Z     <Module test_inventory_stock_cap_wms338.py>
2026-10-07T01:21:13.7252328Z       <Coroutine test_reservation_does_not_change_operator_cap>
2026-10-07T01:21:13.7252564Z       <Coroutine test_cancel_before_transfer_does_not_change_operator_cap>
2026-10-07T01:21:13.7252792Z       <Coroutine test_inventory_shortage_does_not_change_operator_cap>
2026-10-07T01:21:13.7253059Z       <Coroutine test_transfer_without_reserve_does_not_change_operator_cap[True]>
2026-10-07T01:21:13.7253324Z       <Coroutine test_transfer_without_reserve_does_not_change_operator_cap[False]>
2026-10-07T01:21:13.7253563Z       <Coroutine test_apply_fbs_supply_write_off_still_rejects_foreign_order>
2026-10-07T01:21:13.7253752Z       <Coroutine test_publication_is_min_cap_and_free_stock>
2026-10-07T01:21:13.7253947Z       <Coroutine test_concurrent_orders_reserve_last_unit_once>
2026-10-07T01:21:13.7254106Z     <Module test_marketplace_account_service.py>
2026-10-07T01:21:13.7254362Z       <Coroutine test_tc_s32_ozon_009_adapter_allows_only_one_read_only_empty_post>
2026-10-07T01:21:13.7254619Z       <Coroutine test_tc_s32_ozon_004_adapter_preserves_provider_failure_class[401]>
2026-10-07T01:21:13.7254873Z       <Coroutine test_tc_s32_ozon_004_adapter_preserves_provider_failure_class[403]>
2026-10-07T01:21:13.7255281Z       <Coroutine test_tc_s32_ozon_004_adapter_preserves_provider_failure_class[429]>
2026-10-07T01:21:13.7255532Z       <Coroutine test_tc_s32_ozon_004_adapter_preserves_provider_failure_class[500]>
2026-10-07T01:21:13.7255784Z       <Coroutine test_tc_s32_ozon_004_adapter_preserves_provider_failure_class[502]>
2026-10-07T01:21:13.7256033Z       <Coroutine test_tc_s32_ozon_004_adapter_preserves_provider_failure_class[418]>
2026-10-07T01:21:13.7256263Z       <Coroutine test_tc_s32_ozon_005_real_db_equal_replay_keeps_one_primary>
2026-10-07T01:21:13.7256506Z       <Coroutine test_tc_s32_ozon_007_real_db_cross_tenant_scope_is_fail_closed>
2026-10-07T01:21:13.7256833Z       <Coroutine test_tc_s32_ozon_008_real_db_disconnect_erases_ciphertext_and_public_status_is_safe>
2026-10-07T01:21:13.7257004Z     <Module test_marketplace_accounts_migration.py>
2026-10-07T01:21:13.7257276Z       <Function test_tc_s32_ozon_013_revision_is_additive_and_has_the_required_parent>
2026-10-07T01:21:13.7257550Z       <Function test_tc_s32_ozon_013_migration_contains_no_wb_backfill_or_provider_code>
2026-10-07T01:21:13.7257841Z       <Function test_tc_s32_ozon_013_upgrade_and_downgrade_are_limited_to_new_account_table>
2026-10-07T01:21:13.7257987Z     <Module test_marketplace_foundation.py>
2026-10-07T01:21:13.7258232Z       <Coroutine test_autopoll_failure_is_isolated_by_seller_and_marketplace>
2026-10-07T01:21:13.7258465Z       <Coroutine test_autopoll_429_backoff_skips_only_limited_marketplace>
2026-10-07T01:21:13.7258723Z       <Coroutine test_movement_publish_attempts_each_marketplace_independently>
2026-10-07T01:21:13.7259020Z       <Function test_marketplace_entities_keep_wb_as_backward_compatible_default[FbsOrder]>
2026-10-07T01:21:13.7259318Z       <Function test_marketplace_entities_keep_wb_as_backward_compatible_default[FbsSupply]>
2026-10-07T01:21:13.7259830Z       <Function test_marketplace_entities_keep_wb_as_backward_compatible_default[FbsWarehouseBinding]>
2026-10-07T01:21:13.7260204Z       <Function test_marketplace_entities_keep_wb_as_backward_compatible_default[MarketplaceUnloadRequest]>
2026-10-07T01:21:13.7260453Z       <Function test_product_marketplace_link_is_generic_and_multi_provider>
2026-10-07T01:21:13.7260661Z       <Function test_lock_key_is_scoped_by_seller_and_marketplace>
2026-10-07T01:21:13.7260871Z       <Function test_backoff_is_independent_for_each_marketplace>
2026-10-07T01:21:13.7262044Z       <Function test_ozon_errors_have_operator_safe_messages[403-payload0-\u041a\u0430\u0431\u0438\u043d\u0435\u0442 Ozon \u0437\u0430\u0431\u043b\u043e\u043a\u0438\u0440\u043e\u0432\u0430\u043d. \u041e\u0431\u0440\u0430\u0442\u0438\u0442\u0435\u0441\u044c \u0432 \u043f\u043e\u0434\u0434\u0435\u0440\u0436\u043a\u0443 Ozon.]>
2026-10-07T01:21:13.7262824Z       <Function test_ozon_errors_have_operator_safe_messages[401-payload1-Ozon \u043e\u0442\u043a\u043b\u043e\u043d\u0438\u043b \u0434\u0430\u043d\u043d\u044b\u0435 \u043f\u043e\u0434\u043a\u043b\u044e\u0447\u0435\u043d\u0438\u044f.]>
2026-10-07T01:21:13.7263716Z       <Function test_ozon_errors_have_operator_safe_messages[429-payload2-Ozon \u0432\u0440\u0435\u043c\u0435\u043d\u043d\u043e \u043e\u0433\u0440\u0430\u043d\u0438\u0447\u0438\u043b \u0447\u0430\u0441\u0442\u043e\u0442\u0443 \u0437\u0430\u043f\u0440\u043e\u0441\u043e\u0432.]>
2026-10-07T01:21:13.7264333Z       <Function test_ozon_errors_have_operator_safe_messages[503-payload3-Ozon \u0432\u0440\u0435\u043c\u0435\u043d\u043d\u043e \u043d\u0435\u0434\u043e\u0441\u0442\u0443\u043f\u0435\u043d.]>
2026-10-07T01:21:13.7264556Z       <Coroutine test_ozon_provider_uses_injected_fake_transport_only>
2026-10-07T01:21:13.7264814Z       <Coroutine test_ozon_order_labels_use_dedicated_fake_transport_contract>
2026-10-07T01:21:13.7265037Z       <Coroutine test_ozon_blocked_response_stops_remaining_cycle_calls>
2026-10-07T01:21:13.7265197Z     <Module test_marketplace_scope_guards.py>
2026-10-07T01:21:13.7265358Z       <Function test_wildberries_document_passes>
2026-10-07T01:21:13.7265531Z       <Function test_ozon_document_is_not_wildberries>
2026-10-07T01:21:13.7265851Z       <Function test_missing_document_is_not_wildberries>
2026-10-07T01:21:13.7266067Z       <Function test_message_names_the_marketplace_and_the_operation>
2026-10-07T01:21:13.7266350Z       <Coroutine test_cancel_refuses_an_unknown_marketplace_before_touching_wildberries>
2026-10-07T01:21:13.7266586Z       <Coroutine test_cancel_of_an_ozon_order_never_runs_on_the_local_fake>
2026-10-07T01:21:13.7266823Z       <Function test_ozon_order_shows_its_own_number_not_the_synthetic_hash>
2026-10-07T01:21:13.7267021Z       <Function test_status_labels_name_the_right_marketplace>
2026-10-07T01:21:13.7267202Z     <Module test_marketplace_unload_address_storage.py>
2026-10-07T01:21:13.7267423Z       <Coroutine test_collect_without_location_when_address_storage_off>
2026-10-07T01:21:13.7267653Z       <Coroutine test_collect_requires_location_when_address_storage_on>
2026-10-07T01:21:13.7267848Z     <Module test_marketplace_unload_and_discrepancy_acts.py>
2026-10-07T01:21:13.7268076Z       <Coroutine test_marketplace_unload_and_discrepancy_act_crud_smoke>
2026-10-07T01:21:13.7268265Z       <Coroutine test_marketplace_unload_unknown_warehouse>
2026-10-07T01:21:13.7268421Z       <Coroutine test_discrepancy_act_bad_inbound>
2026-10-07T01:21:13.7268612Z       <Coroutine test_marketplace_unload_add_line_and_detail>
2026-10-07T01:21:13.7268767Z       <Coroutine test_discrepancy_act_add_line>
2026-10-07T01:21:13.7268977Z       <Coroutine test_marketplace_unload_submit_delete_and_blocks>
2026-10-07T01:21:13.7269485Z       <Coroutine test_marketplace_unload_allows_draft_without_wb_warehouse_and_requires_it_on_submit>
2026-10-07T01:21:13.7269783Z       <Coroutine test_discrepancy_act_submit_and_inbound_line_rules>
2026-10-07T01:21:13.7270095Z       <Coroutine test_discrepancy_act_approve_reject_moves_sorting_stock>
2026-10-07T01:21:13.7270474Z       <Coroutine test_marketplace_unload_ship_deducts_stock_by_pick_and_scan>
2026-10-07T01:21:13.7270751Z       <Coroutine test_marketplace_unload_pick_set_allocation_increase_decrease_zero>
2026-10-07T01:21:13.7270994Z       <Coroutine test_marketplace_unload_ship_no_double_inventory_movement>
2026-10-07T01:21:13.7271225Z       <Coroutine test_marketplace_unload_concurrent_collect_same_location>
2026-10-07T01:21:13.7271433Z       <Coroutine test_marketplace_unload_ship_deletes_empty_boxes>
2026-10-07T01:21:13.7271707Z       <Coroutine test_marketplace_unload_ship_blocked_when_distribution_incomplete>
2026-10-07T01:21:13.7272163Z       <Coroutine test_marketplace_unload_packaging_task_only_on_confirm>
2026-10-07T01:21:13.7272406Z       <Coroutine test_marketplace_unload_pick_allocations_admin_only>
2026-10-07T01:21:13.7272676Z       <Coroutine test_marketplace_unload_packaging_one_row_per_product_across_cells>
2026-10-07T01:21:13.7272859Z       <Coroutine test_marketplace_unload_create_boxes_batch>
2026-10-07T01:21:13.7273090Z       <Coroutine test_marketplace_unload_create_boxes_batch_one_by_one>
2026-10-07T01:21:13.7273296Z       <Coroutine test_marketplace_unload_attach_allow_over_plan>
2026-10-07T01:21:13.7273498Z       <Coroutine test_marketplace_unload_box_remove_copy_delete>
2026-10-07T01:21:13.7273754Z       <Coroutine test_marketplace_unload_box_ops_allowed_before_packaging_done>
2026-10-07T01:21:13.7273969Z       <Coroutine test_marketplace_unload_ship_rejects_empty_boxes_only>
2026-10-07T01:21:13.7274258Z       <Coroutine test_marketplace_unload_cancel_partial_distribution_restores_inventory>
2026-10-07T01:21:13.7274433Z     <Module test_marketplace_unload_availability.py>
2026-10-07T01:21:13.7274681Z       <Coroutine test_mp_availability_includes_sorting_reserves_and_isolation>
2026-10-07T01:21:13.7274968Z       <Coroutine test_mp_availability_uses_free_fbo_after_directions_and_active_reserves>
2026-10-07T01:21:13.7275127Z     <Module test_marketplace_unload_box_source.py>
2026-10-07T01:21:13.7275375Z       <Coroutine test_box_scan_keeps_container_and_loose_allocations_separate>
2026-10-07T01:21:13.7275617Z       <Coroutine test_box_scan_places_previously_picked_without_new_inventory>
2026-10-07T01:21:13.7276021Z       <Coroutine test_box_scan_rejects_invalid_or_exhausted_source_without_fallback>
2026-10-07T01:21:13.7276240Z       <Coroutine test_mixed_box_scan_failure_does_not_commit_placement>
2026-10-07T01:21:13.7276401Z     <Module test_marketplace_unload_completion.py>
2026-10-07T01:21:13.7276583Z       <Coroutine test_ship_unload_without_discrepancy_http>
2026-10-07T01:21:13.7276826Z       <Coroutine test_ship_unload_with_discrepancy_rejects_without_ack_http>
2026-10-07T01:21:13.7277062Z       <Coroutine test_ship_unload_with_discrepancy_succeeds_with_ack_http>
2026-10-07T01:21:13.7277247Z       <Coroutine test_complete_unload_without_discrepancy>
2026-10-07T01:21:13.7277493Z       <Coroutine test_ozon_unload_completes_locally_exactly_like_wildberries>
2026-10-07T01:21:13.7277773Z       <Coroutine test_billing_overflow_does_not_block_completed_unload_and_is_visible>
2026-10-07T01:21:13.7277990Z       <Coroutine test_complete_unload_with_discrepancy_requires_ack>
2026-10-07T01:21:13.7278210Z       <Coroutine test_scan_barcode_into_box_service_wrapper_parity>
2026-10-07T01:21:13.7278398Z       <Coroutine test_loose_pick_still_allows_filling_a_box>
2026-10-07T01:21:13.7278586Z     <Module test_marketplace_unload_pick_from_container.py>
2026-10-07T01:21:13.7278792Z       <Coroutine test_pick_set_takes_stock_from_the_named_container>
2026-10-07T01:21:13.7278984Z     <Module test_marketplace_unload_tsd_scan_contract.py>
2026-10-07T01:21:13.7279189Z       <Coroutine test_tsd_box_scan_location_then_product_sequence>
2026-10-07T01:21:13.7279489Z       <Coroutine test_tsd_box_scan_mutation_id_replays_original_result_without_second_debit>
2026-10-07T01:21:13.7279665Z       <Coroutine test_tsd_box_scan_error_codes_contract>
2026-10-07T01:21:13.7279994Z       <Coroutine test_tsd_box_create_allowed_before_packaging_done>
2026-10-07T01:21:13.7280173Z       <Coroutine test_pick_scan_deprecated_still_works>
2026-10-07T01:21:13.7280357Z       <Coroutine test_box_scan_product_after_location_mp018>
2026-10-07T01:21:13.7280555Z       <Coroutine test_box_scan_ready_box_into_open_box_mp018>
2026-10-07T01:21:13.7280718Z     <Module test_marking_catalog_product_print.py>
2026-10-07T01:21:13.7280897Z       <Coroutine test_catalog_print_write_off_personal_pool>
2026-10-07T01:21:13.7281121Z       <Coroutine test_catalog_print_shared_basket_product_b_gets_next>
2026-10-07T01:21:13.7281367Z       <Coroutine test_catalog_print_shortage_without_allow_partial_rolls_back>
2026-10-07T01:21:13.7281544Z       <Coroutine test_catalog_print_records_printed_event>
2026-10-07T01:21:13.7281687Z     <Module test_marking_cis_restore.py>
2026-10-07T01:21:13.7282035Z       <Coroutine test_restore_dry_run_apply_and_repeat_keep_every_other_column>
2026-10-07T01:21:13.7282320Z       <Coroutine test_restore_refuses_unproven_or_used_sources[printed-not_available]>
2026-10-07T01:21:13.7282589Z       <Coroutine test_restore_refuses_unproven_or_used_sources[linked-linked_code]>
2026-10-07T01:21:13.7282906Z       <Coroutine test_restore_refuses_unproven_or_used_sources[binding_value-target_conflict]>
2026-10-07T01:21:13.7283189Z       <Coroutine test_restore_refuses_unproven_or_used_sources[prefix-prefix_mismatch]>
2026-10-07T01:21:13.7283495Z       <Coroutine test_restore_refuses_unproven_or_used_sources[ambiguous-ambiguous_artifact]>
2026-10-07T01:21:13.7283777Z       <Coroutine test_restore_refuses_unproven_or_used_sources[conflict-target_conflict]>
2026-10-07T01:21:13.7284058Z       <Coroutine test_restore_refuses_unproven_or_used_sources[product-product_mismatch]>
2026-10-07T01:21:13.7284332Z       <Coroutine test_restore_refuses_unproven_or_used_sources[owner-owner_mismatch]>
2026-10-07T01:21:13.7284585Z       <Coroutine test_restore_refuses_unproven_or_used_sources[same-unchanged]>
2026-10-07T01:21:13.7284870Z       <Coroutine test_restore_refuses_unproven_or_used_sources[no_pdf-missing_artifact]>
2026-10-07T01:21:13.7285221Z       <Coroutine test_decode_does_not_hold_lock_and_apply_rereads_source[status-printed-not_available]>
2026-10-07T01:21:13.7285840Z       <Coroutine test_decode_does_not_hold_lock_and_apply_rereads_source[cis_code-010460000000000121SYNTHETIC0961CHANGED-source_changed]>
2026-10-07T01:21:13.7286001Z     <Module test_marking_code_batch_counts.py>
2026-10-07T01:21:13.7286222Z       <Coroutine test_large_catalog_uses_bounded_postgres_parameters>
2026-10-07T01:21:13.7286468Z       <Coroutine test_batched_counts_keep_pool_direct_seller_and_tenant_rules>
2026-10-07T01:21:13.7286608Z     <Module test_marking_code_events.py>
2026-10-07T01:21:13.7286775Z       <Coroutine test_import_records_imported_events>
2026-10-07T01:21:13.7287018Z       <Coroutine test_wb_orphaned_event_is_recorded_without_releasing_code>
2026-10-07T01:21:13.7287254Z       <Coroutine test_print_records_printed_and_reprint_records_reprinted>
2026-10-07T01:21:13.7287395Z     <Module test_marking_codes.py>
2026-10-07T01:21:13.7287577Z       <Coroutine test_marking_import_and_packaging_print>
2026-10-07T01:21:13.7287736Z       <Coroutine test_marking_insufficient_codes>
2026-10-07T01:21:13.7287928Z       <Coroutine test_marking_pdf_import_links_by_gtin_ean13>
2026-10-07T01:21:13.7288114Z       <Coroutine test_marking_import_with_pool_product_link>
2026-10-07T01:21:13.7288287Z       <Coroutine test_marking_import_requires_pools_json>
2026-10-07T01:21:13.7288439Z     <Module test_marking_credentials_api.py>
2026-10-07T01:21:13.7288617Z       <Coroutine test_marking_credentials_get_requires_auth>
2026-10-07T01:21:13.7288828Z       <Coroutine test_marking_credentials_forbidden_for_ff_on_self>
2026-10-07T01:21:13.7289119Z       <Coroutine test_marking_credentials_patch_get_roundtrip_and_no_secrets_in_response>
2026-10-07T01:21:13.7289303Z       <Coroutine test_marking_credentials_patch_validation>
2026-10-07T01:21:13.7289462Z     <Module test_marking_deprecated_openapi.py>
2026-10-07T01:21:13.7289768Z       <Function test_deprecated_marking_endpoints_in_openapi>
2026-10-07T01:21:13.7289913Z     <Module test_marking_forecast.py>
2026-10-07T01:21:13.7290072Z       <Coroutine test_compute_forecast_days_unit>
2026-10-07T01:21:13.7290264Z       <Coroutine test_pool_list_includes_forecast_from_events>
2026-10-07T01:21:13.7290413Z       <Coroutine test_set_pool_threshold_api>
2026-10-07T01:21:13.7290573Z       <Coroutine test_low_stock_job_notifies_seller>
2026-10-07T01:21:13.7290728Z     <Module test_marking_import_datamatrix.py>
2026-10-07T01:21:13.7290971Z       <Function test_decoder_keeps_pixel_buffer_alive_during_native_read[1]>
2026-10-07T01:21:13.7291206Z       <Function test_decoder_keeps_pixel_buffer_alive_during_native_read[3]>
2026-10-07T01:21:13.7291457Z       <Coroutine test_pdf_preview_import_and_artifact_keep_decoded_bytes[True]>
2026-10-07T01:21:13.7291707Z       <Coroutine test_pdf_preview_import_and_artifact_keep_decoded_bytes[False]>
2026-10-07T01:21:13.7292043Z       <Function test_pdf_caption_without_datamatrix_cannot_create_a_code>
2026-10-07T01:21:13.7292502Z       <Function test_text_import_keeps_gs_inside_each_record[010460000000000121SYNTHETIC0831\x1d91ABCD\x1d92SYNTHETIC+/=CRYPTO083]>
2026-10-07T01:21:13.7293156Z       <Function test_text_import_keeps_gs_inside_each_record[010460000000000121SYNTHETIC0831\x1d91ABCD\x1d92SYNTHETIC+/=CRYPTO083\r\n010460000000000121SECOND083\x1d93OTHER+/=TAIL]>
2026-10-07T01:21:13.7293621Z       <Function test_text_import_keeps_gs_inside_each_record[cis\n010460000000000121SYNTHETIC0831\x1d91ABCD\x1d92SYNTHETIC+/=CRYPTO083]>
2026-10-07T01:21:13.7293857Z       <Function test_grid_import_artifacts_each_retain_one_whole_datamatrix>
2026-10-07T01:21:13.7293997Z     <Module test_marking_import_pools.py>
2026-10-07T01:21:13.7294261Z       <Coroutine test_import_rejects_all_empty_product_assignments_before_writes>
2026-10-07T01:21:13.7294532Z       <Coroutine test_import_rejects_mixed_covered_and_uncovered_gtins_before_writes>
2026-10-07T01:21:13.7294847Z       <Coroutine test_import_rejects_explicit_empty_mixed_spec_without_changing_existing_data>
2026-10-07T01:21:13.7295117Z       <Coroutine test_existing_cis_lookup_chunks_above_postgresql_parameter_limit>
2026-10-07T01:21:13.7295484Z       <Coroutine test_import_single_gtin_creates_pool_and_links_products>
2026-10-07T01:21:13.7295656Z       <Coroutine test_import_two_gtins_creates_two_pools>
2026-10-07T01:21:13.7295820Z       <Coroutine test_import_duplicates_and_invalid>
2026-10-07T01:21:13.7296016Z       <Coroutine test_import_assigns_document_number_on_batch>
2026-10-07T01:21:13.7296188Z       <Coroutine test_import_preview_groups_by_gtin>
2026-10-07T01:21:13.7296480Z       <Coroutine test_import_preview_ignores_existing_same_gtin_pools_without_mutation>
2026-10-07T01:21:13.7296746Z       <Coroutine test_import_creates_fresh_pool_and_leaves_same_gtin_pools_untouched>
2026-10-07T01:21:13.7296973Z       <Coroutine test_fresh_import_pool_is_isolated_by_tenant_and_seller>
2026-10-07T01:21:13.7297153Z       <Coroutine test_import_same_cis_twice_idempotent>
2026-10-07T01:21:13.7297302Z     <Module test_marking_inventory_api.py>
2026-10-07T01:21:13.7297501Z       <Coroutine test_inventory_api_personal_and_shared_shape>
2026-10-07T01:21:13.7297682Z       <Coroutine test_marking_overview_personal_and_shared>
2026-10-07T01:21:13.7297868Z       <Coroutine test_marking_overview_tenant_isolation_404>
2026-10-07T01:21:13.7298044Z       <Coroutine test_marking_overview_seller_scope_403>
2026-10-07T01:21:13.7298207Z     <Module test_marking_inventory_cz_filter.py>
2026-10-07T01:21:13.7298438Z       <Coroutine test_inventory_excludes_regular_product_without_pools>
2026-10-07T01:21:13.7298650Z       <Coroutine test_inventory_includes_product_with_honest_sign_flag>
2026-10-07T01:21:13.7298886Z       <Coroutine test_inventory_includes_product_with_linked_pool_no_flag>
2026-10-07T01:21:13.7299103Z       <Coroutine test_inventory_tenant_isolation_same_sku_pool_title>
2026-10-07T01:21:13.7299451Z       <Coroutine test_inventory_seller_isolation_same_sku_pool_title>
2026-10-07T01:21:13.7299632Z     <Module test_marking_inventory_personal_shared.py>
2026-10-07T01:21:13.7299846Z       <Coroutine test_inventory_personal_and_shared_no_double_count>
2026-10-07T01:21:13.7300004Z       <Coroutine test_inventory_only_shared_pool>
2026-10-07T01:21:13.7300177Z       <Coroutine test_inventory_two_personal_pools_sum>
2026-10-07T01:21:13.7300405Z       <Coroutine test_inventory_counts_available_codes_in_unlinked_pool>
2026-10-07T01:21:13.7300554Z       <Coroutine test_inventory_empty_seller>
2026-10-07T01:21:13.7300698Z     <Module test_marking_ledger_external.py>
2026-10-07T01:21:13.7301001Z       <Coroutine test_ledger_and_export_include_external_events_with_existing_scope_filters>
2026-10-07T01:21:13.7301171Z     <Module test_marking_ledger_import_aggregate.py>
2026-10-07T01:21:13.7301384Z       <Coroutine test_ledger_collapses_import_batch_to_single_row>
2026-10-07T01:21:13.7301566Z       <Coroutine test_ledger_printed_events_stay_separate>
2026-10-07T01:21:13.7301855Z       <Coroutine test_ledger_pagination_on_collapsed_rows>
2026-10-07T01:21:13.7302081Z       <Coroutine test_ledger_honest_total_and_pagination_under_raw_cap>
2026-10-07T01:21:13.7302350Z       <Coroutine test_ledger_rejects_raw_events_beyond_cap_instead_of_wrong_total>
2026-10-07T01:21:13.7302506Z     <Module test_marking_pdf_label_artifact.py>
2026-10-07T01:21:13.7302708Z       <Coroutine test_pdf_import_stores_label_artifact_per_cis>
2026-10-07T01:21:13.7302929Z       <Coroutine test_pdf_import_succeeds_when_source_storage_disabled>
2026-10-07T01:21:13.7303108Z       <Coroutine test_csv_import_does_not_store_source_pdf>
2026-10-07T01:21:13.7303398Z       <Coroutine test_pdf_import_stores_artifact_when_page_has_product_text_plus_one_cis>
2026-10-07T01:21:13.7303647Z       <Coroutine test_pdf_import_parses_cis_wrapped_in_parens_across_two_lines>
2026-10-07T01:21:13.7303891Z       <Coroutine test_pdf_import_does_not_reuse_multi_label_page_as_artifact>
2026-10-07T01:21:13.7304063Z       <Coroutine test_csv_import_has_no_label_artifact>
2026-10-07T01:21:13.7304253Z       <Function test_pdf_bytes_to_png_trims_whitespace_margins>
2026-10-07T01:21:13.7304634Z       <Coroutine test_label_artifact_tape_merges_pdfs_in_order>
2026-10-07T01:21:13.7304877Z       <Coroutine test_label_artifact_tape_merges_outside_event_loop_thread>
2026-10-07T01:21:13.7305065Z       <Function test_merge_label_artifact_pdfs_empty_raises>
2026-10-07T01:21:13.7305291Z       <Function test_fit_label_artifact_pdf_to_page_sets_tall_page_size>
2026-10-07T01:21:13.7305612Z       <Function test_native_artifact_print_repairs_anisotropic_modules_and_preserves_cis[short]>
2026-10-07T01:21:13.7305963Z       <Function test_native_artifact_print_repairs_anisotropic_modules_and_preserves_cis[long-with-gs]>
2026-10-07T01:21:13.7306249Z       <Coroutine test_png_artifact_retrieval_repairs_distortion_without_mutating_storage>
2026-10-07T01:21:13.7306488Z       <Function test_png_artifact_retrieval_keeps_healthy_render_byte_exact>
2026-10-07T01:21:13.7306708Z       <Function test_native_artifact_tape_repairs_each_page_in_order>
2026-10-07T01:21:13.7306964Z       <Function test_native_artifact_keeps_valid_rectangular_datamatrix_modules>
2026-10-07T01:21:13.7307226Z       <Function test_native_artifact_repair_preserves_supported_page_sizes[58-40]>
2026-10-07T01:21:13.7307483Z       <Function test_native_artifact_repair_preserves_supported_page_sizes[60-40]>
2026-10-07T01:21:13.7307737Z       <Function test_native_artifact_repair_preserves_supported_page_sizes[60-80]>
2026-10-07T01:21:13.7308002Z       <Function test_native_artifact_repair_preserves_supported_page_sizes[70-120]>
2026-10-07T01:21:13.7308212Z       <Function test_fit_label_artifact_pdf_all_label_sizes[58-40]>
2026-10-07T01:21:13.7308407Z       <Function test_fit_label_artifact_pdf_all_label_sizes[60-40]>
2026-10-07T01:21:13.7308609Z       <Function test_fit_label_artifact_pdf_all_label_sizes[60-80]>
2026-10-07T01:21:13.7308944Z       <Function test_fit_label_artifact_pdf_all_label_sizes[70-120]>
2026-10-07T01:21:13.7309146Z       <Function test_fit_label_artifact_pdf_all_label_sizes[80-60]>
2026-10-07T01:21:13.7309350Z       <Function test_fit_label_artifact_pdf_all_label_sizes[40-58]>
2026-10-07T01:21:13.7309483Z     <Module test_marking_pending.py>
2026-10-07T01:21:13.7309672Z       <Coroutine test_pending_marking_lists_unprinted_lines>
2026-10-07T01:21:13.7309868Z       <Coroutine test_pending_marking_pagination_and_available>
2026-10-07T01:21:13.7310030Z     <Module test_marking_pool_linked_products.py>
2026-10-07T01:21:13.7310263Z       <Coroutine test_pool_list_and_detail_linked_products_flags[0-False]>
2026-10-07T01:21:13.7310483Z       <Coroutine test_pool_list_and_detail_linked_products_flags[1-False]>
2026-10-07T01:21:13.7310710Z       <Coroutine test_pool_list_and_detail_linked_products_flags[2-True]>
2026-10-07T01:21:13.7310904Z       <Coroutine test_api_pool_list_personal_and_shared_flags>
2026-10-07T01:21:13.7311097Z       <Coroutine test_api_pool_detail_shared_with_composition>
2026-10-07T01:21:13.7311244Z     <Module test_marking_pool_products.py>
2026-10-07T01:21:13.7311412Z       <Coroutine test_set_pool_products_replaces_list>
2026-10-07T01:21:13.7311641Z       <Coroutine test_set_pool_products_foreign_seller_product_rejected>
2026-10-07T01:21:13.7311996Z       <Coroutine test_add_and_remove_pool_products>
2026-10-07T01:21:13.7312186Z     <Module test_marking_pools.py>
2026-10-07T01:21:13.7312365Z       <Coroutine test_create_pool_link_product_and_code>
2026-10-07T01:21:13.7312584Z       <Coroutine test_migration_backfill_creates_pool_for_legacy_code>
2026-10-07T01:21:13.7312790Z       <Coroutine test_list_inventory_does_not_auto_link_by_gtin>
2026-10-07T01:21:13.7312932Z     <Module test_marking_pools_read.py>
2026-10-07T01:21:13.7313091Z       <Coroutine test_list_pools_status_aggregates>
2026-10-07T01:21:13.7313237Z       <Coroutine test_pool_detail_and_codes>
2026-10-07T01:21:13.7313411Z       <Coroutine test_pool_codes_foreign_pool_returns_404>
2026-10-07T01:21:13.7313555Z       <Coroutine test_ledger_filters>
2026-10-07T01:21:13.7313768Z       <Coroutine test_ledger_includes_external_fbs_registry_events>
2026-10-07T01:21:13.7314068Z       <Coroutine test_ledger_date_range_filter>
2026-10-07T01:21:13.7314215Z       <Coroutine test_ledger_cis_mask_filter>
2026-10-07T01:21:13.7314349Z       <Coroutine test_ledger_export_csv>
2026-10-07T01:21:13.7314492Z       <Coroutine test_code_history_timeline>
2026-10-07T01:21:13.7314631Z     <Module test_marking_print_all.py>
2026-10-07T01:21:13.7314771Z       <Coroutine test_print_all_returns_410>
2026-10-07T01:21:13.7314910Z     <Module test_marking_print_pool.py>
2026-10-07T01:21:13.7315069Z       <Coroutine test_print_from_pool_full_quantity>
2026-10-07T01:21:13.7315256Z       <Coroutine test_sequential_print_does_not_reuse_codes>
2026-10-07T01:21:13.7315464Z       <Coroutine test_concurrent_print_from_pool_no_double_issue>
2026-10-07T01:21:13.7315751Z       <Coroutine test_postgres_same_line_print_waits_and_refreshes_remaining_need[None]>
2026-10-07T01:21:13.7316022Z       <Coroutine test_postgres_same_line_print_waits_and_refreshes_remaining_need[1]>
2026-10-07T01:21:13.7316181Z     <Module test_marking_product_binding.py>
2026-10-07T01:21:13.7316451Z       <Coroutine test_print_does_not_reassign_code_bound_to_other_product[catalog]>
2026-10-07T01:21:13.7316720Z       <Coroutine test_print_does_not_reassign_code_bound_to_other_product[packaging]>
2026-10-07T01:21:13.7316950Z       <Coroutine test_replacement_does_not_reassign_other_product_code>
2026-10-07T01:21:13.7323501Z       <Coroutine test_ledger_and_csv_are_not_available_to_seller>
2026-10-07T01:21:13.7323923Z       <Coroutine test_ledger_keeps_print_context_without_attributing_mixed_import_to_one_product>
2026-10-07T01:21:13.7324115Z     <Module test_marking_product_codes_pool_filter.py>
2026-10-07T01:21:13.7324390Z       <Coroutine test_list_product_codes_includes_pool_import_without_product_id>
2026-10-07T01:21:13.7324831Z       <Coroutine test_list_product_codes_excludes_external_fbs_registry_code>
2026-10-07T01:21:13.7325070Z       <Coroutine test_list_product_codes_tenant_isolation_same_sku_pool>
2026-10-07T01:21:13.7325302Z       <Coroutine test_list_product_codes_seller_isolation_same_sku_pool>
2026-10-07T01:21:13.7325451Z     <Module test_marking_reprint_defect.py>
2026-10-07T01:21:13.7325683Z       <Coroutine test_defect_creates_pending_reprint_request[False]>
2026-10-07T01:21:13.7325902Z       <Coroutine test_defect_creates_pending_reprint_request[True]>
2026-10-07T01:21:13.7326083Z       <Coroutine test_defect_requires_packaging_access>
2026-10-07T01:21:13.7326299Z       <Coroutine test_replace_reprint_request_clears_queue[False]>
2026-10-07T01:21:13.7326506Z       <Coroutine test_replace_reprint_request_clears_queue[True]>
2026-10-07T01:21:13.7326709Z       <Coroutine test_approve_reprint_rejects_non_printed_code>
2026-10-07T01:21:13.7326937Z       <Coroutine test_defect_does_not_include_unprinted_external_code>
2026-10-07T01:21:13.7327083Z     <Module test_marking_scan_print.py>
2026-10-07T01:21:13.7327252Z       <Coroutine test_scan_print_one_unit_per_scan>
2026-10-07T01:21:13.7327492Z       <Coroutine test_completed_task_reprints_without_allocating_new_code>
2026-10-07T01:21:13.7327650Z     <Module test_marking_state_value_tail.py>
2026-10-07T01:21:13.7327832Z       <Function test_value_tail_survives_serialization>
2026-10-07T01:21:13.7328018Z       <Function test_state_without_code_keeps_empty_tail>
2026-10-07T01:21:13.7328165Z     <Module test_marking_verify_pair.py>
2026-10-07T01:21:13.7328332Z       <Coroutine test_verify_pair_match_applies_code>
2026-10-07T01:21:13.7328517Z       <Coroutine test_verify_pair_mismatch_does_not_apply>
2026-10-07T01:21:13.7328750Z       <Coroutine test_verify_pair_second_apply_is_idempotent_no_event>
2026-10-07T01:21:13.7328915Z     <Module test_marking_write_off_invariants.py>
2026-10-07T01:21:13.7329123Z       <Coroutine test_packaging_line_print_write_off_invariant>
2026-10-07T01:21:13.7329333Z       <Coroutine test_catalog_product_print_write_off_invariant>
2026-10-07T01:21:13.7329533Z       <Coroutine test_reprint_does_not_change_available_count>
2026-10-07T01:21:13.7329818Z     <Module test_notification_triggers.py>
2026-10-07T01:21:13.7329977Z       <Coroutine test_inbound_create_notifies_ff>
2026-10-07T01:21:13.7330170Z       <Coroutine test_marketplace_unload_create_notifies_ff>
2026-10-07T01:21:13.7330307Z     <Module test_notifications.py>
2026-10-07T01:21:13.7330491Z       <Coroutine test_notifications_user_scope_isolated>
2026-10-07T01:21:13.7330671Z       <Coroutine test_notifications_seller_scope_isolated>
2026-10-07T01:21:13.7330910Z       <Coroutine test_notifications_ff_portal_visible_to_admin_not_seller>
2026-10-07T01:21:13.7331096Z       <Coroutine test_notifications_mark_read_and_read_all>
2026-10-07T01:21:13.7331304Z       <Coroutine test_notifications_mark_read_foreign_returns_404>
2026-10-07T01:21:13.7331458Z     <Module test_operation_fact_recovery.py>
2026-10-07T01:21:13.7331715Z       <Coroutine test_recovery_preflight_counts_only_requested_tenant_facts>
2026-10-07T01:21:13.7332060Z       <Coroutine test_retry_key_cannot_be_reused_for_another_source_tuple>
2026-10-07T01:21:13.7332316Z       <Coroutine test_wb_fbs_pick_undo_and_redo_write_three_real_source_facts>
2026-10-07T01:21:13.7332630Z       <Coroutine test_recovery_scopes_durable_unload_and_system_cancel_to_period_and_sources>
2026-10-07T01:21:13.7332776Z     <Module test_operation_facts.py>
2026-10-07T01:21:13.7332998Z       <Coroutine test_writer_creates_immutable_fact_with_item_lines>
2026-10-07T01:21:13.7333245Z       <Coroutine test_writer_returns_existing_source_tuple_without_duplicate>
2026-10-07T01:21:13.7333512Z       <Coroutine test_writer_rejects_user_source_without_actor_and_mismatched_lines>
2026-10-07T01:21:13.7333808Z       <Coroutine test_marketplace_cancel_retry_returns_same_reversal_and_preserves_actor>
2026-10-07T01:21:13.7334054Z       <Coroutine test_packaging_event_source_tuple_does_not_create_duplicate>
2026-10-07T01:21:13.7334468Z       <Function test_correction_schema_exposes_tenant_lines_and_durable_unload_markers>
2026-10-07T01:21:13.7334782Z       <Coroutine test_writer_rejects_foreign_relations_and_keeps_actor_snapshot_after_rename>
2026-10-07T01:21:13.7334925Z     <Module test_outbound_delete_line.py>
2026-10-07T01:21:13.7335120Z       <Coroutine test_delete_draft_line_releases_reservation>
2026-10-07T01:21:13.7335298Z       <Coroutine test_delete_line_not_draft_returns_409>
2026-10-07T01:21:13.7335440Z     <Module test_outbound_shipment.py>
2026-10-07T01:21:13.7335620Z       <Coroutine test_outbound_shipment_decrements_stock>
2026-10-07T01:21:13.7335802Z       <Coroutine test_outbound_partial_ship_then_post_rest>
2026-10-07T01:21:13.7336055Z       <Coroutine test_outbound_post_duplicate_after_fully_shipped_returns_409>
2026-10-07T01:21:13.7336294Z       <Coroutine test_outbound_shipment_summary_has_no_marketplace_label>
2026-10-07T01:21:13.7336443Z     <Module test_outbound_submit_storage.py>
2026-10-07T01:21:13.7336667Z       <Coroutine test_outbound_submit_warehouse_reserve_without_cell>
2026-10-07T01:21:13.7336820Z     <Module test_ownership_transfer_service.py>
2026-10-07T01:21:13.7337112Z       <Coroutine test_transfer_is_atomic_keeps_cell_receives_shortage_and_is_idempotent>
2026-10-07T01:21:13.7337325Z       <Coroutine test_stale_dry_run_token_does_not_write_anything>
2026-10-07T01:21:13.7337525Z       <Coroutine test_missing_target_product_blocks_whole_plan>
2026-10-07T01:21:13.7337768Z       <Function test_workbook_parser_excludes_all_j308_and_corrects_row_69>
2026-10-07T01:21:13.7337899Z     <Module test_ozon_box_assembly.py>
2026-10-07T01:21:13.7338122Z       <Coroutine test_qr_sends_every_box_and_repeat_never_ships_again>
2026-10-07T01:21:13.7338361Z       <Coroutine test_partial_assignment_fails_before_any_external_request>
2026-10-07T01:21:13.7338567Z       <Coroutine test_timeout_retries_readback_without_resending>
2026-10-07T01:21:13.7338783Z       <Coroutine test_packages_take_live_quantity_only_from_position>
2026-10-07T01:21:13.7338980Z       <Function test_pdf_contains_every_result_posting_label>
2026-10-07T01:21:13.7339219Z       <Function test_one_missing_split_label_never_yields_partial_ready_pdf>
2026-10-07T01:21:13.7339544Z       <Coroutine test_partial_ship_result_cannot_be_handed_off>
2026-10-07T01:21:13.7339761Z       <Coroutine test_handoff_revalidates_the_complete_position_set>
2026-10-07T01:21:13.7340027Z       <Coroutine test_confirmed_ship_failure_unfreezes_contents_and_allows_retry>
2026-10-07T01:21:13.7340267Z       <Coroutine test_retry_qr_surfaces_ozon_label_error_and_keeps_assembly>
2026-10-07T01:21:13.7340562Z       <Coroutine test_label_error_persists_on_every_box_of_the_order_until_a_label_succeeds>
2026-10-07T01:21:13.7340863Z       <Coroutine test_assembly_failure_with_a_real_session_user_returns_the_original_error>
2026-10-07T01:21:13.7341067Z       <Coroutine test_wb_box_rows_never_carry_an_ozon_label_error>
2026-10-07T01:21:13.7341272Z       <Coroutine test_ready_label_hides_a_stale_remembered_error>
2026-10-07T01:21:13.7341569Z       <Coroutine test_label_error_write_never_clobbers_a_concurrently_saved_assembly_marker>
2026-10-07T01:21:13.7341899Z       <Coroutine test_error_is_never_saved_to_a_different_supplys_order>
2026-10-07T01:21:13.7342180Z       <Coroutine test_error_follows_the_order_actually_locked_after_box_contents_change>
2026-10-07T01:21:13.7342456Z       <Coroutine test_error_on_a_box_assigned_after_being_empty_follows_the_new_order>
2026-10-07T01:21:13.7342598Z     <Module test_ozon_box_positions.py>
2026-10-07T01:21:13.7342946Z       <Coroutine test_whole_positions_distribute_independently_and_readiness_requires_every_position>
2026-10-07T01:21:13.7343216Z       <Coroutine test_ozon_box_rejects_other_orders_and_positions_outside_its_supply>
2026-10-07T01:21:13.7343435Z       <Coroutine test_assembled_ozon_order_freezes_all_box_membership>
2026-10-07T01:21:13.7343685Z       <Coroutine test_database_prevents_duplicate_whole_position_assignments>
2026-10-07T01:21:13.7344113Z       <Function test_migration_preserves_wb_uniqueness_and_allows_distinct_ozon_positions>
2026-10-07T01:21:13.7344257Z     <Module test_ozon_cancel_posting.py>
2026-10-07T01:21:13.7344526Z       <Coroutine test_cancel_asks_for_reasons_then_cancels_with_the_out_of_stock_one>
2026-10-07T01:21:13.7344784Z       <Coroutine test_a_buyer_reason_is_not_a_permission_for_the_seller_to_cancel>
2026-10-07T01:21:13.7345043Z       <Coroutine test_a_reason_ozon_does_not_offer_is_refused_before_the_mutation>
2026-10-07T01:21:13.7345291Z       <Coroutine test_reason_other_without_a_message_never_leaves_the_process>
2026-10-07T01:21:13.7345506Z       <Coroutine test_reason_other_with_a_message_carries_it_to_ozon>
2026-10-07T01:21:13.7345739Z       <Coroutine test_an_answer_without_result_true_is_not_a_cancellation>
2026-10-07T01:21:13.7345935Z       <Coroutine test_an_empty_posting_number_never_reaches_ozon>
2026-10-07T01:21:13.7346192Z       <Coroutine test_a_blocked_cabinet_surfaces_as_itself_and_stops_the_mutation>
2026-10-07T01:21:13.7346355Z     <Module test_ozon_delivery_confirmation.py>
2026-10-07T01:21:13.7346714Z       <Coroutine test_ozon_known_shortage_requires_confirmation_and_uses_staged_or_sorting_source[False]>
2026-10-07T01:21:13.7347062Z       <Coroutine test_ozon_known_shortage_requires_confirmation_and_uses_staged_or_sorting_source[True]>
2026-10-07T01:21:13.7347346Z       <Coroutine test_ozon_shortage_appearing_after_preflight_requires_new_confirmation>
2026-10-07T01:21:13.7347544Z       <Coroutine test_ozon_stock_polling_is_not_another_delivery>
2026-10-07T01:21:13.7347841Z       <Coroutine test_ozon_known_external_handoff_recovers_without_a_new_minus_confirmation>
2026-10-07T01:21:13.7347993Z     <Module test_ozon_fbs_openapi_models.py>
2026-10-07T01:21:13.7348227Z       <Function test_generated_module_is_current_with_checked_in_openapi>
2026-10-07T01:21:13.7348545Z       <Function test_all_openapi_components_have_exact_model_fields_and_requiredness>
2026-10-07T01:21:13.7348788Z       <Function test_requirement_sku_lists_accept_numbers_from_live_ozon>
2026-10-07T01:21:13.7348947Z     <Module test_ozon_fbs_process_contract.py>
2026-10-07T01:21:13.7349362Z       <Coroutine test_exemplar_set_carries_every_code_of_the_posting_not_only_the_last>
2026-10-07T01:21:13.7349589Z       <Coroutine test_rejected_codes_are_not_resent_with_the_full_set>
2026-10-07T01:21:13.7349820Z       <Coroutine test_empty_exemplar_answer_is_a_typed_error_not_a_crash>
2026-10-07T01:21:13.7350095Z       <Function test_restrictions_of_a_real_drop_off_point_are_limits_not_violations>
2026-10-07T01:21:13.7350354Z       <Function test_restrictions_still_stop_a_posting_that_really_exceeds_them>
2026-10-07T01:21:13.7350558Z       <Coroutine test_posting_weight_is_summed_over_positions>
2026-10-07T01:21:13.7350780Z       <Function test_shipping_list_uses_the_method_ozon_still_serves>
2026-10-07T01:21:13.7351022Z       <Coroutine test_handoff_asks_for_the_shipping_list_by_the_live_path>
2026-10-07T01:21:13.7351172Z     <Module test_ozon_integration_api.py>
2026-10-07T01:21:13.7351522Z       <Coroutine test_wms506_save_and_recheck_use_roles_without_additional_permission_gate[roles_body0]>
2026-10-07T01:21:13.7352132Z       <Coroutine test_wms506_save_and_recheck_use_roles_without_additional_permission_gate[roles_body1]>
2026-10-07T01:21:13.7352465Z       <Coroutine test_wms506_save_and_recheck_use_roles_without_additional_permission_gate[roles_body2]>
2026-10-07T01:21:13.7352721Z       <Coroutine test_wms615_catalog_job_reports_failure_and_retry_clears_error>
2026-10-07T01:21:13.7353230Z       <Coroutine test_wms506_roles_failure_preserves_credentials_and_allows_retry[401-None-422-ozon_credentials_invalid-credentials_invalid]>
2026-10-07T01:21:13.7353713Z       <Coroutine test_wms506_roles_failure_preserves_credentials_and_allows_retry[403-None-422-ozon_credentials_invalid-credentials_invalid]>
2026-10-07T01:21:13.7354318Z       <Coroutine test_wms506_roles_failure_preserves_credentials_and_allows_retry[429-None-503-ozon_validation_unavailable-rate_limited]>
2026-10-07T01:21:13.7354829Z       <Coroutine test_wms506_roles_failure_preserves_credentials_and_allows_retry[500-None-503-ozon_validation_unavailable-provider_unavailable]>
2026-10-07T01:21:13.7355302Z       <Coroutine test_wms506_roles_failure_preserves_credentials_and_allows_retry[302-None-502-ozon_validation_failed-unexpected_status]>
2026-10-07T01:21:13.7355757Z       <Coroutine test_wms506_roles_failure_preserves_credentials_and_allows_retry[418-None-502-ozon_validation_failed-unexpected_status]>
2026-10-07T01:21:13.7356246Z       <Coroutine test_wms506_roles_failure_preserves_credentials_and_allows_retry[200-error6-503-ozon_validation_unavailable-transport_error]>
2026-10-07T01:21:13.7356723Z       <Coroutine test_wms506_roles_failure_preserves_credentials_and_allows_retry[200-error7-503-ozon_validation_unavailable-transport_error]>
2026-10-07T01:21:13.7356931Z       <Coroutine test_tc_s32_ozon_006_self_account_requires_auth>
2026-10-07T01:21:13.7357287Z       <Coroutine test_tc_s32_ozon_002_invalid_payload_never_reaches_provider[payload0-client_id_required]>
2026-10-07T01:21:13.7357627Z       <Coroutine test_tc_s32_ozon_002_invalid_payload_never_reaches_provider[payload1-client_id_required]>
2026-10-07T01:21:13.7357964Z       <Coroutine test_tc_s32_ozon_002_invalid_payload_never_reaches_provider[payload2-client_id_required]>
2026-10-07T01:21:13.7358308Z       <Coroutine test_tc_s32_ozon_002_invalid_payload_never_reaches_provider[payload3-api_key_required]>
2026-10-07T01:21:13.7358636Z       <Coroutine test_tc_s32_ozon_002_invalid_payload_never_reaches_provider[payload4-api_key_required]>
2026-10-07T01:21:13.7358959Z       <Coroutine test_tc_s32_ozon_002_invalid_payload_never_reaches_provider[payload5-api_key_required]>
2026-10-07T01:21:13.7359255Z       <Coroutine test_tc_s32_ozon_002_invalid_payload_never_reaches_provider[payload6-None]>
2026-10-07T01:21:13.7359538Z       <Coroutine test_tc_s32_ozon_002_invalid_payload_never_reaches_provider[payload7-None]>
2026-10-07T01:21:13.7359821Z       <Coroutine test_tc_s32_ozon_002_invalid_payload_never_reaches_provider[payload8-None]>
2026-10-07T01:21:13.7360082Z       <Coroutine test_tc_s32_ozon_002_put_request_schema_is_strict_and_documented>
2026-10-07T01:21:13.7360504Z       <Coroutine test_tc_s32_ozon_009_ordinary_validator_path_uses_the_adapter>
2026-10-07T01:21:13.7360773Z       <Coroutine test_tc_s32_ozon_003_004_provider_failure_contract[result0-200-None]>
2026-10-07T01:21:13.7361116Z       <Coroutine test_tc_s32_ozon_003_004_provider_failure_contract[result1-422-ozon_credentials_invalid]>
2026-10-07T01:21:13.7361448Z       <Coroutine test_tc_s32_ozon_003_004_provider_failure_contract[result2-422-ozon_credentials_invalid]>
2026-10-07T01:21:13.7361906Z       <Coroutine test_tc_s32_ozon_003_004_provider_failure_contract[result3-503-ozon_validation_unavailable]>
2026-10-07T01:21:13.7362251Z       <Coroutine test_tc_s32_ozon_003_004_provider_failure_contract[result4-503-ozon_validation_unavailable]>
2026-10-07T01:21:13.7362595Z       <Coroutine test_tc_s32_ozon_003_004_provider_failure_contract[result5-503-ozon_validation_unavailable]>
2026-10-07T01:21:13.7362922Z       <Coroutine test_tc_s32_ozon_003_004_provider_failure_contract[result6-502-ozon_validation_failed]>
2026-10-07T01:21:13.7363182Z       <Coroutine test_tc_s32_ozon_003_invalid_candidate_keeps_disconnected_status>
2026-10-07T01:21:13.7363472Z       <Coroutine test_tc_s32_ozon_003_invalid_replacement_preserves_working_public_status>
2026-10-07T01:21:13.7363794Z       <Coroutine test_tc_s32_ozon_005_parallel_equal_puts_are_both_successful_and_leave_one_status>
2026-10-07T01:21:13.7364022Z       <Coroutine test_tc_s32_ozon_010_manual_check_uses_safe_status_only>
2026-10-07T01:21:13.7364250Z       <Coroutine test_tc_s32_ozon_009_no_body_is_allowed_for_manual_check>
2026-10-07T01:21:13.7364536Z       <Coroutine test_tc_s32_ozon_014_public_schema_hides_account_identity_and_future_facts>
2026-10-07T01:21:13.7364781Z       <Coroutine test_public_status_reports_actual_exchange_setting[False]>
2026-10-07T01:21:13.7365132Z       <Coroutine test_public_status_reports_actual_exchange_setting[True]>
2026-10-07T01:21:13.7365282Z     <Module test_ozon_live_contract.py>
2026-10-07T01:21:13.7365511Z       <Function test_new_orders_request_can_be_built_with_a_real_date>
2026-10-07T01:21:13.7365733Z       <Function test_posting_list_request_can_be_built_with_a_real_date>
2026-10-07T01:21:13.7365952Z       <Function test_posting_with_scheduled_tariff_change_is_parsed>
2026-10-07T01:21:13.7366118Z     <Module test_ozon_marketplace_transport.py>
2026-10-07T01:21:13.7366353Z       <Coroutine test_json_call_sends_credentials_and_returns_parsed_body>
2026-10-07T01:21:13.7366573Z       <Coroutine test_obsolete_method_becomes_a_typed_provider_error>
2026-10-07T01:21:13.7366853Z       <Coroutine test_account_blocked_stays_recognisable_through_the_live_transport>
2026-10-07T01:21:13.7367094Z       <Coroutine test_rate_limit_carries_retry_after_for_the_shared_backoff>
2026-10-07T01:21:13.7367340Z       <Coroutine test_network_failure_is_the_retryable_transport_error_code>
2026-10-07T01:21:13.7367592Z       <Coroutine test_binary_answer_is_normalised_into_the_same_file_envelope>
2026-10-07T01:21:13.7367885Z       <Coroutine test_warehouses_are_walked_page_by_page_and_carry_entrusted_acceptance>
2026-10-07T01:21:13.7368143Z       <Coroutine test_warehouse_walk_stops_when_ozon_says_there_is_no_next_page>
2026-10-07T01:21:13.7368430Z       <Coroutine test_unfulfilled_orders_are_walked_page_by_page_with_barcodes_asked_for>
2026-10-07T01:21:13.7368708Z       <Coroutine test_statuses_are_read_back_per_posting_and_a_vanished_one_is_skipped>
2026-10-07T01:21:13.7368960Z       <Coroutine test_supply_qr_is_the_carriage_barcode_and_comes_back_as_bytes>
2026-10-07T01:21:13.7369170Z       <Coroutine test_supply_qr_refuses_a_placeholder_supply_id>
2026-10-07T01:21:13.7369443Z       <Coroutine test_stocks_go_out_signed_by_product_id_without_the_removed_quant_size>
2026-10-07T01:21:13.7369726Z       <Coroutine test_stocks_fall_back_to_the_seller_article_when_there_is_no_product_id>
2026-10-07T01:21:13.7369973Z       <Coroutine test_stocks_are_split_into_batches_of_the_hundred_ozon_allows>
2026-10-07T01:21:13.7370361Z       <Coroutine test_a_rejected_stock_row_is_an_error_and_carries_ozons_own_code>
2026-10-07T01:21:13.7370664Z       <Coroutine test_failed_first_stock_batch_does_not_starve_the_remaining_fifty[row-149]>
2026-10-07T01:21:13.7370964Z       <Coroutine test_failed_first_stock_batch_does_not_starve_the_remaining_fifty[empty-50]>
2026-10-07T01:21:13.7371253Z       <Coroutine test_failed_first_stock_batch_does_not_starve_the_remaining_fifty[http-50]>
2026-10-07T01:21:13.7371504Z       <Coroutine test_one_invalid_stock_identity_does_not_prevent_valid_batches>
2026-10-07T01:21:13.7371936Z       <Coroutine test_account_wide_refusal_preserves_earlier_confirmations_and_stops_requests[403]>
2026-10-07T01:21:13.7372255Z       <Coroutine test_account_wide_refusal_preserves_earlier_confirmations_and_stops_requests[429]>
2026-10-07T01:21:13.7372531Z       <Coroutine test_a_silently_skipped_stock_row_is_not_a_confirmation>
2026-10-07T01:21:13.7372784Z       <Coroutine test_a_confirmation_for_another_product_does_not_confirm_ours>
2026-10-07T01:21:13.7373051Z       <Coroutine test_a_confirmation_for_another_warehouse_does_not_confirm_ours>
2026-10-07T01:21:13.7373255Z       <Coroutine test_a_full_confirmation_reports_every_sent_row>
2026-10-07T01:21:13.7373526Z       <Coroutine test_an_answer_without_result_rows_is_not_treated_as_a_confirmation>
2026-10-07T01:21:13.7373804Z       <Coroutine test_a_stock_without_warehouse_or_identifier_never_reaches_the_network>
2026-10-07T01:21:13.7374032Z       <Coroutine test_publishing_an_empty_list_makes_no_request_at_all>
2026-10-07T01:21:13.7374299Z       <Function test_factory_keeps_the_local_fake_until_the_setting_is_switched_on>
2026-10-07T01:21:13.7374564Z       <Function test_factory_keeps_the_blocked_operation_semantics_of_the_local_fake>
2026-10-07T01:21:13.7374887Z       <Coroutine test_labels_are_asked_one_posting_at_a_time>
2026-10-07T01:21:13.7375117Z       <Coroutine test_one_unready_posting_does_not_take_the_others_down>
2026-10-07T01:21:13.7375332Z       <Coroutine test_a_blocked_account_stops_the_whole_label_run>
2026-10-07T01:21:13.7375485Z     <Module test_ozon_marketplace_unload.py>
2026-10-07T01:21:13.7375730Z       <Coroutine test_ozon_unload_keeps_marketplace_scope_without_wb_warehouse>
2026-10-07T01:21:13.7375877Z     <Module test_ozon_operator_surfaces.py>
2026-10-07T01:21:13.7376142Z       <Function test_operator_gate_shows_the_number_a_person_can_find_in_the_cabinet>
2026-10-07T01:21:13.7376346Z       <Function test_operator_gate_keeps_the_wb_number_untouched>
2026-10-07T01:21:13.7376575Z       <Function test_ozon_error_code_has_a_human_fallback_like_the_wb_one>
2026-10-07T01:21:13.7376797Z       <Function test_marketplace_dictionary_is_one_at_the_fact_boundary>
2026-10-07T01:21:13.7376935Z     <Module test_ozon_posting_contract.py>
2026-10-07T01:21:13.7377259Z       <Coroutine test_explicit_posting_intake_without_publication_keeps_warehouse_scope[True]>
2026-10-07T01:21:13.7377577Z       <Coroutine test_explicit_posting_intake_without_publication_keeps_warehouse_scope[False]>
2026-10-07T01:21:13.7377942Z       <Coroutine test_automatic_intake_without_publication_preserves_settings_and_repeats[publication0]>
2026-10-07T01:21:13.7378285Z       <Coroutine test_automatic_intake_without_publication_preserves_settings_and_repeats[publication1]>
2026-10-07T01:21:13.7378620Z       <Coroutine test_automatic_intake_without_publication_preserves_settings_and_repeats[publication2]>
2026-10-07T01:21:13.7378920Z       <Coroutine test_automatic_intake_rejects_warehouses_outside_served_mapping[unserved]>
2026-10-07T01:21:13.7379208Z       <Coroutine test_automatic_intake_rejects_warehouses_outside_served_mapping[inactive]>
2026-10-07T01:21:13.7379496Z       <Coroutine test_automatic_intake_rejects_warehouses_outside_served_mapping[missing]>
2026-10-07T01:21:13.7379782Z       <Coroutine test_automatic_intake_rejects_warehouses_outside_served_mapping[seller]>
2026-10-07T01:21:13.7380060Z       <Coroutine test_automatic_intake_rejects_warehouses_outside_served_mapping[tenant]>
2026-10-07T01:21:13.7380498Z       <Coroutine test_automatic_intake_rejects_warehouses_outside_served_mapping[marketplace]>
2026-10-07T01:21:13.7380767Z       <Coroutine test_warehouse_is_read_from_delivery_method_not_from_the_top_level>
2026-10-07T01:21:13.7381035Z       <Coroutine test_binding_created_through_the_normal_path_matches_a_real_posting>
2026-10-07T01:21:13.7381311Z       <Coroutine test_posting_barcode_price_and_creation_date_come_from_the_real_fields>
2026-10-07T01:21:13.7381563Z       <Coroutine test_assembled_posting_is_not_offered_to_the_operator_as_new>
2026-10-07T01:21:13.7381859Z       <Coroutine test_delivered_substatus_finishes_the_order>
2026-10-07T01:21:13.7382077Z       <Coroutine test_poll_never_drags_an_order_out_of_our_own_workflow>
2026-10-07T01:21:13.7382362Z       <Coroutine test_marking_requirement_arrives_from_ozon_and_opens_the_gate_honestly>
2026-10-07T01:21:13.7382597Z       <Coroutine test_empty_requirements_from_ozon_mean_no_marking_needed>
2026-10-07T01:21:13.7382864Z       <Coroutine test_markable_product_requires_marking_even_when_ozon_stays_silent>
2026-10-07T01:21:13.7383129Z       <Coroutine test_unknown_requirement_is_not_an_answer_and_never_a_permission>
2026-10-07T01:21:13.7383363Z       <Coroutine test_delivery_method_id_is_stored_for_the_future_carriage>
2026-10-07T01:21:13.7383606Z       <Coroutine test_accepted_posting_is_charged_like_a_confirmed_wb_order>
2026-10-07T01:21:13.7383929Z       <Function test_status_dictionary_matches_the_official_list[awaiting_packaging-None-new]>
2026-10-07T01:21:13.7384278Z       <Function test_status_dictionary_matches_the_official_list[acceptance_in_progress-None-sorted]>
2026-10-07T01:21:13.7384715Z       <Function test_status_dictionary_matches_the_official_list[awaiting_deliver-posting_in_carriage-external_processing]>
2026-10-07T01:21:13.7385302Z       <Function test_status_dictionary_matches_the_official_list[awaiting_approve-None-external_processing]>
2026-10-07T01:21:13.7385697Z       <Function test_status_dictionary_matches_the_official_list[awaiting_verification-None-external_processing]>
2026-10-07T01:21:13.7386012Z       <Function test_status_dictionary_matches_the_official_list[delivering-None-in_delivery]>
2026-10-07T01:21:13.7386344Z       <Function test_status_dictionary_matches_the_official_list[delivering-posting_received-done]>
2026-10-07T01:21:13.7386627Z       <Function test_status_dictionary_matches_the_official_list[delivered-None-done]>
2026-10-07T01:21:13.7386929Z       <Function test_status_dictionary_matches_the_official_list[cancelled-None-cancelled]>
2026-10-07T01:21:13.7387302Z       <Function test_status_dictionary_matches_the_official_list[cancelled_from_split_pending-None-cancelled]>
2026-10-07T01:21:13.7387663Z       <Function test_status_dictionary_matches_the_official_list[client_arbitration-None-external_processing]>
2026-10-07T01:21:13.7388016Z       <Function test_status_dictionary_matches_the_official_list[arbitration-None-external_processing]>
2026-10-07T01:21:13.7388288Z       <Coroutine test_repeat_sync_metadata_preserves_position_and_box_assignment>
2026-10-07T01:21:13.7388548Z       <Coroutine test_repeat_sync_after_assembly_preserves_original_composition>
2026-10-07T01:21:13.7388822Z       <Function test_repeat_sync_reordered_metadata_matches_the_product_not_the_index>
2026-10-07T01:21:13.7389123Z       <Coroutine test_import_absent_requirements_does_not_claim_complete_knowledge[False]>
2026-10-07T01:21:13.7389408Z       <Coroutine test_import_absent_requirements_does_not_claim_complete_knowledge[True]>
2026-10-07T01:21:13.7389656Z       <Coroutine test_status_refresh_preserves_catalog_marking_requirement>
2026-10-07T01:21:13.7389916Z       <Coroutine test_mixed_posting_requires_codes_only_for_the_marked_sku[ozon]>
2026-10-07T01:21:13.7390187Z       <Coroutine test_mixed_posting_requires_codes_only_for_the_marked_sku[catalog]>
2026-10-07T01:21:13.7390464Z       <Coroutine test_requirement_for_sku_missing_from_saved_composition_is_not_ready>
2026-10-07T01:21:13.7390732Z     <Module test_ozon_product_import.py>
2026-10-07T01:21:13.7391017Z       <Coroutine test_fetch_product_cards_reads_all_fifteen_thousand_without_silent_cap>
2026-10-07T01:21:13.7391322Z       <Coroutine test_fetch_product_cards_rejects_repeated_cursor_instead_of_partial_success>
2026-10-07T01:21:13.7391552Z       <Coroutine test_import_fills_dimensions_so_storage_can_be_charged>
2026-10-07T01:21:13.7391985Z       <Coroutine test_import_fills_the_product_id_that_stock_publishing_needs>
2026-10-07T01:21:13.7392249Z       <Coroutine test_import_never_overwrites_a_measurement_a_human_chose>
2026-10-07T01:21:13.7392469Z       <Coroutine test_unknown_units_are_skipped_rather_than_guessed>
2026-10-07T01:21:13.7392700Z       <Coroutine test_sync_never_creates_a_product_for_an_unmatched_card>
2026-10-07T01:21:13.7392984Z       <Coroutine test_second_sync_of_an_unmatched_card_does_not_duplicate_the_snapshot>
2026-10-07T01:21:13.7393230Z       <Coroutine test_empty_complete_catalog_clears_only_that_seller_snapshot>
2026-10-07T01:21:13.7393446Z       <Coroutine test_scanner_finds_the_product_by_the_ozon_barcode>
2026-10-07T01:21:13.7393664Z       <Coroutine test_scanner_still_finds_nothing_for_an_unknown_code>
2026-10-07T01:21:13.7393926Z       <Coroutine test_link_is_computed_from_the_article_assembled_by_the_transfer>
2026-10-07T01:21:13.7394128Z       <Coroutine test_link_is_computed_from_the_seller_article>
2026-10-07T01:21:13.7394351Z       <Coroutine test_barcode_picks_the_right_size_out_of_a_dozen_cards>
2026-10-07T01:21:13.7394580Z       <Coroutine test_ambiguous_article_links_nothing_and_creates_nothing>
2026-10-07T01:21:13.7394844Z       <Coroutine test_ozon_own_barcode_never_matches_and_never_blocks_the_next_signal>
2026-10-07T01:21:13.7395073Z       <Coroutine test_photo_from_the_ozon_card_is_readable_by_the_screens>
2026-10-07T01:21:13.7395419Z       <Coroutine test_photo_falls_back_to_the_first_image_of_the_card>
2026-10-07T01:21:13.7395619Z       <Coroutine test_last_free_size_is_not_a_disambiguation>
2026-10-07T01:21:13.7395766Z     <Module test_ozon_return_service.py>
2026-10-07T01:21:13.7396001Z       <Coroutine test_preview_reports_manual_path_when_giveout_is_disabled>
2026-10-07T01:21:13.7396258Z       <Coroutine test_preview_imports_one_selected_giveout_after_full_pagination>
2026-10-07T01:21:13.7396491Z       <Coroutine test_imported_giveouts_are_isolated_by_request_and_tenant>
2026-10-07T01:21:13.7396735Z       <Coroutine test_same_product_from_two_giveouts_keeps_both_source_groups>
2026-10-07T01:21:13.7397016Z       <Coroutine test_return_rate_limit_blocks_follow_up_calls_without_hitting_provider>
2026-10-07T01:21:13.7397213Z       <Coroutine test_giveout_pass_pdf_decodes_base64_payload>
2026-10-07T01:21:13.7397445Z       <Coroutine test_provider_failure_does_not_create_import_records>
2026-10-07T01:21:13.7397582Z     <Module test_ozon_returns_api.py>
2026-10-07T01:21:13.7397894Z       <Coroutine test_ozon_return_endpoints_use_all_return_operations_through_fake_transport>
2026-10-07T01:21:13.7398129Z       <Coroutine test_marketplace_is_return_only_and_is_in_request_output>
2026-10-07T01:21:13.7398399Z       <Coroutine test_return_defective_quantity_uses_the_inbound_service_constraint>
2026-10-07T01:21:13.7398700Z       <Coroutine test_empty_ozon_answer_gives_a_readable_error_instead_of_a_five_hundred>
2026-10-07T01:21:13.7398975Z       <Coroutine test_posted_ozon_return_refresh_is_best_effort_and_uses_fake_provider>
2026-10-07T01:21:13.7399133Z     <Module test_ozon_returns_openapi_models.py>
2026-10-07T01:21:13.7399364Z       <Function test_generated_module_is_current_with_checked_in_openapi>
2026-10-07T01:21:13.7399637Z       <Function test_all_openapi_components_have_exact_model_fields_and_requiredness>
2026-10-07T01:21:13.7399784Z     <Module test_ozon_shipment_sources.py>
2026-10-07T01:21:13.7400117Z       <Coroutine test_ozon_without_fulfillment_snapshots_stock_before_handoff_and_writes_off_once>
2026-10-07T01:21:13.7400357Z       <Coroutine test_ozon_missing_product_fails_before_any_provider_handoff>
2026-10-07T01:21:13.7400765Z       <Coroutine test_ozon_legacy_packing_fact_cannot_override_sorting_container_source>
2026-10-07T01:21:13.7400993Z       <Coroutine test_ozon_shortage_uses_existing_negative_source_policy>
2026-10-07T01:21:13.7401315Z       <Coroutine test_ozon_staged_recipe_updates_quantity_if_an_earlier_attempt_preceded_assembly>
2026-10-07T01:21:13.7401547Z       <Coroutine test_ozon_packaging_fact_does_not_choose_shipment_source>
2026-10-07T01:21:13.7401704Z     <Module test_ozon_stock_binding_cleanup.py>
2026-10-07T01:21:13.7402081Z       <Coroutine test_ozon_binding_cleanup_preserves_target_until_confirmed[disable]>
2026-10-07T01:21:13.7402352Z       <Coroutine test_ozon_binding_cleanup_preserves_target_until_confirmed[replace]>
2026-10-07T01:21:13.7402618Z       <Coroutine test_ozon_binding_cleanup_preserves_target_until_confirmed[reject]>
2026-10-07T01:21:13.7402906Z       <Coroutine test_ozon_binding_cleanup_preserves_target_until_confirmed[invalid_new]>
2026-10-07T01:21:13.7403179Z       <Coroutine test_ozon_binding_cleanup_preserves_target_until_confirmed[unserved]>
2026-10-07T01:21:13.7403464Z       <Coroutine test_ozon_warehouse_off_keeps_enabled_until_zero_and_retries[http_error]>
2026-10-07T01:21:13.7403740Z       <Coroutine test_ozon_warehouse_off_keeps_enabled_until_zero_and_retries[partial]>
2026-10-07T01:21:13.7403899Z     <Module test_pack_progress_idempotency.py>
2026-10-07T01:21:13.7404094Z       <Coroutine test_lost_response_replay_then_new_attempt>
2026-10-07T01:21:13.7404325Z       <Coroutine test_blank_key_preserves_independent_operations[None]>
2026-10-07T01:21:13.7404537Z       <Coroutine test_blank_key_preserves_independent_operations[]>
2026-10-07T01:21:13.7404768Z       <Coroutine test_blank_key_preserves_independent_operations[ \t\r\n]>
2026-10-07T01:21:13.7404989Z       <Coroutine test_blank_key_preserves_independent_operations[\xa0]>
2026-10-07T01:21:13.7405320Z       <Coroutine test_nonblank_keys_are_opaque_and_uuid_replays>
2026-10-07T01:21:13.7405512Z       <Coroutine test_payload_conflicts_and_tenant_boundary>
2026-10-07T01:21:13.7405711Z       <Coroutine test_replay_after_completion_and_legacy_no_key>
2026-10-07T01:21:13.7405932Z       <Coroutine test_replay_after_undo_does_not_restore_reversed_work>
2026-10-07T01:21:13.7406156Z       <Coroutine test_concurrent_deliveries_do_not_exceed_plan[True]>
2026-10-07T01:21:13.7406375Z       <Coroutine test_concurrent_deliveries_do_not_exceed_plan[False]>
2026-10-07T01:21:13.7406604Z       <Coroutine test_concurrent_key_reused_across_documents_is_conflict>
2026-10-07T01:21:13.7406810Z       <Coroutine test_failure_rolls_back_quantity_event_and_fact>
2026-10-07T01:21:13.7406955Z     <Module test_packaging_fact_contract.py>
2026-10-07T01:21:13.7407202Z       <Coroutine test_manual_pack_scan_undo_and_confirm_leave_stock_untouched>
2026-10-07T01:21:13.7407475Z       <Coroutine test_ozon_single_repeat_and_mass_pack_are_facts_before_picking[0]>
2026-10-07T01:21:13.7407734Z       <Coroutine test_ozon_single_repeat_and_mass_pack_are_facts_before_picking[3]>
2026-10-07T01:21:13.7408016Z       <Coroutine test_unload_marking_requirement_does_not_depend_on_packing_progress>
2026-10-07T01:21:13.7408150Z     <Module test_packaging_tasks.py>
2026-10-07T01:21:13.7408393Z       <Coroutine test_mp_box_packaging_uses_source_captured_in_box[0-3-3-0-0]>
2026-10-07T01:21:13.7408629Z       <Coroutine test_mp_box_packaging_uses_source_captured_in_box[2-1-3-0-0]>
2026-10-07T01:21:13.7408863Z       <Coroutine test_mp_box_packaging_uses_source_captured_in_box[3-0-3-0-0]>
2026-10-07T01:21:13.7409097Z       <Coroutine test_mp_box_packaging_uses_source_captured_in_box[0-2-2-1-0]>
2026-10-07T01:21:13.7409357Z       <Coroutine test_packaging_task_manual_records_fact_without_inventory_convert>
2026-10-07T01:21:13.7409601Z       <Coroutine test_packaging_create_rejects_mixed_seller_and_decimal_qty>
2026-10-07T01:21:13.7409816Z       <Coroutine test_packaging_scan_manual_undo_and_done_history>
2026-10-07T01:21:13.7410021Z       <Coroutine test_packaging_does_not_block_mp_ship_until_done>
2026-10-07T01:21:13.7410361Z       <Coroutine test_mp_unload_detail_includes_packaging_progress>
2026-10-07T01:21:13.7410522Z       <Coroutine test_cancel_manual_packaging_task>
2026-10-07T01:21:13.7410710Z       <Coroutine test_cancel_linked_packaging_task_rejected>
2026-10-07T01:21:13.7410984Z       <Coroutine test_packaging_done_unload_plan_stays_done_when_line_delete_rejected>
2026-10-07T01:21:13.7411148Z       <Coroutine test_complete_packaging_explicit>
2026-10-07T01:21:13.7411332Z       <Coroutine test_complete_packaging_marking_not_done>
2026-10-07T01:21:13.7411554Z       <Coroutine test_mark_prepacked_external_satisfies_marking_gate>
2026-10-07T01:21:13.7411894Z       <Coroutine test_pack_without_prepacked_leaves_marking_external_zero>
2026-10-07T01:21:13.7412096Z       <Coroutine test_box_create_allowed_before_packaging_done>
2026-10-07T01:21:13.7412297Z       <Coroutine test_mp_unload_pack_counter_without_inventory>
2026-10-07T01:21:13.7412441Z     <Module test_pallet_combine_api.py>
2026-10-07T01:21:13.7412736Z       <Coroutine test_combine_inbound_boxes_creates_one_pallet_and_returns_it_in_document>
2026-10-07T01:21:13.7412995Z       <Coroutine test_reception_only_staff_can_list_and_combine_inbound_pallets>
2026-10-07T01:21:13.7413225Z       <Coroutine test_empty_new_pallet_combine_rolls_back_created_pallet>
2026-10-07T01:21:13.7413485Z       <Coroutine test_combine_rejects_box_from_another_receipt_on_same_warehouse>
2026-10-07T01:21:13.7413670Z       <Coroutine test_combine_rejects_completed_receipt>
2026-10-07T01:21:13.7413841Z     <Module test_pick_option_container_sources.py>
2026-10-07T01:21:13.7414103Z       <Coroutine test_shared_pick_locations_keep_totals_and_expose_physical_paths>
2026-10-07T01:21:13.7414361Z       <Coroutine test_container_paths_fail_closed_outside_tenant_and_warehouse>
2026-10-07T01:21:13.7414642Z     <Module test_print_templates.py>
2026-10-07T01:21:13.7414899Z       <Coroutine test_resolve_default_template_product_over_seller_over_system>
2026-10-07T01:21:13.7415046Z       <Coroutine test_print_template_crud>
2026-10-07T01:21:13.7415215Z       <Coroutine test_is_default_clears_previous_flag>
2026-10-07T01:21:13.7415432Z       <Coroutine test_user_last_layout_preferred_over_seller_default>
2026-10-07T01:21:13.7415632Z       <Coroutine test_two_users_get_different_last_layouts>
2026-10-07T01:21:13.7415808Z       <Coroutine test_print_auto_saves_user_last_layout>
2026-10-07T01:21:13.7415986Z       <Coroutine test_label_options_survive_save_and_read>
2026-10-07T01:21:13.7416198Z       <Coroutine test_old_template_without_options_prints_everything>
2026-10-07T01:21:13.7416408Z       <Coroutine test_seller_template_is_visible_to_every_operator>
2026-10-07T01:21:13.7416670Z       <Coroutine test_operator_layout_does_not_carry_label_options_across_sellers>
2026-10-07T01:21:13.7416904Z       <Coroutine test_seller_label_options_do_not_change_the_print_tape>
2026-10-07T01:21:13.7417127Z       <Coroutine test_seller_label_options_keep_an_existing_seller_tape>
2026-10-07T01:21:13.7417371Z       <Coroutine test_label_options_do_not_reach_a_seller_without_a_template>
2026-10-07T01:21:13.7417629Z       <Coroutine test_old_seller_template_keeps_its_tape_even_with_the_same_name>
2026-10-07T01:21:13.7417832Z       <Coroutine test_composition_template_never_owns_the_tape>
2026-10-07T01:21:13.7418037Z       <Coroutine test_second_save_of_label_options_is_persisted>
2026-10-07T01:21:13.7418262Z       <Coroutine test_label_template_switch_off_keeps_the_old_printing>
2026-10-07T01:21:13.7418400Z     <Module test_prod_deploy_backup.py>
2026-10-07T01:21:13.7418620Z       <Function test_deploy_requires_verified_backup_before_migration[]>
2026-10-07T01:21:13.7418865Z       <Function test_deploy_requires_verified_backup_before_migration[dump]>
2026-10-07T01:21:13.7419129Z       <Function test_deploy_requires_verified_backup_before_migration[archive]>
2026-10-07T01:21:13.7419377Z       <Function test_deploy_requires_verified_backup_before_migration[listing]>
2026-10-07T01:21:13.7419746Z       <Function test_deploy_requires_verified_backup_before_migration[empty]>
2026-10-07T01:21:13.7419986Z       <Function test_deploy_requires_verified_backup_before_migration[network]>
2026-10-07T01:21:13.7420224Z       <Function test_deploy_requires_verified_backup_before_migration[retry]>
2026-10-07T01:21:13.7420474Z       <Function test_workflow_bootstrap_checks_git_and_separates_stdin[False]>
2026-10-07T01:21:13.7420717Z       <Function test_workflow_bootstrap_checks_git_and_separates_stdin[True]>
2026-10-07T01:21:13.7420894Z     <Module test_prod_deploy_backup_gate_boundary.py>
2026-10-07T01:21:13.7421165Z       <Function test_all_seven_backup_variants_and_original_assertions_are_preserved>
2026-10-07T01:21:13.7421479Z       <Function test_backup_fixture_server_ci_boundary_precedes_every_docker_action[accepted]>
2026-10-07T01:21:13.7421879Z       <Function test_backup_fixture_server_ci_boundary_precedes_every_docker_action[failed]>
2026-10-07T01:21:13.7422199Z       <Function test_backup_fixture_server_ci_boundary_precedes_every_docker_action[unavailable]>
2026-10-07T01:21:13.7422513Z       <Function test_backup_fixture_server_ci_boundary_precedes_every_docker_action[wrong-sha]>
2026-10-07T01:21:13.7422810Z       <Function test_backup_fixture_server_ci_boundary_precedes_every_docker_action[missing]>
2026-10-07T01:21:13.7422947Z     <Module test_product_categories.py>
2026-10-07T01:21:13.7423284Z       <Coroutine test_wb_subject_category_is_trimmed_for_every_variant_and_blank_resync_preserves_it>
2026-10-07T01:21:13.7423574Z       <Coroutine test_product_categories_are_unique_sorted_nonempty_and_tenant_isolated>
2026-10-07T01:21:13.7423856Z       <Coroutine test_product_categories_follow_effective_seller_scope_and_empty_state>
2026-10-07T01:21:13.7424184Z       <Coroutine test_categories_trim_duplicate_values_keep_exact_distinct_names_and_static_route>
2026-10-07T01:21:13.7424618Z       <Coroutine test_categories_follow_switched_effective_seller_but_admin_sees_tenant_scope>
2026-10-07T01:21:13.7424873Z       <Function test_product_category_migration_is_additive_and_the_only_head>
2026-10-07T01:21:13.7425032Z     <Module test_product_dimension_history.py>
2026-10-07T01:21:13.7425311Z       <Coroutine test_manual_measurement_and_container_override_create_active_versions>
2026-10-07T01:21:13.7425665Z       <Coroutine test_wb_observation_does_not_replace_manual_measurement_and_restore_makes_new_active_wb>
2026-10-07T01:21:13.7425941Z       <Coroutine test_repeated_manual_measurement_keeps_both_immutable_observations>
2026-10-07T01:21:13.7426104Z     <Module test_product_fbs_rule_bulk_read_api.py>
2026-10-07T01:21:13.7426323Z       <Coroutine test_bulk_read_returns_rules_for_multiple_products>
2026-10-07T01:21:13.7426526Z       <Coroutine test_bulk_read_hides_product_from_other_tenant>
2026-10-07T01:21:13.7426739Z       <Coroutine test_bulk_read_rejects_product_from_other_seller>
2026-10-07T01:21:13.7426960Z       <Coroutine test_bulk_read_rejects_more_than_two_hundred_products>
2026-10-07T01:21:13.7427117Z     <Module test_product_fbs_stock_sync_api.py>
2026-10-07T01:21:13.7427368Z       <Coroutine test_fbs_stock_sync_bulk_does_not_touch_other_seller_products>
2026-10-07T01:21:13.7427579Z       <Coroutine test_fbs_stock_sync_bulk_keeps_per_product_limits>
2026-10-07T01:21:13.7427793Z       <Coroutine test_enabling_fbs_sync_publishes_stock_immediately>
2026-10-07T01:21:13.7427941Z     <Module test_product_location_hints.py>
2026-10-07T01:21:13.7428146Z       <Coroutine test_locations_by_product_returns_cells_with_stock>
2026-10-07T01:21:13.7428310Z     <Module test_product_merge_service_wms349.py>
2026-10-07T01:21:13.7428603Z       <Coroutine test_postgres_merge_refuses_busy_order_without_deadlocking_cancellation>
2026-10-07T01:21:13.7428875Z       <Coroutine test_merge_reports_stock_cap_collision_before_changing_any_balance>
2026-10-07T01:21:13.7429177Z       <Coroutine test_postgres_merge_replays_committed_movement_with_stale_balances[source]>
2026-10-07T01:21:13.7429470Z       <Coroutine test_postgres_merge_replays_committed_movement_with_stale_balances[target]>
2026-10-07T01:21:13.7429859Z       <Coroutine test_merge_takes_product_locks_in_ascending_id_order_input_forward>
2026-10-07T01:21:13.7430127Z       <Coroutine test_merge_takes_product_locks_in_ascending_id_order_input_reversed>
2026-10-07T01:21:13.7430336Z       <Coroutine test_merge_reads_balances_under_for_update_lock>
2026-10-07T01:21:13.7430569Z       <Coroutine test_merge_still_sums_stock_end_to_end_after_lock_change>
2026-10-07T01:21:13.7430812Z       <Coroutine test_merge_reports_missing_product_before_touching_balances>
2026-10-07T01:21:13.7430977Z     <Module test_product_packaging_instructions.py>
2026-10-07T01:21:13.7431172Z       <Coroutine test_seller_patches_packaging_instructions>
2026-10-07T01:21:13.7431405Z       <Coroutine test_bulk_requires_honest_sign_updates_selected_products>
2026-10-07T01:21:13.7431670Z       <Coroutine test_seller_bulk_requires_honest_sign_updates_only_own_products>
2026-10-07T01:21:13.7432135Z       <Coroutine test_mp_plan_allowed_without_packaging_instructions>
2026-10-07T01:21:13.7432348Z       <Coroutine test_packaging_task_defaults_to_sorting_location>
2026-10-07T01:21:13.7432553Z       <Coroutine test_ff_catalog_includes_packaging_instructions>
2026-10-07T01:21:13.7432712Z     <Module test_product_tz_declared_quantity.py>
2026-10-07T01:21:13.7432989Z       <Function test_parse_ignores_quantity_columns_and_uses_first_matching_sheet_once>
2026-10-07T01:21:13.7433219Z       <Coroutine test_quantity_columns_do_not_create_inventory_movements>
2026-10-07T01:21:13.7433443Z       <Coroutine test_invalid_quantity_values_are_not_catalog_row_errors>
2026-10-07T01:21:13.7433647Z       <Coroutine test_quantity_columns_do_not_require_warehouse[0]>
2026-10-07T01:21:13.7433850Z       <Coroutine test_quantity_columns_do_not_require_warehouse[2]>
2026-10-07T01:21:13.7434128Z     <Module test_product_tz_idempotency.py>
2026-10-07T01:21:13.7434374Z       <Function test_only_named_import_unique_error_is_idempotency_conflict>
2026-10-07T01:21:13.7434580Z       <Coroutine test_concurrent_same_file_applies_catalog_once>
2026-10-07T01:21:13.7434789Z       <Coroutine test_same_file_hash_is_scoped_by_tenant_and_seller>
2026-10-07T01:21:13.7434931Z     <Module test_product_tz_import.py>
2026-10-07T01:21:13.7435158Z       <Function test_parse_product_tz_xlsx_expands_merged_tz_and_vendor>
2026-10-07T01:21:13.7435369Z       <Function test_parse_product_tz_xlsx_sheet_name_is_irrelevant>
2026-10-07T01:21:13.7435595Z       <Function test_parse_product_tz_xlsx_reads_clean_name_and_wb_nm_id>
2026-10-07T01:21:13.7435828Z       <Function test_parse_product_tz_xlsx_picks_matching_sheet_among_others>
2026-10-07T01:21:13.7436049Z       <Function test_parse_product_tz_xlsx_missing_column_in_every_sheet>
2026-10-07T01:21:13.7436234Z       <Coroutine test_product_tz_import_preview_and_apply>
2026-10-07T01:21:13.7436400Z       <Coroutine test_product_tz_template_download>
2026-10-07T01:21:13.7436574Z       <Coroutine test_create_product_null_dims_and_fields>
2026-10-07T01:21:13.7436771Z       <Coroutine test_tz_import_cross_seller_barcode_in_preview>
2026-10-07T01:21:13.7436910Z     <Module test_products_api.py>
2026-10-07T01:21:13.7437180Z       <Coroutine test_inventory_staff_saves_both_measurements_and_reads_ui_history>
2026-10-07T01:21:13.7437444Z       <Coroutine test_invalid_measurements_and_foreign_tenant_do_not_write_history>
2026-10-07T01:21:13.7437650Z       <Coroutine test_only_admin_can_restore_latest_wb_dimensions>
2026-10-07T01:21:13.7437815Z     <Module test_products_fbs_stock_from_balance.py>
2026-10-07T01:21:13.7438024Z       <Coroutine test_apply_from_balance_sets_limit_to_actual_stock>
2026-10-07T01:21:13.7438213Z       <Coroutine test_apply_from_balance_subtracts_reserved>
2026-10-07T01:21:13.7438458Z       <Coroutine test_apply_from_balance_resets_pool_to_zero_without_deleting>
2026-10-07T01:21:13.7438686Z       <Coroutine test_apply_from_balance_reports_reset_warehouses_count>
2026-10-07T01:21:13.7438922Z       <Coroutine test_apply_from_balance_does_not_touch_other_tenant_product>
2026-10-07T01:21:13.7439264Z       <Coroutine test_apply_from_balance_sums_across_warehouses>
2026-10-07T01:21:13.7439473Z       <Coroutine test_apply_from_balance_rejects_empty_product_ids>
2026-10-07T01:21:13.7439621Z     <Module test_products_ozon_catalog.py>
2026-10-07T01:21:13.7439884Z       <Coroutine test_products_search_and_marketplace_filter_include_ozon_links>
2026-10-07T01:21:13.7440095Z       <Coroutine test_ff_catalog_page_searches_ozon_sku_and_offer_id>
2026-10-07T01:21:13.7440338Z       <Coroutine test_ff_catalog_page_ozon_search_keeps_unique_rows_and_total>
2026-10-07T01:21:13.7440601Z       <Coroutine test_ozon_catalog_links_do_not_cross_seller_or_tenant_boundaries>
2026-10-07T01:21:13.7440842Z       <Coroutine test_warehouse_ozon_link_requires_seller_with_explicit_422>
2026-10-07T01:21:13.7441149Z       <Coroutine test_existing_product_ozon_link_update_is_warehouse_only_and_tenant_scoped>
2026-10-07T01:21:13.7441345Z       <Coroutine test_ozon_sku_cannot_be_linked_to_two_products>
2026-10-07T01:21:13.7441600Z       <Coroutine test_seller_catalog_keeps_ozon_marker_without_connected_account>
2026-10-07T01:21:13.7441964Z       <Coroutine test_seller_catalog_status_marks_only_connected_ozon_account>
2026-10-07T01:21:13.7442164Z       <Coroutine test_ff_catalog_row_reports_own_marketplaces>
2026-10-07T01:21:13.7442385Z       <Coroutine test_merge_two_products_sums_stock_and_keeps_wb_card>
2026-10-07T01:21:13.7442592Z       <Coroutine test_merge_rejects_three_cards_and_foreign_seller>
2026-10-07T01:21:13.7442799Z       <Coroutine test_merge_survives_dimension_history_on_both_cards>
2026-10-07T01:21:13.7443074Z       <Coroutine test_catalog_print_exposes_imported_ozon_codes_without_replacing_wb>
2026-10-07T01:21:13.7443214Z     <Module test_products_wb_catalog.py>
2026-10-07T01:21:13.7443545Z       <Coroutine test_seller_wb_catalog_enriched_from_imported_card>
2026-10-07T01:21:13.7443721Z       <Coroutine test_wb_catalog_forbidden_for_admin>
2026-10-07T01:21:13.7443906Z       <Coroutine test_ff_catalog_lists_all_tenant_products>
2026-10-07T01:21:13.7444098Z       <Coroutine test_linked_wb_catalog_before_stock_movement>
2026-10-07T01:21:13.7444270Z       <Coroutine test_ff_catalog_forbidden_for_seller>
2026-10-07T01:21:13.7444409Z     <Module test_public_marking_check.py>
2026-10-07T01:21:13.7444645Z       <Function test_recorded_semantic_response_fields[payload0-problem]>
2026-10-07T01:21:13.7444884Z       <Function test_recorded_semantic_response_fields[payload1-introduced]>
2026-10-07T01:21:13.7445180Z       <Function test_malformed_or_nonpositive_result_never_turns_green[checkResult-true]>
2026-10-07T01:21:13.7445455Z       <Function test_malformed_or_nonpositive_result_never_turns_green[checkResult-1]>
2026-10-07T01:21:13.7445738Z       <Function test_malformed_or_nonpositive_result_never_turns_green[checkResult-None]>
2026-10-07T01:21:13.7446032Z       <Function test_malformed_or_nonpositive_result_never_turns_green[checkResult-False]>
2026-10-07T01:21:13.7446335Z       <Function test_malformed_or_nonpositive_result_never_turns_green[outerStatus-value4]>
2026-10-07T01:21:13.7446627Z       <Function test_malformed_or_nonpositive_result_never_turns_green[outerStatus-UNKNOWN]>
2026-10-07T01:21:13.7446904Z       <Function test_malformed_or_nonpositive_result_never_turns_green[codeFounded-true]>
2026-10-07T01:21:13.7447170Z       <Function test_malformed_or_nonpositive_result_never_turns_green[status-wrong]>
2026-10-07T01:21:13.7447470Z       <Function test_malformed_or_nonpositive_result_never_turns_green[warning-not_verified]>
2026-10-07T01:21:13.7447698Z       <Function test_malformed_resolved_flags_are_unknown[verified-true]>
2026-10-07T01:21:13.7447917Z       <Function test_malformed_resolved_flags_are_unknown[verified-1]>
2026-10-07T01:21:13.7448137Z       <Function test_malformed_resolved_flags_are_unknown[verified-None]>
2026-10-07T01:21:13.7448382Z       <Function test_malformed_resolved_flags_are_unknown[isBlocked-false]>
2026-10-07T01:21:13.7448607Z       <Function test_malformed_resolved_flags_are_unknown[isBlocked-0]>
2026-10-07T01:21:13.7448963Z       <Function test_malformed_resolved_flags_are_unknown[isBlocked-None]>
2026-10-07T01:21:13.7449139Z       <Function test_missing_evidence_is_unknown[None]>
2026-10-07T01:21:13.7449318Z       <Function test_missing_evidence_is_unknown[payload1]>
2026-10-07T01:21:13.7449487Z       <Function test_missing_evidence_is_unknown[bad]>
2026-10-07T01:21:13.7449665Z       <Function test_missing_evidence_is_unknown[payload3]>
2026-10-07T01:21:13.7449839Z       <Function test_missing_evidence_is_unknown[payload4]>
2026-10-07T01:21:13.7450014Z       <Function test_missing_evidence_is_unknown[payload5]>
2026-10-07T01:21:13.7450367Z       <Function test_explicit_negative_results[not_found-\u043d\u0435 \u043d\u0430\u0439\u0434\u0435\u043d]>
2026-10-07T01:21:13.7450830Z       <Function test_explicit_negative_results[unverified-\u041a\u0440\u0438\u043f\u0442\u043e\u043f\u043e\u0434\u043f\u0438\u0441\u044c]>
2026-10-07T01:21:13.7451249Z       <Function test_explicit_negative_results[blocked-\u0437\u0430\u0431\u043b\u043e\u043a\u0438\u0440\u043e\u0432\u0430\u043d]>
2026-10-07T01:21:13.7452045Z       <Coroutine test_no_token_full_gs_request_and_raw_response[200-{"outerStatus": "INTRODUCED", "checkResult": true, "status": "ok", "warning": "ok", "codeResolveData": {"verified": true}}-introduced]>
2026-10-07T01:21:13.7452347Z       <Coroutine test_no_token_full_gs_request_and_raw_response[200-not-json-unavailable]>
2026-10-07T01:21:13.7452607Z       <Coroutine test_no_token_full_gs_request_and_raw_response[451--unavailable]>
2026-10-07T01:21:13.7452878Z       <Coroutine test_no_token_full_gs_request_and_raw_response[401-denied-unavailable]>
2026-10-07T01:21:13.7453172Z       <Coroutine test_no_token_full_gs_request_and_raw_response[429-rate limit-unavailable]>
2026-10-07T01:21:13.7453984Z       <Coroutine test_no_token_full_gs_request_and_raw_response[503-{"outerStatus": "INTRODUCED", "checkResult": true, "status": "ok", "warning": "ok", "codeResolveData": {"verified": true}}-unavailable]>
2026-10-07T01:21:13.7454175Z       <Coroutine test_pause_before_next_single_code_query>
2026-10-07T01:21:13.7454351Z     <Module test_reconcile_fbs_unlinked_shipments.py>
2026-10-07T01:21:13.7454621Z       <Coroutine test_reconcile_unlinked_delivered_order_is_guarded_and_idempotent>
2026-10-07T01:21:13.7454760Z     <Module test_reports_inventory.py>
2026-10-07T01:21:13.7455029Z       <Coroutine test_reports_require_inventory_for_ff_staff_but_keep_allowed_roles>
2026-10-07T01:21:13.7455335Z       <Coroutine test_reports_inventory_paginates_aggregates_and_searches_all_product_fields>
2026-10-07T01:21:13.7455600Z       <Coroutine test_reports_inventory_uses_only_whitelisted_sorting_and_groupings>
2026-10-07T01:21:13.7455883Z       <Coroutine test_reports_inventory_interprets_offsetless_boundaries_as_moscow_time>
2026-10-07T01:21:13.7456181Z       <Coroutine test_reports_inventory_never_counts_transfers_even_for_selected_warehouse>
2026-10-07T01:21:13.7456444Z       <Coroutine test_reports_inventory_counts_stock_documents_not_location_moves>
2026-10-07T01:21:13.7456705Z       <Coroutine test_reports_inventory_groups_by_seller_with_products_and_balance>
2026-10-07T01:21:13.7456951Z       <Coroutine test_return_document_is_a_separate_operation_in_the_report>
2026-10-07T01:21:13.7457086Z     <Module test_reports_movements.py>
2026-10-07T01:21:13.7457312Z       <Coroutine test_movements_of_one_product_carry_name_and_document>
2026-10-07T01:21:13.7457517Z       <Coroutine test_movements_can_be_opened_by_operation_group>
2026-10-07T01:21:13.7457737Z       <Coroutine test_movements_of_a_return_are_not_filed_under_intake>
2026-10-07T01:21:13.7457914Z       <Coroutine test_movements_say_when_the_list_is_cut>
2026-10-07T01:21:13.7458126Z       <Coroutine test_movements_require_a_product_or_an_operation>
2026-10-07T01:21:13.7458375Z       <Coroutine test_ozon_report_links_exact_recipe_movement_ids_only[True]>
2026-10-07T01:21:13.7458618Z       <Coroutine test_ozon_report_links_exact_recipe_movement_ids_only[False]>
2026-10-07T01:21:13.7459086Z       <Coroutine test_ozon_identity_search_has_one_scope_for_rows_overview_and_csv[OZON-ONLY-OFFER]>
2026-10-07T01:21:13.7459406Z       <Coroutine test_ozon_identity_search_has_one_scope_for_rows_overview_and_csv[OZON-ONLY-SKU]>
2026-10-07T01:21:13.7459547Z     <Module test_reports_overview.py>
2026-10-07T01:21:13.7459791Z       <Coroutine test_reports_overview_rejects_period_longer_than_366_days>
2026-10-07T01:21:13.7459989Z       <Coroutine test_reports_overview_requires_authentication>
2026-10-07T01:21:13.7460271Z       <Coroutine test_reports_overview_uses_moscow_half_open_dates_and_fills_daily_gaps>
2026-10-07T01:21:13.7460509Z       <Coroutine test_reports_overview_never_counts_location_moves_as_stock>
2026-10-07T01:21:13.7460765Z       <Coroutine test_reports_overview_seller_scope_overrides_requested_seller>
2026-10-07T01:21:13.7461008Z       <Coroutine test_overview_opening_balance_is_the_stock_at_period_start>
2026-10-07T01:21:13.7461152Z     <Module test_reports_wms531.py>
2026-10-07T01:21:13.7461393Z       <Coroutine test_all_movement_types_get_correct_label_document_and_group>
2026-10-07T01:21:13.7461654Z       <Coroutine test_equation_holds_across_periods_products_seller_and_overview>
2026-10-07T01:21:13.7461955Z       <Coroutine test_product_with_balance_never_moved_is_shown>
2026-10-07T01:21:13.7462123Z       <Coroutine test_warehouse_id_is_fully_ignored>
2026-10-07T01:21:13.7462351Z       <Coroutine test_load_more_reaches_every_product_and_every_movement>
2026-10-07T01:21:13.7462599Z       <Coroutine test_split_fbs_writeoff_is_not_flagged_as_incomplete_transfer>
2026-10-07T01:21:13.7462879Z       <Coroutine test_incomplete_location_pair_marks_product_without_warehouse_filter>
2026-10-07T01:21:13.7463126Z       <Coroutine test_ozon_positions_lookup_is_scoped_to_the_requested_period>
2026-10-07T01:21:13.7463584Z       <Coroutine test_excel_export_by_product_matches_screen_with_outline_and_totals>
2026-10-07T01:21:13.7463858Z       <Coroutine test_excel_export_by_operation_fills_product_column_on_movement_rows>
2026-10-07T01:21:13.7464127Z       <Coroutine test_excel_export_for_seller_cabinet_has_no_seller_column_or_level>
2026-10-07T01:21:13.7464303Z       <Coroutine test_excel_export_rejects_empty_period>
2026-10-07T01:21:13.7464463Z     <Module test_reports_wms531_review_fixes.py>
2026-10-07T01:21:13.7464687Z       <Coroutine test_f1_excel_builds_in_roughly_linear_time_at_scale>
2026-10-07T01:21:13.7464971Z       <Coroutine test_f2_second_ozon_position_document_found_when_ledger_predates_period>
2026-10-07T01:21:13.7465209Z       <Coroutine test_f3_split_second_position_inherits_document_via_group>
2026-10-07T01:21:13.7465398Z       <Coroutine test_f4_movements_expansion_respects_search>
2026-10-07T01:21:13.7465679Z       <Coroutine test_f5_overview_daily_series_uses_current_seller_not_movement_snapshot>
2026-10-07T01:21:13.7465928Z       <Coroutine test_f6_ungrouped_location_movement_flags_incomplete_transfer>
2026-10-07T01:21:13.7466169Z       <Coroutine test_f7_seller_cabinet_excel_has_no_unnamed_totals_row>
2026-10-07T01:21:13.7466412Z       <Coroutine test_f9_excel_document_text_carries_the_document_kind_prefix>
2026-10-07T01:21:13.7466628Z       <Coroutine test_f10_text_fields_are_not_written_as_excel_formulas>
2026-10-07T01:21:13.7466848Z       <Coroutine test_f1_round4_ozon_position_index_scoped_per_seller>
2026-10-07T01:21:13.7467068Z       <Coroutine test_f8_round2_reversal_label_requires_confirmed_link>
2026-10-07T01:21:13.7467285Z       <Coroutine test_f8_round2_confirmed_reversal_still_gets_the_label>
2026-10-07T01:21:13.7467545Z       <Coroutine test_f11_multi_product_box_move_does_not_flag_incomplete_transfer>
2026-10-07T01:21:13.7467802Z       <Coroutine test_f8_round3_reversal_confirmation_not_leaked_to_ozon_sibling>
2026-10-07T01:21:13.7468049Z       <Coroutine test_f12_pallet_multi_box_same_product_not_flagged_incomplete>
2026-10-07T01:21:13.7468292Z       <Coroutine test_f1_round3_operation_grouping_streams_without_full_buffer>
2026-10-07T01:21:13.7468598Z     <Module test_return_intake_shortcut_and_defects.py>
2026-10-07T01:21:13.7468833Z       <Coroutine test_manual_and_wb_returns_skip_separate_receiving[None]>
2026-10-07T01:21:13.7469089Z       <Coroutine test_manual_and_wb_returns_skip_separate_receiving[wildberries]>
2026-10-07T01:21:13.7469326Z       <Coroutine test_ff_inbound_draft_shows_plan_then_starts_a_fresh_recount>
2026-10-07T01:21:13.7469547Z       <Coroutine test_seller_inbound_draft_keeps_plan_and_fact_separate>
2026-10-07T01:21:13.7469803Z       <Coroutine test_return_defects_are_posted_to_one_non_operational_warehouse>
2026-10-07T01:21:13.7469940Z     <Module test_scan_resolver_api.py>
2026-10-07T01:21:13.7470187Z       <Coroutine test_scan_resolve_route_returns_match_and_structured_failures>
2026-10-07T01:21:13.7470329Z     <Module test_scan_resolver_service.py>
2026-10-07T01:21:13.7470548Z       <Coroutine test_each_supported_type_is_found_by_its_scan_code>
2026-10-07T01:21:13.7470761Z       <Coroutine test_tenant_cannot_resolve_another_tenants_object>
2026-10-07T01:21:13.7470994Z       <Coroutine test_ambiguous_code_returns_all_matches_instead_of_first>
2026-10-07T01:21:13.7471174Z       <Coroutine test_unknown_code_returns_clear_failure>
2026-10-07T01:21:13.7471445Z       <Coroutine test_cell_code_normalization_removes_controls_trims_and_ignores_case>
2026-10-07T01:21:13.7471718Z       <Coroutine test_warehouse_filter_narrows_matches_and_rejects_another_warehouse>
2026-10-07T01:21:13.7472103Z     <Module test_seller_inbound_draft.py>
2026-10-07T01:21:13.7472379Z       <Coroutine test_seller_inbound_draft_visible_and_own_product_line_only>
2026-10-07T01:21:13.7472519Z     <Module test_seller_isolation.py>
2026-10-07T01:21:13.7472734Z       <Coroutine test_inbound_rejects_second_line_from_different_seller>
2026-10-07T01:21:13.7473091Z       <Coroutine test_outbound_rejects_second_line_from_different_seller>
2026-10-07T01:21:13.7473321Z       <Coroutine test_seller_does_not_see_inbound_with_other_seller_lines>
2026-10-07T01:21:13.7473499Z     <Module test_seller_marketplace_requisites.py>
2026-10-07T01:21:13.7473705Z       <Coroutine test_c1_wb_valid_response_keeps_only_inn_and_name>
2026-10-07T01:21:13.7473990Z       <Coroutine test_c1_wb_missing_or_invalid_tin_yields_none_without_exception[missing]>
2026-10-07T01:21:13.7474257Z       <Coroutine test_c1_wb_missing_or_invalid_tin_yields_none_without_exception[null]>
2026-10-07T01:21:13.7474527Z       <Coroutine test_c1_wb_missing_or_invalid_tin_yields_none_without_exception[empty]>
2026-10-07T01:21:13.7474835Z       <Coroutine test_c1_wb_missing_or_invalid_tin_yields_none_without_exception[bad_checksum]>
2026-10-07T01:21:13.7475011Z       <Coroutine test_c1_wb_e2e_mock_flag_skips_network>
2026-10-07T01:21:13.7475195Z       <Coroutine test_c2_ozon_uses_legal_name_when_present>
2026-10-07T01:21:13.7475417Z       <Coroutine test_c2_ozon_falls_back_to_name_when_legal_name_empty>
2026-10-07T01:21:13.7475748Z       <Coroutine test_c2_ozon_missing_company_or_inn_yields_none_without_exception[no_company_key]>
2026-10-07T01:21:13.7476064Z       <Coroutine test_c2_ozon_missing_company_or_inn_yields_none_without_exception[company_null]>
2026-10-07T01:21:13.7476394Z       <Coroutine test_c2_ozon_missing_company_or_inn_yields_none_without_exception[company_not_dict]>
2026-10-07T01:21:13.7476734Z       <Coroutine test_c2_ozon_missing_company_or_inn_yields_none_without_exception[company_without_inn]>
2026-10-07T01:21:13.7476925Z       <Coroutine test_c2_ozon_account_blocked_is_recognized>
2026-10-07T01:21:13.7477133Z       <Coroutine test_c3_dadata_overlay_replaces_name_and_fills_kpp>
2026-10-07T01:21:13.7477454Z       <Coroutine test_c3_dadata_failure_keeps_marketplace_data_without_kpp[dadata_not_configured]>
2026-10-07T01:21:13.7477732Z       <Coroutine test_c3_dadata_failure_keeps_marketplace_data_without_kpp[inn_invalid]>
2026-10-07T01:21:13.7478035Z       <Coroutine test_c3_dadata_failure_keeps_marketplace_data_without_kpp[dadata_rejected]>
2026-10-07T01:21:13.7478340Z       <Coroutine test_c3_dadata_failure_keeps_marketplace_data_without_kpp[dadata_unavailable]>
2026-10-07T01:21:13.7478752Z       <Coroutine test_c3_dadata_failure_keeps_marketplace_data_without_kpp[party_not_found]>
2026-10-07T01:21:13.7479071Z       <Coroutine test_c3_malformed_dadata_response_via_real_client_keeps_marketplace_data[null]>
2026-10-07T01:21:13.7479410Z       <Coroutine test_c3_malformed_dadata_response_via_real_client_keeps_marketplace_data[empty-list]>
2026-10-07T01:21:13.7479724Z       <Coroutine test_c3_malformed_dadata_response_via_real_client_keeps_marketplace_data[string]>
2026-10-07T01:21:13.7479919Z       <Coroutine test_endpoint_wb_success_with_dadata_overlay>
2026-10-07T01:21:13.7480179Z       <Coroutine test_endpoint_wb_success_without_dadata_keeps_marketplace_name>
2026-10-07T01:21:13.7480387Z       <Coroutine test_endpoint_wb_without_usable_inn_is_inn_missing>
2026-10-07T01:21:13.7480546Z       <Coroutine test_endpoint_wb_rate_limited>
2026-10-07T01:21:13.7480715Z       <Coroutine test_endpoint_ozon_account_blocked>
2026-10-07T01:21:13.7480928Z       <Coroutine test_c12_wrong_tenant_and_missing_seller_are_404>
2026-10-07T01:21:13.7481103Z       <Coroutine test_c12_seller_role_user_is_forbidden>
2026-10-07T01:21:13.7481305Z       <Coroutine test_c12_key_not_connected_never_calls_marketplace>
2026-10-07T01:21:13.7481523Z       <Coroutine test_c12_no_secret_values_leak_into_response_or_logs>
2026-10-07T01:21:13.7481680Z     <Module test_seller_marketplace_unload.py>
2026-10-07T01:21:13.7482003Z       <Coroutine test_seller_mp_unload_plan_reserves_and_ff_confirms>
2026-10-07T01:21:13.7482205Z       <Coroutine test_seller_cannot_see_other_seller_mp_unload>
2026-10-07T01:21:13.7482373Z       <Coroutine test_seller_can_read_wb_mp_warehouses>
2026-10-07T01:21:13.7482524Z     <Module test_seller_outbound_draft.py>
2026-10-07T01:21:13.7482885Z       <Coroutine test_seller_outbound_draft_create_and_line_own_sku_only>
2026-10-07T01:21:13.7483060Z     <Module test_seller_outbound_list_filter.py>
2026-10-07T01:21:13.7483274Z       <Coroutine test_seller_outbound_list_only_own_seller_requests>
2026-10-07T01:21:13.7483421Z     <Module test_seller_products_sync_job.py>
2026-10-07T01:21:13.7483602Z       <Coroutine test_seller_can_start_wb_cards_sync_self>
2026-10-07T01:21:13.7483744Z     <Module test_seller_rbac.py>
2026-10-07T01:21:13.7483972Z       <Coroutine test_seller_sees_only_own_products_and_filtered_inbound>
2026-10-07T01:21:13.7484163Z       <Coroutine test_non_admin_cannot_create_seller_account>
2026-10-07T01:21:13.7484314Z     <Module test_seller_requisites_autofill.py>
2026-10-07T01:21:13.7484635Z       <Coroutine test_c4_wb_self_service_creates_requisites_with_single_call_and_journal_event>
2026-10-07T01:21:13.7484839Z       <Coroutine test_c5_admin_patch_wb_token_creates_requisites>
2026-10-07T01:21:13.7485032Z       <Coroutine test_c5_ozon_self_service_creates_requisites>
2026-10-07T01:21:13.7485234Z       <Coroutine test_c6_full_manual_profile_untouched_by_wb_key>
2026-10-07T01:21:13.7485496Z       <Coroutine test_c6_manual_profile_with_matching_inn_and_empty_kpp_untouched>
2026-10-07T01:21:13.7485772Z       <Coroutine test_c7_wb_seller_info_failure_does_not_affect_key_save_response[401]>
2026-10-07T01:21:13.7486036Z       <Coroutine test_c7_wb_seller_info_failure_does_not_affect_key_save_response[429]>
2026-10-07T01:21:13.7486298Z       <Coroutine test_c7_wb_seller_info_failure_does_not_affect_key_save_response[500]>
2026-10-07T01:21:13.7486587Z       <Coroutine test_c7_wb_seller_info_failure_does_not_affect_key_save_response[bad_json]>
2026-10-07T01:21:13.7486874Z       <Coroutine test_c7_wb_seller_info_failure_does_not_affect_key_save_response[timeout]>
2026-10-07T01:21:13.7487119Z       <Coroutine test_c7_ozon_account_blocked_does_not_affect_key_save_response>
2026-10-07T01:21:13.7487377Z       <Coroutine test_c8_manual_save_via_http_wins_when_committed_before_autofill>
2026-10-07T01:21:13.7487645Z       <Coroutine test_f1_manual_save_via_http_wins_even_when_autofill_inserts_first>
2026-10-07T01:21:13.7487917Z     <Module test_seller_shop_allowlist.py>
2026-10-07T01:21:13.7488178Z       <Function test_email_markers_do_not_grant_shop_management[vitalik@mail.ru]>
2026-10-07T01:21:13.7488463Z       <Function test_email_markers_do_not_grant_shop_management[shop.vitaliy@example.com]>
2026-10-07T01:21:13.7488847Z       <Function test_email_markers_do_not_grant_shop_management[\u0432\u0438\u0442\u0430\u043b\u0438\u0439@mail.ru]>
2026-10-07T01:21:13.7489103Z       <Function test_email_markers_do_not_grant_shop_management[denmarks@mail.ru]>
2026-10-07T01:21:13.7489384Z       <Function test_email_markers_do_not_grant_shop_management[owner.denmark@company.ru]>
2026-10-07T01:21:13.7489593Z       <Function test_regular_seller_email_denied[regular@mail.ru]>
2026-10-07T01:21:13.7489815Z       <Function test_regular_seller_email_denied[seller123@company.ru]>
2026-10-07T01:21:13.7490027Z       <Function test_regular_seller_email_denied[admin@example.com]>
2026-10-07T01:21:13.7490198Z       <Function test_db_flag_allows_any_seller_email>
2026-10-07T01:21:13.7490389Z       <Function test_non_seller_role_denied_even_with_marker>
2026-10-07T01:21:13.7490625Z       <Function test_environment_allowlist_does_not_grant_shop_management>
2026-10-07T01:21:13.7490768Z     <Module test_seller_shop_scope.py>
2026-10-07T01:21:13.7491022Z       <Coroutine test_shop_manager_scope_requires_enabled_delegation_for_products>
2026-10-07T01:21:13.7491163Z     <Module test_seller_shop_switch.py>
2026-10-07T01:21:13.7491369Z       <Coroutine test_seller_shop_switch_acts_as_delegated_seller>
2026-10-07T01:21:13.7491561Z       <Coroutine test_seller_cannot_switch_without_delegation>
2026-10-07T01:21:13.7491845Z       <Coroutine test_regular_seller_cannot_manage_shops>
2026-10-07T01:21:13.7492012Z     <Module test_seller_staff_and_delete_drafts.py>
2026-10-07T01:21:13.7492386Z       <Coroutine test_seller_owner_creates_staff_user_and_updates_permissions>
2026-10-07T01:21:13.7492563Z       <Coroutine test_seller_delete_only_draft_documents>
2026-10-07T01:21:13.7492726Z     <Module test_seller_staff_invites_wms463.py>
2026-10-07T01:21:13.7492957Z       <Coroutine test_email_invitation_resend_activation_and_permissions>
2026-10-07T01:21:13.7493164Z       <Coroutine test_creation_validation_duplicate_and_concurrency>
2026-10-07T01:21:13.7493394Z       <Coroutine test_mail_failure_preserves_account_and_resend_recovers>
2026-10-07T01:21:13.7493602Z       <Coroutine test_legacy_email_transition_and_foreign_isolation>
2026-10-07T01:21:13.7493754Z     <Module test_seller_wb_catalog_isolation.py>
2026-10-07T01:21:13.7493954Z       <Coroutine test_seller_wb_catalog_only_own_seller_products>
2026-10-07T01:21:13.7494149Z       <Coroutine test_regular_seller_ignores_jwt_seller_override>
2026-10-07T01:21:13.7494265Z     <Module test_sellers.py>
2026-10-07T01:21:13.7494439Z       <Coroutine test_create_seller_with_account_atomic>
2026-10-07T01:21:13.7494663Z       <Coroutine test_create_seller_with_account_email_taken_no_orphan>
2026-10-07T01:21:13.7494852Z       <Coroutine test_create_seller_and_product_with_seller>
2026-10-07T01:21:13.7495000Z       <Coroutine test_product_unknown_seller>
2026-10-07T01:21:13.7495139Z     <Module test_sellers_wb_status.py>
2026-10-07T01:21:13.7495386Z       <Coroutine test_seller_list_reports_saved_wb_states_without_decryption>
2026-10-07T01:21:13.7495524Z     <Module test_settings_prod_gate.py>
2026-10-07T01:21:13.7495674Z       <Function test_prod_requires_fernet_key>
2026-10-07T01:21:13.7495835Z       <Function test_prod_rejects_default_jwt_secret>
2026-10-07T01:21:13.7495998Z       <Function test_prod_accepts_explicit_secrets>
2026-10-07T01:21:13.7496186Z       <Function test_development_allows_missing_fernet_key>
2026-10-07T01:21:13.7496388Z       <Function test_plain_postgresql_database_url_is_normalized>
2026-10-07T01:21:13.7496601Z       <Function test_async_postgresql_database_url_stays_unchanged>
2026-10-07T01:21:13.7496771Z       <Function test_cors_origins_adds_staging_entries>
2026-10-07T01:21:13.7496902Z     <Module test_shift_lead.py>
2026-10-07T01:21:13.7497224Z       <Coroutine test_reprint_requests_require_shift_lead>
2026-10-07T01:21:13.7497405Z       <Coroutine test_reprint_mutations_require_shift_lead>
2026-10-07T01:21:13.7497562Z     <Module test_sorting_object_creation_api.py>
2026-10-07T01:21:13.7497895Z       <Coroutine test_created_sorting_object_is_unassigned_on_map_and_resolvable_by_barcode[pallet]>
2026-10-07T01:21:13.7498214Z       <Coroutine test_created_sorting_object_is_unassigned_on_map_and_resolvable_by_barcode[box]>
2026-10-07T01:21:13.7498566Z       <Coroutine test_created_sorting_object_is_unassigned_on_map_and_resolvable_by_barcode[cargo_place]>
2026-10-07T01:21:13.7498812Z       <Coroutine test_sorting_object_creation_and_listing_are_tenant_scoped>
2026-10-07T01:21:13.7499036Z       <Coroutine test_sorting_object_creation_rejects_missing_warehouse>
2026-10-07T01:21:13.7499328Z       <Coroutine test_created_sorting_object_can_be_bound_to_one_inbound_request[pallet]>
2026-10-07T01:21:13.7499597Z       <Coroutine test_created_sorting_object_can_be_bound_to_one_inbound_request[box]>
2026-10-07T01:21:13.7499908Z       <Coroutine test_created_sorting_object_can_be_bound_to_one_inbound_request[cargo_place]>
2026-10-07T01:21:13.7500062Z     <Module test_sorting_objects_by_document.py>
2026-10-07T01:21:13.7500266Z       <Coroutine test_without_parameter_returns_whole_warehouse>
2026-10-07T01:21:13.7500513Z       <Coroutine test_with_parameter_returns_only_selected_document_contents>
2026-10-07T01:21:13.7500709Z       <Coroutine test_other_document_containers_are_not_returned>
2026-10-07T01:21:13.7500934Z       <Coroutine test_accepted_counter_is_limited_to_selected_document>
2026-10-07T01:21:13.7501077Z     <Module test_sorting_objects_cells.py>
2026-10-07T01:21:13.7501283Z       <Coroutine test_object_in_cell_is_returned_with_cell_holder>
2026-10-07T01:21:13.7501574Z       <Coroutine test_empty_target_returns_object_to_unassigned>
2026-10-07T01:21:13.7501828Z       <Coroutine test_to_id_places_box_inside_pallet>
2026-10-07T01:21:13.7502032Z       <Coroutine test_product_in_cell_is_returned_with_quantity>
2026-10-07T01:21:13.7502172Z     <Module test_sorting_print_wms442.py>
2026-10-07T01:21:13.7502427Z       <Coroutine test_windows_pairing_accepts_real_unicode_queue_name[asyncio]>
2026-10-07T01:21:13.7502667Z       <Coroutine test_pairing_rejects_blank_or_control_queue_name[asyncio- ]>
2026-10-07T01:21:13.7502942Z       <Coroutine test_pairing_rejects_blank_or_control_queue_name[asyncio-Printer\n58]>
2026-10-07T01:21:13.7503265Z       <Coroutine test_sorting_labels_marketplace_location_immutable_replay_and_no_stock_effects>
2026-10-07T01:21:13.7503505Z       <Coroutine test_real_http_concurrent_intent_claim_and_conflicting_ack>
2026-10-07T01:21:13.7503820Z       <Coroutine test_opaque_credentials_cannot_access_employee_api_and_scope_cannot_be_forged>
2026-10-07T01:21:13.7504102Z       <Coroutine test_missing_codes_and_changed_destination_do_not_create_empty_jobs>
2026-10-07T01:21:13.7504359Z       <Coroutine test_lost_claim_response_is_unknown_never_returned_to_pending>
2026-10-07T01:21:13.7504681Z       <Coroutine test_fbs_ready_png_and_operator_pdf_use_same_agent_snapshot_without_state_changes>
2026-10-07T01:21:13.7504907Z       <Coroutine test_unpaired_expired_and_foreign_pairing_are_rejected>
2026-10-07T01:21:13.7505216Z       <Function test_print_migration_after_identity_upgrade_downgrade_in_isolated_pg_schema>
2026-10-07T01:21:13.7505378Z     <Module test_staff_packaging_billing.py>
2026-10-07T01:21:13.7505608Z       <Coroutine test_staff_packaging_billing_counts_only_packed_in_task>
2026-10-07T01:21:13.7505843Z       <Coroutine test_staff_without_packaging_permission_cannot_create_task>
2026-10-07T01:21:13.7506042Z       <Coroutine test_wb_billing_credits_each_fulfillment_actor>
2026-10-07T01:21:13.7506208Z     <Module test_staff_reception_inbound_draft.py>
2026-10-07T01:21:13.7506502Z       <Coroutine test_staff_with_reception_permission_can_create_and_submit_inbound_draft>
2026-10-07T01:21:13.7506773Z       <Coroutine test_staff_without_reception_permission_cannot_create_inbound_draft>
2026-10-07T01:21:13.7507028Z     <Module test_staff_users.py>
2026-10-07T01:21:13.7507274Z       <Coroutine test_admin_creates_staff_user_first_login_and_permissions>
2026-10-07T01:21:13.7507473Z       <Coroutine test_ff_staff_rights_fail_closed_by_work_block>
2026-10-07T01:21:13.7507612Z     <Module test_stock_directions.py>
2026-10-07T01:21:13.7507835Z       <Function test_current_snapshot_month_uses_moscow_business_month>
2026-10-07T01:21:13.7508030Z       <Coroutine test_seller_stock_directions_summary_and_scope>
2026-10-07T01:21:13.7508238Z       <Coroutine test_directions_reserve_from_stock_and_mp_free_fbo>
2026-10-07T01:21:13.7508451Z       <Coroutine test_monthly_stock_snapshot_captures_distribution>
2026-10-07T01:21:13.7508703Z       <Coroutine test_monthly_stock_snapshot_get_requires_ff_inventory_access>
2026-10-07T01:21:13.7508991Z       <Coroutine test_monthly_stock_snapshot_concurrent_first_run_returns_persisted_slice>
2026-10-07T01:21:13.7509274Z       <Coroutine test_monthly_stock_snapshot_historical_month_without_rows_fails_closed>
2026-10-07T01:21:13.7509520Z       <Coroutine test_monthly_stock_snapshot_empty_current_month_can_run_later>
2026-10-07T01:21:13.7509657Z     <Module test_stock_transfer.py>
2026-10-07T01:21:13.7509862Z       <Coroutine test_stock_transfer_moves_balance_and_journal>
2026-10-07T01:21:13.7510021Z       <Coroutine test_stock_transfer_insufficient>
2026-10-07T01:21:13.7510160Z     <Module test_storage_daily_charge.py>
2026-10-07T01:21:13.7510423Z       <Coroutine test_nightly_run_charges_one_row_per_product_and_repeats_safely>
2026-10-07T01:21:13.7510596Z       <Coroutine test_seller_rate_beats_the_common_one>
2026-10-07T01:21:13.7510796Z       <Coroutine test_missing_rate_leaves_a_visible_unpriced_row>
2026-10-07T01:21:13.7511136Z       <Coroutine test_tenant_without_billing_start_date_is_not_charged>
2026-10-07T01:21:13.7511351Z       <Coroutine test_report_takes_storage_from_the_nightly_charges>
2026-10-07T01:21:13.7511545Z       <Coroutine test_missed_night_is_charged_on_the_next_run>
2026-10-07T01:21:13.7512009Z       <Coroutine test_product_measured_later_is_charged_for_the_days_it_was_missed>
2026-10-07T01:21:13.7512297Z       <Coroutine test_partially_measured_day_is_topped_up_after_later_measurement>
2026-10-07T01:21:13.7512507Z       <Coroutine test_repeat_pass_never_reduces_an_existing_charge>
2026-10-07T01:21:13.7512712Z       <Coroutine test_invoiced_day_is_topped_up_by_a_separate_line>
2026-10-07T01:21:13.7512866Z     <Module test_storage_measurement_service.py>
2026-10-07T01:21:13.7513100Z       <Function test_previous_month_defaults_to_completed_calendar_month>
2026-10-07T01:21:13.7513278Z       <Function test_month_bounds_rejects_invalid_month>
2026-10-07T01:21:13.7513485Z       <Function test_stock_segments_keep_fractional_day_boundaries>
2026-10-07T01:21:13.7513718Z       <Function test_stock_segments_reject_negative_reconstructed_stock>
2026-10-07T01:21:13.7513953Z       <Function test_stock_segments_net_same_timestamp_internal_movements>
2026-10-07T01:21:13.7514156Z       <Function test_current_month_stops_at_current_moscow_instant>
2026-10-07T01:21:13.7514415Z       <Function test_volume_segments_split_continuous_stock_at_dimension_change>
2026-10-07T01:21:13.7514685Z       <Function test_volume_segments_do_not_apply_later_measurement_to_earlier_stock>
2026-10-07T01:21:13.7514986Z       <Function test_wb_observation_after_manual_measurement_does_not_change_storage_volume>
2026-10-07T01:21:13.7515274Z       <Function test_wb_restore_changes_open_timeline_without_recalculating_closed_period>
2026-10-07T01:21:13.7515569Z       <Coroutine test_rebuild_and_list_cover_fractional_missing_zero_idempotency_and_scope>
2026-10-07T01:21:13.7515745Z       <Coroutine test_storage_api_rejects_future_month>
2026-10-07T01:21:13.7515879Z     <Module test_storage_models.py>
2026-10-07T01:21:13.7516136Z       <Function test_statement_is_unique_for_tenant_seller_warehouse_and_month>
2026-10-07T01:21:13.7516541Z       <Function test_measurement_is_unique_for_tenant_seller_warehouse_sku_and_month>
2026-10-07T01:21:13.7516756Z       <Function test_storage_rows_reject_negative_accumulated_values>
2026-10-07T01:21:13.7517006Z       <Function test_measurement_keeps_immutable_movement_boundary_references>
2026-10-07T01:21:13.7517204Z       <Function test_storage_models_have_no_financial_columns>
2026-10-07T01:21:13.7517352Z     <Module test_storage_movement_scope.py>
2026-10-07T01:21:13.7517574Z       <Function test_inventory_movement_has_frozen_storage_dimensions>
2026-10-07T01:21:13.7517840Z       <Function test_migrations_backfill_movements_and_exclude_technical_warehouses>
2026-10-07T01:21:13.7518076Z       <Coroutine test_movement_freezes_seller_and_warehouse_at_write_time>
2026-10-07T01:21:13.7518229Z     <Module test_storage_report_unmapped.py>
2026-10-07T01:21:13.7518492Z       <Coroutine test_missing_card_keeps_money_but_is_not_assigned_to_a_category>
2026-10-07T01:21:13.7518644Z     <Module test_storage_statement_matrix.py>
2026-10-07T01:21:13.7518890Z       <Coroutine test_storage_facade_writes_only_common_and_seller_v2_rates>
2026-10-07T01:21:13.7519131Z       <Coroutine test_stale_storage_submit_rolls_back_the_common_seller_pair>
2026-10-07T01:21:13.7519380Z       <Coroutine test_common_storage_rate_covers_every_operational_warehouse>
2026-10-07T01:21:13.7519714Z       <Coroutine test_statement_report_and_invoice_use_seller_matrix_rate_not_legacy_warehouse_rate>
2026-10-07T01:21:13.7520001Z       <Coroutine test_tariff_starting_at_moscow_midnight_does_not_pay_for_the_day_before>
2026-10-07T01:21:13.7520317Z       <Coroutine test_fractional_measurements_keep_statement_report_and_invoice_at_one_kopeck>
2026-10-07T01:21:13.7520594Z       <Coroutine test_fractional_warehouse_statements_sum_to_seller_report_and_invoice>
2026-10-07T01:21:13.7520992Z       <Coroutine test_warehouse_filter_preserves_cross_warehouse_fractional_allocation>
2026-10-07T01:21:13.7521243Z       <Coroutine test_storage_statement_list_loads_night_charges_in_one_query>
2026-10-07T01:21:13.7521516Z       <Coroutine test_cross_dated_tariff_history_returns_the_new_common_seller_pair>
2026-10-07T01:21:13.7521669Z     <Module test_storage_statement_service.py>
2026-10-07T01:21:13.7522025Z       <Function test_zero_statement_uses_its_own_id_as_the_single_ledger_source>
2026-10-07T01:21:13.7522297Z       <Function test_measurement_statement_uses_each_measurement_as_its_ledger_source>
2026-10-07T01:21:13.7522559Z       <Function test_print_rows_do_not_pair_a_zero_ledger_entry_with_a_missing_sku>
2026-10-07T01:21:13.7522863Z       <Function test_print_row_uses_charged_ledger_quantity_instead_of_full_month_measurement>
2026-10-07T01:21:13.7523117Z       <Function test_night_rate_snapshot_does_not_expose_decimal_division_noise>
2026-10-07T01:21:13.7523368Z       <Function test_night_charge_without_a_rate_shows_liter_days_but_no_money>
2026-10-07T01:21:13.7523577Z       <Function test_product_without_night_charges_keeps_the_dash>
2026-10-07T01:21:13.7523825Z       <Function test_storage_ledger_quantity_is_rounded_within_numeric_14_4>
2026-10-07T01:21:13.7524123Z       <Function test_storage_ledger_quantity_rejects_values_outside_numeric_14_4[quantity0]>
2026-10-07T01:21:13.7524413Z       <Function test_storage_ledger_quantity_rejects_values_outside_numeric_14_4[quantity1]>
2026-10-07T01:21:13.7524700Z       <Function test_storage_ledger_quantity_rejects_values_outside_numeric_14_4[quantity2]>
2026-10-07T01:21:13.7524984Z       <Function test_storage_ledger_quantity_rejects_values_outside_numeric_14_4[quantity3]>
2026-10-07T01:21:13.7525212Z       <Coroutine test_draft_calculation_prints_and_lists_the_same_numbers>
2026-10-07T01:21:13.7525436Z       <Coroutine test_screen_shows_no_money_until_the_night_has_charged>
2026-10-07T01:21:13.7525698Z       <Coroutine test_screen_and_report_show_the_same_seller_rate_from_the_night>
2026-10-07T01:21:13.7525845Z     <Module test_storage_tariff_api.py>
2026-10-07T01:21:13.7526016Z       <Coroutine test_admin_creates_warehouse_tariff>
2026-10-07T01:21:13.7526354Z       <Coroutine test_admin_creates_tariff_with_seller_exception>
2026-10-07T01:21:13.7526534Z       <Coroutine test_staff_inventory_cannot_set_tariff>
2026-10-07T01:21:13.7526742Z       <Coroutine test_tariff_amount_must_be_positive[warehouse-0]>
2026-10-07T01:21:13.7526968Z       <Coroutine test_tariff_amount_must_be_positive[warehouse--0.01]>
2026-10-07T01:21:13.7527183Z       <Coroutine test_tariff_amount_must_be_positive[warehouse-0.001]>
2026-10-07T01:21:13.7527408Z       <Coroutine test_tariff_amount_must_be_positive[seller_exception-0]>
2026-10-07T01:21:13.7527656Z       <Coroutine test_tariff_amount_must_be_positive[seller_exception--0.01]>
2026-10-07T01:21:13.7527898Z       <Coroutine test_tariff_amount_must_be_positive[seller_exception-0.001]>
2026-10-07T01:21:13.7528186Z       <Coroutine test_storage_tariff_service_rejects_amount_rounding_to_zero[warehouse]>
2026-10-07T01:21:13.7528505Z       <Coroutine test_storage_tariff_service_rejects_amount_rounding_to_zero[seller_exception]>
2026-10-07T01:21:13.7528741Z       <Coroutine test_tariff_amount_rounding_that_stays_positive_is_saved>
2026-10-07T01:21:13.7528964Z       <Coroutine test_tariff_valid_from_cannot_be_in_the_past[warehouse]>
2026-10-07T01:21:13.7529216Z       <Coroutine test_tariff_valid_from_cannot_be_in_the_past[seller_exception]>
2026-10-07T01:21:13.7529482Z       <Coroutine test_tariff_scope_must_belong_to_tenant_and_operational_warehouse>
2026-10-07T01:21:13.7529738Z       <Coroutine test_new_tariff_does_not_rewrite_what_the_night_already_charged>
2026-10-07T01:21:13.7530012Z       <Coroutine test_tariff_rejects_rubles_above_postgres_kopeck_limit_without_write>
2026-10-07T01:21:13.7530145Z     <Module test_subscription.py>
2026-10-07T01:21:13.7530311Z       <Function test_state_without_date_never_blocks>
2026-10-07T01:21:13.7530629Z       <Function test_state_counts_days_and_blocks_after_last_day>
2026-10-07T01:21:13.7530830Z       <Coroutine test_subscription_endpoint_reports_days_left>
2026-10-07T01:21:13.7531055Z       <Coroutine test_expired_subscription_blocks_work_but_not_login>
2026-10-07T01:21:13.7531276Z       <Coroutine test_subscription_of_one_tenant_does_not_touch_another>
2026-10-07T01:21:13.7531543Z     <Module test_subscription_payment.py>
2026-10-07T01:21:13.7531710Z       <Function test_extension_never_burns_paid_days>
2026-10-07T01:21:13.7531973Z       <Coroutine test_pay_without_keys_reports_conflict>
2026-10-07T01:21:13.7532200Z       <Coroutine test_payment_creates_link_and_activates_after_success>
2026-10-07T01:21:13.7532363Z       <Coroutine test_one_payment_extends_only_once>
2026-10-07T01:21:13.7532609Z       <Coroutine test_overlapping_payment_sync_preserves_both_paid_months>
2026-10-07T01:21:13.7532777Z       <Coroutine test_blocked_tenant_can_still_pay>
2026-10-07T01:21:13.7532949Z       <Coroutine test_payment_is_scoped_to_its_tenant>
2026-10-07T01:21:13.7533171Z       <Coroutine test_paid_invoice_counts_even_when_a_newer_one_hangs>
2026-10-07T01:21:13.7533328Z       <Coroutine test_seller_cannot_start_payment>
2026-10-07T01:21:13.7533473Z     <Module test_support_agent_api.py>
2026-10-07T01:21:13.7533699Z       <Coroutine test_agent_reads_requests_of_all_clients_with_all_fields>
2026-10-07T01:21:13.7533915Z       <Coroutine test_cursor_returns_only_newer_records_oldest_first>
2026-10-07T01:21:13.7534156Z       <Coroutine test_key_is_required_wrong_key_rejected_and_off_without_key>
2026-10-07T01:21:13.7534374Z       <Coroutine test_key_does_not_open_user_endpoints_and_cannot_write>
2026-10-07T01:21:13.7534630Z       <Coroutine test_seller_author_record_carries_server_side_seller_and_tenant>
2026-10-07T01:21:13.7534767Z     <Module test_tenant_settings.py>
2026-10-07T01:21:13.7534986Z       <Coroutine test_me_includes_address_storage_enabled_default_true>
2026-10-07T01:21:13.7535240Z       <Coroutine test_me_includes_separate_marking_print_enabled_default_false>
2026-10-07T01:21:13.7535400Z       <Coroutine test_tenant_settings_get_and_patch>
2026-10-07T01:21:13.7535789Z       <Coroutine test_tenant_settings_patch_separate_marking_print>
2026-10-07T01:21:13.7535997Z       <Coroutine test_tenant_settings_patch_no_fields_returns_422>
2026-10-07T01:21:13.7536180Z       <Coroutine test_tenant_settings_forbidden_for_staff>
2026-10-07T01:21:13.7536400Z       <Coroutine test_disable_address_storage_migrates_stock_to_sorting>
2026-10-07T01:21:13.7536507Z     <Module test_tokens.py>
2026-10-07T01:21:13.7536670Z       <Function test_access_token_has_no_expiration>
2026-10-07T01:21:13.7536846Z       <Function test_expired_access_tokens_are_rejected>
2026-10-07T01:21:13.7537067Z       <Function test_signed_session_without_expiration_remains_valid[0]>
2026-10-07T01:21:13.7537309Z       <Function test_signed_session_without_expiration_remains_valid[3650]>
2026-10-07T01:21:13.7537521Z       <Function test_access_token_still_rejects_a_foreign_signature>
2026-10-07T01:21:13.7537667Z     <Module test_true_api_marking_check.py>
2026-10-07T01:21:13.7537991Z       <Function test_crypto_aggregate_requires_complete_unambiguous_answer[payload0-expected0]>
2026-10-07T01:21:13.7538303Z       <Function test_crypto_aggregate_requires_complete_unambiguous_answer[payload1-expected1]>
2026-10-07T01:21:13.7538614Z       <Function test_crypto_aggregate_requires_complete_unambiguous_answer[payload2-expected2]>
2026-10-07T01:21:13.7538921Z       <Function test_crypto_aggregate_requires_complete_unambiguous_answer[payload3-expected3]>
2026-10-07T01:21:13.7539219Z       <Function test_crypto_aggregate_requires_complete_unambiguous_answer[payload4-expected4]>
2026-10-07T01:21:13.7539524Z       <Function test_crypto_aggregate_requires_complete_unambiguous_answer[payload5-expected5]>
2026-10-07T01:21:13.7539831Z       <Function test_crypto_aggregate_requires_complete_unambiguous_answer[payload6-expected6]>
2026-10-07T01:21:13.7540250Z       <Function test_crypto_aggregate_requires_complete_unambiguous_answer[payload7-expected7]>
2026-10-07T01:21:13.7540562Z       <Function test_crypto_aggregate_requires_complete_unambiguous_answer[payload8-expected8]>
2026-10-07T01:21:13.7540875Z       <Function test_crypto_aggregate_requires_complete_unambiguous_answer[payload9-expected9]>
2026-10-07T01:21:13.7541198Z       <Function test_crypto_aggregate_requires_complete_unambiguous_answer[payload10-expected10]>
2026-10-07T01:21:13.7541512Z       <Function test_crypto_aggregate_requires_complete_unambiguous_answer[payload11-expected11]>
2026-10-07T01:21:13.7542036Z       <Function test_crypto_aggregate_requires_complete_unambiguous_answer[payload12-expected12]>
2026-10-07T01:21:13.7542323Z       <Function test_crypto_short_invalid_code_cannot_identify_two_different_signatures>
2026-10-07T01:21:13.7542676Z       <Function test_status_and_crypto_are_separate_required_confirmations[INTRODUCED-True-introduced]>
2026-10-07T01:21:13.7543033Z       <Function test_status_and_crypto_are_separate_required_confirmations[INTRODUCED-None-unavailable]>
2026-10-07T01:21:13.7543367Z       <Function test_status_and_crypto_are_separate_required_confirmations[INTRODUCED-1-unavailable]>
2026-10-07T01:21:13.7543699Z       <Function test_status_and_crypto_are_separate_required_confirmations[INTRODUCED-False-problem]>
2026-10-07T01:21:13.7544020Z       <Function test_status_and_crypto_are_separate_required_confirmations[None-True-unavailable]>
2026-10-07T01:21:13.7544382Z       <Function test_status_and_crypto_are_separate_required_confirmations[FUTURE_STATUS-True-unavailable]>
2026-10-07T01:21:13.7544694Z       <Function test_status_and_crypto_are_separate_required_confirmations[RETIRED-True-problem]>
2026-10-07T01:21:13.7545002Z       <Function test_status_and_crypto_are_separate_required_confirmations[APPLIED-True-problem]>
2026-10-07T01:21:13.7545240Z       <Function test_info_reordering_duplicates_unknown_and_per_code_errors>
2026-10-07T01:21:13.7545515Z       <Coroutine test_http_short_info_full_crypto_and_truthful_unavailability[None]>
2026-10-07T01:21:13.7545779Z       <Coroutine test_http_short_info_full_crypto_and_truthful_unavailability[401]>
2026-10-07T01:21:13.7546168Z       <Coroutine test_http_short_info_full_crypto_and_truthful_unavailability[429]>
2026-10-07T01:21:13.7546424Z       <Coroutine test_http_short_info_full_crypto_and_truthful_unavailability[451]>
2026-10-07T01:21:13.7546697Z       <Coroutine test_http_short_info_full_crypto_and_truthful_unavailability[offline]>
2026-10-07T01:21:13.7546981Z       <Coroutine test_http_short_info_full_crypto_and_truthful_unavailability[malformed]>
2026-10-07T01:21:13.7547255Z       <Coroutine test_http_short_info_full_crypto_and_truthful_unavailability[missing]>
2026-10-07T01:21:13.7547495Z       <Coroutine test_missing_token_or_unprojectable_code_never_calls_http>
2026-10-07T01:21:13.7547709Z       <Coroutine test_pacing_reserves_two_seconds_between_requests>
2026-10-07T01:21:13.7547914Z       <Coroutine test_credential_scope_and_only_cz_is_decrypted>
2026-10-07T01:21:13.7548231Z       <Coroutine test_receiving_checks_two_pending_codes_without_token_and_preserves_full_values>
2026-10-07T01:21:13.7548500Z       <Coroutine test_expired_worker_cannot_overwrite_retry_while_saving_response>
2026-10-07T01:21:13.7548648Z     <Module test_true_api_withdrawal.py>
2026-10-07T01:21:13.7548908Z       <Coroutine test_exact_auth_contract_uuid_field_expiry_and_no_secret_repr[2]>
2026-10-07T01:21:13.7549166Z       <Coroutine test_exact_auth_contract_uuid_field_expiry_and_no_secret_repr[12]>
2026-10-07T01:21:13.7549430Z       <Coroutine test_auth_does_not_accept_legacy_token_or_leak_auth_body[response0]>
2026-10-07T01:21:13.7549693Z       <Coroutine test_auth_does_not_accept_legacy_token_or_leak_auth_body[response1]>
2026-10-07T01:21:13.7550022Z       <Coroutine test_create_sends_original_bytes_exact_four_fields_and_returns_only_id[200-True]>
2026-10-07T01:21:13.7550344Z       <Coroutine test_create_sends_original_bytes_exact_four_fields_and_returns_only_id[200-False]>
2026-10-07T01:21:13.7550807Z       <Coroutine test_create_sends_original_bytes_exact_four_fields_and_returns_only_id[201-True]>
2026-10-07T01:21:13.7551125Z       <Coroutine test_create_sends_original_bytes_exact_four_fields_and_returns_only_id[201-False]>
2026-10-07T01:21:13.7551401Z       <Coroutine test_create_preserves_error_bytes_and_never_retries_or_redirects[400]>
2026-10-07T01:21:13.7551673Z       <Coroutine test_create_preserves_error_bytes_and_never_retries_or_redirects[401]>
2026-10-07T01:21:13.7552170Z       <Coroutine test_create_preserves_error_bytes_and_never_retries_or_redirects[403]>
2026-10-07T01:21:13.7552442Z       <Coroutine test_create_preserves_error_bytes_and_never_retries_or_redirects[422]>
2026-10-07T01:21:13.7552714Z       <Coroutine test_create_preserves_error_bytes_and_never_retries_or_redirects[429]>
2026-10-07T01:21:13.7552977Z       <Coroutine test_create_preserves_error_bytes_and_never_retries_or_redirects[500]>
2026-10-07T01:21:13.7553254Z       <Coroutine test_create_preserves_error_bytes_and_never_retries_or_redirects[502]>
2026-10-07T01:21:13.7553526Z       <Coroutine test_create_preserves_error_bytes_and_never_retries_or_redirects[503]>
2026-10-07T01:21:13.7553797Z       <Coroutine test_create_preserves_error_bytes_and_never_retries_or_redirects[302]>
2026-10-07T01:21:13.7554037Z       <Coroutine test_uncertain_create_never_performs_second_post[timeout]>
2026-10-07T01:21:13.7554288Z       <Coroutine test_uncertain_create_never_performs_second_post[disconnect]>
2026-10-07T01:21:13.7554515Z       <Coroutine test_uncertain_create_never_performs_second_post[connect]>
2026-10-07T01:21:13.7554756Z       <Coroutine test_uncertain_create_never_performs_second_post[bad_json]>
2026-10-07T01:21:13.7554989Z       <Coroutine test_uncertain_create_never_performs_second_post[fake_id]>
2026-10-07T01:21:13.7555267Z       <Coroutine test_cises_official_batch_preserves_nullable_facts_and_per_code_errors>
2026-10-07T01:21:13.7555510Z       <Coroutine test_cises_404_is_a_per_code_answer_not_transport_exception>
2026-10-07T01:21:13.7555839Z       <Coroutine test_v4_info_array_exact_query_errors_and_withdrawal_statuses[CHECKED_OK-succeeded]>
2026-10-07T01:21:13.7556314Z       <Coroutine test_v4_info_array_exact_query_errors_and_withdrawal_statuses[CHECKED_NOT_OK-failed]>
2026-10-07T01:21:13.7556667Z       <Coroutine test_v4_info_array_exact_query_errors_and_withdrawal_statuses[PARSE_ERROR-failed]>
2026-10-07T01:21:13.7557021Z       <Coroutine test_v4_info_array_exact_query_errors_and_withdrawal_statuses[PROCESSING_ERROR-failed]>
2026-10-07T01:21:13.7557351Z       <Coroutine test_v4_info_array_exact_query_errors_and_withdrawal_statuses[IN_PROGRESS-pending]>
2026-10-07T01:21:13.7557721Z       <Coroutine test_v4_info_array_exact_query_errors_and_withdrawal_statuses[WAIT_FOR_CONTINUATION-pending]>
2026-10-07T01:21:13.7558031Z       <Coroutine test_v4_info_array_exact_query_errors_and_withdrawal_statuses[UNDEFINED-unknown]>
2026-10-07T01:21:13.7558344Z       <Coroutine test_v4_info_array_exact_query_errors_and_withdrawal_statuses[ACCEPTED-unknown]>
2026-10-07T01:21:13.7558657Z       <Coroutine test_v4_info_array_exact_query_errors_and_withdrawal_statuses[NEW_STATUS-unknown]>
2026-10-07T01:21:13.7558959Z       <Coroutine test_v4_info_array_exact_query_errors_and_withdrawal_statuses[None-unknown]>
2026-10-07T01:21:13.7559187Z       <Coroutine test_v4_list_exact_reconciliation_filters_and_cursor>
2026-10-07T01:21:13.7559516Z       <Coroutine test_cross_environment_participant_expired_or_jwt_auth_never_leaves_server[auth0]>
2026-10-07T01:21:13.7559829Z       <Coroutine test_cross_environment_participant_expired_or_jwt_auth_never_leaves_server[auth1]>
2026-10-07T01:21:13.7560144Z       <Coroutine test_cross_environment_participant_expired_or_jwt_auth_never_leaves_server[auth2]>
2026-10-07T01:21:13.7560459Z       <Coroutine test_cross_environment_participant_expired_or_jwt_auth_never_leaves_server[auth3]>
2026-10-07T01:21:13.7560714Z       <Coroutine test_limiter_failure_prevents_outbound_and_does_not_fallback>
2026-10-07T01:21:13.7561066Z       <Coroutine test_limiter_waits_then_reacquires_same_participant_key>
2026-10-07T01:21:13.7561302Z       <Coroutine test_create_boundary_failures_happen_before_http[count]>
2026-10-07T01:21:13.7561525Z       <Coroutine test_create_boundary_failures_happen_before_http[bytes]>
2026-10-07T01:21:13.7561875Z       <Coroutine test_create_boundary_failures_happen_before_http[duplicate]>
2026-10-07T01:21:13.7562119Z       <Coroutine test_create_boundary_failures_happen_before_http[signature]>
2026-10-07T01:21:13.7562367Z       <Function test_environment_selects_an_inseparable_pair_of_official_urls>
2026-10-07T01:21:13.7562577Z       <Function test_document_from_different_type_cannot_succeed>
2026-10-07T01:21:13.7562856Z       <Coroutine test_atomic_lua_limiter_across_three_clients_with_real_isolated_redis>
2026-10-07T01:21:13.7563062Z       <Coroutine test_actual_document_code_count_boundary[30000]>
2026-10-07T01:21:13.7563257Z       <Coroutine test_actual_document_code_count_boundary[30001]>
2026-10-07T01:21:13.7563565Z       <Function test_cis_parser_never_discards_facts_required_by_business_preflight[change0]>
2026-10-07T01:21:13.7563857Z       <Function test_cis_parser_never_discards_facts_required_by_business_preflight[change1]>
2026-10-07T01:21:13.7564153Z       <Function test_cis_parser_never_discards_facts_required_by_business_preflight[change2]>
2026-10-07T01:21:13.7564437Z       <Function test_cis_parser_never_discards_facts_required_by_business_preflight[change3]>
2026-10-07T01:21:13.7564724Z       <Function test_cis_parser_never_discards_facts_required_by_business_preflight[change4]>
2026-10-07T01:21:13.7565011Z       <Function test_cis_parser_never_discards_facts_required_by_business_preflight[change5]>
2026-10-07T01:21:13.7565231Z       <Coroutine test_info_contract_mismatch_is_not_success[wrong_id]>
2026-10-07T01:21:13.7565459Z       <Coroutine test_info_contract_mismatch_is_not_success[wrong_group]>
2026-10-07T01:21:13.7565669Z       <Coroutine test_info_contract_mismatch_is_not_success[object]>
2026-10-07T01:21:13.7565884Z       <Coroutine test_info_contract_mismatch_is_not_success[multiple]>
2026-10-07T01:21:13.7566207Z       <Coroutine test_production_create_gate_does_not_block_auth_or_sandbox[False-sign_in-sandbox]>
2026-10-07T01:21:13.7566680Z       <Coroutine test_production_create_gate_does_not_block_auth_or_sandbox[False-sign_in-production]>
2026-10-07T01:21:13.7567046Z       <Coroutine test_production_create_gate_does_not_block_auth_or_sandbox[False-create_document-sandbox]>
2026-10-07T01:21:13.7567417Z       <Coroutine test_production_create_gate_does_not_block_auth_or_sandbox[False-create_document-production]>
2026-10-07T01:21:13.7567735Z       <Coroutine test_production_create_gate_does_not_block_auth_or_sandbox[True-sign_in-sandbox]>
2026-10-07T01:21:13.7568066Z       <Coroutine test_production_create_gate_does_not_block_auth_or_sandbox[True-sign_in-production]>
2026-10-07T01:21:13.7568420Z       <Coroutine test_production_create_gate_does_not_block_auth_or_sandbox[True-create_document-sandbox]>
2026-10-07T01:21:13.7568784Z       <Coroutine test_production_create_gate_does_not_block_auth_or_sandbox[True-create_document-production]>
2026-10-07T01:21:13.7569096Z       <Coroutine test_invalid_or_missing_action_date_rejected_before_limiter_and_http[None]>
2026-10-07T01:21:13.7569416Z       <Coroutine test_invalid_or_missing_action_date_rejected_before_limiter_and_http[20260923_0]>
2026-10-07T01:21:13.7569704Z       <Coroutine test_invalid_or_missing_action_date_rejected_before_limiter_and_http[True]>
2026-10-07T01:21:13.7569994Z       <Coroutine test_invalid_or_missing_action_date_rejected_before_limiter_and_http[]>
2026-10-07T01:21:13.7570301Z       <Coroutine test_invalid_or_missing_action_date_rejected_before_limiter_and_http[20260923_1]>
2026-10-07T01:21:13.7570612Z       <Coroutine test_invalid_or_missing_action_date_rejected_before_limiter_and_http[2026-9-23]>
2026-10-07T01:21:13.7570916Z       <Coroutine test_invalid_or_missing_action_date_rejected_before_limiter_and_http[2026-02-30]>
2026-10-07T01:21:13.7571416Z       <Coroutine test_invalid_or_missing_action_date_rejected_before_limiter_and_http[2026-09-23T00:00:00Z]>
2026-10-07T01:21:13.7571834Z       <Coroutine test_invalid_or_missing_action_date_rejected_before_limiter_and_http[2026-09-24]>
2026-10-07T01:21:13.7572142Z       <Coroutine test_invalid_or_missing_action_date_rejected_before_limiter_and_http[2021-09-22]>
2026-10-07T01:21:13.7572463Z       <Coroutine test_malformed_product_rows_or_invalid_cost_rejected_before_http[None]>
2026-10-07T01:21:13.7572766Z       <Coroutine test_malformed_product_rows_or_invalid_cost_rejected_before_http[product1]>
2026-10-07T01:21:13.7573062Z       <Coroutine test_malformed_product_rows_or_invalid_cost_rejected_before_http[invalid]>
2026-10-07T01:21:13.7573341Z       <Coroutine test_malformed_product_rows_or_invalid_cost_rejected_before_http[1]>
2026-10-07T01:21:13.7573632Z       <Coroutine test_malformed_product_rows_or_invalid_cost_rejected_before_http[product4]>
2026-10-07T01:21:13.7573923Z       <Coroutine test_malformed_product_rows_or_invalid_cost_rejected_before_http[product5]>
2026-10-07T01:21:13.7574216Z       <Coroutine test_malformed_product_rows_or_invalid_cost_rejected_before_http[product6]>
2026-10-07T01:21:13.7574509Z       <Coroutine test_malformed_product_rows_or_invalid_cost_rejected_before_http[product7]>
2026-10-07T01:21:13.7574801Z       <Coroutine test_malformed_product_rows_or_invalid_cost_rejected_before_http[product8]>
2026-10-07T01:21:13.7575088Z       <Coroutine test_malformed_product_rows_or_invalid_cost_rejected_before_http[product9]>
2026-10-07T01:21:13.7575388Z       <Coroutine test_malformed_product_rows_or_invalid_cost_rejected_before_http[product10]>
2026-10-07T01:21:13.7575684Z       <Coroutine test_malformed_product_rows_or_invalid_cost_rejected_before_http[product11]>
2026-10-07T01:21:13.7575976Z       <Coroutine test_malformed_product_rows_or_invalid_cost_rejected_before_http[product12]>
2026-10-07T01:21:13.7576330Z       <Coroutine test_inclusive_date_and_cost_boundaries_preserve_original_payload_bytes[2021-09-23-0]>
2026-10-07T01:21:13.7576736Z       <Coroutine test_inclusive_date_and_cost_boundaries_preserve_original_payload_bytes[2021-09-23-99999999999999999]>
2026-10-07T01:21:13.7577195Z       <Coroutine test_inclusive_date_and_cost_boundaries_preserve_original_payload_bytes[2026-09-23-0]>
2026-10-07T01:21:13.7577587Z       <Coroutine test_inclusive_date_and_cost_boundaries_preserve_original_payload_bytes[2026-09-23-99999999999999999]>
2026-10-07T01:21:13.7577792Z       <Function test_five_calendar_year_boundary_on_leap_day>
2026-10-07T01:21:13.7578028Z       <Function test_action_date_uses_moscow_calendar_at_utc_day_boundary>
2026-10-07T01:21:13.7578202Z     <Module test_user_identity_migration_wms443.py>
2026-10-07T01:21:13.7578417Z       <Function test_existing_accounts_survive_identity_migration>
2026-10-07T01:21:13.7578559Z     <Module test_user_identity_wms443.py>
2026-10-07T01:21:13.7578830Z       <Coroutine test_cold_legacy_admin_fills_self_and_keeps_old_token_and_password>
2026-10-07T01:21:13.7579087Z       <Coroutine test_homonyms_same_and_other_organization_never_select_first>
2026-10-07T01:21:13.7579322Z       <Coroutine test_profile_permissions_scope_and_immutable_identity>
2026-10-07T01:21:13.7579527Z       <Coroutine test_name_login_rate_limit_and_invalid_creation>
2026-10-07T01:21:13.7579783Z       <Coroutine test_historical_display_preserves_real_name_and_neutral_system>
2026-10-07T01:21:13.7580026Z       <Coroutine test_seller_named_staff_create_edit_and_other_seller_scope>
2026-10-07T01:21:13.7580169Z     <Module test_warehouse_map_api.py>
2026-10-07T01:21:13.7580395Z       <Coroutine test_map_totals_moves_sorting_disband_and_tenant_scope>
2026-10-07T01:21:13.7580650Z       <Coroutine test_address_storage_disabled_hides_cells_and_rejects_place>
2026-10-07T01:21:13.7580899Z       <Coroutine test_empty_inbound_container_keeps_cell_after_map_reload[box]>
2026-10-07T01:21:13.7581182Z       <Coroutine test_empty_inbound_container_keeps_cell_after_map_reload[cargo_place]>
2026-10-07T01:21:13.7581576Z       <Coroutine test_map_shows_unposted_contents_of_unfinished_inbound_containers>
2026-10-07T01:21:13.7581946Z       <Coroutine test_map_shows_legacy_label_for_system_generated_inbound_box_barcode>
2026-10-07T01:21:13.7582165Z       <Function test_numbered_inbound_box_labels_only_for_imperiya>
2026-10-07T01:21:13.7582363Z       <Coroutine test_empty_container_can_be_taken_off_a_cell>
2026-10-07T01:21:13.7582516Z     <Module test_warehouse_structure_wave1.py>
2026-10-07T01:21:13.7582768Z       <Coroutine test_tenant_b_cannot_add_product_to_tenant_a_pallet_or_list_it>
2026-10-07T01:21:13.7582997Z       <Coroutine test_parallel_pallet_creation_reserves_distinct_codes>
2026-10-07T01:21:13.7583232Z       <Coroutine test_pallet_counter_continues_after_existing_legacy_code>
2026-10-07T01:21:13.7583493Z       <Coroutine test_same_product_same_cell_in_two_boxes_keeps_both_balance_rows>
2026-10-07T01:21:13.7583738Z       <Coroutine test_duplicate_loose_product_balance_in_one_cell_is_rejected>
2026-10-07T01:21:13.7583999Z       <Coroutine test_container_reference_requires_kind_and_id_together[box-None]>
2026-10-07T01:21:13.7584305Z       <Coroutine test_container_reference_requires_kind_and_id_together[None-container_id1]>
2026-10-07T01:21:13.7584505Z       <Coroutine test_service_refuses_to_take_stock_below_zero>
2026-10-07T01:21:13.7584726Z       <Coroutine test_confirmed_fbs_delivery_is_allowed_to_go_negative>
2026-10-07T01:21:13.7584970Z       <Coroutine test_two_concurrent_deductions_of_30_from_40_write_off_only_30>
2026-10-07T01:21:13.7585254Z       <Coroutine test_combine_and_disband_pallet_moves_contents_to_sorting_without_loss>
2026-10-07T01:21:13.7585497Z       <Coroutine test_warehouse_cargo_place_is_not_accepted_as_warehouse_box>
2026-10-07T01:21:13.7585750Z       <Coroutine test_cargo_place_accepts_products_and_returns_its_composition>
2026-10-07T01:21:13.7585989Z       <Coroutine test_inbound_document_and_container_free_text_are_persisted>
2026-10-07T01:21:13.7586127Z     <Module test_warehouses.py>
2026-10-07T01:21:13.7586374Z       <Function test_migration_does_not_promote_tenant_only_technical_warehouse>
2026-10-07T01:21:13.7586711Z       <Coroutine test_operational_warehouse_list_and_scan_resolver>
2026-10-07T01:21:13.7586851Z     <Module test_wb_card_enrichment.py>
2026-10-07T01:21:13.7586998Z       <Function test_subject_name_from_card>
2026-10-07T01:21:13.7587157Z       <Function test_collect_skus_from_card_sizes>
2026-10-07T01:21:13.7587309Z       <Function test_first_photo_url_priority>
2026-10-07T01:21:13.7587448Z       <Function test_primary_sku_display>
2026-10-07T01:21:13.7587593Z       <Function test_brand_from_card>
2026-10-07T01:21:13.7587739Z       <Function test_color_from_card_by_name>
2026-10-07T01:21:13.7587881Z       <Function test_composition_from_card>
2026-10-07T01:21:13.7588063Z       <Function test_country_of_origin_from_card_by_name>
2026-10-07T01:21:13.7588235Z       <Function test_country_of_origin_from_card_missing>
2026-10-07T01:21:13.7588395Z       <Function test_shelf_life_from_card_by_name>
2026-10-07T01:21:13.7588547Z       <Function test_shelf_life_from_card_missing>
2026-10-07T01:21:13.7588701Z       <Function test_size_from_card_for_barcode>
2026-10-07T01:21:13.7588856Z     <Module test_wb_card_enrichment_variants.py>
2026-10-07T01:21:13.7589026Z       <Function test_iter_size_variants_one_per_size>
2026-10-07T01:21:13.7589293Z       <Function test_iter_size_variants_keeps_all_barcodes_and_groups_same_chrt_id>
2026-10-07T01:21:13.7589466Z       <Function test_sku_code_suffix_for_multi_variant>
2026-10-07T01:21:13.7589601Z     <Module test_wb_catalog_schedule.py>
2026-10-07T01:21:13.7589805Z       <Function test_hourly_schedule_uses_existing_task_executor>
2026-10-07T01:21:13.7590068Z       <Coroutine test_connected_sellers_isolated_and_http_has_no_open_read_session>
2026-10-07T01:21:13.7590357Z       <Coroutine test_active_manual_job_skipped_then_terminal_job_allows_import[pending]>
2026-10-07T01:21:13.7590758Z       <Coroutine test_active_manual_job_skipped_then_terminal_job_allows_import[running]>
2026-10-07T01:21:13.7590956Z       <Coroutine test_disconnect_during_http_discards_response>
2026-10-07T01:21:13.7591223Z       <Coroutine test_scheduled_old_generation_cannot_overwrite_new_foreground_job>
2026-10-07T01:21:13.7591386Z     <Module test_wb_import_country_shelf_life.py>
2026-10-07T01:21:13.7591607Z       <Coroutine test_country_and_shelf_life_filled_when_card_has_them>
2026-10-07T01:21:13.7592061Z       <Coroutine test_country_and_shelf_life_stay_empty_when_card_lacks_them>
2026-10-07T01:21:13.7592298Z       <Coroutine test_reimport_does_not_overwrite_manually_entered_value>
2026-10-07T01:21:13.7592437Z     <Module test_wb_import_dimensions.py>
2026-10-07T01:21:13.7592702Z       <Coroutine test_import_leaves_dimensions_empty_when_card_has_no_dimensions>
2026-10-07T01:21:13.7592899Z       <Coroutine test_reimport_pulls_real_dimensions_over_stub>
2026-10-07T01:21:13.7593110Z       <Coroutine test_reimport_does_not_overwrite_real_dimensions>
2026-10-07T01:21:13.7593368Z       <Coroutine test_wb_import_preserves_manual_and_container_override_volume>
2026-10-07T01:21:13.7593639Z       <Coroutine test_dimension_history_keeps_one_active_version_with_audit_context>
2026-10-07T01:21:13.7593807Z     <Module test_wb_import_same_sku_two_sellers.py>
2026-10-07T01:21:13.7594024Z       <Coroutine test_same_vendor_and_size_imports_for_both_sellers>
2026-10-07T01:21:13.7594218Z       <Coroutine test_same_seller_same_sku_still_deduplicated>
2026-10-07T01:21:13.7594374Z     <Module test_wb_import_seller_isolation.py>
2026-10-07T01:21:13.7594590Z       <Coroutine test_wb_import_does_not_claim_orphan_product_by_sku>
2026-10-07T01:21:13.7594751Z     <Module test_wb_marketplace_orders_service.py>
2026-10-07T01:21:13.7594941Z       <Coroutine test_adoption_with_supplies_list_done_true>
2026-10-07T01:21:13.7595166Z       <Coroutine test_adoption_uses_supplies_dict_no_individual_fetch>
2026-10-07T01:21:13.7595377Z       <Coroutine test_supplies_list_failure_fallback_no_exception>
2026-10-07T01:21:13.7595560Z       <Coroutine test_supplies_pagination_merged_into_dict>
2026-10-07T01:21:13.7595749Z       <Coroutine test_supplies_page_always_sends_next_param>
2026-10-07T01:21:13.7596075Z       <Coroutine test_supplies_pagination_stops_on_empty_page>
2026-10-07T01:21:13.7596215Z     <Module test_wb_mp_warehouses.py>
2026-10-07T01:21:13.7596456Z       <Coroutine test_wb_mp_warehouses_lazy_sync_from_seller_content_token>
2026-10-07T01:21:13.7596684Z       <Coroutine test_wb_mp_warehouses_tries_content_after_supplies_fails>
2026-10-07T01:21:13.7596909Z       <Coroutine test_wb_mp_warehouses_tries_supplies_when_content_fails>
2026-10-07T01:21:13.7597059Z     <Module test_wb_order_price_snapshot.py>
2026-10-07T01:21:13.7597235Z       <Function test_exact_rub_kopecks[fields0-12345]>
2026-10-07T01:21:13.7597393Z       <Function test_exact_rub_kopecks[fields1-0]>
2026-10-07T01:21:13.7597592Z       <Function test_exact_rub_kopecks[fields2-99999999999999999]>
2026-10-07T01:21:13.7597760Z       <Function test_exact_rub_kopecks[fields3-12345]>
2026-10-07T01:21:13.7597923Z       <Function test_exact_rub_kopecks[fields4-12345]>
2026-10-07T01:21:13.7598087Z       <Function test_exact_rub_kopecks[fields5-12345]>
2026-10-07T01:21:13.7598366Z       <Function test_invalid_price_is_a_typed_error[fields0-missing_rub_final_price]>
2026-10-07T01:21:13.7598625Z       <Function test_invalid_price_is_a_typed_error[fields1-missing_rub_final_price]>
2026-10-07T01:21:13.7598885Z       <Function test_invalid_price_is_a_typed_error[fields2-missing_rub_final_price]>
2026-10-07T01:21:13.7599145Z       <Function test_invalid_price_is_a_typed_error[fields3-missing_rub_final_price]>
2026-10-07T01:21:13.7599407Z       <Function test_invalid_price_is_a_typed_error[fields4-rub_price_out_of_range]>
2026-10-07T01:21:13.7599662Z       <Function test_invalid_price_is_a_typed_error[fields5-rub_price_out_of_range]>
2026-10-07T01:21:13.7599906Z       <Function test_invalid_price_is_a_typed_error[fields6-invalid_rub_price]>
2026-10-07T01:21:13.7600258Z       <Function test_invalid_price_is_a_typed_error[fields7-invalid_rub_price]>
2026-10-07T01:21:13.7600503Z       <Function test_invalid_price_is_a_typed_error[fields8-invalid_rub_price]>
2026-10-07T01:21:13.7600764Z       <Function test_invalid_price_is_a_typed_error[fields9-conflicting_rub_prices]>
2026-10-07T01:21:13.7601025Z       <Function test_invalid_price_is_a_typed_error[fields10-rub_price_out_of_range]>
2026-10-07T01:21:13.7601252Z       <Coroutine test_import_update_persists_versions_and_deduplicates>
2026-10-07T01:21:13.7601408Z       <Coroutine test_orm_cannot_delete_snapshot>
2026-10-07T01:21:13.7601673Z       <Function test_migrated_database_retains_snapshot_and_parent_until_downgrade>
2026-10-07T01:21:13.7601992Z       <Coroutine test_missing_and_bad_fields_never_use_legacy_price>
2026-10-07T01:21:13.7602206Z       <Coroutine test_partial_new_feed_preserves_snapshot_and_scope>
2026-10-07T01:21:13.7602505Z       <Coroutine test_imported_price_cases_survive_reload[fields0-99999999999999999-None]>
2026-10-07T01:21:13.7602741Z       <Coroutine test_imported_price_cases_survive_reload[fields1-0-None]>
2026-10-07T01:21:13.7602988Z       <Coroutine test_imported_price_cases_survive_reload[fields2-16005-None]>
2026-10-07T01:21:13.7603314Z       <Coroutine test_imported_price_cases_survive_reload[fields3-None-missing_rub_final_price]>
2026-10-07T01:21:13.7603635Z       <Coroutine test_imported_price_cases_survive_reload[fields4-None-conflicting_rub_prices]>
2026-10-07T01:21:13.7603839Z       <Coroutine test_concurrent_capture_serializes_one_revision>
2026-10-07T01:21:13.7604087Z       <Coroutine test_existing_orders_backfill_uses_real_paginated_30_day_feed>
2026-10-07T01:21:13.7604236Z     <Module test_wildberries_cards_sync_job.py>
2026-10-07T01:21:13.7604406Z       <Coroutine test_wb_cards_sync_job_happy_path[0]>
2026-10-07T01:21:13.7604571Z       <Coroutine test_wb_cards_sync_job_happy_path[2]>
2026-10-07T01:21:13.7604747Z       <Coroutine test_wb_cards_sync_job_happy_path[200]>
2026-10-07T01:21:13.7604921Z       <Coroutine test_wb_cards_sync_job_happy_path[205]>
2026-10-07T01:21:13.7605127Z       <Coroutine test_wb_cards_sync_job_fails_without_content_token>
2026-10-07T01:21:13.7605439Z       <Coroutine test_wb_cards_sync_start_validation>
2026-10-07T01:21:13.7605795Z       <Coroutine test_wb_full_import_does_not_save_incomplete_fetch[cards-repeat-wb_pagination_stalled]>
2026-10-07T01:21:13.7606172Z       <Coroutine test_wb_full_import_does_not_save_incomplete_fetch[cards-missing_cursor-wb_invalid_response]>
2026-10-07T01:21:13.7606506Z       <Coroutine test_wb_full_import_does_not_save_incomplete_fetch[cards-http-wb_upstream_error_429]>
2026-10-07T01:21:13.7612895Z       <Coroutine test_wb_full_import_does_not_save_incomplete_fetch[supplies-repeat-wb_pagination_stalled]>
2026-10-07T01:21:13.7613338Z       <Coroutine test_wb_full_import_does_not_save_incomplete_fetch[supplies-http-wb_upstream_error_429]>
2026-10-07T01:21:13.7613497Z     <Module test_wildberries_client.py>
2026-10-07T01:21:13.7613737Z       <Coroutine test_fetch_cards_list_uses_post_and_returns_json>
2026-10-07T01:21:13.7613922Z       <Coroutine test_fetch_cards_list_upstream_error>
2026-10-07T01:21:13.7614098Z       <Coroutine test_fetch_cards_list_invalid_json[]>
2026-10-07T01:21:13.7614345Z       <Coroutine test_fetch_cards_list_invalid_json[<html>not json</html>]>
2026-10-07T01:21:13.7614516Z       <Coroutine test_fetch_supplies_list_e2e_stub>
2026-10-07T01:21:13.7614682Z       <Coroutine test_fetch_cards_list_e2e_stub>
2026-10-07T01:21:13.7614959Z       <Coroutine test_fetch_marketplace_orders_page_first_request_sends_next_zero>
2026-10-07T01:21:13.7615198Z       <Function test_build_marketplace_order_meta_put_body_official_shapes>
2026-10-07T01:21:13.7615457Z       <Coroutine test_put_marketplace_order_meta_uses_kind_specific_payload>
2026-10-07T01:21:13.7615642Z     <Module test_wildberries_client_trbx_delete_mock.py>
2026-10-07T01:21:13.7615860Z       <Coroutine test_mock_trbx_delete_removes_only_requested_ids>
2026-10-07T01:21:13.7616206Z     <Module test_wildberries_imported_cards_api.py>
2026-10-07T01:21:13.7616397Z       <Coroutine test_wb_imported_cards_get_requires_auth>
2026-10-07T01:21:13.7616584Z       <Coroutine test_wb_imported_cards_not_found_seller>
2026-10-07T01:21:13.7616779Z       <Coroutine test_wb_imported_cards_empty_for_new_seller>
2026-10-07T01:21:13.7616939Z     <Module test_wildberries_legacy_old_mark.py>
2026-10-07T01:21:13.7617150Z       <Coroutine test_multi_size_sync_marks_legacy_product_old>
2026-10-07T01:21:13.7617331Z     <Module test_wildberries_marketplace_fbs_client.py>
2026-10-07T01:21:13.7617495Z       <Function test_openapi_reference_date_is_set>
2026-10-07T01:21:13.7618148Z       <Function test_known_wb_operator_messages_are_translated[Supply not found-\u043d\u0435 \u043d\u0430\u0448\u0451\u043b \u044d\u0442\u0443 \u043f\u043e\u0441\u0442\u0430\u0432\u043a\u0443]>
2026-10-07T01:21:13.7618768Z       <Function test_known_wb_operator_messages_are_translated[fix them to dispatch items-\u043f\u0440\u043e\u0441\u0438\u0442 \u0438\u0441\u043f\u0440\u0430\u0432\u0438\u0442\u044c]>
2026-10-07T01:21:13.7619601Z       <Function test_known_wb_operator_messages_are_translated[MetaValidationFail: uinBadStatus-\u043e\u0442\u043a\u043b\u043e\u043d\u0438\u043b \u0434\u0430\u043d\u043d\u044b\u0435 \u043c\u0430\u0440\u043a\u0438\u0440\u043e\u0432\u043a\u0438]>
2026-10-07T01:21:13.7620477Z       <Function test_known_wb_operator_messages_are_translated[mandatory mark is required-\u0442\u0440\u0435\u0431\u0443\u0435\u0442 \u043e\u0431\u044f\u0437\u0430\u0442\u0435\u043b\u044c\u043d\u0443\u044e \u043c\u0430\u0440\u043a\u0438\u0440\u043e\u0432\u043a\u0443]>
2026-10-07T01:21:13.7620737Z       <Function test_wb_response_body_uses_translation_instead_of_raw_english>
2026-10-07T01:21:13.7620973Z       <Coroutine test_add_orders_to_supply_batch_exact_contract_and_204>
2026-10-07T01:21:13.7621200Z       <Coroutine test_fetch_supply_order_ids_exact_contract_and_parse>
2026-10-07T01:21:13.7621425Z       <Coroutine test_fetch_orders_meta_batch_exact_contract_and_parse>
2026-10-07T01:21:13.7621690Z       <Coroutine test_fetch_orders_meta_batch_retries_429_once_after_retry_after>
2026-10-07T01:21:13.7622222Z       <Coroutine test_fetch_orders_meta_batch_honors_retry_after_http_date>
2026-10-07T01:21:13.7622448Z       <Coroutine test_fetch_orders_meta_batch_mock_returns_meta_details>
2026-10-07T01:21:13.7622703Z       <Coroutine test_fetch_orders_meta_batch_does_not_retry_other_errors[400]>
2026-10-07T01:21:13.7622946Z       <Coroutine test_fetch_orders_meta_batch_does_not_retry_other_errors[500]>
2026-10-07T01:21:13.7623262Z       <Coroutine test_fetch_orders_meta_batch_rejects_malformed_response_after_single_429_retry>
2026-10-07T01:21:13.7623464Z       <Coroutine test_delete_order_meta_exact_contract_and_204>
2026-10-07T01:21:13.7623656Z       <Coroutine test_fetch_trbx_list_and_delete_trbx_contract>
2026-10-07T01:21:13.7623819Z       <Coroutine test_fetch_supply_details_parse>
2026-10-07T01:21:13.7624037Z       <Function test_split_marketplace_order_id_batches_101_items>
2026-10-07T01:21:13.7624235Z       <Coroutine test_add_orders_rejects_101_items_before_network>
2026-10-07T01:21:13.7624463Z       <Coroutine test_deliver_supply_parses_meta_validation_fail_409>
2026-10-07T01:21:13.7624640Z       <Coroutine test_deliver_supply_transport_error>
2026-10-07T01:21:13.7624845Z       <Coroutine test_deliver_supply_429_single_request_no_retry>
2026-10-07T01:21:13.7625085Z       <Coroutine test_deliver_supply_409_meta_fail_single_request_no_retry>
2026-10-07T01:21:13.7625330Z       <Function test_wb_meta_validation_is_parsed_from_nested_data_envelope>
2026-10-07T01:21:13.7625525Z     <Module test_wildberries_marketplace_stocks_client.py>
2026-10-07T01:21:13.7625763Z       <Coroutine test_put_marketplace_stocks_exact_contract_and_204_empty>
2026-10-07T01:21:13.7625980Z       <Coroutine test_fetch_marketplace_stocks_exact_contract_and_parse>
2026-10-07T01:21:13.7626184Z       <Function test_split_marketplace_stocks_batches_1001_items>
2026-10-07T01:21:13.7626558Z       <Coroutine test_put_marketplace_stocks_rejects_1001_items_before_network>
2026-10-07T01:21:13.7626766Z       <Coroutine test_put_then_readback_returns_matching_amounts>
2026-10-07T01:21:13.7627102Z       <Coroutine test_fetch_marketplace_stocks_malformed_readback_fails[response_json0-duplicate]>
2026-10-07T01:21:13.7627421Z       <Coroutine test_fetch_marketplace_stocks_malformed_readback_fails[response_json1-string_id]>
2026-10-07T01:21:13.7627763Z       <Coroutine test_fetch_marketplace_stocks_malformed_readback_fails[response_json2-string_amount]>
2026-10-07T01:21:13.7628079Z       <Coroutine test_fetch_marketplace_stocks_malformed_readback_fails[response_json3-zero_id]>
2026-10-07T01:21:13.7628435Z       <Coroutine test_fetch_marketplace_stocks_malformed_readback_fails[response_json4-negative_amount]>
2026-10-07T01:21:13.7628800Z       <Coroutine test_fetch_marketplace_stocks_malformed_readback_fails[response_json5-missing_stocks_key]>
2026-10-07T01:21:13.7629149Z       <Coroutine test_fetch_marketplace_stocks_malformed_readback_fails[response_json6-stocks_not_list]>
2026-10-07T01:21:13.7629356Z       <Coroutine test_put_marketplace_stocks_upstream_error[401]>
2026-10-07T01:21:13.7629551Z       <Coroutine test_put_marketplace_stocks_upstream_error[409]>
2026-10-07T01:21:13.7629752Z       <Coroutine test_put_marketplace_stocks_upstream_error[429]>
2026-10-07T01:21:13.7629949Z       <Coroutine test_fetch_marketplace_stocks_transport_error>
2026-10-07T01:21:13.7630277Z       <Coroutine test_marketplace_stocks_validation_before_network[stocks0-None-invalid_request]>
2026-10-07T01:21:13.7630605Z       <Coroutine test_marketplace_stocks_validation_before_network[None-chrt_ids1-invalid_request]>
2026-10-07T01:21:13.7630917Z       <Coroutine test_marketplace_stocks_validation_before_network[stocks2-None-invalid_request]>
2026-10-07T01:21:13.7631230Z       <Coroutine test_marketplace_stocks_validation_before_network[stocks3-None-invalid_request]>
2026-10-07T01:21:13.7631546Z       <Coroutine test_marketplace_stocks_validation_before_network[stocks4-None-invalid_request]>
2026-10-07T01:21:13.7632135Z       <Coroutine test_marketplace_stocks_validation_before_network[None-chrt_ids5-invalid_request]>
2026-10-07T01:21:13.7632614Z       <Coroutine test_marketplace_stocks_validation_before_network[None-chrt_ids6-invalid_request]>
2026-10-07T01:21:13.7632789Z     <Module test_wildberries_product_import_sizes.py>
2026-10-07T01:21:13.7632965Z       <Coroutine test_self_sync_creates_product_per_size>
2026-10-07T01:21:13.7633312Z       <Coroutine test_self_content_token_skips_packhub_duplicate_sku_conflict_idempotently[merged_size]>
2026-10-07T01:21:13.7633669Z       <Coroutine test_self_content_token_skips_packhub_duplicate_sku_conflict_idempotently[swapped_sizes]>
2026-10-07T01:21:13.7633835Z     <Module test_wildberries_product_link_api.py>
2026-10-07T01:21:13.7633988Z       <Coroutine test_link_product_to_wb_card>
2026-10-07T01:21:13.7634155Z       <Coroutine test_link_product_wb_card_not_found>
2026-10-07T01:21:13.7634324Z     <Module test_wildberries_products_full_sync.py>
2026-10-07T01:21:13.7634627Z       <Coroutine test_products_import_all_pages_then_existing_order_maps_and_reserves_once>
2026-10-07T01:21:13.7634829Z       <Coroutine test_products_sync_rejects_partial_page_fetch>
2026-10-07T01:21:13.7634978Z     <Module test_wildberries_status_api.py>
2026-10-07T01:21:13.7635148Z       <Coroutine test_wildberries_status_requires_auth>
2026-10-07T01:21:13.7635347Z       <Coroutine test_wildberries_status_forbidden_for_seller>
2026-10-07T01:21:13.7635514Z       <Coroutine test_wildberries_status_returns_bases>
2026-10-07T01:21:13.7635679Z     <Module test_wildberries_supplies_sync_job.py>
2026-10-07T01:21:13.7635858Z       <Coroutine test_wb_supplies_sync_job_happy_path[0]>
2026-10-07T01:21:13.7636026Z       <Coroutine test_wb_supplies_sync_job_happy_path[2]>
2026-10-07T01:21:13.7636213Z       <Coroutine test_wb_supplies_sync_job_happy_path[200]>
2026-10-07T01:21:13.7636515Z       <Coroutine test_wb_supplies_sync_job_happy_path[205]>
2026-10-07T01:21:13.7636696Z       <Coroutine test_wb_supplies_sync_fails_without_token>
2026-10-07T01:21:13.7636845Z     <Module test_wildberries_tokens_api.py>
2026-10-07T01:21:13.7636999Z       <Coroutine test_wb_tokens_get_requires_auth>
2026-10-07T01:21:13.7637164Z       <Coroutine test_wb_tokens_forbidden_for_seller>
2026-10-07T01:21:13.7637355Z       <Coroutine test_wb_tokens_patch_get_roundtrip_and_clear>
2026-10-07T01:21:13.7637594Z       <Coroutine test_seller_single_wb_key_also_enables_marketplace_token>
2026-10-07T01:21:13.7637868Z       <Coroutine test_self_content_token_does_not_enable_marketplace_without_scope>
2026-10-07T01:21:13.7638157Z       <Coroutine test_self_content_token_keeps_200_when_marketplace_validation_unavailable>
2026-10-07T01:21:13.7638448Z       <Coroutine test_self_content_token_returns_failed_job_when_task_registration_fails>
2026-10-07T01:21:13.7638688Z       <Coroutine test_self_content_token_reports_background_import_failure>
2026-10-07T01:21:13.7638936Z       <Coroutine test_self_content_token_maps_invalid_wb_json_to_bad_gateway>
2026-10-07T01:21:13.7639098Z       <Coroutine test_wb_tokens_patch_validation>
2026-10-07T01:21:13.7639244Z       <Coroutine test_wb_tokens_seller_not_found>
2026-10-07T01:21:13.7639592Z       <Coroutine test_self_content_token_failed_marketplace_check_preserves_existing_marketplace_token>
2026-10-07T01:21:13.7639865Z       <Coroutine test_legacy_content_only_credentials_still_serve_marketplace_calls>
2026-10-07T01:21:13.7640009Z     <Module test_withdrawal_access.py>
2026-10-07T01:21:13.7640223Z       <Function test_c1_invalid_configuration_closes_entire_list[]>
2026-10-07T01:21:13.7640445Z       <Function test_c1_invalid_configuration_closes_entire_list[,]>
2026-10-07T01:21:13.7640691Z       <Function test_c1_invalid_configuration_closes_entire_list[,not-a-uuid]>
2026-10-07T01:21:13.7640911Z       <Function test_c1_invalid_configuration_closes_entire_list[,*]>
2026-10-07T01:21:13.7641126Z       <Function test_c1_invalid_configuration_closes_entire_list[, ]>
2026-10-07T01:21:13.7641354Z       <Function test_c1_invalid_configuration_closes_entire_list[,null]>
2026-10-07T01:21:13.7641656Z       <Function test_c2_exact_uuid_only_and_settings_default_closed>
2026-10-07T01:21:13.7641987Z       <Coroutine test_c1_c3_every_endpoint_denies_before_runtime_or_ledger>
2026-10-07T01:21:13.7642228Z       <Coroutine test_c2_c4_capability_follows_real_delegated_seller_switch>
2026-10-07T01:21:13.7642437Z       <Coroutine test_c2_c5_allowed_registry_and_idempotent_create>
2026-10-07T01:21:13.7642716Z       <Coroutine test_c6_denied_documents_never_claimed_or_mutated[pending_signature]>
2026-10-07T01:21:13.7642968Z       <Coroutine test_c6_denied_documents_never_claimed_or_mutated[submitting]>
2026-10-07T01:21:13.7643216Z       <Coroutine test_c6_denied_documents_never_claimed_or_mutated[reconciling]>
2026-10-07T01:21:13.7643459Z       <Coroutine test_c6_denied_documents_never_claimed_or_mutated[submitted]>
2026-10-07T01:21:13.7643706Z       <Coroutine test_c6_revoked_seller_cannot_execute_or_apply_held_recovery>
2026-10-07T01:21:13.7643915Z       <Coroutine test_c7_master_gate_blocks_create_retry_and_worker>
2026-10-07T01:21:13.7644154Z       <Function test_c10_frontend_contains_no_rollout_identity_or_allowlist>
2026-10-07T01:21:13.7644390Z       <Function test_c10_compose_processes_share_default_closed_allowlist>
2026-10-07T01:21:13.7644527Z     <Module test_withdrawal_ledger.py>
2026-10-07T01:21:13.7644719Z       <Coroutine test_registry_server_scope_and_moscow_date>
2026-10-07T01:21:13.7644951Z       <Coroutine test_create_reload_and_overlap_resume_without_duplicate>
2026-10-07T01:21:13.7645160Z       <Coroutine test_unshipped_and_forged_selection_is_rejected>
2026-10-07T01:21:13.7645397Z       <Coroutine test_price_less_order_feed_keeps_price_sent_with_new_order>
2026-10-07T01:21:13.7645613Z       <Coroutine test_registry_missing_price_is_an_actual_local_error>
2026-10-07T01:21:13.7645978Z       <Coroutine test_partial_success_survives_neighbour_failure_and_retry>
2026-10-07T01:21:13.7646251Z       <Coroutine test_possible_duplicate_incident_cannot_disappear_on_later_read>
2026-10-07T01:21:13.7646467Z       <Coroutine test_retry_retains_old_price_error_and_new_attempt>
2026-10-07T01:21:13.7646786Z       <Coroutine test_only_checked_ok_is_success_and_errors_survive_reload[CHECKED_OK-succeeded]>
2026-10-07T01:21:13.7647097Z       <Coroutine test_only_checked_ok_is_success_and_errors_survive_reload[CHECKED_NOT_OK-failed]>
2026-10-07T01:21:13.7647407Z       <Coroutine test_only_checked_ok_is_success_and_errors_survive_reload[PARSE_ERROR-failed]>
2026-10-07T01:21:13.7647733Z       <Coroutine test_only_checked_ok_is_success_and_errors_survive_reload[PROCESSING_ERROR-failed]>
2026-10-07T01:21:13.7648048Z       <Coroutine test_only_checked_ok_is_success_and_errors_survive_reload[IN_PROGRESS-submitted]>
2026-10-07T01:21:13.7648414Z       <Coroutine test_only_checked_ok_is_success_and_errors_survive_reload[WAIT_FOR_CONTINUATION-submitted]>
2026-10-07T01:21:13.7648727Z       <Coroutine test_only_checked_ok_is_success_and_errors_survive_reload[UNDEFINED-reconciling]>
2026-10-07T01:21:13.7649033Z       <Coroutine test_only_checked_ok_is_success_and_errors_survive_reload[ACCEPTED-reconciling]>
2026-10-07T01:21:13.7649351Z       <Coroutine test_only_checked_ok_is_success_and_errors_survive_reload[NEW_STATUS-reconciling]>
2026-10-07T01:21:13.7649580Z       <Coroutine test_create_reject_vs_uncertain_keeps_exact_body[400]>
2026-10-07T01:21:13.7649801Z       <Coroutine test_create_reject_vs_uncertain_keeps_exact_body[401]>
2026-10-07T01:21:13.7650016Z       <Coroutine test_create_reject_vs_uncertain_keeps_exact_body[403]>
2026-10-07T01:21:13.7650228Z       <Coroutine test_create_reject_vs_uncertain_keeps_exact_body[422]>
2026-10-07T01:21:13.7650438Z       <Coroutine test_create_reject_vs_uncertain_keeps_exact_body[500]>
2026-10-07T01:21:13.7650651Z       <Coroutine test_create_reject_vs_uncertain_keeps_exact_body[503]>
2026-10-07T01:21:13.7650879Z       <Coroutine test_create_reject_vs_uncertain_keeps_exact_body[None]>
2026-10-07T01:21:13.7651098Z       <Coroutine test_lost_create_read_reconciliation_never_posts[0]>
2026-10-07T01:21:13.7651465Z       <Coroutine test_lost_create_read_reconciliation_never_posts[1]>
2026-10-07T01:21:13.7651671Z       <Coroutine test_lost_create_read_reconciliation_never_posts[2]>
2026-10-07T01:21:13.7651945Z       <Coroutine test_lease_fencing_and_restart_recovery>
2026-10-07T01:21:13.7652202Z       <Coroutine test_token_expiry_invalidates_secret_without_terminal_failure>
2026-10-07T01:21:13.7652455Z       <Function test_semantic_reconciliation_requires_exact_cis_cost_and_mod>
2026-10-07T01:21:13.7652615Z       <Coroutine test_payload_cannot_be_replaced>
2026-10-07T01:21:13.7652781Z       <Coroutine test_database_prevents_second_claim>
2026-10-07T01:21:13.7653001Z       <Coroutine test_database_rejects_cross_seller_document_item_link>
2026-10-07T01:21:13.7653245Z       <Coroutine test_fk_session_stays_enabled_after_commits_and_pool_growth>
2026-10-07T01:21:13.7653481Z       <Coroutine test_api_gates_signatures_scopes_and_never_returns_tokens>
2026-10-07T01:21:13.7653759Z       <Coroutine test_self_boundary_enforces_seller_role_and_honest_sign_permission>
2026-10-07T01:21:13.7654006Z       <Coroutine test_observation_orm_rejects_update_and_delete[response_body]>
2026-10-07T01:21:13.7654240Z       <Coroutine test_observation_orm_rejects_update_and_delete[incident]>
2026-10-07T01:21:13.7654510Z       <Coroutine test_observation_orm_rejects_update_and_delete[reconciliation_ids]>
2026-10-07T01:21:13.7654733Z       <Coroutine test_observation_orm_rejects_update_and_delete[delete]>
2026-10-07T01:21:13.7654961Z       <Function test_migration_upgrade_and_downgrade_match_ledger_schema>
2026-10-07T01:21:13.7655197Z       <Function test_postgresql_migration_renders_audit_guards_and_cleanup>
2026-10-07T01:21:13.7655436Z       <Coroutine test_postgresql_concurrent_clicks_share_one_operation[True]>
2026-10-07T01:21:13.7655802Z       <Coroutine test_postgresql_concurrent_clicks_share_one_operation[False]>
2026-10-07T01:21:13.7655964Z     <Module test_withdrawal_orchestration.py>
2026-10-07T01:21:13.7656228Z       <Function test_external_mod_exact_cardinality[rows0-external_mod_missing]>
2026-10-07T01:21:13.7656479Z       <Function test_external_mod_exact_cardinality[rows1-external_mod_missing]>
2026-10-07T01:21:13.7656719Z       <Function test_external_mod_exact_cardinality[rows2-external_mod_missing]>
2026-10-07T01:21:13.7656968Z       <Function test_external_mod_exact_cardinality[rows3-external_mod_missing]>
2026-10-07T01:21:13.7657235Z       <Function test_external_mod_exact_cardinality[rows4-external_mod_ambiguous]>
2026-10-07T01:21:13.7657489Z       <Function test_external_mod_exact_cardinality[rows5-external_mod_ambiguous]>
2026-10-07T01:21:13.7657701Z       <Function test_external_mod_unique_valid_scope_and_ip_rules>
2026-10-07T01:21:13.7658066Z       <Function test_traceability_requires_explicit_versioned_mode[None-None-traceability_mode_unknown]>
2026-10-07T01:21:13.7658346Z       <Function test_traceability_requires_explicit_versioned_mode[started-None-None]>
2026-10-07T01:21:13.7658663Z       <Function test_traceability_requires_explicit_versioned_mode[started-CONNECT_TAP-None]>
2026-10-07T01:21:13.7659024Z       <Function test_traceability_requires_explicit_versioned_mode[started-OTHER-cis_status_not_allowed]>
2026-10-07T01:21:13.7659328Z       <Function test_traceability_requires_explicit_versioned_mode[not_started-OTHER-None]>
2026-10-07T01:21:13.7659730Z       <Function test_traceability_requires_explicit_versioned_mode[not_started-MOVING_BY_UD-cis_status_not_allowed]>
2026-10-07T01:21:13.7659944Z       <Function test_builder_group_split_exact_bytes_and_moscow_date>
2026-10-07T01:21:13.7660164Z       <Coroutine test_emulator_sign_submit_recover_once[None-False]>
2026-10-07T01:21:13.7660376Z       <Coroutine test_emulator_sign_submit_recover_once[None-True]>
2026-10-07T01:21:13.7660602Z       <Coroutine test_emulator_sign_submit_recover_once[expired-False]>
2026-10-07T01:21:13.7660823Z       <Coroutine test_emulator_sign_submit_recover_once[expired-True]>
2026-10-07T01:21:13.7661152Z       <Coroutine test_emulator_sign_submit_recover_once[401-False]>
2026-10-07T01:21:13.7661352Z       <Coroutine test_emulator_sign_submit_recover_once[401-True]>
2026-10-07T01:21:13.7661542Z       <Coroutine test_missing_mod_retry_and_evidence_scope>
2026-10-07T01:21:13.7661688Z     <Module test_withdrawal_readiness.py>
2026-10-07T01:21:13.7662023Z       <Function test_versioned_official_traceability_has_no_invented_dates>
2026-10-07T01:21:13.7662245Z       <Function test_provider_ki_preserves_original_and_projects_gs1[]>
2026-10-07T01:21:13.7662609Z       <Function test_provider_ki_preserves_original_and_projects_gs1[\x1d91fixture\x1d92cryptographic-data]>
2026-10-07T01:21:13.7662824Z       <Function test_ambiguous_provider_codes_fail_before_http[bad]>
2026-10-07T01:21:13.7663091Z       <Function test_ambiguous_provider_codes_fail_before_http[010460123456789021]>
2026-10-07T01:21:13.7663404Z       <Function test_ambiguous_provider_codes_fail_before_http[010460123456789021abc\x1d10batch]>
2026-10-07T01:21:13.7663699Z       <Function test_ambiguous_provider_codes_fail_before_http[010460123456789021abc\x1d92]>
2026-10-07T01:21:13.7663972Z       <Function test_ambiguous_provider_codes_fail_before_http[010460123456789021abc\n]>
2026-10-07T01:21:13.7664216Z       <Coroutine test_auth_provider_error_fields_survive_without_tokens[200]>
2026-10-07T01:21:13.7664452Z       <Coroutine test_auth_provider_error_fields_survive_without_tokens[400]>
2026-10-07T01:21:13.7664686Z       <Coroutine test_auth_provider_error_fields_survive_without_tokens[401]>
2026-10-07T01:21:13.7664920Z       <Coroutine test_auth_provider_error_fields_survive_without_tokens[403]>
2026-10-07T01:21:13.7665156Z       <Coroutine test_auth_provider_error_fields_survive_without_tokens[422]>
2026-10-07T01:21:13.7665385Z       <Coroutine test_auth_provider_error_fields_survive_without_tokens[429]>
2026-10-07T01:21:13.7665739Z       <Coroutine test_auth_provider_error_fields_survive_without_tokens[500]>
2026-10-07T01:21:13.7665977Z       <Coroutine test_auth_provider_error_fields_survive_without_tokens[503]>
2026-10-07T01:21:13.7666218Z       <Coroutine test_retry_after_defers_shared_participant_without_replay>
2026-10-07T01:21:13.7666461Z       <Function test_postgresql_real_migration_guards_and_downgrade_cleanup>
2026-10-07T01:21:13.7666688Z       <Function test_deployment_roles_share_image_and_safe_configuration>
2026-10-07T01:21:13.7666968Z       <Function test_official_contract_fixture_manifest_is_linked_to_executable_tests>
2026-10-07T01:21:13.7667177Z       <Coroutine test_postgresql_recovery_skips_a_locked_document>
2026-10-07T01:21:13.7667397Z       <Coroutine test_old_401_cannot_clear_new_reauthenticated_session>
2026-10-07T01:21:13.7667672Z       <Coroutine test_sign_in_always_sends_server_inn_and_obeys_crpt_expiry[7701234567]>
2026-10-07T01:21:13.7667960Z       <Coroutine test_sign_in_always_sends_server_inn_and_obeys_crpt_expiry[123456789012]>
2026-10-07T01:21:13.7668241Z       <Coroutine test_same_provider_ki_with_different_crypto_tail_cannot_be_claimed_twice>
2026-10-07T01:21:13.7668397Z     <Module test_withdrawal_review_fixes.py>
2026-10-07T01:21:13.7668671Z       <Coroutine test_production_gate_blocks_submit_but_does_not_block_read_recovery>
2026-10-07T01:21:13.7668848Z       <Function test_no_persistent_mod_registry_or_api>
2026-10-07T01:21:13.7669541Z       <Coroutine test_terminal_reject_projects_provider_fields_and_preserves_raw[errors0-None-E42-\u0424\u0430\u043a\u0442\u0438\u0447\u0435\u0441\u043a\u0430\u044f \u043e\u0448\u0438\u0431\u043a\u0430]>
2026-10-07T01:21:13.7670099Z       <Coroutine test_terminal_reject_projects_provider_fields_and_preserves_raw[errors1-common1-INTRO_ERROR-\u041e\u0448\u0438\u0431\u043a\u0430 \u0427\u0417]>
2026-10-07T01:21:13.7670615Z       <Coroutine test_terminal_reject_projects_provider_fields_and_preserves_raw[errors2-None-29-\u041d\u0435\u0432\u0435\u0440\u043d\u044b\u0439 JSON]>
2026-10-07T01:21:13.7670850Z       <Coroutine test_mod_pages_require_stable_exact_total[pages0-True]>
2026-10-07T01:21:13.7671193Z       <Coroutine test_mod_pages_require_stable_exact_total[pages1-True]>
2026-10-07T01:21:13.7671423Z       <Coroutine test_mod_pages_require_stable_exact_total[pages2-False]>
2026-10-07T01:21:13.7671646Z       <Coroutine test_mod_pages_require_stable_exact_total[pages3-False]>
2026-10-07T01:21:13.7672084Z       <Coroutine test_mod_pages_require_stable_exact_total[pages4-False]>
2026-10-07T01:21:13.7672308Z       <Coroutine test_mod_pages_require_stable_exact_total[pages5-False]>
2026-10-07T01:21:13.7672557Z       <Coroutine test_mod_pages_require_stable_exact_total[pages6-False]>
2026-10-07T01:21:13.7672778Z       <Coroutine test_mod_pages_require_stable_exact_total[pages7-False]>
2026-10-07T01:21:13.7672924Z     <Module test_withdrawal_row_status.py>
2026-10-07T01:21:13.7673277Z       <Function test_project_item_status_covers_the_full_state_machine[None-None-False-not_withdrawn]>
2026-10-07T01:21:13.7673627Z       <Function test_project_item_status_covers_the_full_state_machine[pending-None-False-not_withdrawn]>
2026-10-07T01:21:13.7674034Z       <Function test_project_item_status_covers_the_full_state_machine[pending-pending_signature-False-not_withdrawn]>
2026-10-07T01:21:13.7674423Z       <Function test_project_item_status_covers_the_full_state_machine[pending-pending_signature-True-transferring]>
2026-10-07T01:21:13.7674795Z       <Function test_project_item_status_covers_the_full_state_machine[pending-submitting-True-transferring]>
2026-10-07T01:21:13.7675155Z       <Function test_project_item_status_covers_the_full_state_machine[pending-submitted-True-awaiting_crpt]>
2026-10-07T01:21:13.7675531Z       <Function test_project_item_status_covers_the_full_state_machine[pending-reconciling-True-awaiting_crpt]>
2026-10-07T01:21:13.7675882Z       <Function test_project_item_status_covers_the_full_state_machine[pending-succeeded-True-transferring]>
2026-10-07T01:21:13.7676364Z       <Function test_project_item_status_covers_the_full_state_machine[pending-failed-True-transferring]>
2026-10-07T01:21:13.7676733Z       <Function test_project_item_status_covers_the_full_state_machine[succeeded-succeeded-True-withdrawn]>
2026-10-07T01:21:13.7677057Z       <Function test_project_item_status_covers_the_full_state_machine[failed-failed-True-error]>
2026-10-07T01:21:13.7677284Z       <Coroutine test_registry_projects_signed_pending_as_transferring>
2026-10-07T01:21:13.7677570Z       <Coroutine test_registry_marks_in_flight_row_as_resumable_only_when_token_expired>
2026-10-07T01:21:13.7677836Z       <Coroutine test_registry_sql_does_not_select_exact_payload_or_signature_value>
2026-10-07T01:21:13.7677980Z     <Module test_withdrawal_wms563.py>
2026-10-07T01:21:13.7678199Z       <Coroutine test_registry_accepts_page_size_from_query_string>
2026-10-07T01:21:13.7678415Z       <Coroutine test_create_accepts_selection_larger_than_one_page>
2026-10-07T01:21:13.7678580Z     <Module test_wms056_receiving_tare_audit.py>
2026-10-07T01:21:13.7678853Z       <Coroutine test_box_line_removal_writes_audit_row_with_actor_and_qty_before_after>
2026-10-07T01:21:13.7679075Z       <Coroutine test_cargo_place_line_removal_writes_audit_row>
2026-10-07T01:21:13.7679231Z     <Module test_wms058_pick_availability.py>
2026-10-07T01:21:13.7679481Z       <Coroutine test_two_wb_supplies_cannot_assign_same_physical_unit[loose]>
2026-10-07T01:21:13.7679718Z       <Coroutine test_two_wb_supplies_cannot_assign_same_physical_unit[box]>
2026-10-07T01:21:13.7679964Z       <Coroutine test_two_wb_supplies_cannot_assign_same_physical_unit[sorting]>
2026-10-07T01:21:13.7680226Z       <Coroutine test_ozon_undo_returns_to_original_box_and_repeat_pick_is_single>
2026-10-07T01:21:13.7680486Z       <Coroutine test_mp_collection_cannot_spend_fbs_reservation_across_locations>
2026-10-07T01:21:13.7680708Z       <Coroutine test_ozon_set_quantity_undo_targets_selected_box[box]>
2026-10-07T01:21:13.7680960Z       <Coroutine test_ozon_set_quantity_undo_targets_selected_box[sorting_box]>
2026-10-07T01:21:13.7681207Z       <Coroutine test_ozon_sorting_box_set_is_final_quantity_without_movements>
2026-10-07T01:21:13.7681584Z       <Coroutine test_ozon_sorting_box_scan_response_matches_get_and_set_undo>
2026-10-07T01:21:13.7681980Z       <Coroutine test_ozon_old_null_pick_stays_at_place_without_invented_container[False]>
2026-10-07T01:21:13.7682261Z       <Coroutine test_ozon_old_null_pick_stays_at_place_without_invented_container[True]>
2026-10-07T01:21:13.7682406Z     <Module test_wms121_selection_reset.py>
2026-10-07T01:21:13.7682604Z       <Coroutine test_wms121_cross_seller_selection_is_rejected>
2026-10-07T01:21:13.7682818Z       <Coroutine test_wms121_cross_marketplace_selection_is_rejected>
2026-10-07T01:21:13.7682985Z     <Module test_wms153_count_post_concurrency.py>
2026-10-07T01:21:13.7683261Z       <Coroutine test_two_filtered_counts_do_not_upgrade_shared_container_locks[box]>
2026-10-07T01:21:13.7683570Z       <Coroutine test_two_filtered_counts_do_not_upgrade_shared_container_locks[cargo_place]>
2026-10-07T01:21:13.7683848Z       <Coroutine test_two_filtered_counts_do_not_upgrade_shared_container_locks[pallet]>
2026-10-07T01:21:13.7684180Z       <Coroutine test_post_does_not_wait_on_reverse_container_or_balance_to_product_order[container]>
2026-10-07T01:21:13.7684499Z       <Coroutine test_post_does_not_wait_on_reverse_container_or_balance_to_product_order[balance]>
2026-10-07T01:21:13.7684796Z       <Coroutine test_normal_nonempty_refusal_rolls_back_before_returning_to_service_caller>
2026-10-07T01:21:13.7685081Z       <Coroutine test_full_count_posts_both_products_and_removes_confirmed_container[box]>
2026-10-07T01:21:13.7685398Z       <Coroutine test_full_count_posts_both_products_and_removes_confirmed_container[cargo_place]>
2026-10-07T01:21:13.7685693Z       <Coroutine test_full_count_posts_both_products_and_removes_confirmed_container[pallet]>
2026-10-07T01:21:13.7685859Z     <Module test_wms156_discrepancy_concurrency.py>
2026-10-07T01:21:13.7686203Z       <Coroutine test_postgres_two_approvals_reread_stale_act>
2026-10-07T01:21:13.7686440Z       <Coroutine test_postgres_approve_rereads_balance_after_product_wait>
2026-10-07T01:21:13.7686691Z       <Coroutine test_postgres_empty_container_delete_waits_for_stock_writer>
2026-10-07T01:21:13.7686831Z     <Module test_wms270_login_leak.py>
2026-10-07T01:21:13.7687023Z       <Coroutine test_login_wrong_email_returns_unified_401>
2026-10-07T01:21:13.7687224Z       <Coroutine test_login_wrong_password_returns_unified_401>
2026-10-07T01:21:13.7687410Z       <Coroutine test_login_correct_credentials_returns_token>
2026-10-07T01:21:13.7687624Z       <Coroutine test_login_pending_password_setup_hidden_as_401>
2026-10-07T01:21:13.7687839Z       <Coroutine test_login_missing_vs_wrong_password_timing_close>
2026-10-07T01:21:13.7687989Z     <Module test_wms270_login_rate_limit.py>
2026-10-07T01:21:13.7688216Z       <Coroutine test_sixth_failed_attempt_returns_429_with_retry_after>
2026-10-07T01:21:13.7688432Z       <Coroutine test_successful_login_releases_only_its_own_attempt>
2026-10-07T01:21:13.7688629Z       <Coroutine test_rate_limit_scope_is_per_ip_across_emails>
2026-10-07T01:21:13.7688805Z       <Coroutine test_rate_limit_configurable_window>
2026-10-07T01:21:13.7689048Z       <Coroutine test_spoofed_forwarding_headers_do_not_reset_client_limit>
2026-10-07T01:21:13.7689286Z       <Function test_concurrent_attempts_are_charged_before_password_check>
2026-10-07T01:21:13.7689503Z       <Function test_limiter_bounds_memory_and_reclaims_expired_clients>
2026-10-07T01:21:13.7689798Z       <Coroutine test_concurrent_http_logins_are_limited_while_authentication_is_pending>
2026-10-07T01:21:13.7690077Z       <Coroutine test_asgi_trusted_proxy_preserves_clients_and_ignores_spoofed_prefix>
2026-10-07T01:21:13.7690300Z       <Coroutine test_password_reset_limits_work_before_scheduling_mail>
2026-10-07T01:21:13.7690456Z     <Module test_wms325_document_mutations.py>
2026-10-07T01:21:13.7690670Z       <Coroutine test_outbound_http_auth_mutations_noop_and_snapshot>
2026-10-07T01:21:13.7690896Z       <Coroutine test_outbound_delete_last_line_preserves_composition>
2026-10-07T01:21:13.7691248Z       <Coroutine test_discrepancy_lifecycle_and_line_deletion[approve]>
2026-10-07T01:21:13.7691467Z       <Coroutine test_discrepancy_lifecycle_and_line_deletion[reject]>
2026-10-07T01:21:13.7691679Z       <Coroutine test_boxes_removal_clear_delete_actor_and_rollback>
2026-10-07T01:21:13.7691964Z       <Coroutine test_distribution_both_directions_and_noop>
2026-10-07T01:21:13.7692184Z       <Coroutine test_print_first_open_http_identity_noop_and_rollback>
2026-10-07T01:21:13.7692412Z       <Coroutine test_confirm_packed_http_quantity_status_no_extra_work>
2026-10-07T01:21:13.7692626Z       <Coroutine test_box_pack_recalculation_system_even_with_viewer>
2026-10-07T01:21:13.7692844Z       <Coroutine test_history_storage_failure_does_not_block_outbound>
2026-10-07T01:21:13.7693114Z       <Coroutine test_creation_audit_rolls_back_with_document[outbound_shipment]>
2026-10-07T01:21:13.7693363Z       <Coroutine test_creation_audit_rolls_back_with_document[discrepancy_act]>
2026-10-07T01:21:13.7693539Z     <Module test_wms325_inbound_unload_mutations.py>
2026-10-07T01:21:13.7693840Z       <Coroutine test_inbound_fields_noop_storage_actor_snapshot_and_no_observer_duplicates>
2026-10-07T01:21:13.7694092Z       <Coroutine test_inbound_box_damage_close_print_delete_and_tenant_boundary>
2026-10-07T01:21:13.7694386Z       <Coroutine test_cargo_and_precreated_boxes_survive_document_delete_and_creation_retry>
2026-10-07T01:21:13.7694584Z       <Coroutine test_unload_box_lifecycle_and_document_cascade>
2026-10-07T01:21:13.7694834Z       <Coroutine test_unload_automatic_empty_box_cleanup_records_system_context>
2026-10-07T01:21:13.7695100Z       <Coroutine test_failed_business_commit_rolls_back_new_box_and_audit[inbound]>
2026-10-07T01:21:13.7695360Z       <Coroutine test_failed_business_commit_rolls_back_new_box_and_audit[unload]>
2026-10-07T01:21:13.7695818Z       <Coroutine test_postgres_audit_insert_failure_does_not_abort_document_create[inbound]>
2026-10-07T01:21:13.7696123Z       <Coroutine test_postgres_audit_insert_failure_does_not_abort_document_create[unload]>
2026-10-07T01:21:13.7696364Z       <Coroutine test_unload_ready_box_writers_audit_once_after_success[attach]>
2026-10-07T01:21:13.7696612Z       <Coroutine test_unload_ready_box_writers_audit_once_after_success[copy]>
2026-10-07T01:21:13.7696860Z       <Coroutine test_coordinator_zero_box_discrepancy_still_allows_receiving>
2026-10-07T01:21:13.7697037Z     <Module test_wms325_invoice_cancel_concurrency.py>
2026-10-07T01:21:13.7697359Z       <Coroutine test_cancel_two_authenticated_requests_one_committed_transition[False-legacy]>
2026-10-07T01:21:13.7697646Z       <Coroutine test_cancel_two_authenticated_requests_one_committed_transition[False-v2]>
2026-10-07T01:21:13.7697956Z       <Coroutine test_cancel_two_authenticated_requests_one_committed_transition[True-legacy]>
2026-10-07T01:21:13.7698247Z       <Coroutine test_cancel_two_authenticated_requests_one_committed_transition[True-v2]>
2026-10-07T01:21:13.7698442Z       <Coroutine test_missing_invoice_has_no_history[legacy]>
2026-10-07T01:21:13.7698620Z       <Coroutine test_missing_invoice_has_no_history[v2]>
2026-10-07T01:21:13.7698792Z     <Module test_wms325_marking_template_mutations.py>
2026-10-07T01:21:13.7699011Z       <Coroutine test_pool_http_actor_noop_rejection_and_admin_history>
2026-10-07T01:21:13.7699257Z       <Coroutine test_template_http_default_peers_owner_and_deleted_identity>
2026-10-07T01:21:13.7699541Z       <Coroutine test_mutation_rollback_and_real_audit_sql_failure[rollback-threshold]>
2026-10-07T01:21:13.7699817Z       <Coroutine test_mutation_rollback_and_real_audit_sql_failure[rollback-products]>
2026-10-07T01:21:13.7700083Z       <Coroutine test_mutation_rollback_and_real_audit_sql_failure[rollback-create]>
2026-10-07T01:21:13.7700343Z       <Coroutine test_mutation_rollback_and_real_audit_sql_failure[rollback-update]>
2026-10-07T01:21:13.7700604Z       <Coroutine test_mutation_rollback_and_real_audit_sql_failure[rollback-delete]>
2026-10-07T01:21:13.7701040Z       <Coroutine test_mutation_rollback_and_real_audit_sql_failure[audit_failure-threshold]>
2026-10-07T01:21:13.7701335Z       <Coroutine test_mutation_rollback_and_real_audit_sql_failure[audit_failure-products]>
2026-10-07T01:21:13.7701619Z       <Coroutine test_mutation_rollback_and_real_audit_sql_failure[audit_failure-create]>
2026-10-07T01:21:13.7701994Z       <Coroutine test_mutation_rollback_and_real_audit_sql_failure[audit_failure-update]>
2026-10-07T01:21:13.7702267Z       <Coroutine test_mutation_rollback_and_real_audit_sql_failure[audit_failure-delete]>
2026-10-07T01:21:13.7702592Z       <Coroutine test_concurrent_repeated_mutation_one_event_and_fresh_identity[False-threshold]>
2026-10-07T01:21:13.7702911Z       <Coroutine test_concurrent_repeated_mutation_one_event_and_fresh_identity[False-products]>
2026-10-07T01:21:13.7703223Z       <Coroutine test_concurrent_repeated_mutation_one_event_and_fresh_identity[False-update]>
2026-10-07T01:21:13.7703535Z       <Coroutine test_concurrent_repeated_mutation_one_event_and_fresh_identity[True-threshold]>
2026-10-07T01:21:13.7703850Z       <Coroutine test_concurrent_repeated_mutation_one_event_and_fresh_identity[True-products]>
2026-10-07T01:21:13.7704152Z       <Coroutine test_concurrent_repeated_mutation_one_event_and_fresh_identity[True-update]>
2026-10-07T01:21:13.7704395Z       <Coroutine test_detach_retains_operation_ids_without_cis[none-False]>
2026-10-07T01:21:13.7704631Z       <Coroutine test_detach_retains_operation_ids_without_cis[none-True]>
2026-10-07T01:21:13.7704884Z       <Coroutine test_detach_retains_operation_ids_without_cis[rollback-False]>
2026-10-07T01:21:13.7705130Z       <Coroutine test_detach_retains_operation_ids_without_cis[rollback-True]>
2026-10-07T01:21:13.7705391Z       <Coroutine test_detach_retains_operation_ids_without_cis[audit_failure-False]>
2026-10-07T01:21:13.7705782Z       <Coroutine test_detach_retains_operation_ids_without_cis[audit_failure-True]>
2026-10-07T01:21:13.7706120Z       <Coroutine test_concurrent_default_changes_serialize_scope_without_stale_peer_audits[switch]>
2026-10-07T01:21:13.7706482Z       <Coroutine test_concurrent_default_changes_serialize_scope_without_stale_peer_audits[create_empty]>
2026-10-07T01:21:13.7706768Z       <Coroutine test_concurrent_deletion_records_only_persisted_actor[False-template]>
2026-10-07T01:21:13.7707056Z       <Coroutine test_concurrent_deletion_records_only_persisted_actor[False-attachment]>
2026-10-07T01:21:13.7707324Z       <Coroutine test_concurrent_deletion_records_only_persisted_actor[True-template]>
2026-10-07T01:21:13.7707612Z       <Coroutine test_concurrent_deletion_records_only_persisted_actor[True-attachment]>
2026-10-07T01:21:13.7707886Z       <Coroutine test_template_creation_api_uses_authenticated_actor_for_shared_scope>
2026-10-07T01:21:13.7708223Z       <Coroutine test_pool_replacement_races_additive_insert_without_parent_fk_cycle_or_false_actor>
2026-10-07T01:21:13.7708374Z     <Module test_wms325_print_lock_order.py>
2026-10-07T01:21:13.7708591Z       <Coroutine test_open_content_vs_ozon_recovery_has_no_deadlock>
2026-10-07T01:21:13.7708837Z       <Coroutine test_two_first_opens_record_once_with_rollback[False-False]>
2026-10-07T01:21:13.7709075Z       <Coroutine test_two_first_opens_record_once_with_rollback[False-True]>
2026-10-07T01:21:13.7709307Z       <Coroutine test_two_first_opens_record_once_with_rollback[True-False]>
2026-10-07T01:21:13.7709539Z       <Coroutine test_two_first_opens_record_once_with_rollback[True-True]>
2026-10-07T01:21:13.7709766Z       <Coroutine test_unlocked_identity_hint_is_revalidated[False-False]>
2026-10-07T01:21:13.7709994Z       <Coroutine test_unlocked_identity_hint_is_revalidated[True-False]>
2026-10-07T01:21:13.7710216Z       <Coroutine test_unlocked_identity_hint_is_revalidated[False-True]>
2026-10-07T01:21:13.7710419Z       <Coroutine test_content_does_not_read_cross_tenant_order>
2026-10-07T01:21:13.7710594Z     <Module test_wms325_settings_billing_mutations.py>
2026-10-07T01:21:13.7710888Z       <Coroutine test_settings_all_fields_noop_authenticated_actor_and_admin_only_history>
2026-10-07T01:21:13.7711278Z       <Coroutine test_profiles_create_normalize_change_noop_invalid_snapshot[False]>
2026-10-07T01:21:13.7711545Z       <Coroutine test_profiles_create_normalize_change_noop_invalid_snapshot[True]>
2026-10-07T01:21:13.7712067Z       <Coroutine test_legacy_tariff_audits_new_and_closed_versions_without_extra_financial_fact>
2026-10-07T01:21:13.7712315Z       <Coroutine test_matrix_versions_toggle_noop_and_invalid_batch_rollback>
2026-10-07T01:21:13.7712538Z       <Coroutine test_storage_tariff_delegates_one_system_fact_and_noop>
2026-10-07T01:21:13.7712826Z       <Coroutine test_invoice_v2_create_retry_and_distinct_cancel_actor_without_manual_text>
2026-10-07T01:21:13.7713072Z       <Coroutine test_legacy_invoice_create_retry_cancel_and_amount_unchanged>
2026-10-07T01:21:13.7713401Z       <Coroutine test_postgresql_audit_rejection_preserves_existing_business_operation[settings]>
2026-10-07T01:21:13.7713727Z       <Coroutine test_postgresql_audit_rejection_preserves_existing_business_operation[profile]>
2026-10-07T01:21:13.7714046Z       <Coroutine test_postgresql_audit_rejection_preserves_existing_business_operation[tariff]>
2026-10-07T01:21:13.7714357Z       <Coroutine test_postgresql_audit_rejection_preserves_existing_business_operation[matrix]>
2026-10-07T01:21:13.7714667Z       <Coroutine test_postgresql_audit_rejection_preserves_existing_business_operation[invoice]>
2026-10-07T01:21:13.7714910Z       <Coroutine test_outer_rollback_removes_mutation_and_history[profile]>
2026-10-07T01:21:13.7715143Z       <Coroutine test_outer_rollback_removes_mutation_and_history[tariff]>
2026-10-07T01:21:13.7715408Z       <Coroutine test_outer_rollback_removes_mutation_and_history[invoice_cancel]>
2026-10-07T01:21:13.7715771Z       <Coroutine test_outer_rollback_removes_mutation_and_history[settings]>
2026-10-07T01:21:13.7715937Z     <Module test_wms325_staff_permission_audit.py>
2026-10-07T01:21:13.7716226Z       <Coroutine test_ff_staff_permissions_patch_writes_audit_with_before_after_and_actor>
2026-10-07T01:21:13.7716502Z       <Coroutine test_ff_staff_permissions_patch_without_change_writes_no_extra_event>
2026-10-07T01:21:13.7716733Z       <Coroutine test_seller_staff_permission_mutations_write_audit_rows>
2026-10-07T01:21:13.7716990Z       <Coroutine test_staff_history_is_available_over_http_and_keeps_rate_changes>
2026-10-07T01:21:13.7717266Z       <Coroutine test_direct_staff_service_records_verified_actor_without_http_context>
2026-10-07T01:21:13.7717422Z     <Module test_wms338_legacy_quota_migration.py>
2026-10-07T01:21:13.7717707Z       <Coroutine test_retire_legacy_schema_preserves_cap_balance_and_ordinary_direction>
2026-10-07T01:21:13.7717905Z     <Module test_wms351_marketplace_publication_switches.py>
2026-10-07T01:21:13.7718193Z       <Coroutine test_independent_switches_roundtrip_and_publish_scope[True-True-False]>
2026-10-07T01:21:13.7718472Z       <Coroutine test_independent_switches_roundtrip_and_publish_scope[True-False-True]>
2026-10-07T01:21:13.7718746Z       <Coroutine test_independent_switches_roundtrip_and_publish_scope[True-True-True]>
2026-10-07T01:21:13.7719035Z       <Coroutine test_independent_switches_roundtrip_and_publish_scope[True-False-False]>
2026-10-07T01:21:13.7719316Z       <Coroutine test_independent_switches_roundtrip_and_publish_scope[False-True-False]>
2026-10-07T01:21:13.7719595Z       <Coroutine test_independent_switches_roundtrip_and_publish_scope[False-False-True]>
2026-10-07T01:21:13.7719874Z       <Coroutine test_independent_switches_roundtrip_and_publish_scope[False-True-True]>
2026-10-07T01:21:13.7720163Z       <Coroutine test_independent_switches_roundtrip_and_publish_scope[False-False-False]>
2026-10-07T01:21:13.7720346Z       <Coroutine test_failed_final_zero_keeps_old_switches>
2026-10-07T01:21:13.7720576Z       <Coroutine test_old_rule_request_freezes_ozon_before_changing_wb>
2026-10-07T01:21:13.7720895Z       <Coroutine test_disabled_allocation_is_preserved_without_blocking_other_marketplace[False]>
2026-10-07T01:21:13.7721339Z       <Coroutine test_disabled_allocation_is_preserved_without_blocking_other_marketplace[True]>
2026-10-07T01:21:13.7721646Z       <Coroutine test_ozon_final_zero_targets_only_changed_product_and_failure_preserves_rule>
2026-10-07T01:21:13.7722017Z       <Coroutine test_bulk_untouched_marketplace_preserves_each_products_legacy_value>
2026-10-07T01:21:13.7722315Z       <Coroutine test_ozon_order_scope_uses_served_independently_of_publication[True-True]>
2026-10-07T01:21:13.7722613Z       <Coroutine test_ozon_order_scope_uses_served_independently_of_publication[True-False]>
2026-10-07T01:21:13.7722903Z       <Coroutine test_ozon_order_scope_uses_served_independently_of_publication[False-True]>
2026-10-07T01:21:13.7723201Z       <Coroutine test_ozon_order_scope_uses_served_independently_of_publication[False-False]>
2026-10-07T01:21:13.7723375Z     <Module test_wms351_publication_concurrency.py>
2026-10-07T01:21:13.7723588Z       <Coroutine test_final_zero_serializes_wb_writers[manual_sync]>
2026-10-07T01:21:13.7723809Z       <Coroutine test_final_zero_serializes_wb_writers[stale_legacy]>
2026-10-07T01:21:13.7723945Z     <Module test_wms363_ozon_tsd.py>
2026-10-07T01:21:13.7724165Z       <Coroutine test_get_fbs_orders_without_marketplace_returns_both>
2026-10-07T01:21:13.7724359Z       <Coroutine test_get_fbs_orders_marketplace_ozon_filter>
2026-10-07T01:21:13.7724536Z       <Coroutine test_get_fbs_orders_marketplace_wb_filter>
2026-10-07T01:21:13.7724723Z       <Coroutine test_get_fbs_orders_marketplace_unknown_422>
2026-10-07T01:21:13.7724912Z       <Coroutine test_get_fbs_supplies_worklist_ozon_filter>
2026-10-07T01:21:13.7725110Z       <Coroutine test_response_marketplace_field_uses_literal>
2026-10-07T01:21:13.7725395Z       <Coroutine test_mobile_worklist_oldest_paginates_before_deadline_and_scopes_tenant>
2026-10-07T01:21:13.7725714Z       <Coroutine test_mobile_worklist_rejects_non_object_cursor>
2026-10-07T01:21:13.7725859Z     <Module test_wms377_network_guard.py>
2026-10-07T01:21:13.7726006Z       <Function test_host_network_guard[]>
2026-10-07T01:21:13.7726181Z       <Function test_host_network_guard[container-ip]>
2026-10-07T01:21:13.7726349Z       <Function test_host_network_guard[wms-subnet]>
2026-10-07T01:21:13.7726509Z       <Function test_host_network_guard[edge-subnet]>
2026-10-07T01:21:13.7726677Z       <Function test_host_network_guard[detached-api]>
2026-10-07T01:21:13.7726860Z       <Function test_host_network_guard[missing-network]>
2026-10-07T01:21:13.7727020Z       <Function test_host_network_guard[two-edges]>
2026-10-07T01:21:13.7727186Z       <Function test_host_network_guard[stopped-api]>
2026-10-07T01:21:13.7727385Z       <Function test_host_network_guard[stopped-wrong-network]>
2026-10-07T01:21:13.7727533Z     <Module test_wms397_pick_scan_order.py>
2026-10-07T01:21:13.7727821Z       <Coroutine test_explicit_oldest_order_overrides_deadline_and_moves_to_picking_area>
2026-10-07T01:21:13.7728060Z       <Coroutine test_web_without_order_uses_oldest_created_order[body0]>
2026-10-07T01:21:13.7728288Z       <Coroutine test_web_without_order_uses_oldest_created_order[body1]>
2026-10-07T01:21:13.7728558Z       <Coroutine test_replay_keeps_original_order_and_new_key_rejects_already_picked>
2026-10-07T01:21:13.7728868Z       <Coroutine test_explicit_invalid_order_does_not_fall_back_to_another_order[other_supply]>
2026-10-07T01:21:13.7729174Z       <Coroutine test_explicit_invalid_order_does_not_fall_back_to_another_order[other_product]>
2026-10-07T01:21:13.7729467Z       <Coroutine test_explicit_invalid_order_does_not_fall_back_to_another_order[cancelled]>
2026-10-07T01:21:13.7729749Z       <Coroutine test_explicit_invalid_order_does_not_fall_back_to_another_order[missing]>
2026-10-07T01:21:13.7730007Z       <Coroutine test_foreign_tenant_order_product_and_supply_are_not_pickable>
2026-10-07T01:21:13.7730295Z       <Coroutine test_selected_order_moves_exact_container_source_to_picking_area[pallet]>
2026-10-07T01:21:13.7730577Z       <Coroutine test_selected_order_moves_exact_container_source_to_picking_area[box]>
2026-10-07T01:21:13.7731022Z       <Coroutine test_selected_order_moves_exact_container_source_to_picking_area[cargo_place]>
2026-10-07T01:21:13.7731288Z       <Coroutine test_order_selection_does_not_bypass_container_validation[False]>
2026-10-07T01:21:13.7731548Z       <Coroutine test_order_selection_does_not_bypass_container_validation[True]>
2026-10-07T01:21:13.7731901Z       <Coroutine test_explicit_ozon_order_uses_existing_position_pick_and_replay>
2026-10-07T01:21:13.7732056Z     <Module test_wms417_stock_http_contract.py>
2026-10-07T01:21:13.7732298Z       <Coroutine test_actual_frontend_save_preserves_units_through_http[1]>
2026-10-07T01:21:13.7732532Z       <Coroutine test_actual_frontend_save_preserves_units_through_http[2]>
2026-10-07T01:21:13.7732844Z       <Coroutine test_manual_binding_http_uses_physical_stock_and_retains_caps_in_percent_mode>
2026-10-07T01:21:13.7733100Z       <Coroutine test_colliding_wb_ozon_ids_survive_actual_frontend_http_edit[1]>
2026-10-07T01:21:13.7733350Z       <Coroutine test_colliding_wb_ozon_ids_survive_actual_frontend_http_edit[2]>
2026-10-07T01:21:13.7733489Z     <Module test_wms417_stock_review.py>
2026-10-07T01:21:13.7733718Z       <Coroutine test_percent_switch_and_legacy_reset_keep_wb_ozon_caps>
2026-10-07T01:21:13.7733990Z       <Coroutine test_rule_views_match_actual_publication_across_organization[False]>
2026-10-07T01:21:13.7734255Z       <Coroutine test_rule_views_match_actual_publication_across_organization[True]>
2026-10-07T01:21:13.7734496Z       <Coroutine test_legacy_set_and_summary_use_free_stock_not_retired_limit>
2026-10-07T01:21:13.7734722Z       <Coroutine test_wb_clear_wrapper_persists_zero_via_actual_callee>
2026-10-07T01:21:13.7734871Z     <Module test_wms417_unload_lock_order.py>
2026-10-07T01:21:13.7735312Z       <Coroutine test_opposite_product_order_waits_then_completes_without_deadlock[replace_lines]>
2026-10-07T01:21:13.7735635Z       <Coroutine test_opposite_product_order_waits_then_completes_without_deadlock[plan_request]>
2026-10-07T01:21:13.7735969Z       <Coroutine test_opposite_product_order_waits_then_completes_without_deadlock[confirm_request]>
2026-10-07T01:21:13.7736137Z     <Module test_wms418_catalog_publication_filter.py>
2026-10-07T01:21:13.7736443Z       <Coroutine test_publication_filter_combines_flags_scope_search_category_and_pagination>
2026-10-07T01:21:13.7736642Z       <Coroutine test_publication_filter_rejects_unknown_value>
2026-10-07T01:21:13.7736788Z     <Module test_wms435_seller_lock_leak.py>
2026-10-07T01:21:13.7737002Z       <Coroutine test_c1_commit_inside_block_does_not_leak_the_lock>
2026-10-07T01:21:13.7737238Z       <Coroutine test_c2_rollback_and_early_return_and_flush_release_the_lock>
2026-10-07T01:21:13.7737474Z       <Coroutine test_c3_db_error_inside_block_propagates_and_releases_lock>
2026-10-07T01:21:13.7737750Z       <Coroutine test_c4_business_exception_inside_block_propagates_and_releases_lock>
2026-10-07T01:21:13.7738015Z       <Coroutine test_c5_nested_try_lock_under_external_lock_session_does_not_wait>
2026-10-07T01:21:13.7738249Z       <Coroutine test_c6_link_confirmed_orders_to_wb_supplies_does_not_leak>
2026-10-07T01:21:13.7738477Z       <Coroutine test_c7_repair_pending_supplies_for_seller_does_not_leak>
2026-10-07T01:21:13.7738734Z       <Coroutine test_c8_add_orders_waits_then_reports_honest_text_and_no_wb_call>
2026-10-07T01:21:13.7739039Z       <Coroutine test_c9_create_supply_waits_then_reports_honest_text_and_no_operation_row>
2026-10-07T01:21:13.7739263Z       <Coroutine test_c10_waiting_for_the_lock_does_not_starve_the_pool>
2026-10-07T01:21:13.7739404Z     <Module test_wms440_concurrency.py>
2026-10-07T01:21:13.7739618Z       <Coroutine test_create_and_scans_concurrent_attempt_identity>
2026-10-07T01:21:13.7739837Z       <Coroutine test_concurrent_tare_scans_consume_ff_loose_units_once>
2026-10-07T01:21:13.7739977Z     <Module test_wms440_ff_intake.py>
2026-10-07T01:21:13.7740160Z       <Coroutine test_ff_single_fact_and_durable_attempts>
2026-10-07T01:21:13.7740531Z       <Coroutine test_stale_completion_attempt_cannot_complete_after_reopen>
2026-10-07T01:21:13.7740796Z       <Coroutine test_sorting_completion_receipt_survives_marking_schedule_failure>
2026-10-07T01:21:13.7740972Z       <Coroutine test_retry_payload_and_scope_validation>
2026-10-07T01:21:13.7741162Z       <Coroutine test_old_receiving_never_adopts_plan[None]>
2026-10-07T01:21:13.7741334Z       <Coroutine test_old_receiving_never_adopts_plan[8]>
2026-10-07T01:21:13.7741494Z       <Coroutine test_seller_plan_is_not_ff_fact>
2026-10-07T01:21:13.7741706Z       <Coroutine test_reception_catalog_and_creation_permissions>
2026-10-07T01:21:13.7741998Z       <Coroutine test_create_failure_rolls_back_retry_receipt>
2026-10-07T01:21:13.7742246Z       <Coroutine test_ff_container_allocation_and_explicit_correction[boxes]>
2026-10-07T01:21:13.7742526Z       <Coroutine test_ff_container_allocation_and_explicit_correction[cargo-places]>
2026-10-07T01:21:13.7742771Z       <Coroutine test_return_creation_keeps_existing_marketplace_path[None]>
2026-10-07T01:21:13.7743037Z       <Coroutine test_return_creation_keeps_existing_marketplace_path[wildberries]>
2026-10-07T01:21:13.7743278Z       <Coroutine test_return_creation_keeps_existing_marketplace_path[ozon]>
2026-10-07T01:21:13.7743559Z       <Coroutine test_old_ff_draft_displays_entered_fact_and_delete_removes_composition>
2026-10-07T01:21:13.7743794Z       <Coroutine test_new_ff_three_units_reach_cell_with_one_charge_and_fact>
2026-10-07T01:21:13.7744180Z       <Coroutine test_explicit_legacy_recount_keeps_tare_without_duplicating_draft_fact[boxes-begin-receiving]>
2026-10-07T01:21:13.7744520Z       <Coroutine test_explicit_legacy_recount_keeps_tare_without_duplicating_draft_fact[boxes-submit]>
2026-10-07T01:21:13.7745054Z       <Coroutine test_explicit_legacy_recount_keeps_tare_without_duplicating_draft_fact[cargo-places-begin-receiving]>
2026-10-07T01:21:13.7745423Z       <Coroutine test_explicit_legacy_recount_keeps_tare_without_duplicating_draft_fact[cargo-places-submit]>
2026-10-07T01:21:13.7745739Z       <Coroutine test_wms473_scan_of_catalog_product_into_box_creates_line_of_empty_ff_document>
2026-10-07T01:21:13.7745894Z     <Module test_wms441_review_regressions.py>
2026-10-07T01:21:13.7746173Z       <Coroutine test_legacy_distribution_can_place_cargo_without_consuming_boxes[0]>
2026-10-07T01:21:13.7746438Z       <Coroutine test_legacy_distribution_can_place_cargo_without_consuming_boxes[2]>
2026-10-07T01:21:13.7746711Z       <Coroutine test_partial_putaway_then_legacy_edit_scan_preserves_receipt[legacy]>
2026-10-07T01:21:13.7746975Z       <Coroutine test_partial_putaway_then_legacy_edit_scan_preserves_receipt[mobile]>
2026-10-07T01:21:13.7747291Z       <Coroutine test_runtime_reconciles_proven_historical_unlinked_map_without_new_movement[1]>
2026-10-07T01:21:13.7747603Z       <Coroutine test_runtime_reconciles_proven_historical_unlinked_map_without_new_movement[2]>
2026-10-07T01:21:13.7747838Z       <Coroutine test_mobile_receipt_survives_older_same_cell_draft[True]>
2026-10-07T01:21:13.7748080Z       <Coroutine test_mobile_receipt_survives_older_same_cell_draft[False]>
2026-10-07T01:21:13.7748346Z       <Coroutine test_runtime_repair_refuses_ambiguous_source_ownership[mixed_ledger]>
2026-10-07T01:21:13.7748625Z       <Coroutine test_runtime_repair_refuses_ambiguous_source_ownership[missing_ledger]>
2026-10-07T01:21:13.7748891Z       <Coroutine test_historical_group_with_two_products_keeps_document_ownership>
2026-10-07T01:21:13.7749028Z     <Module test_wms441_sorting.py>
2026-10-07T01:21:13.7749215Z       <Coroutine test_split_repeat_new_scan_and_completion>
2026-10-07T01:21:13.7749463Z       <Coroutine test_loose_putaway_keeps_a_b_authors_in_existing_map_journal>
2026-10-07T01:21:13.7749670Z       <Coroutine test_mixed_box_loose_no_double_consumption[False]>
2026-10-07T01:21:13.7749884Z       <Coroutine test_mixed_box_loose_no_double_consumption[True]>
2026-10-07T01:21:13.7750088Z       <Coroutine test_concurrent_last_unit_or_sufficient_units[1]>
2026-10-07T01:21:13.7750443Z       <Coroutine test_concurrent_last_unit_or_sufficient_units[2]>
2026-10-07T01:21:13.7750629Z       <Coroutine test_failure_rollback_and_tenant_isolation>
2026-10-07T01:21:13.7750800Z       <Coroutine test_web_context_two_documents_same_sku>
2026-10-07T01:21:13.7751064Z       <Coroutine test_reconcile_requires_linked_movements_and_does_not_move_again>
2026-10-07T01:21:13.7751220Z       <Coroutine test_defect_fact_and_zero_line>
2026-10-07T01:21:13.7751427Z       <Coroutine test_completion_charge_and_author_once[inbound]>
2026-10-07T01:21:13.7751631Z       <Coroutine test_completion_charge_and_author_once[return]>
2026-10-07T01:21:13.7752103Z       <Coroutine test_cargo_and_pallet_putaway_updates_source_document[False]>
2026-10-07T01:21:13.7752353Z       <Coroutine test_cargo_and_pallet_putaway_updates_source_document[True]>
2026-10-07T01:21:13.7752555Z       <Coroutine test_failure_after_debit_rolls_back_all_effects>
2026-10-07T01:21:13.7752766Z       <Coroutine test_http_contract_and_reopen_after_lost_response>
2026-10-07T01:21:13.7752929Z     <Module test_wms444_historical_provenance.py>
2026-10-07T01:21:13.7753198Z       <Coroutine test_historical_partial_removal_preserves_ready_then_bills_new_work>
2026-10-07T01:21:13.7753441Z       <Coroutine test_historical_removal_to_zero_does_not_revive_on_recollect>
2026-10-07T01:21:13.7753674Z       <Coroutine test_pick_set_trims_only_uncovered_historical_box_units>
2026-10-07T01:21:13.7753909Z       <Coroutine test_pick_set_keeps_boxed_coverage_and_other_known_source>
2026-10-07T01:21:13.7754175Z       <Coroutine test_pick_set_trims_unknown_box_units_not_covered_by_unpacked_pick>
2026-10-07T01:21:13.7754429Z       <Coroutine test_pick_set_removes_boxed_packed_not_covered_by_unboxed_unpacked>
2026-10-07T01:21:13.7754817Z       <Coroutine test_pick_set_keeps_unknown_box_when_only_packed_source_is_removed>
2026-10-07T01:21:13.7755079Z       <Coroutine test_pick_set_removes_boxed_known_unpacked_not_covered_by_unknown>
2026-10-07T01:21:13.7755226Z     <Module test_wms445_fbs_contract.py>
2026-10-07T01:21:13.7755457Z       <Coroutine test_scan_oldest_order_not_nearest_deadline_and_retry[wb]>
2026-10-07T01:21:13.7755700Z       <Coroutine test_scan_oldest_order_not_nearest_deadline_and_retry[ozon]>
2026-10-07T01:21:13.7755938Z       <Coroutine test_ozon_route_and_big_warehouse_survive_public_responses>
2026-10-07T01:21:13.7756206Z       <Coroutine test_ozon_position_packing_counts_reread_retry_without_stock_change>
2026-10-07T01:21:13.7756484Z       <Coroutine test_local_delivery_failure_retains_operation_identity_after_rollback>
2026-10-07T01:21:13.7756633Z     <Module test_wms445_fbs_seller_scope.py>
2026-10-07T01:21:13.7756834Z       <Coroutine test_tsd_worklists_hold_effective_seller_scope>
2026-10-07T01:21:13.7756975Z     <Module test_wms445_local_emulators.py>
2026-10-07T01:21:13.7757238Z       <Coroutine test_http_guard_blocks_external_and_redirect_before_transport>
2026-10-07T01:21:13.7757471Z       <Coroutine test_ozon_fixture_preserves_success_after_lost_approve>
2026-10-07T01:21:13.7757616Z     <Module test_wms456_ozon_card_gate.py>
2026-10-07T01:21:13.7757772Z       <Coroutine test_c1_effective_flag_in_api>
2026-10-07T01:21:13.7757989Z       <Coroutine test_c2_ozon_sync_skips_unlinked_product_without_error>
2026-10-07T01:21:13.7758249Z       <Coroutine test_c3_nothing_to_publish_when_only_the_unlinked_product_exists>
2026-10-07T01:21:13.7758436Z       <Coroutine test_c4_real_mapping_error_still_reported>
2026-10-07T01:21:13.7758673Z       <Coroutine test_c5_ozon_applicability_without_common_percent_ceiling>
2026-10-07T01:21:13.7758954Z       <Coroutine test_c6_explicit_true_without_card_saves_false_and_does_not_touch_ozon>
2026-10-07T01:21:13.7759136Z       <Coroutine test_c7_repeating_the_same_save_is_a_no_op>
2026-10-07T01:21:13.7759303Z       <Coroutine test_c8_amounts_and_published_now>
2026-10-07T01:21:13.7759530Z       <Coroutine test_c9_changing_a_does_not_touch_b_or_the_ozon_binding>
2026-10-07T01:21:13.7759855Z       <Coroutine test_c10_a_later_card_does_not_auto_enable_ozon>
2026-10-07T01:21:13.7760010Z     <Module test_wms469_stock_dialog_backend.py>
2026-10-07T01:21:13.7760256Z       <Coroutine test_c7_c8_c10_c14_binding_rules_clamp_and_publish_independently>
2026-10-07T01:21:13.7760518Z       <Coroutine test_c22_identical_repeat_is_idempotent_without_duplicate_pools>
2026-10-07T01:21:13.7760774Z       <Coroutine test_partial_save_materializes_legacy_same_everywhere_neighbour>
2026-10-07T01:21:13.7761023Z       <Coroutine test_partial_save_materializes_legacy_by_warehouse_neighbour>
2026-10-07T01:21:13.7761301Z       <Coroutine test_partial_save_preserves_explicit_neighbour_while_transport_is_off>
2026-10-07T01:21:13.7761538Z       <Coroutine test_ozon_transport_stays_off_without_applicable_product>
2026-10-07T01:21:13.7761859Z       <Coroutine test_explicit_empty_by_binding_payload_changes_nothing>
2026-10-07T01:21:13.7762130Z       <Coroutine test_wms483_units_configured_distinguishes_blank_from_explicit_zero>
2026-10-07T01:21:13.7762358Z       <Function test_wms469_legacy_units_payload_defaults_to_configured>
2026-10-07T01:21:13.7762582Z       <Coroutine test_c31_off_on_preserves_manual_cap_after_stock_drop>
2026-10-07T01:21:13.7762791Z       <Coroutine test_c24_parallel_complete_saves_never_mix_rules>
2026-10-07T01:21:13.7763003Z       <Coroutine test_c23_parallel_same_binding_create_keeps_one_row>
2026-10-07T01:21:13.7763313Z       <Coroutine test_c16_r20_event_publish_starts_within_five_and_confirms_within_ten_seconds>
2026-10-07T01:21:13.7763535Z       <Coroutine test_c13_unserved_binding_remains_a_publication_target>
2026-10-07T01:21:13.7763789Z       <Coroutine test_c20_c21_busy_provider_retries_while_other_provider_proceeds>
2026-10-07T01:21:13.7763993Z       <Coroutine test_busy_provider_stops_after_bounded_attempts>
2026-10-07T01:21:13.7764340Z       <Coroutine test_five_events_coalesce_into_one_follow_up_publish>
2026-10-07T01:21:13.7764561Z       <Coroutine test_event_during_follow_up_pass_gets_its_own_publish>
2026-10-07T01:21:13.7764822Z       <Coroutine test_cross_process_follow_up_waits_for_long_running_lock_holder>
2026-10-07T01:21:13.7765015Z       <Coroutine test_permanent_publish_error_is_not_retried>
2026-10-07T01:21:13.7765214Z       <Coroutine test_rate_limit_retry_respects_provider_backoff>
2026-10-07T01:21:13.7765444Z       <Coroutine test_c26_seller_reads_own_bindings_but_cannot_write_them>
2026-10-07T01:21:13.7765714Z       <Coroutine test_c25_foreign_seller_and_tenant_cannot_read_any_warehouse_endpoint>
2026-10-07T01:21:13.7765957Z       <Coroutine test_c8_http_bulk_save_returns_saved_clamp_and_binding_state>
2026-10-07T01:21:13.7766112Z     <Module test_wms475_added_order_stickers.py>
2026-10-07T01:21:13.7766294Z       <Coroutine test_added_order_sticker_prefetch[ready]>
2026-10-07T01:21:13.7766511Z       <Coroutine test_added_order_sticker_prefetch[transport_error]>
2026-10-07T01:21:13.7766689Z       <Coroutine test_added_order_sticker_prefetch[missing]>
2026-10-07T01:21:13.7766922Z       <Coroutine test_added_order_sticker_prefetch[partial_confirmation]>
2026-10-07T01:21:13.7767098Z       <Coroutine test_added_order_sticker_prefetch[draft]>
2026-10-07T01:21:13.7767297Z       <Coroutine test_added_order_sticker_prefetch[asset_error]>
2026-10-07T01:21:13.7767502Z       <Coroutine test_added_order_sticker_prefetch[storage_mkdir]>
2026-10-07T01:21:13.7767700Z       <Coroutine test_added_order_sticker_prefetch[storage_write]>
2026-10-07T01:21:13.7767898Z       <Function test_storage_read_error_is_domain_error[error0]>
2026-10-07T01:21:13.7768090Z       <Function test_storage_read_error_is_domain_error[error1]>
2026-10-07T01:21:13.7768242Z     <Module test_wms476_auto_marking_import.py>
2026-10-07T01:21:13.7768507Z       <Function test_artifact_extractor_keeps_only_real_or_damaged_matrix_regions>
2026-10-07T01:21:13.7768792Z       <Function test_artifact_extractor_splits_one_image_page_and_preserves_source_order>
2026-10-07T01:21:13.7769060Z       <Coroutine test_auto_import_fresh_pools_are_counted_and_issued_across_uploads>
2026-10-07T01:21:13.7769452Z       <Coroutine test_assign_unmatched_groups_pools_and_retry_does_not_duplicate>
2026-10-07T01:21:13.7769666Z       <Coroutine test_auto_match_combines_shared_article_with_gtin>
2026-10-07T01:21:13.7769903Z       <Coroutine test_auto_match_treats_one_size_label_as_wb_size_zero_only>
2026-10-07T01:21:13.7770203Z       <Coroutine test_lost_assignment_response_reuses_result_and_residual_is_authoritative>
2026-10-07T01:21:13.7770419Z       <Coroutine test_auto_import_partial_assignment_and_residual_pdf>
2026-10-07T01:21:13.7770580Z     <Module test_wms477_marking_verdicts_sync.py>
2026-10-07T01:21:13.7770806Z       <Coroutine test_markings_sync_endpoint_success_updates_workspace>
2026-10-07T01:21:13.7771132Z       <Coroutine test_markings_sync_endpoint_wb_error_leaves_no_partial_write[upstream_error-429]>
2026-10-07T01:21:13.7771452Z       <Coroutine test_markings_sync_endpoint_wb_error_leaves_no_partial_write[upstream_error-503]>
2026-10-07T01:21:13.7771866Z       <Coroutine test_markings_sync_endpoint_wb_error_leaves_no_partial_write[network_error-None]>
2026-10-07T01:21:13.7772141Z       <Coroutine test_sync_marking_verdicts_batch_no_partial_write_across_two_batches>
2026-10-07T01:21:13.7772380Z       <Coroutine test_markings_sync_endpoint_foreign_supply_is_404>
2026-10-07T01:21:13.7772588Z       <Coroutine test_markings_sync_endpoint_ozon_supply_is_a_noop>
2026-10-07T01:21:13.7772792Z       <Coroutine test_markings_sync_endpoint_missing_token_is_403>
2026-10-07T01:21:13.7772988Z       <Coroutine test_markings_sync_endpoint_no_codes_is_a_noop>
2026-10-07T01:21:13.7773287Z       <Coroutine test_sync_marking_verdicts_for_seller_filters_active_supply_and_open_codes>
2026-10-07T01:21:13.7773549Z       <Coroutine test_sync_fbs_marking_verdicts_all_sellers_isolates_seller_errors>
2026-10-07T01:21:13.7774010Z       <Coroutine test_stale_new_cycle_answer_does_not_revert_a_fresher_general_cycle_verdict>
2026-10-07T01:21:13.7774283Z       <Coroutine test_stale_new_cycle_answer_does_not_revert_a_fresher_button_verdict>
2026-10-07T01:21:13.7774520Z       <Coroutine test_replaced_code_during_http_is_not_counted_as_updated>
2026-10-07T01:21:13.7774746Z       <Coroutine test_minute_cycle_skips_seller_when_wb_backoff_is_active>
2026-10-07T01:21:13.7774987Z       <Coroutine test_minute_cycle_records_wb_backoff_after_persistent_429>
2026-10-07T01:21:13.7775283Z       <Coroutine test_stale_single_order_sync_does_not_revert_a_fresher_minute_cycle_verdict>
2026-10-07T01:21:13.7775556Z       <Coroutine test_stale_single_order_sync_does_not_revert_a_fresher_button_verdict>
2026-10-07T01:21:13.7775879Z       <Coroutine test_stale_get_order_metadata_sync_does_not_revert_a_fresher_minute_cycle_verdict>
2026-10-07T01:21:13.7776139Z       <Coroutine test_stale_single_order_sync_does_not_revert_a_fresher_rejection>
2026-10-07T01:21:13.7776511Z       <Coroutine test_http_single_order_sync_vs_http_button_stale_answer[pending-sgtinIntroduced-accepted]>
2026-10-07T01:21:13.7776902Z       <Coroutine test_http_single_order_sync_vs_http_button_stale_answer[sgtinIntroduced-sgtinNotFound-rejected]>
2026-10-07T01:21:13.7777177Z       <Coroutine test_postgresql_marking_verdicts_cycle_lock_skips_concurrent_cycle>
2026-10-07T01:21:13.7777496Z       <Function test_celery_schedule_has_marking_verdicts_entry_separate_from_statuses_autopoll>
2026-10-07T01:21:13.7777782Z       <Coroutine test_postgresql_real_cycles_skip_overlap_and_recover_after_cancellation>
2026-10-07T01:21:13.7778052Z       <Coroutine test_omitted_wb_order_preserves_saved_verdict_and_next_cycle[manual]>
2026-10-07T01:21:13.7778338Z       <Coroutine test_omitted_wb_order_preserves_saved_verdict_and_next_cycle[background]>
2026-10-07T01:21:13.7778601Z       <Coroutine test_omitted_wb_order_preserves_saved_verdict_and_next_cycle[single]>
2026-10-07T01:21:13.7778746Z     <Module test_wms484_client_errors.py>
2026-10-07T01:21:13.7778907Z       <Coroutine test_report_204_and_log_identity>
2026-10-07T01:21:13.7779085Z       <Coroutine test_long_fields_and_stack_are_trimmed>
2026-10-07T01:21:13.7779403Z       <Coroutine test_oversized_body_keeps_truncated_first_field>
2026-10-07T01:21:13.7779550Z       <Coroutine test_unauthenticated_401>
2026-10-07T01:21:13.7779707Z       <Coroutine test_rate_limit_and_window_reset>
2026-10-07T01:21:13.7779857Z       <Coroutine test_rate_limit_is_per_user>
2026-10-07T01:21:13.7780039Z       <Coroutine test_malformed_input_never_500[not-json]>
2026-10-07T01:21:13.7780200Z       <Coroutine test_malformed_input_never_500[[]]>
2026-10-07T01:21:13.7780463Z       <Coroutine test_malformed_input_never_500[{"message":null,"stack":{}}]>
2026-10-07T01:21:13.7780618Z       <Coroutine test_logging_failure_never_500>
2026-10-07T01:21:13.7780767Z     <Module test_wms488_catalog_isolation.py>
2026-10-07T01:21:13.7781019Z       <Coroutine test_scan_returns_only_own_products_for_each_identifier[SKU]>
2026-10-07T01:21:13.7781254Z       <Coroutine test_scan_returns_only_own_products_for_each_identifier[WB]>
2026-10-07T01:21:13.7781497Z       <Coroutine test_scan_returns_only_own_products_for_each_identifier[OZN]>
2026-10-07T01:21:13.7781826Z       <Coroutine test_scan_returns_only_own_products_for_each_identifier[OZ]>
2026-10-07T01:21:13.7782049Z       <Coroutine test_scan_filters_before_ambiguity_and_ozon_fallback>
2026-10-07T01:21:13.7782268Z       <Coroutine test_seller_does_not_resolve_warehouse_objects[BOX]>
2026-10-07T01:21:13.7782485Z       <Coroutine test_seller_does_not_resolve_warehouse_objects[ORDER]>
2026-10-07T01:21:13.7782700Z       <Coroutine test_seller_does_not_resolve_warehouse_objects[WH]>
2026-10-07T01:21:13.7782922Z       <Coroutine test_authorized_ff_scans_keep_tenant_scope[reception]>
2026-10-07T01:21:13.7783157Z       <Coroutine test_authorized_ff_scans_keep_tenant_scope[mp_shipments]>
2026-10-07T01:21:13.7783497Z       <Coroutine test_authorized_ff_scans_keep_tenant_scope[packaging]>
2026-10-07T01:21:13.7783703Z       <Coroutine test_authorized_ff_scans_keep_tenant_scope[cells]>
2026-10-07T01:21:13.7783924Z       <Coroutine test_authorized_ff_scans_keep_tenant_scope[inventory]>
2026-10-07T01:21:13.7784127Z       <Coroutine test_scan_requires_existing_catalog_permissions>
2026-10-07T01:21:13.7784405Z       <Coroutine test_scan_revalidates_active_shop_and_preserves_explicit_delegation>
2026-10-07T01:21:13.7784719Z       <Coroutine test_bulk_honest_sign_requires_products_permission_and_preserves_foreign_rows>
2026-10-07T01:21:13.7784948Z       <Coroutine test_ozon_link_cannot_bypass_product_owner_or_link_owner>
2026-10-07T01:21:13.7785083Z     <Module test_wms488_home_scope.py>
2026-10-07T01:21:13.7785326Z       <Coroutine test_avpack_delegated_tokens_and_all_grants_stay_unchanged>
2026-10-07T01:21:13.7785663Z       <Coroutine test_jobs_require_proven_active_scope_but_not_seller_initiator[avpack-9uczh-False]>
2026-10-07T01:21:13.7785992Z       <Coroutine test_jobs_require_proven_active_scope_but_not_seller_initiator[avpack-9uczh-True]>
2026-10-07T01:21:13.7786348Z       <Coroutine test_jobs_require_proven_active_scope_but_not_seller_initiator[other-shop-tenant-False]>
2026-10-07T01:21:13.7786691Z       <Coroutine test_jobs_require_proven_active_scope_but_not_seller_initiator[other-shop-tenant-True]>
2026-10-07T01:21:13.7786964Z       <Coroutine test_delegated_token_enqueues_active_and_worker_uses_active[False]>
2026-10-07T01:21:13.7787229Z       <Coroutine test_delegated_token_enqueues_active_and_worker_uses_active[True]>
2026-10-07T01:21:13.7787430Z       <Coroutine test_similar_tenant_keeps_delegation[avpack]>
2026-10-07T01:21:13.7787662Z       <Coroutine test_similar_tenant_keeps_delegation[avpack-9uczh-other]>
2026-10-07T01:21:13.7787892Z       <Coroutine test_similar_tenant_keeps_delegation[other-tenant-name]>
2026-10-07T01:21:13.7788125Z       <Coroutine test_active_token_scan_filters_inactive_and_ambiguity[SKU]>
2026-10-07T01:21:13.7788367Z       <Coroutine test_active_token_scan_filters_inactive_and_ambiguity[WB]>
2026-10-07T01:21:13.7788604Z       <Coroutine test_active_token_scan_filters_inactive_and_ambiguity[OZN]>
2026-10-07T01:21:13.7788962Z       <Coroutine test_active_token_scan_filters_inactive_and_ambiguity[OZ]>
2026-10-07T01:21:13.7789222Z       <Coroutine test_own_job_failure_hides_raw_diagnostics_and_mismatched_result>
2026-10-07T01:21:13.7789398Z       <Coroutine test_direct_marketplace_sync_uses_active>
2026-10-07T01:21:13.7789622Z       <Coroutine test_active_token_marking_reads_print_and_ff_catalog>
2026-10-07T01:21:13.7789893Z       <Coroutine test_active_token_cannot_add_inactive_document_line[inbound-intake]>
2026-10-07T01:21:13.7790177Z       <Coroutine test_active_token_cannot_add_inactive_document_line[outbound-shipment]>
2026-10-07T01:21:13.7790505Z       <Coroutine test_active_token_cannot_add_inactive_document_line[marketplace-unload-requests]>
2026-10-07T01:21:13.7790661Z     <Module test_wms488_product_api_matrix.py>
2026-10-07T01:21:13.7791184Z       <Coroutine test_foreign_product_direct_requests_disclose_nothing_and_write_nothing[ordinary-GET-/products/{pid}/dimensions/history-None-b]>
2026-10-07T01:21:13.7791882Z       <Coroutine test_foreign_product_direct_requests_disclose_nothing_and_write_nothing[ordinary-GET-/products/{pid}/dimensions/history-None-foreign]>
2026-10-07T01:21:13.7792452Z       <Coroutine test_foreign_product_direct_requests_disclose_nothing_and_write_nothing[ordinary-PATCH-/products/{pid}/dimensions-body1-b]>
2026-10-07T01:21:13.7792970Z       <Coroutine test_foreign_product_direct_requests_disclose_nothing_and_write_nothing[ordinary-PATCH-/products/{pid}/dimensions-body1-foreign]>
2026-10-07T01:21:13.7793516Z       <Coroutine test_foreign_product_direct_requests_disclose_nothing_and_write_nothing[ordinary-PATCH-/products/{pid}/packaging-instructions-body2-b]>
2026-10-07T01:21:13.7794215Z       <Coroutine test_foreign_product_direct_requests_disclose_nothing_and_write_nothing[ordinary-PATCH-/products/{pid}/packaging-instructions-body2-foreign]>
2026-10-07T01:21:13.7794730Z       <Coroutine test_foreign_product_direct_requests_disclose_nothing_and_write_nothing[ordinary-GET-/products/{pid}/stock-directions-None-b]>
2026-10-07T01:21:13.7795250Z       <Coroutine test_foreign_product_direct_requests_disclose_nothing_and_write_nothing[ordinary-GET-/products/{pid}/stock-directions-None-foreign]>
2026-10-07T01:21:13.7795757Z       <Coroutine test_foreign_product_direct_requests_disclose_nothing_and_write_nothing[ordinary-POST-/products/{pid}/stock-directions-body4-b]>
2026-10-07T01:21:13.7796287Z       <Coroutine test_foreign_product_direct_requests_disclose_nothing_and_write_nothing[ordinary-POST-/products/{pid}/stock-directions-body4-foreign]>
2026-10-07T01:21:13.7796788Z       <Coroutine test_foreign_product_direct_requests_disclose_nothing_and_write_nothing[ordinary-PATCH-/products/stock-directions/{did}-body5-b]>
2026-10-07T01:21:13.7797321Z       <Coroutine test_foreign_product_direct_requests_disclose_nothing_and_write_nothing[ordinary-PATCH-/products/stock-directions/{did}-body5-foreign]>
2026-10-07T01:21:13.7797819Z       <Coroutine test_foreign_product_direct_requests_disclose_nothing_and_write_nothing[ordinary-DELETE-/products/stock-directions/{did}-None-b]>
2026-10-07T01:21:13.7798343Z       <Coroutine test_foreign_product_direct_requests_disclose_nothing_and_write_nothing[ordinary-DELETE-/products/stock-directions/{did}-None-foreign]>
2026-10-07T01:21:13.7798806Z       <Coroutine test_foreign_product_direct_requests_disclose_nothing_and_write_nothing[ordinary-GET-/products/{pid}/fbs-rule-None-b]>
2026-10-07T01:21:13.7799294Z       <Coroutine test_foreign_product_direct_requests_disclose_nothing_and_write_nothing[ordinary-GET-/products/{pid}/fbs-rule-None-foreign]>
2026-10-07T01:21:13.7799763Z       <Coroutine test_foreign_product_direct_requests_disclose_nothing_and_write_nothing[ordinary-PUT-/products/{pid}/fbs-rule-body8-b]>
2026-10-07T01:21:13.7800254Z       <Coroutine test_foreign_product_direct_requests_disclose_nothing_and_write_nothing[ordinary-PUT-/products/{pid}/fbs-rule-body8-foreign]>
2026-10-07T01:21:13.7800751Z       <Coroutine test_foreign_product_direct_requests_disclose_nothing_and_write_nothing[ordinary-PATCH-/products/{pid}/fbs-stock-sync-body9-b]>
2026-10-07T01:21:13.7801402Z       <Coroutine test_foreign_product_direct_requests_disclose_nothing_and_write_nothing[ordinary-PATCH-/products/{pid}/fbs-stock-sync-body9-foreign]>
2026-10-07T01:21:13.7802087Z       <Coroutine test_foreign_product_direct_requests_disclose_nothing_and_write_nothing[avpack-active-delegation-GET-/products/{pid}/dimensions/history-None-b]>
2026-10-07T01:21:13.7802694Z       <Coroutine test_foreign_product_direct_requests_disclose_nothing_and_write_nothing[avpack-active-delegation-GET-/products/{pid}/dimensions/history-None-foreign]>
2026-10-07T01:21:13.7803250Z       <Coroutine test_foreign_product_direct_requests_disclose_nothing_and_write_nothing[avpack-active-delegation-PATCH-/products/{pid}/dimensions-body1-b]>
2026-10-07T01:21:13.7803839Z       <Coroutine test_foreign_product_direct_requests_disclose_nothing_and_write_nothing[avpack-active-delegation-PATCH-/products/{pid}/dimensions-body1-foreign]>
2026-10-07T01:21:13.7804449Z       <Coroutine test_foreign_product_direct_requests_disclose_nothing_and_write_nothing[avpack-active-delegation-PATCH-/products/{pid}/packaging-instructions-body2-b]>
2026-10-07T01:21:13.7805085Z       <Coroutine test_foreign_product_direct_requests_disclose_nothing_and_write_nothing[avpack-active-delegation-PATCH-/products/{pid}/packaging-instructions-body2-foreign]>
2026-10-07T01:21:13.7805648Z       <Coroutine test_foreign_product_direct_requests_disclose_nothing_and_write_nothing[avpack-active-delegation-GET-/products/{pid}/stock-directions-None-b]>
2026-10-07T01:21:13.7806237Z       <Coroutine test_foreign_product_direct_requests_disclose_nothing_and_write_nothing[avpack-active-delegation-GET-/products/{pid}/stock-directions-None-foreign]>
2026-10-07T01:21:13.7806927Z       <Coroutine test_foreign_product_direct_requests_disclose_nothing_and_write_nothing[avpack-active-delegation-POST-/products/{pid}/stock-directions-body4-b]>
2026-10-07T01:21:13.7807542Z       <Coroutine test_foreign_product_direct_requests_disclose_nothing_and_write_nothing[avpack-active-delegation-POST-/products/{pid}/stock-directions-body4-foreign]>
2026-10-07T01:21:13.7808116Z       <Coroutine test_foreign_product_direct_requests_disclose_nothing_and_write_nothing[avpack-active-delegation-PATCH-/products/stock-directions/{did}-body5-b]>
2026-10-07T01:21:13.7808715Z       <Coroutine test_foreign_product_direct_requests_disclose_nothing_and_write_nothing[avpack-active-delegation-PATCH-/products/stock-directions/{did}-body5-foreign]>
2026-10-07T01:21:13.7809285Z       <Coroutine test_foreign_product_direct_requests_disclose_nothing_and_write_nothing[avpack-active-delegation-DELETE-/products/stock-directions/{did}-None-b]>
2026-10-07T01:21:13.7809881Z       <Coroutine test_foreign_product_direct_requests_disclose_nothing_and_write_nothing[avpack-active-delegation-DELETE-/products/stock-directions/{did}-None-foreign]>
2026-10-07T01:21:13.7810416Z       <Coroutine test_foreign_product_direct_requests_disclose_nothing_and_write_nothing[avpack-active-delegation-GET-/products/{pid}/fbs-rule-None-b]>
2026-10-07T01:21:13.7810987Z       <Coroutine test_foreign_product_direct_requests_disclose_nothing_and_write_nothing[avpack-active-delegation-GET-/products/{pid}/fbs-rule-None-foreign]>
2026-10-07T01:21:13.7811531Z       <Coroutine test_foreign_product_direct_requests_disclose_nothing_and_write_nothing[avpack-active-delegation-PUT-/products/{pid}/fbs-rule-body8-b]>
2026-10-07T01:21:13.7812181Z       <Coroutine test_foreign_product_direct_requests_disclose_nothing_and_write_nothing[avpack-active-delegation-PUT-/products/{pid}/fbs-rule-body8-foreign]>
2026-10-07T01:21:13.7812751Z       <Coroutine test_foreign_product_direct_requests_disclose_nothing_and_write_nothing[avpack-active-delegation-PATCH-/products/{pid}/fbs-stock-sync-body9-b]>
2026-10-07T01:21:13.7813354Z       <Coroutine test_foreign_product_direct_requests_disclose_nothing_and_write_nothing[avpack-active-delegation-PATCH-/products/{pid}/fbs-stock-sync-body9-foreign]>
2026-10-07T01:21:13.7813808Z       <Coroutine test_seller_cannot_use_ff_creation_import_merge_link_or_print_routes[ordinary-a]>
2026-10-07T01:21:13.7814123Z       <Coroutine test_seller_cannot_use_ff_creation_import_merge_link_or_print_routes[ordinary-b]>
2026-10-07T01:21:13.7814471Z       <Coroutine test_seller_cannot_use_ff_creation_import_merge_link_or_print_routes[ordinary-foreign]>
2026-10-07T01:21:13.7814862Z       <Coroutine test_seller_cannot_use_ff_creation_import_merge_link_or_print_routes[avpack-active-delegation-a]>
2026-10-07T01:21:13.7815243Z       <Coroutine test_seller_cannot_use_ff_creation_import_merge_link_or_print_routes[avpack-active-delegation-b]>
2026-10-07T01:21:13.7815649Z       <Coroutine test_seller_cannot_use_ff_creation_import_merge_link_or_print_routes[avpack-active-delegation-foreign]>
2026-10-07T01:21:13.7815937Z       <Coroutine test_mixed_bulk_requests_preserve_foreign_rows[ordinary-rule-read-b]>
2026-10-07T01:21:13.7816247Z       <Coroutine test_mixed_bulk_requests_preserve_foreign_rows[ordinary-rule-read-foreign]>
2026-10-07T01:21:13.7816533Z       <Coroutine test_mixed_bulk_requests_preserve_foreign_rows[ordinary-rule-write-b]>
2026-10-07T01:21:13.7816839Z       <Coroutine test_mixed_bulk_requests_preserve_foreign_rows[ordinary-rule-write-foreign]>
2026-10-07T01:21:13.7817100Z       <Coroutine test_mixed_bulk_requests_preserve_foreign_rows[ordinary-reset-b]>
2026-10-07T01:21:13.7817385Z       <Coroutine test_mixed_bulk_requests_preserve_foreign_rows[ordinary-reset-foreign]>
2026-10-07T01:21:13.7817648Z       <Coroutine test_mixed_bulk_requests_preserve_foreign_rows[ordinary-sync-b]>
2026-10-07T01:21:13.7817932Z       <Coroutine test_mixed_bulk_requests_preserve_foreign_rows[ordinary-sync-foreign]>
2026-10-07T01:21:13.7818201Z       <Coroutine test_mixed_bulk_requests_preserve_foreign_rows[ordinary-balance-b]>
2026-10-07T01:21:13.7818617Z       <Coroutine test_mixed_bulk_requests_preserve_foreign_rows[ordinary-balance-foreign]>
2026-10-07T01:21:13.7818898Z       <Coroutine test_mixed_bulk_requests_preserve_foreign_rows[ordinary-honest-sign-b]>
2026-10-07T01:21:13.7819212Z       <Coroutine test_mixed_bulk_requests_preserve_foreign_rows[ordinary-honest-sign-foreign]>
2026-10-07T01:21:13.7819563Z       <Coroutine test_mixed_bulk_requests_preserve_foreign_rows[avpack-active-delegation-rule-read-b]>
2026-10-07T01:21:13.7819944Z       <Coroutine test_mixed_bulk_requests_preserve_foreign_rows[avpack-active-delegation-rule-read-foreign]>
2026-10-07T01:21:13.7820296Z       <Coroutine test_mixed_bulk_requests_preserve_foreign_rows[avpack-active-delegation-rule-write-b]>
2026-10-07T01:21:13.7820675Z       <Coroutine test_mixed_bulk_requests_preserve_foreign_rows[avpack-active-delegation-rule-write-foreign]>
2026-10-07T01:21:13.7820997Z       <Coroutine test_mixed_bulk_requests_preserve_foreign_rows[avpack-active-delegation-reset-b]>
2026-10-07T01:21:13.7821355Z       <Coroutine test_mixed_bulk_requests_preserve_foreign_rows[avpack-active-delegation-reset-foreign]>
2026-10-07T01:21:13.7821684Z       <Coroutine test_mixed_bulk_requests_preserve_foreign_rows[avpack-active-delegation-sync-b]>
2026-10-07T01:21:13.7822132Z       <Coroutine test_mixed_bulk_requests_preserve_foreign_rows[avpack-active-delegation-sync-foreign]>
2026-10-07T01:21:13.7822476Z       <Coroutine test_mixed_bulk_requests_preserve_foreign_rows[avpack-active-delegation-balance-b]>
2026-10-07T01:21:13.7822848Z       <Coroutine test_mixed_bulk_requests_preserve_foreign_rows[avpack-active-delegation-balance-foreign]>
2026-10-07T01:21:13.7823191Z       <Coroutine test_mixed_bulk_requests_preserve_foreign_rows[avpack-active-delegation-honest-sign-b]>
2026-10-07T01:21:13.7823575Z       <Coroutine test_mixed_bulk_requests_preserve_foreign_rows[avpack-active-delegation-honest-sign-foreign]>
2026-10-07T01:21:13.7823808Z       <Coroutine test_own_product_actions_remain_available[ordinary]>
2026-10-07T01:21:13.7824092Z       <Coroutine test_own_product_actions_remain_available[avpack-active-delegation]>
2026-10-07T01:21:13.7824581Z       <Coroutine test_seller_export_and_report_ignore_foreign_seller_override[ordinary-/reports/inventory-b]>
2026-10-07T01:21:13.7824972Z       <Coroutine test_seller_export_and_report_ignore_foreign_seller_override[ordinary-/reports/inventory-foreign]>
2026-10-07T01:21:13.7825380Z       <Coroutine test_seller_export_and_report_ignore_foreign_seller_override[ordinary-/reports/inventory/export.xlsx-b]>
2026-10-07T01:21:13.7825823Z       <Coroutine test_seller_export_and_report_ignore_foreign_seller_override[ordinary-/reports/inventory/export.xlsx-foreign]>
2026-10-07T01:21:13.7826258Z       <Coroutine test_seller_export_and_report_ignore_foreign_seller_override[avpack-active-delegation-/reports/inventory-b]>
2026-10-07T01:21:13.7826719Z       <Coroutine test_seller_export_and_report_ignore_foreign_seller_override[avpack-active-delegation-/reports/inventory-foreign]>
2026-10-07T01:21:13.7827197Z       <Coroutine test_seller_export_and_report_ignore_foreign_seller_override[avpack-active-delegation-/reports/inventory/export.xlsx-b]>
2026-10-07T01:21:13.7827707Z       <Coroutine test_seller_export_and_report_ignore_foreign_seller_override[avpack-active-delegation-/reports/inventory/export.xlsx-foreign]>
2026-10-07T01:21:13.7827877Z     <Module test_wms488_shop_manager_migration.py>
2026-10-07T01:21:13.7828176Z       <Coroutine test_migration_preserves_only_existing_eligible_delegated_grants[avpack]>
2026-10-07T01:21:13.7828498Z       <Coroutine test_migration_preserves_only_existing_eligible_delegated_grants[avpack-9uczh]>
2026-10-07T01:21:13.7828867Z       <Function test_migration_keeps_legacy_configuration_resolution[environment0--fallback@merchant.ru]>
2026-10-07T01:21:13.7829395Z       <Function test_migration_keeps_legacy_configuration_resolution[environment1-WMS_SHOP_MANAGER_EMAILS=dotenv@merchant.ru\n-dotenv@merchant.ru]>
2026-10-07T01:21:13.7829855Z       <Function test_migration_keeps_legacy_configuration_resolution[environment2--alias@merchant.ru]>
2026-10-07T01:21:13.7830205Z       <Function test_migration_keeps_legacy_configuration_resolution[environment3--lower@merchant.ru]>
2026-10-07T01:21:13.7830553Z       <Function test_migration_keeps_legacy_configuration_resolution[environment4--primary@merchant.ru]>
2026-10-07T01:21:13.7830699Z     <Module test_wms489_kiz_reprints.py>
2026-10-07T01:21:13.7830968Z       <Coroutine test_kiz_reprint_persists_exact_gs_without_touching_marking_pool>
2026-10-07T01:21:13.7831246Z       <Coroutine test_kiz_reprint_accepts_complete_ai93_payload_from_marking_fixture>
2026-10-07T01:21:13.7831523Z       <Coroutine test_kiz_reprint_rejects_incomplete_or_invalid_codes_without_history>
2026-10-07T01:21:13.7831994Z       <Coroutine test_kiz_reprint_retry_after_lost_save_response_claims_one_print>
2026-10-07T01:21:13.7832276Z       <Coroutine test_kiz_reprint_concurrent_print_claims_allow_one_automatic_launch>
2026-10-07T01:21:13.7832614Z       <Coroutine test_kiz_reprint_idempotency_allows_new_manual_rescan_but_not_delivery_replay>
2026-10-07T01:21:13.7832863Z       <Coroutine test_kiz_reprint_concurrent_same_delivery_creates_one_row>
2026-10-07T01:21:13.7833132Z       <Coroutine test_kiz_reprint_scopes_history_to_tenant_and_reception_permission>
2026-10-07T01:21:13.7833278Z     <Module test_wms490_product_card_api.py>
2026-10-07T01:21:13.7833534Z       <Coroutine test_product_card_matches_catalog_row_and_adds_dimensions_wms490>
2026-10-07T01:21:13.7833786Z       <Coroutine test_product_card_manual_product_without_marketplace_wms490>
2026-10-07T01:21:13.7834014Z       <Coroutine test_product_card_requires_catalog_cells_access_wms490>
2026-10-07T01:21:13.7834293Z       <Coroutine test_product_card_foreign_tenant_and_missing_product_return_404_wms490>
2026-10-07T01:21:13.7834560Z       <Coroutine test_warehouse_map_product_filter_keeps_only_matching_rows_wms490>
2026-10-07T01:21:13.7834822Z       <Coroutine test_product_card_location_warehouses_matches_nonempty_maps_wms490>
2026-10-07T01:21:13.7834975Z     <Module test_wms490_product_movements.py>
2026-10-07T01:21:13.7835333Z       <Coroutine test_full_history_matches_report_for_the_same_period>
2026-10-07T01:21:13.7835560Z       <Coroutine test_full_history_includes_movements_older_than_a_year>
2026-10-07T01:21:13.7835777Z       <Coroutine test_full_history_excludes_location_only_movements>
2026-10-07T01:21:13.7835994Z       <Coroutine test_full_history_pagination_has_no_duplicates_or_gaps>
2026-10-07T01:21:13.7836301Z       <Coroutine test_full_history_pagination_is_stable_when_a_movement_lands_between_pages>
2026-10-07T01:21:13.7836535Z       <Coroutine test_full_history_quantity_sum_matches_accumulated_stock>
2026-10-07T01:21:13.7836742Z       <Coroutine test_full_history_is_empty_for_a_foreign_tenant>
2026-10-07T01:21:13.7836971Z       <Coroutine test_full_history_is_empty_for_a_foreign_seller_account>
2026-10-07T01:21:13.7837216Z       <Coroutine test_list_product_movements_full_history_requires_a_product>
2026-10-07T01:21:13.7837436Z       <Coroutine test_list_product_movements_rejects_a_partial_period>
2026-10-07T01:21:13.7837590Z     <Module test_wms507_avpack_delegation.py>
2026-10-07T01:21:13.7837929Z       <Coroutine test_ordinary_avpack_seller_cannot_use_existing_grant_or_signed_active_token[False]>
2026-10-07T01:21:13.7838260Z       <Coroutine test_ordinary_avpack_seller_cannot_use_existing_grant_or_signed_active_token[True]>
2026-10-07T01:21:13.7838540Z       <Coroutine test_avpack_denied_targets_cannot_switch_or_use_signed_token[disabled]>
2026-10-07T01:21:13.7838820Z       <Coroutine test_avpack_denied_targets_cannot_switch_or_use_signed_token[ungranted]>
2026-10-07T01:21:13.7839094Z       <Coroutine test_avpack_denied_targets_cannot_switch_or_use_signed_token[foreign]>
2026-10-07T01:21:13.7839358Z       <Coroutine test_avpack_denied_targets_cannot_switch_or_use_signed_token[test]>
2026-10-07T01:21:13.7839785Z       <Coroutine test_avpack_toggle_existing_delegation_revokes_old_token_and_restores_switch>
2026-10-07T01:21:13.7840073Z       <Coroutine test_marketplace_unload_create_rejects_nonactive_seller_without_writes>
2026-10-07T01:21:13.7840342Z       <Coroutine test_storage_rebuild_uses_active_scope_for_worker_and_poll[False]>
2026-10-07T01:21:13.7840598Z       <Coroutine test_storage_rebuild_uses_active_scope_for_worker_and_poll[True]>
2026-10-07T01:21:13.7840801Z       <Coroutine test_storage_rebuild_ff_remains_unscoped[admin]>
2026-10-07T01:21:13.7840999Z       <Coroutine test_storage_rebuild_ff_remains_unscoped[staff]>
2026-10-07T01:21:13.7841146Z     <Module test_wms514_scan_auto_print.py>
2026-10-07T01:21:13.7841404Z       <Coroutine test_product_scan_selects_one_order_and_replay_does_not_advance>
2026-10-07T01:21:13.7841638Z       <Coroutine test_all_off_scans_are_inert_and_do_not_consume_first_unit>
2026-10-07T01:21:13.7841970Z       <Coroutine test_scan_idempotency_rejects_changed_checkbox_snapshot>
2026-10-07T01:21:13.7842191Z       <Coroutine test_concurrent_replay_returns_one_scan_selection>
2026-10-07T01:21:13.7842549Z       <Coroutine test_concurrent_distinct_scans_select_distinct_units>
2026-10-07T01:21:13.7842705Z       <Coroutine test_product_scan_is_wb_only>
2026-10-07T01:21:13.7842979Z       <Coroutine test_reprint_product_scan_selects_exact_order_without_allocating_code>
2026-10-07T01:21:13.7843246Z       <Coroutine test_successful_product_bind_atomically_prepares_reprint_recovery>
2026-10-07T01:21:13.7843508Z       <Coroutine test_bound_target_event_stays_out_of_target_and_neighbour_history>
2026-10-07T01:21:13.7843750Z       <Coroutine test_reprint_product_recovers_only_released_canonical_kiz>
2026-10-07T01:21:13.7843959Z       <Coroutine test_reprint_product_blocks_unknown_print_outcome>
2026-10-07T01:21:13.7844228Z       <Coroutine test_atomic_reprint_claim_rejects_replaced_or_cancelled_marking>
2026-10-07T01:21:13.7844457Z       <Coroutine test_concurrent_atomic_reprint_recovery_claims_only_once>
2026-10-07T01:21:13.7844720Z       <Coroutine test_atomic_reprint_recovery_is_tenant_supply_and_request_scoped>
2026-10-07T01:21:13.7844972Z       <Coroutine test_print_target_claim_is_durable_and_never_blindly_retries>
2026-10-07T01:21:13.7845361Z       <Coroutine test_print_target_claim_respects_tenant_and_supply_boundaries>
2026-10-07T01:21:13.7845591Z       <Coroutine test_direct_full_kiz_reprint_does_not_touch_marking_pool>
2026-10-07T01:21:13.7845846Z       <Coroutine test_sequential_packing_skips_packed_and_replays_same_selection>
2026-10-07T01:21:13.7846100Z       <Coroutine test_sequential_binding_receipt_recovers_without_reprinting_kiz>
2026-10-07T01:21:13.7846252Z     <Module test_wms516_physical_warehouse.py>
2026-10-07T01:21:13.7846504Z       <Coroutine test_repair_conserves_627_containers_other_seller_and_replays>
2026-10-07T01:21:13.7846764Z       <Coroutine test_multi_source_merges_mutually_referencing_legacy_warehouses>
2026-10-07T01:21:13.7846977Z       <Coroutine test_drift_and_ambiguous_target_are_durable_blockers>
2026-10-07T01:21:13.7847209Z       <Coroutine test_failure_before_commit_leaves_entire_original_graph>
2026-10-07T01:21:13.7847417Z       <Coroutine test_already_repaired_stock_is_not_added_again>
2026-10-07T01:21:13.7847670Z       <Coroutine test_bulk_writes_to_known_legacy_uuid_are_rejected[False-False]>
2026-10-07T01:21:13.7847921Z       <Coroutine test_bulk_writes_to_known_legacy_uuid_are_rejected[False-True]>
2026-10-07T01:21:13.7848166Z       <Coroutine test_bulk_writes_to_known_legacy_uuid_are_rejected[True-False]>
2026-10-07T01:21:13.7848401Z       <Coroutine test_bulk_writes_to_known_legacy_uuid_are_rejected[True-True]>
2026-10-07T01:21:13.7848590Z       <Coroutine test_parallel_same_run_returns_one_result>
2026-10-07T01:21:13.7848830Z       <Coroutine test_every_physical_fk_is_guarded_against_internal_insert>
2026-10-07T01:21:13.7849092Z       <Coroutine test_foreign_tenant_and_historical_unique_collision_block_repair>
2026-10-07T01:21:13.7849359Z       <Coroutine test_publication_is_scoped_and_recoverable_after_provider_failure>
2026-10-07T01:21:13.7849771Z       <Coroutine test_binding_rejects_legacy_and_defect_but_defect_service_works[wb]>
2026-10-07T01:21:13.7850053Z       <Coroutine test_binding_rejects_legacy_and_defect_but_defect_service_works[ozon]>
2026-10-07T01:21:13.7850280Z       <Coroutine test_nested_document_write_is_guarded_without_location>
2026-10-07T01:21:13.7850490Z       <Coroutine test_nested_document_drift_blocks_rollback[False]>
2026-10-07T01:21:13.7850698Z       <Coroutine test_nested_document_drift_blocks_rollback[True]>
2026-10-07T01:21:13.7850923Z       <Coroutine test_legacy_identity_cannot_be_reactivated_or_renamed>
2026-10-07T01:21:13.7851153Z       <Coroutine test_prepare_evaluates_partial_unique_print_index[False]>
2026-10-07T01:21:13.7851379Z       <Coroutine test_prepare_evaluates_partial_unique_print_index[True]>
2026-10-07T01:21:13.7851557Z       <Coroutine test_binding_rule_drift_blocks_rollback>
2026-10-07T01:21:13.7851891Z       <Coroutine test_prepare_evaluates_partial_unique_tariff_index[False]>
2026-10-07T01:21:13.7852127Z       <Coroutine test_prepare_evaluates_partial_unique_tariff_index[True]>
2026-10-07T01:21:13.7852359Z       <Coroutine test_prepare_evaluates_expression_unique_allocation_index>
2026-10-07T01:21:13.7852620Z       <Coroutine test_repair_rejects_foreign_parent_outside_source_target[seller]>
2026-10-07T01:21:13.7852878Z       <Coroutine test_repair_rejects_foreign_parent_outside_source_target[pallet]>
2026-10-07T01:21:13.7853151Z       <Coroutine test_repair_rejects_foreign_parent_outside_source_target[container]>
2026-10-07T01:21:13.7853450Z       <Coroutine test_repair_rejects_foreign_parent_outside_source_target[third_warehouse]>
2026-10-07T01:21:13.7853698Z       <Coroutine test_repair_parent_ownership_drift_between_prepare_and_apply>
2026-10-07T01:21:13.7853917Z       <Coroutine test_repair_checks_all_columns_of_composite_parent>
2026-10-07T01:21:13.7854193Z       <Coroutine test_repair_rejects_box_parent_in_third_same_tenant_warehouse[pallet]>
2026-10-07T01:21:13.7854482Z       <Coroutine test_repair_rejects_box_parent_in_third_same_tenant_warehouse[location]>
2026-10-07T01:21:13.7854798Z       <Coroutine test_repair_rejects_box_parent_in_third_same_tenant_warehouse[pallet_location]>
2026-10-07T01:21:13.7855181Z       <Coroutine test_physical_parent_scope_drift_is_blocked[apply]>
2026-10-07T01:21:13.7855401Z       <Coroutine test_physical_parent_scope_drift_is_blocked[rollback]>
2026-10-07T01:21:13.7855648Z       <Coroutine test_historical_movement_container_is_not_current_placement>
2026-10-07T01:21:13.7855981Z       <Coroutine test_reversal_ledger_container_is_historical_only_after_completion[False-staged]>
2026-10-07T01:21:13.7856330Z       <Coroutine test_reversal_ledger_container_is_historical_only_after_completion[False-written_off]>
2026-10-07T01:21:13.7856659Z       <Coroutine test_reversal_ledger_container_is_historical_only_after_completion[False-reversed]>
2026-10-07T01:21:13.7856984Z       <Coroutine test_reversal_ledger_container_is_historical_only_after_completion[True-staged]>
2026-10-07T01:21:13.7857316Z       <Coroutine test_reversal_ledger_container_is_historical_only_after_completion[True-written_off]>
2026-10-07T01:21:13.7857644Z       <Coroutine test_reversal_ledger_container_is_historical_only_after_completion[True-reversed]>
2026-10-07T01:21:13.7857857Z       <Coroutine test_container_reference_lifecycle[wb_pick-active]>
2026-10-07T01:21:13.7858089Z       <Coroutine test_container_reference_lifecycle[wb_pick-terminal]>
2026-10-07T01:21:13.7858310Z       <Coroutine test_container_reference_lifecycle[wb_pick-cancelled]>
2026-10-07T01:21:13.7858532Z       <Coroutine test_container_reference_lifecycle[wb_pick-written_off]>
2026-10-07T01:21:13.7858747Z       <Coroutine test_container_reference_lifecycle[ozon_pick-active]>
2026-10-07T01:21:13.7858975Z       <Coroutine test_container_reference_lifecycle[ozon_pick-terminal]>
2026-10-07T01:21:13.7859199Z       <Coroutine test_container_reference_lifecycle[ozon_pick-cancelled]>
2026-10-07T01:21:13.7859551Z       <Coroutine test_container_reference_lifecycle[ozon_pick-written_off]>
2026-10-07T01:21:13.7859767Z       <Coroutine test_container_reference_lifecycle[count_line-active]>
2026-10-07T01:21:13.7859993Z       <Coroutine test_container_reference_lifecycle[count_line-terminal]>
2026-10-07T01:21:13.7860223Z       <Coroutine test_container_reference_lifecycle[count_line-cancelled]>
2026-10-07T01:21:13.7860440Z       <Coroutine test_container_reference_lifecycle[count_box-active]>
2026-10-07T01:21:13.7860659Z       <Coroutine test_container_reference_lifecycle[count_box-terminal]>
2026-10-07T01:21:13.7860881Z       <Coroutine test_container_reference_lifecycle[count_box-cancelled]>
2026-10-07T01:21:13.7861095Z       <Coroutine test_container_reference_lifecycle[allocation-active]>
2026-10-07T01:21:13.7861320Z       <Coroutine test_container_reference_lifecycle[allocation-terminal]>
2026-10-07T01:21:13.7861551Z       <Coroutine test_container_reference_lifecycle[allocation-cancelled]>
2026-10-07T01:21:13.7861824Z     <Module test_wms517_backfill_order_prices.py>
2026-10-07T01:21:13.7862088Z       <Coroutine test_backfill_uses_statistics_then_orders_api_and_is_idempotent>
2026-10-07T01:21:13.7862348Z       <Coroutine test_backfill_falls_back_to_orders_api_without_statistics_access>
2026-10-07T01:21:13.7862534Z     <Module test_wms517_legacy_price_source_contract.py>
2026-10-07T01:21:13.7862826Z       <Coroutine test_valid_sale_is_not_blocked_by_missing_or_bad_legacy_snapshot[missing]>
2026-10-07T01:21:13.7863132Z       <Coroutine test_valid_sale_is_not_blocked_by_missing_or_bad_legacy_snapshot[bad_currency]>
2026-10-07T01:21:13.7863283Z     <Module test_wms517_raw_integer_price.py>
2026-10-07T01:21:13.7863580Z       <Coroutine test_raw_integer_finished_price_is_per_item_error[exception-trace-single]>
2026-10-07T01:21:13.7863921Z       <Coroutine test_raw_integer_finished_price_is_per_item_error[exception-trace-healthy-neighbor]>
2026-10-07T01:21:13.7864202Z       <Coroutine test_raw_integer_finished_price_is_per_item_error[http-status-single]>
2026-10-07T01:21:13.7864522Z       <Coroutine test_raw_integer_finished_price_is_per_item_error[http-status-healthy-neighbor]>
2026-10-07T01:21:13.7864792Z     <Module test_wms517_raw_numeric_price.py>
2026-10-07T01:21:13.7865083Z       <Coroutine test_raw_numeric_finished_price_is_per_item_error[exception-trace-single]>
2026-10-07T01:21:13.7865410Z       <Coroutine test_raw_numeric_finished_price_is_per_item_error[exception-trace-healthy-neighbor]>
2026-10-07T01:21:13.7865683Z       <Coroutine test_raw_numeric_finished_price_is_per_item_error[http-status-single]>
2026-10-07T01:21:13.7865999Z       <Coroutine test_raw_numeric_finished_price_is_per_item_error[http-status-healthy-neighbor]>
2026-10-07T01:21:13.7866145Z     <Module test_wms517_sales_contract.py>
2026-10-07T01:21:13.7866350Z       <Coroutine test_sc1_registry_uses_exact_sale_not_wb_status>
2026-10-07T01:21:13.7866520Z       <Coroutine test_sc1_forged_unsold_create_rejected>
2026-10-07T01:21:13.7866726Z       <Coroutine test_sc2_local_scope_and_exact_rid[wb_rid-None]>
2026-10-07T01:21:13.7866922Z       <Coroutine test_sc2_local_scope_and_exact_rid[wb_rid-]>
2026-10-07T01:21:13.7867150Z       <Coroutine test_sc2_local_scope_and_exact_rid[status-cancelled]>
2026-10-07T01:21:13.7867358Z       <Coroutine test_sc2_local_scope_and_exact_rid[status-defect]>
2026-10-07T01:21:13.7867583Z       <Coroutine test_sc2_local_scope_and_exact_rid[pick_status-returned]>
2026-10-07T01:21:13.7867802Z       <Coroutine test_sc2_local_scope_and_exact_rid[marketplace-ozon]>
2026-10-07T01:21:13.7868011Z       <Coroutine test_sc2_local_scope_and_exact_rid[supply_id-None]>
2026-10-07T01:21:13.7868239Z       <Coroutine test_sc2_foreign_seller_sale_does_not_authorize_same_rid>
2026-10-07T01:21:13.7868480Z       <Coroutine test_sc2_foreign_pool_code_is_excluded_even_with_exact_sale>
2026-10-07T01:21:13.7868782Z       <Coroutine test_sc3_returns_unknown_and_conflicts_are_order_independent[return-False]>
2026-10-07T01:21:13.7869183Z       <Coroutine test_sc3_returns_unknown_and_conflicts_are_order_independent[return-True]>
2026-10-07T01:21:13.7869492Z       <Coroutine test_sc3_returns_unknown_and_conflicts_are_order_independent[unknown-False]>
2026-10-07T01:21:13.7869788Z       <Coroutine test_sc3_returns_unknown_and_conflicts_are_order_independent[unknown-True]>
2026-10-07T01:21:13.7870122Z       <Coroutine test_sc3_returns_unknown_and_conflicts_are_order_independent[conflicting_sale-False]>
2026-10-07T01:21:13.7870444Z       <Coroutine test_sc3_returns_unknown_and_conflicts_are_order_independent[conflicting_sale-True]>
2026-10-07T01:21:13.7870762Z       <Coroutine test_sc3_returns_unknown_and_conflicts_are_order_independent[conflicting_rid-False]>
2026-10-07T01:21:13.7871079Z       <Coroutine test_sc3_returns_unknown_and_conflicts_are_order_independent[conflicting_rid-True]>
2026-10-07T01:21:13.7871254Z       <Coroutine test_sc3_same_sale_update_deduplicates>
2026-10-07T01:21:13.7871456Z       <Coroutine test_sc4_return_on_second_page_and_exact_cursor>
2026-10-07T01:21:13.7871689Z       <Coroutine test_sc4_stalled_cursor_is_incomplete_not_empty_success>
2026-10-07T01:21:13.7872218Z       <Coroutine test_sc5_incomplete_transport_cannot_prepare_from_legacy_snapshot[401]>
2026-10-07T01:21:13.7872521Z       <Coroutine test_sc5_incomplete_transport_cannot_prepare_from_legacy_snapshot[403]>
2026-10-07T01:21:13.7872799Z       <Coroutine test_sc5_incomplete_transport_cannot_prepare_from_legacy_snapshot[429]>
2026-10-07T01:21:13.7873101Z       <Coroutine test_sc5_incomplete_transport_cannot_prepare_from_legacy_snapshot[timeout]>
2026-10-07T01:21:13.7873391Z       <Coroutine test_sc5_incomplete_transport_cannot_prepare_from_legacy_snapshot[json]>
2026-10-07T01:21:13.7873709Z       <Coroutine test_sc5_incomplete_transport_cannot_prepare_from_legacy_snapshot[second-page]>
2026-10-07T01:21:13.7873935Z       <Coroutine test_sc6_old_missing_sale_reports_coverage_not_unsold>
2026-10-07T01:21:13.7874155Z       <Coroutine test_sc5_failed_refresh_preserves_prior_useful_attempt>
2026-10-07T01:21:13.7874448Z       <Coroutine test_sc7_return_between_view_and_document_blocks_unsigned_attempt[return]>
2026-10-07T01:21:13.7874870Z       <Coroutine test_sc7_return_between_view_and_document_blocks_unsigned_attempt[binding]>
2026-10-07T01:21:13.7875089Z       <Coroutine test_sc8_moscow_handover_filters_keep_same_sales_set>
2026-10-07T01:21:13.7875362Z       <Coroutine test_sc9_all_pages_and_maximum_selection_keep_every_unique_code[305]>
2026-10-07T01:21:13.7875627Z       <Coroutine test_sc9_all_pages_and_maximum_selection_keep_every_unique_code[10000]>
2026-10-07T01:21:13.7875842Z       <Coroutine test_sc10_invalid_finished_price_never_falls_back[0]>
2026-10-07T01:21:13.7876061Z       <Coroutine test_sc10_invalid_finished_price_never_falls_back[-1]>
2026-10-07T01:21:13.7876284Z       <Coroutine test_sc10_invalid_finished_price_never_falls_back[None]>
2026-10-07T01:21:13.7876504Z       <Coroutine test_sc10_invalid_finished_price_never_falls_back[NaN]>
2026-10-07T01:21:13.7876749Z       <Coroutine test_sc10_invalid_finished_price_never_falls_back[Infinity]>
2026-10-07T01:21:13.7876982Z       <Coroutine test_sc10_invalid_finished_price_never_falls_back[123.456]>
2026-10-07T01:21:13.7877210Z       <Coroutine test_sc10_invalid_finished_price_never_falls_back[True]>
2026-10-07T01:21:13.7877481Z       <Coroutine test_sc10_invalid_finished_price_never_falls_back[1000000000000000.00]>
2026-10-07T01:21:13.7877773Z       <Coroutine test_sc10_exact_cost_and_immutable_source_survive_later_wb_change[123.45_0]>
2026-10-07T01:21:13.7878060Z       <Coroutine test_sc10_exact_cost_and_immutable_source_survive_later_wb_change[123.45_1]>
2026-10-07T01:21:13.7878254Z       <Coroutine test_sc11_certificate_hash_binding_and_reload>
2026-10-07T01:21:13.7878495Z       <Coroutine test_sc11_expired_certificate_and_cancel_never_start_auth>
2026-10-07T01:21:13.7878819Z       <Coroutine test_sc12_submitted_reauth_recovery_ignores_later_return_without_new_post[False]>
2026-10-07T01:21:13.7879256Z       <Coroutine test_sc12_submitted_reauth_recovery_ignores_later_return_without_new_post[True]>
2026-10-07T01:21:13.7879469Z       <Coroutine test_sc12_terminal_retry_rechecks_sale_and_return>
2026-10-07T01:21:13.7879736Z       <Coroutine test_sc1_api_registry_products_and_forged_create_share_sale_scope>
2026-10-07T01:21:13.7879932Z     <Module test_wms517_sales_partial_decimal_regressions.py>
2026-10-07T01:21:13.7880223Z       <Coroutine test_mixed_return_after_create_preserves_selection_and_builds_only_healthy>
2026-10-07T01:21:13.7880499Z       <Coroutine test_old_missing_history_does_not_block_selected_current_sale[create]>
2026-10-07T01:21:13.7880770Z       <Coroutine test_old_missing_history_does_not_block_selected_current_sale[retry]>
2026-10-07T01:21:13.7881034Z       <Coroutine test_old_missing_history_does_not_block_selected_current_sale[build]>
2026-10-07T01:21:13.7881438Z       <Coroutine test_extreme_finished_price_is_per_item_error_and_healthy_continues[1.0000000000000000000000000000000001]>
2026-10-07T01:21:13.7881899Z       <Coroutine test_extreme_finished_price_is_per_item_error_and_healthy_continues[1e999999999999999999]>
2026-10-07T01:21:13.7882190Z       <Coroutine test_extreme_finished_price_is_per_item_error_and_healthy_continues[NaN]>
2026-10-07T01:21:13.7882484Z       <Coroutine test_extreme_finished_price_is_per_item_error_and_healthy_continues[sNaN]>
2026-10-07T01:21:13.7882794Z       <Coroutine test_extreme_finished_price_is_per_item_error_and_healthy_continues[Infinity]>
2026-10-07T01:21:13.7883101Z       <Coroutine test_extreme_finished_price_is_per_item_error_and_healthy_continues[-Infinity]>
2026-10-07T01:21:13.7883373Z       <Coroutine test_extreme_finished_price_is_per_item_error_and_healthy_continues[0]>
2026-10-07T01:21:13.7883663Z       <Coroutine test_extreme_finished_price_is_per_item_error_and_healthy_continues[-0.01]>
2026-10-07T01:21:13.7884006Z       <Coroutine test_extreme_finished_price_is_per_item_error_and_healthy_continues[1000000000000000.00]>
2026-10-07T01:21:13.7884224Z       <Coroutine test_exact_valid_finished_price_boundaries[0.01-1]>
2026-10-07T01:21:13.7884528Z       <Coroutine test_exact_valid_finished_price_boundaries[999999999999999.99-99999999999999999]>
2026-10-07T01:21:13.7884980Z       <Coroutine test_exact_valid_finished_price_boundaries[1.0000000000000000000000000000000000-100]>
2026-10-07T01:21:13.7885282Z       <Coroutine test_api_extreme_price_returns_item_error_without_http_500[1e999999999999999999]>
2026-10-07T01:21:13.7885548Z       <Coroutine test_api_extreme_price_returns_item_error_without_http_500[sNaN]>
2026-10-07T01:21:13.7885701Z     <Module test_wms517_sales_regressions.py>
2026-10-07T01:21:13.7885947Z       <Coroutine test_shared_redis_limits_two_public_callers_and_retry_after>
2026-10-07T01:21:13.7886246Z       <Coroutine test_complete_cache_serves_products_but_failed_fresh_create_preserves_cache>
2026-10-07T01:21:13.7886482Z       <Coroutine test_cursor_seventh_fraction_digit_and_latest_saved_source>
2026-10-07T01:21:13.7886724Z       <Coroutine test_failed_fresh_build_keeps_prior_attempt_exact_document>
2026-10-07T01:21:13.7886992Z       <Coroutine test_new_request_resumes_saved_claim_without_fresh_sales[created]>
2026-10-07T01:21:13.7887270Z       <Coroutine test_new_request_resumes_saved_claim_without_fresh_sales[reconciling]>
2026-10-07T01:21:13.7887425Z     <Module test_wms517_sales_waiting_rate.py>
2026-10-07T01:21:13.7887667Z       <Coroutine test_waiting_reader_rechecks_shared_retry_after_before_http>
2026-10-07T01:21:13.7887810Z     <Module test_wms518_kiz_pool_return.py>
2026-10-07T01:21:13.7888121Z       <Coroutine test_cancel_returns_same_code_with_printed_history_and_replay[False-reserved]>
2026-10-07T01:21:13.7888435Z       <Coroutine test_cancel_returns_same_code_with_printed_history_and_replay[False-printed]>
2026-10-07T01:21:13.7888732Z       <Coroutine test_cancel_returns_same_code_with_printed_history_and_replay[False-applied]>
2026-10-07T01:21:13.7889027Z       <Coroutine test_cancel_returns_same_code_with_printed_history_and_replay[True-reserved]>
2026-10-07T01:21:13.7889434Z       <Coroutine test_cancel_returns_same_code_with_printed_history_and_replay[True-printed]>
2026-10-07T01:21:13.7889734Z       <Coroutine test_cancel_returns_same_code_with_printed_history_and_replay[True-applied]>
2026-10-07T01:21:13.7890024Z       <Coroutine test_cancel_never_releases_external_or_terminal_code[external-reserved]>
2026-10-07T01:21:13.7890319Z       <Coroutine test_cancel_never_releases_external_or_terminal_code[external_fbs-printed]>
2026-10-07T01:21:13.7890608Z       <Coroutine test_cancel_never_releases_external_or_terminal_code[external_fbs-applied]>
2026-10-07T01:21:13.7890883Z       <Coroutine test_cancel_never_releases_external_or_terminal_code[pool-introduced]>
2026-10-07T01:21:13.7891148Z       <Coroutine test_cancel_never_releases_external_or_terminal_code[pool-shipped]>
2026-10-07T01:21:13.7891427Z       <Coroutine test_cancel_never_releases_external_or_terminal_code[pool-transferred]>
2026-10-07T01:21:13.7891701Z       <Coroutine test_cancel_never_releases_external_or_terminal_code[pool-defective]>
2026-10-07T01:21:13.7892083Z       <Coroutine test_cancel_never_releases_external_or_terminal_code[pool-replaced]>
2026-10-07T01:21:13.7892351Z       <Coroutine test_cancel_never_releases_external_or_terminal_code[pool-void]>
2026-10-07T01:21:13.7892646Z       <Coroutine test_cancel_never_releases_external_or_terminal_code[pool-unknown_terminal]>
2026-10-07T01:21:13.7892867Z       <Coroutine test_failed_cancel_is_atomic_and_can_be_retried[wb]>
2026-10-07T01:21:13.7893091Z       <Coroutine test_failed_cancel_is_atomic_and_can_be_retried[local]>
2026-10-07T01:21:13.7893343Z       <Coroutine test_postgres_cancel_serializes_replay_and_new_claim[cancel]>
2026-10-07T01:21:13.7893583Z       <Coroutine test_postgres_cancel_serializes_replay_and_new_claim[claim]>
2026-10-07T01:21:13.7893722Z     <Module test_wms530_single_stock.py>
2026-10-07T01:21:13.7893946Z       <Coroutine test_c1_balance_spread_across_places_matches_everywhere>
2026-10-07T01:21:13.7894184Z       <Coroutine test_c2_reserve_composition_lifecycle_matches_everywhere>
2026-10-07T01:21:13.7894389Z       <Coroutine test_r15_retry_import_does_not_double_reserve>
2026-10-07T01:21:13.7894748Z       <Coroutine test_r15_concurrent_reservations_last_unit_only_one_wins>
2026-10-07T01:21:13.7894971Z       <Coroutine test_f1_new_line_in_confirmed_mp_unload_gets_reserved>
2026-10-07T01:21:13.7895183Z       <Coroutine test_f2_rule_view_shows_negative_available_not_clamped>
2026-10-07T01:21:13.7895410Z       <Coroutine test_f3_worklist_availability_is_per_order_not_per_list>
2026-10-07T01:21:13.7895630Z       <Coroutine test_f4a_count_without_address_storage_includes_defect>
2026-10-07T01:21:13.7895868Z       <Coroutine test_f4b_count_without_address_storage_spans_two_warehouses>
2026-10-07T01:21:13.7896080Z       <Coroutine test_r15_fbs_races_mp_unload_add_line_to_confirmed>
2026-10-07T01:21:13.7896340Z       <Coroutine test_orphan_reserved_product_shows_in_summary_without_balance_row>
2026-10-07T01:21:13.7896493Z     <Module test_wms533_client_movements.py>
2026-10-07T01:21:13.7896705Z       <Coroutine test_client_report_units_filters_cursor_and_excel>
2026-10-07T01:21:13.7896923Z       <Coroutine test_client_report_fbo_document_lifecycle_and_excel>
2026-10-07T01:21:13.7897145Z       <Coroutine test_client_report_return_type_marketplace_and_excel>
2026-10-07T01:21:13.7897347Z       <Coroutine test_client_report_full_page_boundary_and_scope>
2026-10-07T01:21:13.7897490Z     <Module test_wms533_client_openapi.py>
2026-10-07T01:21:13.7897673Z       <Coroutine test_client_swagger_routes_and_schema[]>
2026-10-07T01:21:13.7897866Z       <Coroutine test_client_swagger_routes_and_schema[/api]>
2026-10-07T01:21:13.7898065Z       <Coroutine test_production_has_only_client_documentation>
2026-10-07T01:21:13.7898248Z     <Module test_wms534_ff_intake_container_correction.py>
2026-10-07T01:21:13.7898500Z       <Coroutine test_c1_c4_two_scans_then_correct_to_one_reaches_stock[boxes]>
2026-10-07T01:21:13.7898883Z       <Coroutine test_c1_c4_two_scans_then_correct_to_one_reaches_stock[cargo-places]>
2026-10-07T01:21:13.7899095Z       <Coroutine test_c2_loose_then_scan_into_box_draws_down_first>
2026-10-07T01:21:13.7899348Z       <Coroutine test_c3_c4_reduce_to_zero_keeps_loose_and_drops_the_row[boxes]>
2026-10-07T01:21:13.7899619Z       <Coroutine test_c3_c4_reduce_to_zero_keeps_loose_and_drops_the_row[cargo-places]>
2026-10-07T01:21:13.7899784Z       <Coroutine test_c5_edit_after_reopen_receiving>
2026-10-07T01:21:13.7899976Z       <Coroutine test_c7_excel_box_import_shares_the_same_rule>
2026-10-07T01:21:13.7900186Z       <Coroutine test_c8_duplicate_request_does_not_double_deduct>
2026-10-07T01:21:13.7900438Z       <Coroutine test_c9_concurrent_box_quantity_corrections_apply_exactly_one>
2026-10-07T01:21:13.7900673Z       <Coroutine test_c9_concurrent_scan_and_correction_settle_on_one_order>
2026-10-07T01:21:13.7900863Z       <Coroutine test_c10_seller_created_receiving_unaffected>
2026-10-07T01:21:13.7901036Z       <Coroutine test_c10_return_receiving_unaffected>
2026-10-07T01:21:13.7901243Z       <Coroutine test_c11_move_between_boxes_with_loose_present>
2026-10-07T01:21:13.7901423Z       <Coroutine test_c12_wms440_r12_scenario_still_works>
2026-10-07T01:21:13.7901658Z       <Coroutine test_rest01_p23_clear_box_ff_draft_drops_units_not_loose>
2026-10-07T01:21:13.7901886Z     <Module test_wms535_cli.py>
2026-10-07T01:21:13.7902079Z       <Coroutine test_backfill_retries_429_and_temporary_5xx>
2026-10-07T01:21:13.7902372Z       <Coroutine test_backfill_resumes_from_explicit_cursor_and_reports_unexpected_error>
2026-10-07T01:21:13.7902635Z       <Coroutine test_backfill_page_is_dry_run_by_default_and_apply_is_idempotent>
2026-10-07T01:21:13.7902888Z       <Coroutine test_duplicate_merge_discovers_and_moves_product_foreign_keys>
2026-10-07T01:21:13.7903151Z       <Coroutine test_duplicate_merge_dry_run_reports_same_unique_conflict_as_apply>
2026-10-07T01:21:13.7903301Z     <Module test_wms535_product_barcodes.py>
2026-10-07T01:21:13.7903520Z       <Coroutine test_import_keeps_all_barcodes_on_one_chrt_product>
2026-10-07T01:21:13.7903777Z       <Coroutine test_import_skips_missing_chrt_and_rolls_back_barcode_conflict>
2026-10-07T01:21:13.7904192Z       <Coroutine test_import_preserves_existing_identity_and_fills_empty_primary_barcode>
2026-10-07T01:21:13.7904440Z       <Coroutine test_new_size_primary_barcode_conflict_reports_both_chrt_ids>
2026-10-07T01:21:13.7904706Z       <Coroutine test_manual_relink_replaces_primary_and_releases_wrong_card_barcodes>
2026-10-07T01:21:13.7904934Z       <Coroutine test_catalog_page_search_does_not_mix_sibling_size_skus>
2026-10-07T01:21:13.7905101Z     <Module test_wms537_draft_supply_stickers.py>
2026-10-07T01:21:13.7905366Z       <Coroutine test_prefetch_is_identical_across_editable_supply_statuses[draft]>
2026-10-07T01:21:13.7905648Z       <Coroutine test_prefetch_is_identical_across_editable_supply_statuses[assembling]>
2026-10-07T01:21:13.7905911Z       <Coroutine test_prefetch_is_identical_across_editable_supply_statuses[packed]>
2026-10-07T01:21:13.7906163Z       <Coroutine test_draft_with_retained_packaging_task_prefetches_added_order>
2026-10-07T01:21:13.7906509Z       <Coroutine test_draft_sticker_failure_does_not_break_the_add_and_recovers_later[transport_error]>
2026-10-07T01:21:13.7906819Z       <Coroutine test_draft_sticker_failure_does_not_break_the_add_and_recovers_later[missing]>
2026-10-07T01:21:13.7907141Z       <Coroutine test_draft_sticker_failure_does_not_break_the_add_and_recovers_later[asset_error]>
2026-10-07T01:21:13.7907467Z       <Coroutine test_draft_sticker_failure_does_not_break_the_add_and_recovers_later[storage_write]>
2026-10-07T01:21:13.7907724Z       <Coroutine test_draft_partial_confirmation_requests_only_the_accepted_order>
2026-10-07T01:21:13.7907998Z       <Coroutine test_repeat_add_then_start_work_then_more_orders_only_request_missing>
2026-10-07T01:21:13.7908229Z       <Coroutine test_concurrent_add_of_the_same_order_to_a_draft_supply>
2026-10-07T01:21:13.7908568Z       <Coroutine test_cancelled_order_cannot_be_added_to_a_draft_supply>
2026-10-07T01:21:13.7908870Z       <Coroutine test_cancelled_order_already_in_draft_is_not_requested_when_adding_another>
2026-10-07T01:21:13.7909145Z       <Coroutine test_ozon_draft_add_is_rejected_before_any_marketplace_or_sticker_call>
2026-10-07T01:21:13.7909291Z     <Module test_wms538_ff_catalog_batch.py>
2026-10-07T01:21:13.7909557Z       <Function test_chunked_splits_into_fixed_size_batches_with_trailing_remainder>
2026-10-07T01:21:13.7909816Z       <Coroutine test_ff_catalog_batched_card_lookup_matches_single_query_wms538>
2026-10-07T01:21:13.7910058Z       <Coroutine test_ff_catalog_rejects_huge_unscoped_tenant_with_413_wms538>
2026-10-07T01:21:13.7910233Z     <Module test_wms542_inventory_scan_concurrency.py>
2026-10-07T01:21:13.7910477Z       <Coroutine test_two_concurrent_scans_of_the_same_expected_line_both_count>
2026-10-07T01:21:13.7910621Z     <Module test_wms546_marking_verdicts.py>
2026-10-07T01:21:13.7910835Z       <Coroutine test_c1_selection_matrix_active_supply_open_code>
2026-10-07T01:21:13.7911100Z       <Coroutine test_c2_avpack_like_draft_confirms_pending_confirmation_operations>
2026-10-07T01:21:13.7911321Z       <Coroutine test_c3_empty_unknown_readback_repeats_then_resolves>
2026-10-07T01:21:13.7911596Z       <Coroutine test_p2_required_empty_with_open_operation_stays_unknown_then_resolves>
2026-10-07T01:21:13.7912055Z       <Coroutine test_p2_required_empty_without_open_operation_still_missing>
2026-10-07T01:21:13.7912334Z       <Coroutine test_c4_wb_omits_unknown_order_from_batch_then_next_cycle_applies>
2026-10-07T01:21:13.7912628Z       <Coroutine test_c5_background_cycle_is_read_only_across_wb_answers[exact_success]>
2026-10-07T01:21:13.7912898Z       <Coroutine test_c5_background_cycle_is_read_only_across_wb_answers[pending]>
2026-10-07T01:21:13.7913183Z       <Coroutine test_c5_background_cycle_is_read_only_across_wb_answers[exact_rejection]>
2026-10-07T01:21:13.7913475Z       <Coroutine test_c5_background_cycle_is_read_only_across_wb_answers[other_value]>
2026-10-07T01:21:13.7913742Z       <Coroutine test_c5_background_cycle_is_read_only_across_wb_answers[empty_value]>
2026-10-07T01:21:13.7914145Z       <Coroutine test_c5_background_cycle_is_read_only_across_wb_answers[missing_row]>
2026-10-07T01:21:13.7914449Z       <Coroutine test_c5_background_cycle_error_leaves_no_false_success[upstream_error-429]>
2026-10-07T01:21:13.7914740Z       <Coroutine test_c5_background_cycle_error_leaves_no_false_success[upstream_error-503]>
2026-10-07T01:21:13.7915022Z       <Coroutine test_c5_background_cycle_error_leaves_no_false_success[network_error-None]>
2026-10-07T01:21:13.7915253Z       <Coroutine test_c6_two_batches_no_partial_write_via_minute_cycle>
2026-10-07T01:21:13.7915472Z       <Coroutine test_c9_seller_isolation_with_draft_unknown_orders>
2026-10-07T01:21:13.7915742Z       <Coroutine test_c9_persistent_429_backoff_stops_further_draft_unknown_polling>
2026-10-07T01:21:13.7915963Z       <Coroutine test_c10_long_unknown_wait_limited_to_active_supply>
2026-10-07T01:21:13.7916256Z       <Coroutine test_c8_fresher_button_verdict_wins_over_slow_minute_cycle_draft_unknown>
2026-10-07T01:21:13.7916536Z       <Coroutine test_c7_postgresql_cycle_lock_skips_overlap_with_draft_unknown_seller>
2026-10-07T01:21:13.7916695Z     <Module test_wms548_add_to_fulfillment.py>
2026-10-07T01:21:13.7916964Z       <Coroutine test_add_to_fulfillment_creates_products_only_for_requested_cards>
2026-10-07T01:21:13.7917264Z       <Coroutine test_add_to_fulfillment_repeat_and_concurrent_requests_do_not_duplicate>
2026-10-07T01:21:13.7917511Z       <Coroutine test_add_to_fulfillment_skips_unaddable_cards_with_reasons>
2026-10-07T01:21:13.7917776Z       <Coroutine test_add_to_fulfillment_barcode_conflict_leaves_other_card_untouched>
2026-10-07T01:21:13.7918038Z       <Coroutine test_add_to_fulfillment_adopts_a_manual_product_without_nm_id>
2026-10-07T01:21:13.7924124Z       <Coroutine test_add_to_fulfillment_rejects_over_500_ids>
2026-10-07T01:21:13.7924683Z       <Coroutine test_add_to_fulfillment_requires_seller_role_with_products_permission>
2026-10-07T01:21:13.7925005Z       <Coroutine test_add_to_fulfillment_accepts_ozon_ids_field_and_reports_unknown_ones>
2026-10-07T01:21:13.7925359Z       <Coroutine test_f1_concurrent_different_nm_ids_sharing_a_vendor_code_do_not_steal_identity>
2026-10-07T01:21:13.7925622Z       <Coroutine test_f3_one_failing_wb_card_does_not_crash_the_rest_of_the_batch>
2026-10-07T01:21:13.7925779Z     <Module test_wms548_ozon_selection.py>
2026-10-07T01:21:13.7926048Z       <Coroutine test_ozon_snapshot_is_visible_but_not_on_fulfillment_until_added>
2026-10-07T01:21:13.7926325Z       <Coroutine test_add_to_fulfillment_creates_a_product_and_repeat_is_idempotent>
2026-10-07T01:21:13.7926586Z       <Coroutine test_add_to_fulfillment_concurrent_requests_do_not_duplicate>
2026-10-07T01:21:13.7926764Z       <Coroutine test_add_to_fulfillment_ozon_isolation>
2026-10-07T01:21:13.7927089Z       <Coroutine test_r13_adding_ozon_card_links_to_existing_wb_product_instead_of_duplicating>
2026-10-07T01:21:13.7927337Z       <Coroutine test_r13_adding_wb_card_auto_links_a_preexisting_ozon_twin>
2026-10-07T01:21:13.7927618Z       <Coroutine test_f2_ozon_cards_sharing_an_offer_id_do_not_steal_each_others_link>
2026-10-07T01:21:13.7927880Z       <Coroutine test_f3_one_failing_ozon_card_does_not_crash_the_rest_of_the_batch>
2026-10-07T01:21:13.7928124Z       <Coroutine test_f5_wb_twin_backfill_reads_only_matching_ozon_candidates>
2026-10-07T01:21:13.7928380Z       <Coroutine test_f6_added_ozon_product_is_still_findable_by_its_own_barcode>
2026-10-07T01:21:13.7928544Z     <Module test_wms548_seller_catalog_page.py>
2026-10-07T01:21:13.7928793Z       <Coroutine test_seller_catalog_page_unions_products_and_not_on_ff_cards>
2026-10-07T01:21:13.7929039Z       <Coroutine test_seller_catalog_page_pagination_has_no_gap_or_duplicate>
2026-10-07T01:21:13.7929323Z       <Coroutine test_seller_catalog_page_requires_seller_role_and_products_permission>
2026-10-07T01:21:13.7929620Z       <Coroutine test_seller_catalog_page_ignores_forged_seller_id_without_shop_management>
2026-10-07T01:21:13.7929778Z     <Module test_wms548_wb_sync_selection.py>
2026-10-07T01:21:13.7930195Z       <Coroutine test_self_content_token_save_records_snapshot_without_creating_products>
2026-10-07T01:21:13.7930496Z       <Coroutine test_sync_updates_only_selected_card_adds_new_size_leaves_others_untouched>
2026-10-07T01:21:13.7930745Z       <Coroutine test_hourly_sync_selection_is_isolated_per_seller_and_tenant>
2026-10-07T01:21:13.7931008Z       <Coroutine test_hourly_sync_fully_selected_seller_matches_pre_wms548_result>
2026-10-07T01:21:13.7931162Z     <Module test_wms549_invoice_pagination.py>
2026-10-07T01:21:13.7931429Z       <Coroutine test_distinct_issued_at_pagination_does_not_lose_older_invoices>
2026-10-07T01:21:13.7931702Z       <Coroutine test_ff_distinct_issued_at_pagination_does_not_lose_older_invoices>
2026-10-07T01:21:13.7932061Z       <Coroutine test_large_group_of_identical_v2_dates_is_not_truncated>
2026-10-07T01:21:13.7932329Z       <Coroutine test_legacy_and_v2_sharing_the_exact_same_date_are_not_truncated>
2026-10-07T01:21:13.7932628Z       <Coroutine test_small_groups_of_identical_dates_on_page_boundaries_are_not_truncated>
2026-10-07T01:21:13.7932782Z     <Module test_wms549_seller_billing_api.py>
2026-10-07T01:21:13.7933052Z       <Coroutine test_only_owner_and_staff_with_documents_permission_see_own_seller>
2026-10-07T01:21:13.7933282Z       <Coroutine test_details_and_storage_total_see_only_own_operations>
2026-10-07T01:21:13.7933475Z       <Coroutine test_seller_id_query_parameter_is_ignored>
2026-10-07T01:21:13.7933696Z       <Coroutine test_cross_seller_and_cross_tenant_invoice_by_id_is_404>
2026-10-07T01:21:13.7933911Z       <Coroutine test_cursor_issued_for_another_seller_is_rejected>
2026-10-07T01:21:13.7934167Z       <Coroutine test_invoice_list_cursor_issued_for_another_seller_is_rejected>
2026-10-07T01:21:13.7934377Z       <Coroutine test_ff_billing_routes_still_reject_seller_role>
2026-10-07T01:21:13.7934735Z       <Coroutine test_manager_with_multiple_shops_sees_only_active_shop>
2026-10-07T01:21:13.7934991Z       <Coroutine test_user_without_shop_management_ignores_foreign_seller_claim>
2026-10-07T01:21:13.7935284Z       <Coroutine test_foreign_tenant_owner_is_isolated_and_forged_tenant_claim_rejected>
2026-10-07T01:21:13.7935547Z       <Coroutine test_every_seller_billing_route_enforces_the_common_scope_check>
2026-10-07T01:21:13.7935689Z     <Module test_wms549_seller_rates.py>
2026-10-07T01:21:13.7935931Z       <Coroutine test_seller_one_sees_own_priority_rate_and_own_product_only>
2026-10-07T01:21:13.7936171Z       <Coroutine test_seller_two_falls_back_to_general_rate_and_own_product>
2026-10-07T01:21:13.7936402Z       <Coroutine test_foreign_tenant_seller_sees_only_its_own_tenant_rate>
2026-10-07T01:21:13.7936613Z       <Coroutine test_rates_route_enforces_the_common_scope_check>
2026-10-07T01:21:13.7936829Z       <Coroutine test_rate_shown_matches_live_charge_for_both_sellers>
2026-10-07T01:21:13.7937055Z       <Coroutine test_valid_from_at_is_returned_with_explicit_utc_offset>
2026-10-07T01:21:13.7937196Z     <Module test_wms550_sorting_scan.py>
2026-10-07T01:21:13.7937388Z       <Coroutine test_box_unit_scan_repeat_and_completion>
2026-10-07T01:21:13.7937599Z       <Coroutine test_scan_loose_into_selected_container_and_retry>
2026-10-07T01:21:13.7937776Z       <Coroutine test_multiple_sources_are_not_guessed>
2026-10-07T01:21:13.7937998Z       <Coroutine test_wrong_document_barcode_and_tenant_cannot_consume>
2026-10-07T01:21:13.7938205Z       <Coroutine test_two_scanners_cannot_spend_last_unit_twice>
2026-10-07T01:21:13.7938430Z       <Coroutine test_saved_variant_alternative_and_primary_share_stock>
2026-10-07T01:21:13.7938738Z       <Coroutine test_wms578_extra_wb_barcode_from_product_barcodes_sorts_case_insensitively>
2026-10-07T01:21:13.7938916Z       <Coroutine test_wms578_wms_article_sku_code_sorts>
2026-10-07T01:21:13.7939134Z       <Coroutine test_wms578_ozon_only_product_sorts_by_ozon_barcode>
2026-10-07T01:21:13.7939390Z       <Coroutine test_wms578_primary_wb_barcode_still_sorts_case_insensitively>
2026-10-07T01:21:13.7939798Z       <Coroutine test_wms578_ambiguous_shared_barcode_across_two_products>
2026-10-07T01:21:13.7939949Z     <Module test_wms560_tape_pending_kiz.py>
2026-10-07T01:21:13.7940276Z       <Coroutine test_accepted_write_without_echo_stays_in_tape_and_confirms_later[empty_value]>
2026-10-07T01:21:13.7940591Z       <Coroutine test_accepted_write_without_echo_stays_in_tape_and_confirms_later[absent_row]>
2026-10-07T01:21:13.7940812Z       <Coroutine test_lost_wb_answer_keeps_only_that_order_out_of_tape>
2026-10-07T01:21:13.7941019Z       <Coroutine test_wb_rejection_still_keeps_order_out_of_tape>
2026-10-07T01:21:13.7941186Z     <Module test_wms576_defect_inventory_count.py>
2026-10-07T01:21:13.7941442Z       <Coroutine test_wms576_scenario1_whole_product_count_of_pure_defect_stock>
2026-10-07T01:21:13.7941673Z       <Coroutine test_wms576_scenario2_save_actuals_recounts_defect_line>
2026-10-07T01:21:13.7941968Z       <Coroutine test_wms576_post_count_posts_defect_recount>
2026-10-07T01:21:13.7942191Z       <Coroutine test_wms576_scan_recounts_pure_defect_stock_and_posts>
2026-10-07T01:21:13.7942411Z       <Coroutine test_wms576_record_found_new_line_on_pure_defect_stock>
2026-10-07T01:21:13.7942582Z       <Coroutine test_wms576_cancel_pure_defect_count>
2026-10-07T01:21:13.7942807Z       <Coroutine test_wms576_guard_still_blocks_unpermitted_defect_write>
2026-10-07T01:21:13.7942953Z     <Module test_wms579_kiz_unknown_result.py>
2026-10-07T01:21:13.7943255Z       <Coroutine test_retry_after_lost_write_and_still_absent_wb_row_must_not_print[absent]>
2026-10-07T01:21:13.7943584Z       <Coroutine test_retry_after_lost_write_and_still_absent_wb_row_must_not_print[different_kiz]>
2026-10-07T01:21:13.7943829Z       <Coroutine test_successful_put_with_rejected_readback_must_not_print>
2026-10-07T01:21:13.7944240Z       <Coroutine test_replacement_ack_without_echo_keeps_new_binding_for_reconciliation>
2026-10-07T01:21:13.7944586Z       <Coroutine test_retry_after_lost_write_prints_when_wb_answers_for_this_code[empty_after_resend]>
2026-10-07T01:21:13.7944901Z       <Coroutine test_retry_after_lost_write_prints_when_wb_answers_for_this_code[exact_pending]>
2026-10-07T01:21:13.7945176Z       <Coroutine test_first_print_readback_failure_after_accepted_put_is_not_printed>
2026-10-07T01:21:13.7945468Z       <Coroutine test_first_print_with_replacement_readback_is_an_order_error[other_code]>
2026-10-07T01:21:13.7945850Z       <Coroutine test_first_print_with_replacement_readback_is_an_order_error[replacement_asked_for_this_code]>
2026-10-07T01:21:13.7946122Z       <Coroutine test_rejected_readback_keeps_wb_verdict_and_reason_for_the_operator>
2026-10-07T01:21:13.7946351Z       <Coroutine test_exact_reprint_is_not_blocked_by_a_rejected_readback>
2026-10-07T01:21:13.7946649Z       <Coroutine test_replacement_unknown_result_is_reconciled_to_the_new_code[optional]>
2026-10-07T01:21:13.7946951Z       <Coroutine test_replacement_unknown_result_is_reconciled_to_the_new_code[read_error]>
2026-10-07T01:21:13.7947101Z     <Module test_wms581_supply_transfer.py>
2026-10-07T01:21:13.7947371Z       <Coroutine test_c1_targets_are_open_compatible_supplies_in_any_working_state>
2026-10-07T01:21:13.7947666Z       <Coroutine test_c2_transfer_into_supply_in_work_keeps_kiz_sticker_pick_and_packing>
2026-10-07T01:21:13.7947879Z       <Coroutine test_c3_new_supply_gets_typed_name_or_short_number>
2026-10-07T01:21:13.7948128Z       <Coroutine test_c5_lost_create_with_typed_name_recovers_only_our_supply>
2026-10-07T01:21:13.7948425Z       <Coroutine test_c5_ambiguous_or_foreign_same_name_stays_unknown_without_second_create>
2026-10-07T01:21:13.7948679Z       <Coroutine test_lost_create_must_not_adopt_a_single_recent_foreign_supply>
2026-10-07T01:21:13.7948892Z       <Coroutine test_fulfilled_order_round_trip_does_not_grow_plan>
2026-10-07T01:21:13.7949112Z       <Coroutine test_c5_same_name_supply_from_snapshot_is_never_ours>
2026-10-07T01:21:13.7949271Z       <Coroutine test_c5_no_snapshot_no_create>
2026-10-07T01:21:13.7949494Z       <Coroutine test_c2_pack_all_in_target_after_packed_order_arrives>
2026-10-07T01:21:13.7949857Z       <Coroutine test_c2_started_draft_does_not_plan_order_packed_elsewhere>
2026-10-07T01:21:13.7950008Z     <Module test_wms588_fbs_assembly_tasks.py>
2026-10-07T01:21:13.7950188Z       <Coroutine test_create_detail_and_idempotent_replay>
2026-10-07T01:21:13.7950364Z       <Coroutine test_supply_cannot_be_added_to_two_tasks>
2026-10-07T01:21:13.7950572Z       <Coroutine test_list_contains_task_while_any_supply_is_active>
2026-10-07T01:21:13.7950777Z       <Coroutine test_tenant_boundary_for_create_list_and_detail>
2026-10-07T01:21:13.7950997Z       <Coroutine test_effective_seller_scope_matches_supply_worklist>
2026-10-07T01:21:13.7951151Z     <Module test_wms615_catalog_job_recovery.py>
2026-10-07T01:21:13.7951391Z       <Coroutine test_stale_running_catalog_job_is_failed_and_requeued_once>
2026-10-07T01:21:13.7951638Z       <Coroutine test_duplicate_worker_delivery_claims_fresh_job_only_once>
2026-10-07T01:21:13.7952207Z       <Coroutine test_expired_worker_cannot_overwrite_replacement_snapshot_or_product>
2026-10-07T01:21:13.7952502Z       <Coroutine test_wb_key_change_replaces_running_generation_and_discards_old_response>
2026-10-07T01:21:13.7952823Z       <Coroutine test_credentials_removed_before_run_terminalize_and_allow_restart[wildberries]>
2026-10-07T01:21:13.7953103Z       <Coroutine test_credentials_removed_before_run_terminalize_and_allow_restart[ozon]>
2026-10-07T01:21:13.7953471Z       <Coroutine test_provider_rejection_after_generation_change_terminalizes_without_writes[wildberries]>
2026-10-07T01:21:13.7953801Z       <Coroutine test_provider_rejection_after_generation_change_terminalizes_without_writes[ozon]>
2026-10-07T01:21:13.7954071Z       <Coroutine test_wb_supplies_only_change_does_not_invalidate_catalog_generation>
2026-10-07T01:21:13.7954534Z       <Coroutine test_ozon_disconnect_terminalizes_running_job_and_allows_immediate_restart>
2026-10-07T01:21:13.7954969Z       <Coroutine test_ozon_replacement_fences_old_snapshot_and_link_updates[credentials-catalog_job_credentials_changed]>
2026-10-07T01:21:13.7955346Z       <Coroutine test_ozon_replacement_fences_old_snapshot_and_link_updates[lease-catalog_job_lease_expired]>
2026-10-07T01:21:13.7955630Z       <Coroutine test_parallel_legacy_and_seller_wb_entrypoints_share_one_active_job>
2026-10-07T01:21:13.7955774Z     <Module test_wms616_seller_fbs.py>
2026-10-07T01:21:13.7956048Z       <Coroutine test_seller_fbs_lists_all_groups_quantities_filters_and_stable_pages>
2026-10-07T01:21:13.7956302Z       <Coroutine test_seller_fbs_is_tenant_seller_scoped_and_requires_documents>
2026-10-07T01:21:13.7956534Z       <Coroutine test_seller_fbs_batches_ozon_quantities_without_n_plus_one>
2026-10-07T01:21:13.7956750Z       <Function test_seller_fbs_uses_master_marketplace_status_sets>
2026-10-07T01:21:13.7956930Z     <Module test_wms622_packaging_marking_resync.py>
2026-10-07T01:21:13.7957160Z       <Coroutine test_resync_keeps_unpicked_marked_line[printed-picks]>
2026-10-07T01:21:13.7957388Z       <Coroutine test_resync_keeps_unpicked_marked_line[printed-plan]>
2026-10-07T01:21:13.7957611Z       <Coroutine test_resync_keeps_unpicked_marked_line[external-picks]>
2026-10-07T01:21:13.7957833Z       <Coroutine test_resync_keeps_unpicked_marked_line[external-plan]>
2026-10-07T01:21:13.7958054Z       <Coroutine test_resync_keeps_unpicked_marked_line[packed-picks]>
2026-10-07T01:21:13.7958274Z       <Coroutine test_resync_keeps_unpicked_marked_line[packed-plan]>
2026-10-07T01:21:13.7958505Z       <Coroutine test_resync_keeps_unpicked_marked_line[confirmed-picks]>
2026-10-07T01:21:13.7958728Z       <Coroutine test_resync_keeps_unpicked_marked_line[confirmed-plan]>
2026-10-07T01:21:13.7958934Z       <Coroutine test_resync_keeps_unpicked_marked_line[none-picks]>
2026-10-07T01:21:13.7959151Z       <Coroutine test_resync_keeps_unpicked_marked_line[none-plan]>
2026-10-07T01:21:13.7959293Z     <Module test_wms631_scan_undo.py>
2026-10-07T01:21:13.7959533Z       <Coroutine test_cancel_releases_the_order_for_the_next_ordinary_scan>
2026-10-07T01:21:13.7959917Z       <Coroutine test_released_order_can_be_cancelled_and_selected_repeatedly>
2026-10-07T01:21:13.7960064Z       <Coroutine test_cancel_is_tenant_scoped>
2026-10-07T01:21:13.7960279Z       <Coroutine test_scan_undo_releases_selection_and_is_idempotent>
2026-10-07T01:21:13.7960485Z       <Coroutine test_scan_undo_rejects_an_order_of_another_supply>
2026-10-07T01:21:13.7960722Z       <Coroutine test_kiz_rollback_refuses_a_code_changed_by_another_action>
2026-10-07T01:21:13.7960945Z       <Coroutine test_kiz_rollback_without_a_binding_receipt_is_a_no_op>
2026-10-07T01:21:13.7961170Z       <Coroutine test_kiz_rollback_refuses_an_order_moved_to_another_supply>
2026-10-07T01:21:13.7961401Z       <Coroutine test_sticker_selection_of_a_packed_order_can_be_released>
2026-10-07T01:21:13.7961607Z       <Coroutine test_honest_sign_skip_means_no_kiz_is_awaited>
2026-10-07T01:21:13.7961943Z       <Coroutine test_undo_refuses_a_foreign_scan_before_touching_the_kiz>
2026-10-07T01:21:13.7962184Z       <Coroutine test_wb_read_without_this_order_is_never_proof_of_deletion>
2026-10-07T01:21:13.7962355Z     <Module test_wms632_cancel_order_returns_pick.py>
2026-10-07T01:21:13.7962599Z       <Coroutine test_wb_cancel_order_returns_picked_unit_to_source_cell_once>
2026-10-07T01:21:13.7962835Z       <Coroutine test_wb_autopoll_cancel_returns_picked_unit_to_source_box>
2026-10-07T01:21:13.7963028Z       <Coroutine test_ozon_cancel_order_returns_picked_unit>
2026-10-07T01:21:13.7963244Z       <Coroutine test_cancel_order_without_picked_unit_moves_nothing>
2026-10-07T01:21:13.7963389Z     <Module test_wms632_fbo_reserve_model.py>
2026-10-07T01:21:13.7963611Z       <Coroutine test_pick_and_box_only_move_location_and_keep_reserve>
2026-10-07T01:21:13.7963839Z       <Coroutine test_complete_writes_off_fact_once_and_releases_reserve>
2026-10-07T01:21:13.7964236Z       <Coroutine test_complete_after_legacy_pick_deduction_writes_only_difference>
2026-10-07T01:21:13.7964472Z       <Coroutine test_cancel_returns_units_to_source_and_releases_reserve>
2026-10-07T01:21:13.7964699Z       <Coroutine test_cancel_legacy_document_credits_deducted_units_once>
2026-10-07T01:21:13.7964835Z     <Module test_wms632_review1_fixes.py>
2026-10-07T01:21:13.7965058Z       <Coroutine test_d1_staged_unit_on_sorting_cannot_be_picked_again>
2026-10-07T01:21:13.7965357Z       <Coroutine test_d2_cancel_with_stale_collecting_status_does_not_return_shipped_stock>
2026-10-07T01:21:13.7965590Z       <Coroutine test_d2_complete_after_cancel_is_rejected_and_stock_intact>
2026-10-07T01:21:13.7965794Z       <Coroutine test_d3_units_mode_without_pool_still_reserves>
2026-10-07T01:21:13.7966051Z       <Coroutine test_d5_remove_from_shipment_box_returns_unit_to_source_container>
2026-10-07T01:21:13.7966261Z       <Coroutine test_d2_remove_from_box_after_complete_is_rejected>
2026-10-07T01:21:13.7966478Z       <Coroutine test_d2_collect_into_box_after_complete_is_rejected>
2026-10-07T01:21:13.7966619Z     <Module test_wms635_kiz_no_wb_wait.py>
2026-10-07T01:21:13.7967055Z       <Coroutine test_any_wb_answer_keeps_the_scanned_kiz_bound[429-wb_pending_confirmation-unknown-pending_confirmation]>
2026-10-07T01:21:13.7967391Z       <Coroutine test_any_wb_answer_keeps_the_scanned_kiz_bound[404-wb_rejected_kept-rejected-failed]>
2026-10-07T01:21:13.7967718Z       <Coroutine test_any_wb_answer_keeps_the_scanned_kiz_bound[409-wb_rejected_kept-rejected-failed]>
2026-10-07T01:21:13.7967995Z       <Coroutine test_background_reconciliation_resends_a_kiz_wb_does_not_have[429]>
2026-10-07T01:21:13.7968259Z       <Coroutine test_background_reconciliation_resends_a_kiz_wb_does_not_have[500]>
2026-10-07T01:21:13.7968439Z       <Coroutine test_step_back_undoes_a_kiz_wb_refused>
2026-10-07T01:21:13.7968651Z       <Coroutine test_d1_wb_takes_the_write_but_reads_back_a_refusal>
2026-10-07T01:21:13.7968871Z       <Coroutine test_wms639_commit_outside_scan_still_reads_wb_verdict>
2026-10-07T01:21:13.7969067Z       <Coroutine test_q1_scan_write_waits_for_wb_only_briefly>
2026-10-07T01:21:13.7969415Z       <Coroutine test_d3_operator_kiz_is_usable_again_after_step_back>
2026-10-07T01:21:13.7969649Z       <Coroutine test_d2_print_chz_hands_out_the_pool_kiz_while_wb_is_slow>
2026-10-07T01:21:13.7969857Z       <Coroutine test_r_a5c_empty_wb_read_keeps_the_refused_kiz_red>
2026-10-07T01:21:13.7970015Z     <Module test_wms642_kiz_no_locks_handover.py>
2026-10-07T01:21:13.7970226Z       <Coroutine test_repeated_scan_of_a_queued_kiz_never_calls_wb>
2026-10-07T01:21:13.7970412Z       <Coroutine test_worker_holds_no_row_while_wb_answers>
2026-10-07T01:21:13.7970674Z       <Coroutine test_code_removed_during_the_write_is_shown_and_keeps_the_supply>
2026-10-07T01:21:13.7970851Z       <Coroutine test_accepted_write_is_not_sent_twice>
2026-10-07T01:21:13.7971036Z       <Coroutine test_queued_kiz_reach_wb_before_the_handover>
2026-10-07T01:21:13.7971246Z       <Coroutine test_code_confirmed_by_another_path_stays_in_wb>
2026-10-07T01:21:13.7971426Z       <Coroutine test_another_code_in_wb_keeps_the_supply>
2026-10-07T01:21:13.7971664Z       <Coroutine test_sent_code_next_to_another_code_in_wb_keeps_the_supply>
2026-10-07T01:21:13.7971995Z       <Coroutine test_replacement_during_the_handover_keeps_the_supply>
2026-10-07T01:21:13.7972191Z       <Coroutine test_only_a_refusal_of_the_code_turns_red[400]>
2026-10-07T01:21:13.7972412Z       <Coroutine test_only_a_refusal_of_the_code_turns_red[401]>
2026-10-07T01:21:13.7972607Z       <Coroutine test_only_a_refusal_of_the_code_turns_red[403]>
2026-10-07T01:21:13.7972798Z       <Coroutine test_only_a_refusal_of_the_code_turns_red[404]>
2026-10-07T01:21:13.7972986Z       <Coroutine test_only_a_refusal_of_the_code_turns_red[409]>
2026-10-07T01:21:13.7973176Z       <Coroutine test_only_a_refusal_of_the_code_turns_red[429]>
2026-10-07T01:21:13.7973505Z       <Coroutine test_only_a_refusal_of_the_code_turns_red[500]>
2026-10-07T01:21:13.7973754Z       <Coroutine test_other_code_first_seen_by_the_handover_keeps_the_supply>
2026-10-07T01:21:13.7973980Z       <Coroutine test_scan_right_before_the_handover_keeps_the_supply>
2026-10-07T01:21:13.7974186Z       <Coroutine test_code_of_a_handed_over_supply_is_still_sent>
2026-10-07T01:21:13.7974478Z       <Coroutine test_saved_other_code_keeps_the_supply_whatever_the_operation[confirmed]>
2026-10-07T01:21:13.7974752Z       <Coroutine test_saved_other_code_keeps_the_supply_whatever_the_operation[failed]>
2026-10-07T01:21:13.7975085Z       <Coroutine test_saved_other_code_keeps_the_supply_whatever_the_operation[pending_confirmation]>
2026-10-07T01:21:13.7975282Z       <Coroutine test_resumed_handover_checks_kiz_again[False]>
2026-10-07T01:21:13.7975472Z       <Coroutine test_resumed_handover_checks_kiz_again[True]>
2026-10-07T01:21:13.7975743Z       <Coroutine test_code_of_a_handed_over_supply_is_sent_and_read_once[in_delivery]>
2026-10-07T01:21:13.7975994Z       <Coroutine test_code_of_a_handed_over_supply_is_sent_and_read_once[done]>
2026-10-07T01:21:13.7976211Z       <Coroutine test_kiz_of_a_cancelled_order_does_not_keep_the_rest>
2026-10-07T01:21:13.7976356Z     <Module test_wms650_placement.py>
2026-10-07T01:21:13.7976591Z       <Coroutine test_c7_server_scan_placement_moves_box_out_of_remaining>
2026-10-07T01:21:13.7976851Z       <Coroutine test_c9_explicit_transfer_is_one_move_and_replay_changes_nothing>
2026-10-07T01:21:13.7977166Z       <Coroutine test_c19_taken_off_returns_to_remaining_and_replaces_without_double_count[box]>
2026-10-07T01:21:13.7977511Z       <Coroutine test_c19_taken_off_returns_to_remaining_and_replaces_without_double_count[box_contents]>
2026-10-07T01:21:13.7977854Z       <Coroutine test_c19_taken_off_returns_to_remaining_and_replaces_without_double_count[cargo_place]>
2026-10-07T01:21:13.7978217Z       <Coroutine test_c19_taken_off_returns_to_remaining_and_replaces_without_double_count[pallet_with_boxes]>
2026-10-07T01:21:13.7978553Z       <Coroutine test_c19_taken_off_returns_to_remaining_and_replaces_without_double_count[screen_box]>
2026-10-07T01:21:13.7979012Z       <Coroutine test_c19_taken_off_returns_to_remaining_and_replaces_without_double_count[take_out]>
2026-10-07T01:21:13.7979233Z       <Coroutine test_c20_second_and_next_boxes_are_placed[scan_order]>
2026-10-07T01:21:13.7979444Z       <Coroutine test_c20_second_and_next_boxes_are_placed[plus_order]>
2026-10-07T01:21:13.7979721Z       <Coroutine test_c23_repeated_requests_are_one_action_and_new_scans_are_new_units>
2026-10-07T01:21:13.7979935Z       <Coroutine test_c24_actions_and_undo_in_a_do_not_touch_b_and_c>
2026-10-07T01:21:13.7980151Z       <Coroutine test_c25_general_moves_do_not_change_inbound_progress>
2026-10-07T01:21:13.7980289Z     <Module test_wms650_review_fixes.py>
2026-10-07T01:21:13.7980490Z       <Coroutine test_a_cannot_take_off_loose_units_of_document_b>
2026-10-07T01:21:13.7980706Z       <Coroutine test_a_cannot_take_off_loose_units_of_another_seller>
2026-10-07T01:21:13.7980924Z       <Coroutine test_shared_loose_balance_a_takes_only_its_own_units>
2026-10-07T01:21:13.7981150Z       <Coroutine test_take_off_after_transfer_releases_rows_of_that_box>
2026-10-07T01:21:13.7981380Z       <Coroutine test_take_off_then_place_again_keeps_box_rows_within_box>
2026-10-07T01:21:13.7981594Z       <Coroutine test_undo_of_defect_scan_removes_its_distribution_row>
2026-10-07T01:21:13.7981919Z       <Coroutine test_chain_of_actions_and_undos_keeps_distribution_rows>
2026-10-07T01:21:13.7982146Z       <Coroutine test_same_operation_id_for_another_object_is_a_conflict>
2026-10-07T01:21:13.7982357Z       <Coroutine test_take_off_pallet_of_a_does_not_count_units_of_b>
2026-10-07T01:21:13.7982620Z       <Coroutine test_taken_out_units_placed_loose_keep_distribution_completable>
2026-10-07T01:21:13.7982797Z       <Coroutine test_take_out_scanned_unit_keeps_pools>
2026-10-07T01:21:13.7982995Z       <Coroutine test_scan_replay_after_take_out_is_recognised>
2026-10-07T01:21:13.7983256Z     <Module test_wms650_stock.py>
2026-10-07T01:21:13.7983490Z       <Coroutine test_c18_sorting_actions_and_undo_never_change_stock[C7]>
2026-10-07T01:21:13.7983719Z       <Coroutine test_c18_sorting_actions_and_undo_never_change_stock[C9]>
2026-10-07T01:21:13.7983951Z       <Coroutine test_c18_sorting_actions_and_undo_never_change_stock[C12a]>
2026-10-07T01:21:13.7984182Z       <Coroutine test_c18_sorting_actions_and_undo_never_change_stock[C12b]>
2026-10-07T01:21:13.7984410Z       <Coroutine test_c18_sorting_actions_and_undo_never_change_stock[C12v]>
2026-10-07T01:21:13.7984638Z       <Coroutine test_c18_sorting_actions_and_undo_never_change_stock[C12g]>
2026-10-07T01:21:13.7984863Z       <Coroutine test_c18_sorting_actions_and_undo_never_change_stock[C12d]>
2026-10-07T01:21:13.7985088Z       <Coroutine test_c18_sorting_actions_and_undo_never_change_stock[C12e]>
2026-10-07T01:21:13.7985319Z       <Coroutine test_c18_sorting_actions_and_undo_never_change_stock[C12zh]>
2026-10-07T01:21:13.7985554Z       <Coroutine test_c18_sorting_actions_and_undo_never_change_stock[C15]>
2026-10-07T01:21:13.7985781Z       <Coroutine test_c18_sorting_actions_and_undo_never_change_stock[C19]>
2026-10-07T01:21:13.7986009Z       <Coroutine test_c18_sorting_actions_and_undo_never_change_stock[C20]>
2026-10-07T01:21:13.7986235Z       <Coroutine test_c18_sorting_actions_and_undo_never_change_stock[C23]>
2026-10-07T01:21:13.7986363Z     <Module test_wms650_undo.py>
2026-10-07T01:21:13.7986585Z       <Coroutine test_c12_undo_restores_state_before_each_action_kind[a]>
2026-10-07T01:21:13.7986803Z       <Coroutine test_c12_undo_restores_state_before_each_action_kind[b]>
2026-10-07T01:21:13.7987022Z       <Coroutine test_c12_undo_restores_state_before_each_action_kind[v]>
2026-10-07T01:21:13.7987239Z       <Coroutine test_c12_undo_restores_state_before_each_action_kind[g]>
2026-10-07T01:21:13.7987451Z       <Coroutine test_c12_undo_restores_state_before_each_action_kind[d]>
2026-10-07T01:21:13.7987670Z       <Coroutine test_c12_undo_restores_state_before_each_action_kind[e]>
2026-10-07T01:21:13.7987894Z       <Coroutine test_c12_undo_restores_state_before_each_action_kind[zh]>
2026-10-07T01:21:13.7988241Z       <Coroutine test_c13_server_undoes_three_actions_in_reverse_order>
2026-10-07T01:21:13.7988455Z       <Coroutine test_c15_undo_refused_when_object_moved_after_action>
2026-10-07T01:21:13.7988648Z       <Coroutine test_c16_repeated_undo_request_reverses_once>
2026-10-07T01:21:13.7988829Z       <Coroutine test_c17_rejected_action_cannot_be_undone>
2026-10-07T01:21:13.7989025Z       <Coroutine test_c28_undo_does_not_reopen_posted_document>
2026-10-07T01:21:13.7989181Z     <Module test_wms650_undo_pallet_holder.py>
2026-10-07T01:21:13.7989368Z       <Coroutine test_take_box_off_pallet_in_sorting_and_undo>
2026-10-07T01:21:13.7989556Z       <Coroutine test_transfer_box_off_placed_pallet_and_undo>
2026-10-07T01:21:13.7989741Z       <Coroutine test_take_off_in_posted_document_moves_only>
2026-10-07T01:21:13.7989913Z     <Module test_wms653_delivery_error_contract.py>
2026-10-07T01:21:13.7990153Z       <Coroutine test_wms653_mixed_response_preserves_groups_and_raw_reason>
2026-10-07T01:21:13.7990302Z     <Module test_wms653_scope_contract.py>
2026-10-07T01:21:13.7990578Z       <Function test_wms653_diff_does_not_add_storage_status_background_retry_or_timer>
2026-10-07T01:21:13.7990754Z       <Function test_foreign_migration_is_not_wms653_delta>
2026-10-07T01:21:13.7990936Z       <Function test_exact_shared_release_metadata_passes>
2026-10-07T01:21:13.7991345Z       <Function test_adjacent_shared_metadata_remains_forbidden[docs/reviews/priority-five-progress-20261007.md]>
2026-10-07T01:21:13.7991978Z       <Function test_adjacent_shared_metadata_remains_forbidden[docs/reviews/priority-five-source-map-20261007.json]>
2026-10-07T01:21:13.7992445Z       <Function test_adjacent_shared_metadata_remains_forbidden[docs/reviews/priority-five-source-map-20261006.md]>
2026-10-07T01:21:13.7992967Z       <Function test_adjacent_shared_metadata_remains_forbidden[docs/reviews/wms663-priority-proof-20261006.md]>
2026-10-07T01:21:13.7993247Z       <Function test_new_own_foreign_paths_fail[backend/alembic/versions/foreign.py]>
2026-10-07T01:21:13.7993505Z       <Function test_new_own_foreign_paths_fail[backend/alembic/versions/own.py]>
2026-10-07T01:21:13.7993768Z       <Function test_new_own_foreign_paths_fail[backend/app/models/new_status.py]>
2026-10-07T01:21:13.7994004Z       <Function test_new_own_foreign_paths_fail[backend/app/tasks/retry.py]>
2026-10-07T01:21:13.7994302Z       <Function test_new_own_foreign_paths_fail[backend/app/services/inventory_service.py]>
2026-10-07T01:21:13.7994616Z       <Function test_new_own_foreign_paths_fail[backend/app/services/warehouse_map_service.py]>
2026-10-07T01:21:13.7994880Z       <Function test_new_own_foreign_paths_fail[backend/app/api/inbound_intake.py]>
2026-10-07T01:21:13.7995127Z       <Function test_new_own_foreign_paths_fail[frontend/src/screens/v2/fbsUx.ts]>
2026-10-07T01:21:13.7995382Z       <Function test_new_own_foreign_paths_fail[docs/evidence/WMS-666/foreign.md]>
2026-10-07T01:21:13.7995701Z       <Function test_new_own_foreign_paths_fail[docs/reviews/contract-corrections/WMS-666.json]>
2026-10-07T01:21:13.7995934Z       <Function test_new_own_foreign_paths_fail[.github/workflows/ci.yml]>
2026-10-07T01:21:13.7996201Z       <Function test_new_own_foreign_paths_fail[scripts/ci/check_task_documents.py]>
2026-10-07T01:21:13.7996386Z       <Function test_new_own_automation_fails[setInterval(]>
2026-10-07T01:21:13.7996569Z       <Function test_new_own_automation_fails[setTimeout(]>
2026-10-07T01:21:13.7996775Z       <Function test_new_own_automation_fails[BackgroundTasks(]>
2026-10-07T01:21:13.7996974Z       <Function test_new_own_automation_fails[@celery_app.task]>
2026-10-07T01:21:13.7997186Z       <Function test_pending_foreign_change_cannot_hide[untracked]>
2026-10-07T01:21:13.7997393Z       <Function test_pending_foreign_change_cannot_hide[unstaged]>
2026-10-07T01:21:13.7997594Z       <Function test_pending_foreign_change_cannot_hide[staged]>
2026-10-07T01:21:13.7997812Z       <Function test_pending_foreign_change_cannot_hide[index-only]>
2026-10-07T01:21:13.7998114Z       <Function test_index_only_automation_cannot_hide>
2026-10-07T01:21:13.7998287Z       <Function test_untracked_automation_cannot_hide>
2026-10-07T01:21:13.7998492Z       <Function test_merge_import_passes_but_own_resolution_fails>
2026-10-07T01:21:13.7998633Z       <Function test_missing_history_fails>
2026-10-07T01:21:13.7998773Z       <Function test_merge_own_timer_fails>
2026-10-07T01:21:13.7999013Z       <Function test_combined_additions_keep_three_parent_merge_automation>
2026-10-07T01:21:13.7999151Z       <Function test_shallow_history_fails>
2026-10-07T01:21:13.7999283Z     <Module test_wms656_kiz_label.py>
2026-10-07T01:21:13.7999583Z       <Coroutine test_reprints_return_scoped_existing_label_metadata[saved-seller-label]>
2026-10-07T01:21:13.7999819Z       <Coroutine test_reprints_return_scoped_existing_label_metadata[None]>
2026-10-07T01:21:13.8000048Z       <Coroutine test_reprints_return_scoped_existing_label_metadata[]>
2026-10-07T01:21:13.8000200Z     <Module test_wms659_bulk_inbound_boxes.py>
2026-10-07T01:21:13.8000479Z       <Coroutine test_wms659_c2_rejects_invalid_quantity_without_creating_boxes[body0]>
2026-10-07T01:21:13.8000741Z       <Coroutine test_wms659_c2_rejects_invalid_quantity_without_creating_boxes[body1]>
2026-10-07T01:21:13.8001009Z       <Coroutine test_wms659_c2_rejects_invalid_quantity_without_creating_boxes[body2]>
2026-10-07T01:21:13.8001272Z       <Coroutine test_wms659_c2_rejects_invalid_quantity_without_creating_boxes[body3]>
2026-10-07T01:21:13.8001547Z       <Coroutine test_wms659_c3_bulk_create_persists_exact_boxes_only_in_current_inbound>
2026-10-07T01:21:13.8001933Z       <Coroutine test_wms659_c4_bulk_create_works_in_editable_return_and_stays_isolated>
2026-10-07T01:21:13.8002182Z       <Coroutine test_wms659_c6_batch_rolls_back_wholly_after_mid_write_failure>
2026-10-07T01:21:13.8002525Z       <Coroutine test_wms659_c7_same_mutation_is_concurrent_safe>
2026-10-07T01:21:13.8002799Z       <Coroutine test_wms659_c8_same_mutation_replays_saved_batch_after_lost_response>
2026-10-07T01:21:13.8003109Z       <Coroutine test_wms659_c10_c11_status_permission_and_tenant_boundaries_create_nothing>
2026-10-07T01:21:13.8003375Z       <Coroutine test_wms659_c12_existing_tare_print_and_pallet_actions_remain_intact>
2026-10-07T01:21:13.8003538Z     <Module test_wms660_scan_barcode_aliases.py>
2026-10-07T01:21:13.8003939Z       <Coroutine test_saved_codes_select_and_replay_without_consuming_next_order[primary-04640556102658-4610264735875]>
2026-10-07T01:21:13.8004325Z       <Coroutine test_saved_codes_select_and_replay_without_consuming_next_order[primary-04640556141886-4610264735912]>
2026-10-07T01:21:13.8004704Z       <Coroutine test_saved_codes_select_and_replay_without_consuming_next_order[order-04640556102658-4610264735875]>
2026-10-07T01:21:13.8005076Z       <Coroutine test_saved_codes_select_and_replay_without_consuming_next_order[order-04640556141886-4610264735912]>
2026-10-07T01:21:13.8005447Z       <Coroutine test_saved_codes_select_and_replay_without_consuming_next_order[alias-04640556102658-4610264735875]>
2026-10-07T01:21:13.8005820Z       <Coroutine test_saved_codes_select_and_replay_without_consuming_next_order[alias-04640556141886-4610264735912]>
2026-10-07T01:21:13.8006052Z       <Coroutine test_alias_outside_current_scope_is_not_selected[supply]>
2026-10-07T01:21:13.8006280Z       <Coroutine test_alias_outside_current_scope_is_not_selected[seller]>
2026-10-07T01:21:13.8006501Z       <Coroutine test_alias_outside_current_scope_is_not_selected[tenant]>
2026-10-07T01:21:13.8006825Z       <Coroutine test_alias_collision_with_another_product_is_ambiguous_but_row_scan_still_works>
2026-10-07T01:21:13.8006976Z     <Module test_wms662_approve_scope_race.py>
2026-10-07T01:21:13.8007220Z       <Coroutine test_normal_approve_does_not_expense_order_added_during_http>
2026-10-07T01:21:13.8007486Z       <Coroutine test_normal_approve_does_not_expense_quantity_added_during_http>
2026-10-07T01:21:13.8007637Z     <Module test_wms662_astra_regressions.py>
2026-10-07T01:21:13.8008040Z       <Coroutine test_f1_approved_checkpoint_limits_postings_and_quantity_snapshot[1]>
2026-10-07T01:21:13.8008309Z       <Coroutine test_f1_approved_checkpoint_limits_postings_and_quantity_snapshot[2]>
2026-10-07T01:21:13.8008585Z       <Coroutine test_f2_split_cancelled_remainder_releases_reserve_and_finalizes_once>
2026-10-07T01:21:13.8008748Z     <Module test_wms662_cancellation_lock_order.py>
2026-10-07T01:21:13.8009106Z       <Coroutine test_f6_cancel_and_distinct_order_handoff_commit_without_loss_or_duplicate[local-normal]>
2026-10-07T01:21:13.8009468Z       <Coroutine test_f6_cancel_and_distinct_order_handoff_commit_without_loss_or_duplicate[local-observed]>
2026-10-07T01:21:13.8009851Z       <Coroutine test_f6_cancel_and_distinct_order_handoff_commit_without_loss_or_duplicate[observed_status-normal]>
2026-10-07T01:21:13.8010245Z       <Coroutine test_f6_cancel_and_distinct_order_handoff_commit_without_loss_or_duplicate[observed_status-observed]>
2026-10-07T01:21:13.8010396Z     <Module test_wms662_continued_billing.py>
2026-10-07T01:21:13.8010706Z       <Coroutine test_f3_observed_second_unit_updates_billing_without_duplicates[continuation]>
2026-10-07T01:21:13.8011022Z       <Coroutine test_f3_observed_second_unit_updates_billing_without_duplicates[repeated-sync]>
2026-10-07T01:21:13.8011210Z     <Module test_wms662_continued_billing_cancellation.py>
2026-10-07T01:21:13.8011487Z       <Coroutine test_f4_v2_document_packing_is_billed_once_after_invoiced_continuation>
2026-10-07T01:21:13.8011896Z       <Coroutine test_f5_one_ozon_cancellation_reverses_all_charges_and_retry_changes_nothing>
2026-10-07T01:21:13.8012056Z     <Module test_wms662_invoiced_continuation.py>
2026-10-07T01:21:13.8012424Z       <Coroutine test_invoiced_partial_handoff_bills_increment_once_without_rewriting_invoice[continuation]>
2026-10-07T01:21:13.8012959Z       <Coroutine test_invoiced_partial_handoff_bills_increment_once_without_rewriting_invoice[repeated-sync]>
2026-10-07T01:21:13.8013133Z     <Module test_wms662_live_delivery_substatuses.py>
2026-10-07T01:21:13.8013545Z       <Function test_live_delivering_substatus_proves_handoff[posting-0113371235-0054-3.json-posting_in_pickup_point]>
2026-10-07T01:21:13.8013938Z       <Function test_live_delivering_substatus_proves_handoff[posting-83893932-0680-2.json-posting_on_way_to_city]>
2026-10-07T01:21:13.8014274Z       <Function test_delivery_substatuses_do_not_accept_cancelled_pending_or_unknown[cancelled-None]>
2026-10-07T01:21:13.8014666Z       <Function test_delivery_substatuses_do_not_accept_cancelled_pending_or_unknown[cancel-posting_in_pickup_point]>
2026-10-07T01:21:13.8015029Z       <Function test_delivery_substatuses_do_not_accept_cancelled_pending_or_unknown[delivering-cancelled]>
2026-10-07T01:21:13.8015395Z       <Function test_delivery_substatuses_do_not_accept_cancelled_pending_or_unknown[awaiting_packaging-None]>
2026-10-07T01:21:13.8015843Z       <Function test_delivery_substatuses_do_not_accept_cancelled_pending_or_unknown[awaiting_packaging-posting_in_pickup_point]>
2026-10-07T01:21:13.8016319Z       <Function test_delivery_substatuses_do_not_accept_cancelled_pending_or_unknown[awaiting_deliver-posting_transferring_to_delivery]>
2026-10-07T01:21:13.8016703Z       <Function test_delivery_substatuses_do_not_accept_cancelled_pending_or_unknown[unknown-posting_on_way_to_city]>
2026-10-07T01:21:13.8017114Z       <Function test_delivery_substatuses_do_not_accept_cancelled_pending_or_unknown[delivering-unrecognized_substatus]>
2026-10-07T01:21:13.8017426Z       <Function test_delivery_substatuses_do_not_accept_cancelled_pending_or_unknown[None-None]>
2026-10-07T01:21:13.8017631Z       <Function test_existing_received_delivery_stays_positive>
2026-10-07T01:21:13.8017781Z     <Module test_wms662_observed_handoff.py>
2026-10-07T01:21:13.8018005Z       <Coroutine test_c1_wb_complete_waiting_exactly_once[statuses0]>
2026-10-07T01:21:13.8018213Z       <Coroutine test_c1_wb_complete_waiting_exactly_once[statuses1]>
2026-10-07T01:21:13.8018420Z       <Coroutine test_c1_wb_complete_waiting_exactly_once[statuses2]>
2026-10-07T01:21:13.8018754Z       <Coroutine test_c1_wb_complete_waiting_exactly_once[statuses3]>
2026-10-07T01:21:13.8019030Z       <Coroutine test_c2_wb_parent_and_preparation_are_not_handoff[confirm-waiting]>
2026-10-07T01:21:13.8019279Z       <Coroutine test_c2_wb_parent_and_preparation_are_not_handoff[None-None]>
2026-10-07T01:21:13.8019545Z       <Coroutine test_c2_wb_parent_and_preparation_are_not_handoff[complete-mystery]>
2026-10-07T01:21:13.8019821Z       <Coroutine test_c2_wb_parent_and_preparation_are_not_handoff[confirm-reshipment]>
2026-10-07T01:21:13.8020103Z       <Coroutine test_c2_wb_parent_and_preparation_are_not_handoff[complete-crossborder]>
2026-10-07T01:21:13.8020390Z       <Coroutine test_c2_ozon_preparation_and_unsupported_words[awaiting_packaging-None]>
2026-10-07T01:21:13.8020664Z       <Coroutine test_c2_ozon_preparation_and_unsupported_words[awaiting_deliver-None]>
2026-10-07T01:21:13.8021004Z       <Coroutine test_c2_ozon_preparation_and_unsupported_words[awaiting_deliver-posting_in_carriage]>
2026-10-07T01:21:13.8021391Z       <Coroutine test_c2_ozon_preparation_and_unsupported_words[awaiting_deliver-posting_transferring_to_delivery]>
2026-10-07T01:21:13.8021661Z       <Coroutine test_c2_ozon_preparation_and_unsupported_words[sent_by_seller-None]>
2026-10-07T01:21:13.8021999Z       <Coroutine test_c2_ozon_preparation_and_unsupported_words[done-None]>
2026-10-07T01:21:13.8022232Z       <Coroutine test_c2_ozon_preparation_and_unsupported_words[new-None]>
2026-10-07T01:21:13.8022480Z       <Coroutine test_c2_ozon_preparation_and_unsupported_words[unknown-None]>
2026-10-07T01:21:13.8022708Z       <Coroutine test_c2_ozon_preparation_and_unsupported_words[None-None]>
2026-10-07T01:21:13.8022971Z       <Coroutine test_c2_ozon_preparation_and_unsupported_words[arbitration-None]>
2026-10-07T01:21:13.8023362Z       <Coroutine test_c2_ozon_preparation_and_unsupported_words[not_accepted-None]>
2026-10-07T01:21:13.8023570Z       <Coroutine test_c3_wb_partial_then_remaining_same_document>
2026-10-07T01:21:13.8023789Z       <Coroutine test_c4_ozon_proved_posting_stages[delivering-None]>
2026-10-07T01:21:13.8024017Z       <Coroutine test_c4_ozon_proved_posting_stages[driver_pickup-None]>
2026-10-07T01:21:13.8024224Z       <Coroutine test_c4_ozon_proved_posting_stages[delivered-None]>
2026-10-07T01:21:13.8024484Z       <Coroutine test_c4_ozon_proved_posting_stages[delivered-posting_delivered]>
2026-10-07T01:21:13.8024734Z       <Coroutine test_c4_ozon_proved_posting_stages[delivering-posting_received]>
2026-10-07T01:21:13.8024945Z       <Coroutine test_c5_ozon_closed_parent_only_card_a_is_proved>
2026-10-07T01:21:13.8025149Z       <Coroutine test_c6_unconfirmed_carriage_is_unknown[formed]>
2026-10-07T01:21:13.8025352Z       <Coroutine test_c6_unconfirmed_carriage_is_unknown[new]>
2026-10-07T01:21:13.8025714Z       <Coroutine test_c6_unconfirmed_carriage_is_unknown[unknown]>
2026-10-07T01:21:13.8025989Z       <Coroutine test_c6_unconfirmed_carriage_is_unknown[None]>
2026-10-07T01:21:13.8026286Z       <Coroutine test_c6_confirmed_checkpoint_local_recovery>
2026-10-07T01:21:13.8026521Z       <Coroutine test_c7_split_quantity_remainder_and_recipe>
2026-10-07T01:21:13.8026876Z       <Coroutine test_c8_split_incomplete_never_expenses_parent[missing]>
2026-10-07T01:21:13.8027109Z       <Coroutine test_c8_split_incomplete_never_expenses_parent[overlap]>
2026-10-07T01:21:13.8027339Z       <Coroutine test_c8_split_incomplete_never_expenses_parent[unmapped]>
2026-10-07T01:21:13.8027524Z       <Coroutine test_c11_existing_ledger_repair[staged]>
2026-10-07T01:21:13.8027699Z       <Coroutine test_c11_existing_ledger_repair[full]>
2026-10-07T01:21:13.8027875Z       <Coroutine test_c11_existing_ledger_repair[partial]>
2026-10-07T01:21:13.8028060Z       <Coroutine test_c11_existing_ledger_repair[reversed]>
2026-10-07T01:21:13.8028268Z       <Coroutine test_c12_cancel_before_after_handoff[False-wb]>
2026-10-07T01:21:13.8028472Z       <Coroutine test_c12_cancel_before_after_handoff[False-ozon]>
2026-10-07T01:21:13.8028815Z       <Coroutine test_c12_cancel_before_after_handoff[True-wb]>
2026-10-07T01:21:13.8029011Z       <Coroutine test_c12_cancel_before_after_handoff[True-ozon]>
2026-10-07T01:21:13.8029257Z       <Coroutine test_c13_done_repair_is_bounded_and_stops_polling_completed>
2026-10-07T01:21:13.8029427Z       <Coroutine test_c14_scope_isolation[tenant-wb]>
2026-10-07T01:21:13.8029597Z       <Coroutine test_c14_scope_isolation[tenant-ozon]>
2026-10-07T01:21:13.8029765Z       <Coroutine test_c14_scope_isolation[seller-wb]>
2026-10-07T01:21:13.8029930Z       <Coroutine test_c14_scope_isolation[seller-ozon]>
2026-10-07T01:21:13.8030105Z       <Coroutine test_c14_scope_isolation[marketplace-wb]>
2026-10-07T01:21:13.8030296Z       <Coroutine test_c14_scope_isolation[marketplace-ozon]>
2026-10-07T01:21:13.8030468Z       <Coroutine test_c14_scope_isolation[imported-wb]>
2026-10-07T01:21:13.8030646Z       <Coroutine test_c14_scope_isolation[imported-ozon]>
2026-10-07T01:21:13.8030826Z       <Coroutine test_c14_scope_isolation[warehouse-wb]>
2026-10-07T01:21:13.8030995Z       <Coroutine test_c14_scope_isolation[warehouse-ozon]>
2026-10-07T01:21:13.8031159Z       <Coroutine test_c14_scope_isolation[supply-wb]>
2026-10-07T01:21:13.8031325Z       <Coroutine test_c14_scope_isolation[supply-ozon]>
2026-10-07T01:21:13.8031585Z       <Coroutine test_c15_unpacked_sources_shortage_and_unmapped[real_stock-wb]>
2026-10-07T01:21:13.8032107Z       <Coroutine test_c15_unpacked_sources_shortage_and_unmapped[real_stock-ozon]>
2026-10-07T01:21:13.8032353Z       <Coroutine test_c15_unpacked_sources_shortage_and_unmapped[shortage-wb]>
2026-10-07T01:21:13.8032604Z       <Coroutine test_c15_unpacked_sources_shortage_and_unmapped[shortage-ozon]>
2026-10-07T01:21:13.8032845Z       <Coroutine test_c15_unpacked_sources_shortage_and_unmapped[unmapped-wb]>
2026-10-07T01:21:13.8033240Z       <Coroutine test_c15_unpacked_sources_shortage_and_unmapped[unmapped-ozon]>
2026-10-07T01:21:13.8033414Z       <Coroutine test_c16_unknown_then_success[wb-403]>
2026-10-07T01:21:13.8033579Z       <Coroutine test_c16_unknown_then_success[wb-429]>
2026-10-07T01:21:13.8033745Z       <Coroutine test_c16_unknown_then_success[wb-500]>
2026-10-07T01:21:13.8033928Z       <Coroutine test_c16_unknown_then_success[wb-timeout]>
2026-10-07T01:21:13.8034112Z       <Coroutine test_c16_unknown_then_success[wb-bad_json]>
2026-10-07T01:21:13.8034290Z       <Coroutine test_c16_unknown_then_success[wb-missing]>
2026-10-07T01:21:13.8034455Z       <Coroutine test_c16_unknown_then_success[ozon-403]>
2026-10-07T01:21:13.8034626Z       <Coroutine test_c16_unknown_then_success[ozon-429]>
2026-10-07T01:21:13.8034793Z       <Coroutine test_c16_unknown_then_success[ozon-500]>
2026-10-07T01:21:13.8034979Z       <Coroutine test_c16_unknown_then_success[ozon-timeout]>
2026-10-07T01:21:13.8035174Z       <Coroutine test_c16_unknown_then_success[ozon-bad_json]>
2026-10-07T01:21:13.8035352Z       <Coroutine test_c16_unknown_then_success[ozon-missing]>
2026-10-07T01:21:13.8035532Z       <Coroutine test_c18_saved_official_contract_and_gaps>
2026-10-07T01:21:13.8035706Z       <Coroutine test_c2_wb_local_preparation[packed]>
2026-10-07T01:21:13.8035869Z       <Coroutine test_c2_wb_local_preparation[qr]>
2026-10-07T01:21:13.8036035Z       <Coroutine test_c6_unknown_has_durable_reason>
2026-10-07T01:21:13.8036204Z       <Coroutine test_c13_wb_already_done_missing_expense>
2026-10-07T01:21:13.8036448Z       <Coroutine test_c12_wb_negative_terminal_is_not_handoff[cancel-waiting]>
2026-10-07T01:21:13.8036724Z       <Coroutine test_c12_wb_negative_terminal_is_not_handoff[cancel_carrier-waiting]>
2026-10-07T01:21:13.8036980Z       <Coroutine test_c12_wb_negative_terminal_is_not_handoff[complete-canceled]>
2026-10-07T01:21:13.8037280Z       <Coroutine test_c12_wb_negative_terminal_is_not_handoff[complete-declined_by_client]>
2026-10-07T01:21:13.8037568Z       <Coroutine test_c12_wb_negative_terminal_is_not_handoff[complete-canceled_by_client]>
2026-10-07T01:21:13.8037861Z       <Coroutine test_c12_wb_negative_terminal_is_not_handoff[complete-canceled_by_carrier]>
2026-10-07T01:21:13.8038224Z       <Coroutine test_c12_wb_negative_terminal_is_not_handoff[confirm-defect]>
2026-10-07T01:21:13.8038454Z       <Coroutine test_c4_ozon_import_and_unchanged_status_also_conduct>
2026-10-07T01:21:13.8038674Z       <Coroutine test_c14_wb_complete_outside_exact_supply_composition>
2026-10-07T01:21:13.8038912Z       <Coroutine test_c16_ozon_incomplete_or_conflicting_composition[None]>
2026-10-07T01:21:13.8039161Z       <Coroutine test_c16_ozon_incomplete_or_conflicting_composition[products1]>
2026-10-07T01:21:13.8039407Z       <Coroutine test_c16_ozon_incomplete_or_conflicting_composition[products2]>
2026-10-07T01:21:13.8039547Z     <Module test_wms662_postgres.py>
2026-10-07T01:21:13.8039718Z       <Coroutine test_c9_two_pollers_and_normal_button>
2026-10-07T01:21:13.8039941Z       <Coroutine test_c12_cancel_wins_over_inflight_old_positive[wb]>
2026-10-07T01:21:13.8040153Z       <Coroutine test_c12_cancel_wins_over_inflight_old_positive[ozon]>
2026-10-07T01:21:13.8040378Z       <Coroutine test_c17_pick_transfer_cap_and_neighbour_during_http>
2026-10-07T01:21:13.8040620Z       <Coroutine test_c10_local_crash_atomic_and_restart[observed-movement]>
2026-10-07T01:21:13.8040849Z       <Coroutine test_c10_local_crash_atomic_and_restart[observed-ledger]>
2026-10-07T01:21:13.8041081Z       <Coroutine test_c10_local_crash_atomic_and_restart[observed-reserve]>
2026-10-07T01:21:13.8041347Z       <Coroutine test_c10_local_crash_atomic_and_restart[normal_checkpoint-movement]>
2026-10-07T01:21:13.8041610Z       <Coroutine test_c10_local_crash_atomic_and_restart[normal_checkpoint-ledger]>
2026-10-07T01:21:13.8041977Z       <Coroutine test_c10_local_crash_atomic_and_restart[normal_checkpoint-reserve]>
2026-10-07T01:21:13.8042173Z     <Module test_wms663_absent_pre_set_recovery_contract.py>
2026-10-07T01:21:13.8042640Z       <Coroutine test_interrupted_pre_set_claim_allows_first_explicit_set_but_unknown_never_repeats>
2026-10-07T01:21:13.8042934Z       <Coroutine test_accepted_batch_intent_survives_real_marking_and_does_not_set_again>
2026-10-07T01:21:13.8043097Z     <Module test_wms663_accepted_current_status.py>
2026-10-07T01:21:13.8043330Z       <Coroutine test_f4_current_rejection_is_visible_in_view_and_exemplar>
2026-10-07T01:21:13.8043594Z       <Coroutine test_f4_current_validation_is_checking_not_historical_acceptance>
2026-10-07T01:21:13.8043824Z       <Coroutine test_f4_unknown_current_document_status_is_not_accepted>
2026-10-07T01:21:13.8044200Z       <Coroutine test_f4_current_read_does_not_turn_completed_intent_into_pending_writer[documents_b-rejected]>
2026-10-07T01:21:13.8044557Z       <Coroutine test_f4_current_read_does_not_turn_completed_intent_into_pending_writer[documents_b-checking]>
2026-10-07T01:21:13.8044991Z       <Coroutine test_f4_current_read_does_not_turn_completed_intent_into_pending_writer[documents_b-unknown_document_status]>
2026-10-07T01:21:13.8045348Z       <Coroutine test_f4_current_read_does_not_turn_completed_intent_into_pending_writer[marking-rejected]>
2026-10-07T01:21:13.8045695Z       <Coroutine test_f4_current_read_does_not_turn_completed_intent_into_pending_writer[marking-checking]>
2026-10-07T01:21:13.8046105Z       <Coroutine test_f4_current_read_does_not_turn_completed_intent_into_pending_writer[marking-unknown_document_status]>
2026-10-07T01:21:13.8046399Z       <Coroutine test_f4_current_read_preserves_stale_version_control[documents-rejected]>
2026-10-07T01:21:13.8046679Z       <Coroutine test_f4_current_read_preserves_stale_version_control[documents-checking]>
2026-10-07T01:21:13.8047025Z       <Coroutine test_f4_current_read_preserves_stale_version_control[documents-unknown_document_status]>
2026-10-07T01:21:13.8047309Z       <Coroutine test_f4_current_read_preserves_stale_version_control[marking-rejected]>
2026-10-07T01:21:13.8047594Z       <Coroutine test_f4_current_read_preserves_stale_version_control[marking-checking]>
2026-10-07T01:21:13.8047935Z       <Coroutine test_f4_current_read_preserves_stale_version_control[marking-unknown_document_status]>
2026-10-07T01:21:13.8048251Z     <Module test_wms663_accepted_read_regressions.py>
2026-10-07T01:21:13.8048502Z       <Coroutine test_f1r_accepted_get_shows_fresh_cabinet_and_remains_editable>
2026-10-07T01:21:13.8048771Z       <Coroutine test_f1r_accepted_get_allows_next_write_without_old_a[documents_b]>
2026-10-07T01:21:13.8049019Z       <Coroutine test_f1r_accepted_get_allows_next_write_without_old_a[marking]>
2026-10-07T01:21:13.8049263Z       <Coroutine test_f1r_unresolved_writer_still_blocks_new_claim[unknown]>
2026-10-07T01:21:13.8049522Z       <Coroutine test_f1r_unresolved_writer_still_blocks_new_claim[active_writer]>
2026-10-07T01:21:13.8049749Z       <Coroutine test_f1r_old_get_cannot_overwrite_newer_document_claim>
2026-10-07T01:21:13.8050013Z       <Coroutine test_f1r_accepted_operation_still_rejects_stale_version[documents]>
2026-10-07T01:21:13.8050270Z       <Coroutine test_f1r_accepted_operation_still_rejects_stale_version[marking]>
2026-10-07T01:21:13.8050429Z     <Module test_wms663_astra_regressions.py>
2026-10-07T01:21:13.8050685Z       <Coroutine test_f1_accepted_a_cabinet_edit_survives_next_write[documents_b]>
2026-10-07T01:21:13.8050932Z       <Coroutine test_f1_accepted_a_cabinet_edit_survives_next_write[marking]>
2026-10-07T01:21:13.8051164Z       <Coroutine test_f2_explicit_get_refresh_releases_update_not_available>
2026-10-07T01:21:13.8051413Z       <Coroutine test_f3_accepted_gtd_then_two_acknowledged_kiz_writes_continue>
2026-10-07T01:21:13.8051656Z       <Coroutine test_f3_unresolved_or_active_writer_still_conflicts[unknown]>
2026-10-07T01:21:13.8052025Z       <Coroutine test_f3_unresolved_or_active_writer_still_conflicts[active_writer]>
2026-10-07T01:21:13.8052200Z     <Module test_wms663_customs_documents_contract.py>
2026-10-07T01:21:13.8052540Z       <Coroutine test_wms663_gtd_absent_is_explicit_and_does_not_send_a_number>
2026-10-07T01:21:13.8052826Z       <Coroutine test_wms663_explicit_choice_is_saved_exactly_and_resumes_after_restart>
2026-10-07T01:21:13.8053119Z       <Coroutine test_wms663_kiz_scan_preserves_remote_customs_fields_and_every_exemplar>
2026-10-07T01:21:13.8053393Z       <Coroutine test_wms663_write_is_tenant_isolated_and_rejects_a_stale_version>
2026-10-07T01:21:13.8053650Z       <Coroutine test_wms663_lost_set_response_reads_status_before_any_repeat>
2026-10-07T01:21:13.8053889Z       <Coroutine test_wms663_two_sessions_commit_one_posting_version_once>
2026-10-07T01:21:13.8054294Z       <Coroutine test_wms663_status_accepts_only_matching_and_keeps_other_results_nonaccepted[status_payload0-checking]>
2026-10-07T01:21:13.8054689Z       <Coroutine test_wms663_status_accepts_only_matching_and_keeps_other_results_nonaccepted[status_payload1-accepted]>
2026-10-07T01:21:13.8055087Z       <Coroutine test_wms663_status_accepts_only_matching_and_keeps_other_results_nonaccepted[status_payload2-unknown]>
2026-10-07T01:21:13.8055470Z       <Coroutine test_wms663_status_accepts_only_matching_and_keeps_other_results_nonaccepted[status_payload3-unknown]>
2026-10-07T01:21:13.8055863Z       <Coroutine test_wms663_status_accepts_only_matching_and_keeps_other_results_nonaccepted[status_payload4-rejected]>
2026-10-07T01:21:13.8056254Z       <Coroutine test_wms663_status_accepts_only_matching_and_keeps_other_results_nonaccepted[status_payload5-editable]>
2026-10-07T01:21:13.8056633Z       <Coroutine test_wms663_status_accepts_only_matching_and_keeps_other_results_nonaccepted[status_payload6-unknown]>
2026-10-07T01:21:13.8057017Z       <Coroutine test_wms663_status_accepts_only_matching_and_keeps_other_results_nonaccepted[status_payload7-unknown]>
2026-10-07T01:21:13.8057401Z       <Coroutine test_wms663_status_accepts_only_matching_and_keeps_other_results_nonaccepted[status_payload8-unknown]>
2026-10-07T01:21:13.8057670Z       <Function test_wms663_saved_openapi_keeps_customs_fields_and_statuses_untyped>
2026-10-07T01:21:13.8058015Z       <Function test_wms663_requirement_skus_accept_numbers_and_strings_without_cross_document_absence>
2026-10-07T01:21:13.8058298Z     <Module test_wms663_owner_absent_batch_contract.py>
2026-10-07T01:21:13.8058602Z       <Coroutine test_one_explicit_batch_sets_all_required_exemplars_once_and_preserves_rest>
2026-10-07T01:21:13.8058862Z       <Coroutine test_unknown_batch_survives_restart_and_repeat_only_reads_status>
2026-10-07T01:21:13.8059139Z       <Coroutine test_batch_rejects_foreign_tenant_or_wb_before_marketplace_io[tenant]>
2026-10-07T01:21:13.8059402Z       <Coroutine test_batch_rejects_foreign_tenant_or_wb_before_marketplace_io[wb]>
2026-10-07T01:21:13.8059612Z       <Coroutine test_stale_batch_version_is_rejected_without_set>
2026-10-07T01:21:13.8059778Z     <Module test_wms663_partial_accepted_status.py>
2026-10-07T01:21:13.8060104Z       <Coroutine test_f4r_partial_fresh_status_does_not_accept_all_displayed_documents[a_exemplar]>
2026-10-07T01:21:13.8060427Z       <Coroutine test_f4r_partial_fresh_status_does_not_accept_all_displayed_documents[a_product]>
2026-10-07T01:21:13.8060776Z       <Coroutine test_f4r_partial_fresh_status_does_not_accept_all_displayed_documents[sibling_exemplar]>
2026-10-07T01:21:13.8061085Z       <Coroutine test_f4r_partial_fresh_status_does_not_accept_all_displayed_documents[b_product]>
2026-10-07T01:21:13.8061340Z       <Coroutine test_f4r_complete_healthy_reply_accepts_current_cabinet_values>
2026-10-07T01:21:13.8061650Z       <Coroutine test_f4r_partial_read_keeps_next_explicit_action_allowed[documents_b-a_exemplar]>
2026-10-07T01:21:13.8062070Z       <Coroutine test_f4r_partial_read_keeps_next_explicit_action_allowed[documents_b-a_product]>
2026-10-07T01:21:13.8062382Z       <Coroutine test_f4r_partial_read_keeps_next_explicit_action_allowed[marking-a_exemplar]>
2026-10-07T01:21:13.8062680Z       <Coroutine test_f4r_partial_read_keeps_next_explicit_action_allowed[marking-a_product]>
2026-10-07T01:21:13.8063101Z       <Coroutine test_f4r_partial_read_preserves_stale_version_control[documents-a_exemplar]>
2026-10-07T01:21:13.8063400Z       <Coroutine test_f4r_partial_read_preserves_stale_version_control[documents-a_product]>
2026-10-07T01:21:13.8063692Z       <Coroutine test_f4r_partial_read_preserves_stale_version_control[marking-a_exemplar]>
2026-10-07T01:21:13.8063979Z       <Coroutine test_f4r_partial_read_preserves_stale_version_control[marking-a_product]>
2026-10-07T01:21:13.8064252Z       <Coroutine test_f4r_real_component_label_with_actual_service_reply[a_exemplar]>
2026-10-07T01:21:13.8064512Z       <Coroutine test_f4r_real_component_label_with_actual_service_reply[a_product]>
2026-10-07T01:21:13.8064763Z       <Coroutine test_f4r_real_component_label_with_actual_service_reply[None]>
2026-10-07T01:21:13.8064928Z     <Module test_wms663_release_retry_contract.py>
2026-10-07T01:21:13.8065243Z       <Coroutine test_definite_429_then_explicit_retry_sends_one_new_set_and_persists_acceptance>
2026-10-07T01:21:13.8065528Z       <Coroutine test_unknown_with_old_update_available_readback_cannot_duplicate_batch>
2026-10-07T01:21:13.8065772Z       <Coroutine test_accepted_batch_reopen_and_repeat_never_create_new_set>
2026-10-07T01:21:23.3853599Z       <Coroutine test_two_sessions_same_version_batch_allow_only_one_set[initial-batch]>
2026-10-07T01:21:23.3880863Z       <Coroutine test_two_sessions_same_version_batch_allow_only_one_set[rejected-batch-retry]>
2026-10-07T01:21:23.3882620Z     <Module test_wms663_requirements_completeness_contract.py>
2026-10-07T01:21:23.3913103Z       <Coroutine test_requirements_complete_matches_all_existing_skus_and_quantities[full]>
2026-10-07T01:21:23.3943163Z       <Coroutine test_requirements_complete_matches_all_existing_skus_and_quantities[missing_sku]>
2026-10-07T01:21:23.3985974Z       <Coroutine test_requirements_complete_matches_all_existing_skus_and_quantities[missing_quantity]>
2026-10-07T01:21:23.3989587Z     <Module test_wms663_residual_behavior_contract.py>
2026-10-07T01:21:23.3991373Z       <Coroutine test_c3_three_exemplars_and_other_orders_sellers_wb_are_isolated>
2026-10-07T01:21:23.3992810Z       <Coroutine test_c5_gtd_then_kiz_then_rnpt_preserves_each_complete_set>
2026-10-07T01:21:23.3994485Z       <Coroutine test_c7_foreign_exemplar_id_cannot_accept_and_status_can_resolve>
2026-10-07T01:21:23.3995814Z       <Coroutine test_c12_optional_missing_nullable_preserves_input_and_rejection[missing]>
2026-10-07T01:21:23.3998339Z       <Coroutine test_c12_optional_missing_nullable_preserves_input_and_rejection[null]>
2026-10-07T01:21:23.3999684Z       <Coroutine test_c12_real_json_decode_failure_is_bounded_unknown_with_saved_choice>
2026-10-07T01:21:23.4000917Z       <Coroutine test_c13_background_restart_selects_gtd_only_without_marking>
2026-10-07T01:21:23.4003543Z       <Coroutine test_c14_existing_qr_after_accepted_preserves_documents_and_local_accounting>
2026-10-07T01:21:23.4005232Z     <Module test_wms667_catalog_has_stock_contract.py>
2026-10-07T01:21:23.4006207Z       <Coroutine test_c1_displayed_on_hand_strictly_positive>
2026-10-07T01:21:23.4007630Z       <Coroutine test_c2_positive_fully_reserved_is_included[5]>
2026-10-07T01:21:23.4008664Z       <Coroutine test_c2_positive_fully_reserved_is_included[7]>
2026-10-07T01:21:23.4009725Z       <Coroutine test_c3_filter_before_count_and_pagination>
2026-10-07T01:21:23.4010847Z       <Coroutine test_c4_stock_filter_intersects_existing_filters[filters0-expected0]>
2026-10-07T01:21:23.4012314Z       <Coroutine test_c4_stock_filter_intersects_existing_filters[filters1-expected1]>
2026-10-07T01:21:23.4013627Z       <Coroutine test_c4_stock_filter_intersects_existing_filters[filters2-expected2]>
2026-10-07T01:21:23.4015615Z       <Coroutine test_c4_stock_filter_intersects_existing_filters[filters3-expected3]>
2026-10-07T01:21:23.4016904Z       <Coroutine test_c4_stock_filter_intersects_existing_filters[filters4-expected4]>
2026-10-07T01:21:23.4018164Z       <Coroutine test_c4_stock_filter_intersects_existing_filters[filters5-expected5]>
2026-10-07T01:21:23.4019731Z       <Coroutine test_c4_stock_filter_intersects_existing_filters[filters6-expected6]>
2026-10-07T01:21:23.4022338Z       <Coroutine test_c5_publication_limit_and_get_are_independent>
2026-10-07T01:21:23.4023554Z       <Coroutine test_c6_locations_container_and_relocation_keep_membership>
2026-10-07T01:21:23.4024723Z       <Coroutine test_c7_tenant_isolation_and_existing_permission_denial>
2026-10-07T01:21:23.4025893Z       <Coroutine test_regression_unfiltered_summary_publication_and_readonly_get>
2026-10-07T01:21:23.4028191Z     <Module test_wms669_seller_catalog_contract.py>
2026-10-07T01:21:23.4029673Z       <Coroutine test_c1_intersection_and_exact_article_size>
2026-10-07T01:21:23.4030718Z       <Coroutine test_c1_control_empty_filters_keep_previous_catalog>
2026-10-07T01:21:23.4032434Z       <Coroutine test_c2_quantity_not_free_limit_or_published>
2026-10-07T01:21:23.4033389Z       <Coroutine test_c3_aggregate_before_limit_offset>
2026-10-07T01:21:23.4034358Z       <Coroutine test_c4_server_order_and_unique_rows_across_pages>
2026-10-07T01:21:23.4035434Z       <Coroutine test_c5_imported_size_membership_fallback_and_ozon_offer>
2026-10-07T01:21:23.4036515Z       <Coroutine test_c5_control_missing_values_are_not_guessed>
2026-10-07T01:21:23.4037481Z       <Coroutine test_c9_scope_parity_and_summary[None]>
2026-10-07T01:21:23.4038402Z       <Coroutine test_c9_scope_parity_and_summary[wildberries]>
2026-10-07T01:21:23.4040137Z       <Coroutine test_c9_scope_parity_and_summary[ozon]>
2026-10-07T01:21:23.4041100Z       <Coroutine test_c9_control_permissions_and_shop_switch>
2026-10-07T01:21:23.4042388Z       <Coroutine test_c1_each_endpoint_filters_exact_values[filters0-labels0-page]>
2026-10-07T01:21:23.4043655Z       <Coroutine test_c1_each_endpoint_filters_exact_values[filters0-labels0-keys]>
2026-10-07T01:21:23.4044895Z       <Coroutine test_c1_each_endpoint_filters_exact_values[filters1-labels1-page]>
2026-10-07T01:21:23.4047412Z       <Coroutine test_c1_each_endpoint_filters_exact_values[filters1-labels1-keys]>
2026-10-07T01:21:23.4055193Z       <Coroutine test_c1_each_endpoint_filters_exact_values[filters2-labels2-page]>
2026-10-07T01:21:23.4057385Z       <Coroutine test_c1_each_endpoint_filters_exact_values[filters2-labels2-keys]>
2026-10-07T01:21:23.4058671Z       <Coroutine test_c9_control_existing_tenant_seller_marketplace_scope[None-15]>
2026-10-07T01:21:23.4059971Z       <Coroutine test_c9_control_existing_tenant_seller_marketplace_scope[wildberries-14]>
2026-10-07T01:21:23.4061263Z       <Coroutine test_c9_control_existing_tenant_seller_marketplace_scope[ozon-2]>
2026-10-07T01:21:23.4062758Z       <Coroutine test_c4_control_variants_keep_identity_name_color_and_separate_stock>
2026-10-07T01:21:23.4064135Z       <Coroutine test_c5_each_endpoint_imported_sizes_and_offer_id[filters0-expected0-page]>
2026-10-07T01:21:23.4066280Z       <Coroutine test_c5_each_endpoint_imported_sizes_and_offer_id[filters0-expected0-keys]>
2026-10-07T01:21:23.4067638Z       <Coroutine test_c5_each_endpoint_imported_sizes_and_offer_id[filters1-expected1-page]>
2026-10-07T01:21:23.4068999Z       <Coroutine test_c5_each_endpoint_imported_sizes_and_offer_id[filters1-expected1-keys]>
2026-10-07T01:21:23.4070342Z       <Coroutine test_c5_each_endpoint_imported_sizes_and_offer_id[filters2-expected2-page]>
2026-10-07T01:21:23.4073183Z       <Coroutine test_c5_each_endpoint_imported_sizes_and_offer_id[filters2-expected2-keys]>
2026-10-07T01:21:23.4074624Z       <Coroutine test_c5_each_endpoint_imported_sizes_and_offer_id[filters3-expected3-page]>
2026-10-07T01:21:23.4075985Z       <Coroutine test_c5_each_endpoint_imported_sizes_and_offer_id[filters3-expected3-keys]>
2026-10-07T01:21:23.4078273Z     <Module test_wms669_seller_catalog_once.py>
2026-10-07T01:21:23.4079601Z       <Coroutine test_c10_reading_has_no_writes>
2026-10-07T01:21:23.4080522Z       <Coroutine test_c10_postgresql_json_sizes_and_stock>
2026-10-07T01:21:23.4082116Z     <Module test_wms669_sql_whitespace_regression.py>
2026-10-07T01:21:23.4083485Z       <Coroutine test_category_strip_groups_are_contiguous_across_http_pages[tabs]>
2026-10-07T01:21:23.4084945Z       <Coroutine test_category_strip_groups_are_contiguous_across_http_pages[nbsp]>
2026-10-07T01:21:23.4086318Z       <Coroutine test_numeric_techsize_string_wbsize_strip_matches_http_page_keys[tabs]>
2026-10-07T01:21:23.4088296Z       <Coroutine test_numeric_techsize_string_wbsize_strip_matches_http_page_keys[nbsp]>
2026-10-07T01:21:23.4089613Z       <Coroutine test_own_barcode_variant_strip_matches_http_page_keys[tabs]>
2026-10-07T01:21:23.4090773Z       <Coroutine test_own_barcode_variant_strip_matches_http_page_keys[nbsp]>
2026-10-07T01:21:23.4091961Z     <Module test_wms669_visible_metadata_regression.py>
2026-10-07T01:21:23.4093161Z       <Coroutine test_displayed_categories_stay_contiguous_before_pagination[trimmed-subjectName]>
2026-10-07T01:21:23.4094623Z       <Coroutine test_displayed_categories_stay_contiguous_before_pagination[fallback-subject_name]>
2026-10-07T01:21:23.4095938Z       <Coroutine test_imported_display_size_fallback_matches_exact_page_and_keys>
2026-10-07T01:21:23.4097178Z       <Coroutine test_product_variant_uses_exact_source_barcode_and_display_fallback>
2026-10-07T01:21:23.4098410Z       <Coroutine test_malformed_size_json_keeps_unknown_rows_and_ozon_metadata>
2026-10-07T01:21:23.4099391Z     <Module test_wms672_box_label_scope.py>
2026-10-07T01:21:23.4101680Z       <Coroutine test_c9_foreign_document_and_injected_box_rejected_without_any_mutation>
2026-10-07T01:21:23.4103220Z       <Coroutine test_c9_valid_technical_mark_preserves_business_data_and_box_identity>
2026-10-07T01:21:23.4104282Z     <Module test_wms673_print_read_contract.py>
2026-10-07T01:21:23.4105389Z       <Coroutine test_c10_real_print_reads_preserve_business_state_and_tenant_role_access[wb]>
2026-10-07T01:21:23.4108289Z       <Coroutine test_c10_real_print_reads_preserve_business_state_and_tenant_role_access[ozon]>
2026-10-07T01:21:23.4109813Z       <Function test_real_marketplace_mapping_supplies_exact_product_and_position_colors>
2026-10-07T01:21:23.4110908Z     <Module test_wms675_recovery_scenario.py>
2026-10-07T01:21:23.4112393Z       <Coroutine test_bambook_exact_31_recovers_26_once>
2026-10-07T01:21:23.4113002Z 
2026-10-07T01:21:23.4113627Z =============================== warnings summary ===============================
2026-10-07T01:21:23.4114444Z app/main.py:19
2026-10-07T01:21:23.4116015Z   /home/runner/work/WMS/WMS/backend/app/main.py:19: StarletteDeprecationWarning: 'HTTP_422_UNPROCESSABLE_ENTITY' is deprecated. Use 'HTTP_422_UNPROCESSABLE_CONTENT' instead.
2026-10-07T01:21:23.4117949Z     from app.api.billing_profile_marketplace import router as billing_profile_marketplace_router
2026-10-07T01:21:23.4118833Z 
2026-10-07T01:21:23.4119788Z ../../../../../../opt/hostedtoolcache/Python/3.11.16/x64/lib/python3.11/site-packages/fastapi/testclient.py:1
2026-10-07T01:21:23.4122287Z   /opt/hostedtoolcache/Python/3.11.16/x64/lib/python3.11/site-packages/fastapi/testclient.py:1: StarletteDeprecationWarning: Using `httpx` with `starlette.testclient` is deprecated; install `httpx2` instead.
2026-10-07T01:21:23.4124287Z     from starlette.testclient import TestClient as TestClient  # noqa
2026-10-07T01:21:23.4125025Z 
2026-10-07T01:21:23.4125761Z -- Docs: https://docs.pytest.org/en/stable/how-to/capture-warnings.html
2026-10-07T01:21:23.4126938Z ======================== 4631 tests collected in 19.75s ========================
2026-10-07T01:21:23.4128019Z ============================= test session starts ==============================
2026-10-07T01:21:23.4129059Z platform linux -- Python 3.11.16, pytest-9.1.1, pluggy-1.6.0
2026-10-07T01:21:23.4129996Z rootdir: /home/runner/work/WMS/WMS/backend
2026-10-07T01:21:23.4130747Z configfile: pyproject.toml
2026-10-07T01:21:23.4131385Z testpaths: tests
2026-10-07T01:21:23.4132531Z plugins: asyncio-1.4.0, xdist-3.8.0, anyio-4.15.1
2026-10-07T01:21:23.4134255Z asyncio: mode=Mode.AUTO, debug=False, asyncio_default_fixture_loop_scope=None, asyncio_default_test_loop_scope=function
2026-10-07T01:21:23.4135480Z created: 4/4 workers
2026-10-07T01:21:23.4136128Z 4 workers [2315 items]
2026-10-07T01:21:23.4136589Z 
2026-10-07T01:21:40.0877967Z ........................................................................ [  3%]
2026-10-07T01:21:45.4111656Z s...................s...........ss...................................... [  6%]
2026-10-07T01:22:01.0704376Z ................................................................s....... [  9%]
2026-10-07T01:22:12.8533479Z ........................................................................ [ 12%]
2026-10-07T01:22:36.4355758Z ...ss.................................................s................. [ 15%]
2026-10-07T01:23:08.3254567Z .....................................F.......s.s.s...s.....ss........... [ 18%]
2026-10-07T01:23:41.6165045Z ........................................................................ [ 21%]
2026-10-07T01:24:05.3137039Z .........................s...............s.............................. [ 24%]
2026-10-07T01:24:23.8283519Z .........................................................s..ss..s....... [ 27%]
2026-10-07T01:24:43.1353332Z ..................................................s....s................ [ 31%]
2026-10-07T01:25:06.3673347Z .......s.............................s.................................. [ 34%]
2026-10-07T01:25:30.6005700Z ........................................................................ [ 37%]
2026-10-07T01:26:00.3123253Z .....s.................................................................. [ 40%]
2026-10-07T01:26:20.5114145Z ........................................................................ [ 43%]
2026-10-07T01:26:27.5749428Z ........................................................................ [ 46%]
2026-10-07T01:26:52.8427636Z ..................................ss.......s............................ [ 49%]
2026-10-07T01:27:18.9883172Z ..............................................s......................... [ 52%]
2026-10-07T01:27:22.6083301Z ........................................................................ [ 55%]
2026-10-07T01:27:32.7457820Z ................s.............................................s......... [ 59%]
2026-10-07T01:27:43.6823307Z ............s....................................ssssss................. [ 62%]
2026-10-07T01:27:58.9723267Z .........................s.......s..............s....................... [ 65%]
2026-10-07T01:28:07.4379104Z .......s..............sssssssssssssssssssssss........................... [ 68%]
2026-10-07T01:28:17.5413435Z ...s.sssss.................s............s............................... [ 71%]
2026-10-07T01:28:31.8106201Z ..........................s...............s....s...s.ssssss............. [ 74%]
2026-10-07T01:28:56.8666055Z ...........................................................s............ [ 77%]
2026-10-07T01:29:11.6992325Z ........................................................................ [ 80%]
2026-10-07T01:29:31.6283246Z .......................s.........................................s...... [ 83%]
2026-10-07T01:29:57.1113452Z ..............................................s......................... [ 87%]
2026-10-07T01:30:24.0557261Z ...............................................................s........ [ 90%]
2026-10-07T01:30:56.0486179Z ............s......s.................................................... [ 93%]
2026-10-07T01:31:05.4878548Z ......ss..............................................sssss............. [ 96%]
2026-10-07T01:31:14.3313191Z .....................s...............................s.................. [ 99%]
2026-10-07T01:31:27.1765139Z /opt/hostedtoolcache/Python/3.11.16/x64/lib/python3.11/site-packages/_pytest/unraisableexception.py:67: PytestUnraisableExceptionWarning: Exception ignored in: <function WeakKeyDictionary.__init__.<locals>.remove at 0x7f00b6a787c0>
2026-10-07T01:31:27.1782057Z 
2026-10-07T01:31:27.1812466Z Traceback (most recent call last):
2026-10-07T01:31:27.1833104Z   File "/opt/hostedtoolcache/Python/3.11.16/x64/lib/python3.11/weakref.py", line 370, in remove
2026-10-07T01:31:27.1842238Z     self = selfref()
2026-10-07T01:31:27.1872164Z            ^^^^^^^^^
2026-10-07T01:31:27.1892161Z KeyboardInterrupt
2026-10-07T01:31:27.1902072Z 
2026-10-07T01:31:27.1932442Z Enable tracemalloc to get traceback where the object was allocated.
2026-10-07T01:31:27.1962636Z See https://docs.pytest.org/en/stable/how-to/capture-warnings.html#resource-warnings for more info.
2026-10-07T01:31:27.1982267Z   warnings.warn(pytest.PytestUnraisableExceptionWarning(msg))
2026-10-07T01:31:27.5638860Z ...........                                                              [100%]
2026-10-07T01:31:27.5639584Z =================================== FAILURES ===================================
2026-10-07T01:31:27.5640334Z _____________________ test_full_flow_warehouse_sc_emulator _____________________
2026-10-07T01:31:27.5641277Z [gw2] linux -- Python 3.11.16 /opt/hostedtoolcache/Python/3.11.16/x64/bin/python
2026-10-07T01:31:27.5641930Z 
2026-10-07T01:31:27.5642353Z self = <sqlalchemy.engine.base.Connection object at 0x7f008ae24cd0>
2026-10-07T01:31:27.5643363Z dialect = <sqlalchemy.dialects.sqlite.aiosqlite.SQLiteDialect_aiosqlite object at 0x7f00c26ad550>
2026-10-07T01:31:27.5644695Z context = <sqlalchemy.dialects.sqlite.aiosqlite.SQLiteExecutionContext_aiosqlite object at 0x7f008ae2d250>
2026-10-07T01:31:27.5645940Z statement = <sqlalchemy.dialects.sqlite.base.SQLiteCompiler object at 0x7f009b7823d0>
2026-10-07T01:31:27.5648103Z parameters = [('a00e7a69512648b094db22de97a72046', '5a3fb35d61b54a78a322b346ad8f04fa', '5c5be1e546f94bf3a58d5173fbb5af93', 'd72aa13183994603b4c3c7297fafbe7f', 'a7cdb4d2a5a749e09966da5a89ea619e', 'e1bac02b8b784b0fae59e33d9776255e', ...)]
2026-10-07T01:31:27.5649565Z 
2026-10-07T01:31:27.5649737Z     def _exec_single_context(
2026-10-07T01:31:27.5650136Z         self,
2026-10-07T01:31:27.5650472Z         dialect: Dialect,
2026-10-07T01:31:27.5650911Z         context: ExecutionContext,
2026-10-07T01:31:27.5651314Z         statement: Union[str, Compiled],
2026-10-07T01:31:27.5651705Z         parameters: Optional[_AnyMultiExecuteParams],
2026-10-07T01:31:27.5652435Z     ) -> CursorResult[Any]:
2026-10-07T01:31:27.5653392Z         """continue the _execute_context() method for a single DBAPI
2026-10-07T01:31:27.5654082Z         cursor.execute() or cursor.executemany() call.
2026-10-07T01:31:27.5654580Z     
2026-10-07T01:31:27.5654872Z         """
2026-10-07T01:31:27.5655341Z         if dialect.bind_typing is BindTyping.SETINPUTSIZES:
2026-10-07T01:31:27.5656089Z             generic_setinputsizes = context._prepare_set_input_sizes()
2026-10-07T01:31:27.5656595Z     
2026-10-07T01:31:27.5656844Z             if generic_setinputsizes:
2026-10-07T01:31:27.5657136Z                 try:
2026-10-07T01:31:27.5657426Z                     dialect.do_set_input_sizes(
2026-10-07T01:31:27.5657830Z                         context.cursor, generic_setinputsizes, context
2026-10-07T01:31:27.5658194Z                     )
2026-10-07T01:31:27.5658486Z                 except BaseException as e:
2026-10-07T01:31:27.5658863Z                     self._handle_dbapi_exception(
2026-10-07T01:31:27.5659273Z                         e, str(statement), parameters, None, context
2026-10-07T01:31:27.5659628Z                     )
2026-10-07T01:31:27.5659858Z     
2026-10-07T01:31:27.5660119Z         cursor, str_statement, parameters = (
2026-10-07T01:31:27.5660440Z             context.cursor,
2026-10-07T01:31:27.5660730Z             context.statement,
2026-10-07T01:31:27.5661027Z             context.parameters,
2026-10-07T01:31:27.5661285Z         )
2026-10-07T01:31:27.5661490Z     
2026-10-07T01:31:27.5662035Z         effective_parameters: Optional[_AnyExecuteParams]
2026-10-07T01:31:27.5662372Z     
2026-10-07T01:31:27.5662621Z         if not context.executemany:
2026-10-07T01:31:27.5662961Z             effective_parameters = parameters[0]
2026-10-07T01:31:27.5663268Z         else:
2026-10-07T01:31:27.5663538Z             effective_parameters = parameters
2026-10-07T01:31:27.5663828Z     
2026-10-07T01:31:27.5664291Z         if self._has_events or self.engine._has_events:
2026-10-07T01:31:27.5664726Z             for fn in self.dispatch.before_cursor_execute:
2026-10-07T01:31:27.5665147Z                 str_statement, effective_parameters = fn(
2026-10-07T01:31:27.5665474Z                     self,
2026-10-07T01:31:27.5665727Z                     cursor,
2026-10-07T01:31:27.5666006Z                     str_statement,
2026-10-07T01:31:27.5666319Z                     effective_parameters,
2026-10-07T01:31:27.5666611Z                     context,
2026-10-07T01:31:27.5666903Z                     context.executemany,
2026-10-07T01:31:27.5667182Z                 )
2026-10-07T01:31:27.5667401Z     
2026-10-07T01:31:27.5667609Z         if self._echo:
2026-10-07T01:31:27.5667886Z             self._log_info(str_statement)
2026-10-07T01:31:27.5668163Z     
2026-10-07T01:31:27.5668413Z             stats = context._get_cache_stats()
2026-10-07T01:31:27.5668703Z     
2026-10-07T01:31:27.5668965Z             if not self.engine.hide_parameters:
2026-10-07T01:31:27.5669302Z                 self._log_info(
2026-10-07T01:31:27.5669591Z                     "[%s] %r",
2026-10-07T01:31:27.5669855Z                     stats,
2026-10-07T01:31:27.5670144Z                     sql_util._repr_params(
2026-10-07T01:31:27.5670471Z                         effective_parameters,
2026-10-07T01:31:27.5670799Z                         batches=10,
2026-10-07T01:31:27.5671128Z                         ismulti=context.executemany,
2026-10-07T01:31:27.5671440Z                     ),
2026-10-07T01:31:27.5671667Z                 )
2026-10-07T01:31:27.5672073Z             else:
2026-10-07T01:31:27.5672315Z                 self._log_info(
2026-10-07T01:31:27.5672699Z                     "[%s] [SQL parameters hidden due to hide_parameters=True]",
2026-10-07T01:31:27.5673073Z                     stats,
2026-10-07T01:31:27.5673318Z                 )
2026-10-07T01:31:27.5673536Z     
2026-10-07T01:31:27.5673783Z         evt_handled: bool = False
2026-10-07T01:31:27.5674064Z         try:
2026-10-07T01:31:27.5674390Z             if context.execute_style is ExecuteStyle.EXECUTEMANY:
2026-10-07T01:31:27.5674971Z                 effective_parameters = cast(
2026-10-07T01:31:27.5675372Z                     "_CoreMultiExecuteParams", effective_parameters
2026-10-07T01:31:27.5675715Z                 )
2026-10-07T01:31:27.5675979Z                 if self.dialect._has_events:
2026-10-07T01:31:27.5676394Z                     for fn in self.dialect.dispatch.do_executemany:
2026-10-07T01:31:27.5676763Z                         if fn(
2026-10-07T01:31:27.5677047Z                             cursor,
2026-10-07T01:31:27.5677342Z                             str_statement,
2026-10-07T01:31:27.5677748Z                             effective_parameters,
2026-10-07T01:31:27.5678269Z                             context,
2026-10-07T01:31:27.5678691Z                         ):
2026-10-07T01:31:27.5679125Z                             evt_handled = True
2026-10-07T01:31:27.5679615Z                             break
2026-10-07T01:31:27.5680060Z                 if not evt_handled:
2026-10-07T01:31:27.5680556Z                     self.dialect.do_executemany(
2026-10-07T01:31:27.5681063Z                         cursor,
2026-10-07T01:31:27.5681492Z                         str_statement,
2026-10-07T01:31:27.5682134Z                         effective_parameters,
2026-10-07T01:31:27.5682512Z                         context,
2026-10-07T01:31:27.5682777Z                     )
2026-10-07T01:31:27.5683127Z             elif not effective_parameters and context.no_parameters:
2026-10-07T01:31:27.5683535Z                 if self.dialect._has_events:
2026-10-07T01:31:27.5683940Z                     for fn in self.dialect.dispatch.do_execute_no_params:
2026-10-07T01:31:27.5684379Z                         if fn(cursor, str_statement, context):
2026-10-07T01:31:27.5684741Z                             evt_handled = True
2026-10-07T01:31:27.5685052Z                             break
2026-10-07T01:31:27.5685525Z                 if not evt_handled:
2026-10-07T01:31:27.5685857Z                     self.dialect.do_execute_no_params(
2026-10-07T01:31:27.5686234Z                         cursor, str_statement, context
2026-10-07T01:31:27.5686529Z                     )
2026-10-07T01:31:27.5686763Z             else:
2026-10-07T01:31:27.5687030Z                 effective_parameters = cast(
2026-10-07T01:31:27.5687426Z                     "_CoreSingleExecuteParams", effective_parameters
2026-10-07T01:31:27.5687766Z                 )
2026-10-07T01:31:27.5688032Z                 if self.dialect._has_events:
2026-10-07T01:31:27.5688407Z                     for fn in self.dialect.dispatch.do_execute:
2026-10-07T01:31:27.5688764Z                         if fn(
2026-10-07T01:31:27.5689037Z                             cursor,
2026-10-07T01:31:27.5689334Z                             str_statement,
2026-10-07T01:31:27.5689664Z                             effective_parameters,
2026-10-07T01:31:27.5689985Z                             context,
2026-10-07T01:31:27.5690262Z                         ):
2026-10-07T01:31:27.5690548Z                             evt_handled = True
2026-10-07T01:31:27.5690860Z                             break
2026-10-07T01:31:27.5691142Z                 if not evt_handled:
2026-10-07T01:31:27.5691479Z >                   self.dialect.do_execute(
2026-10-07T01:31:27.5692100Z                         cursor, str_statement, effective_parameters, context
2026-10-07T01:31:27.5692473Z                     )
2026-10-07T01:31:27.5692611Z 
2026-10-07T01:31:27.5693051Z /opt/hostedtoolcache/Python/3.11.16/x64/lib/python3.11/site-packages/sqlalchemy/engine/base.py:1969: 
2026-10-07T01:31:27.5693700Z _ _ _ _ _ _ _ _ _ _ _ _ _ _ _ _ _ _ _ _ _ _ _ _ _ _ _ _ _ _ _ _ _ _ _ _ _ _ _ _ 
2026-10-07T01:31:27.5694424Z /opt/hostedtoolcache/Python/3.11.16/x64/lib/python3.11/site-packages/sqlalchemy/engine/default.py:952: in do_execute
2026-10-07T01:31:27.5695024Z     cursor.execute(statement, parameters)
2026-10-07T01:31:27.5695739Z /opt/hostedtoolcache/Python/3.11.16/x64/lib/python3.11/site-packages/sqlalchemy/dialects/sqlite/aiosqlite.py:213: in execute
2026-10-07T01:31:27.5696555Z     self._adapt_connection._handle_exception(error)
2026-10-07T01:31:27.5697346Z /opt/hostedtoolcache/Python/3.11.16/x64/lib/python3.11/site-packages/sqlalchemy/dialects/sqlite/aiosqlite.py:373: in _handle_exception
2026-10-07T01:31:27.5697977Z     raise error
2026-10-07T01:31:27.5698616Z /opt/hostedtoolcache/Python/3.11.16/x64/lib/python3.11/site-packages/sqlalchemy/dialects/sqlite/aiosqlite.py:195: in execute
2026-10-07T01:31:27.5699271Z     self.await_(_cursor.execute(operation, parameters))
2026-10-07T01:31:27.5700015Z /opt/hostedtoolcache/Python/3.11.16/x64/lib/python3.11/site-packages/sqlalchemy/util/_concurrency_py3k.py:132: in await_only
2026-10-07T01:31:27.5700834Z     return current.parent.switch(awaitable)  # type: ignore[no-any-return,attr-defined] # noqa: E501
2026-10-07T01:31:27.5701361Z            ^^^^^^^^^^^^^^^^^^^^^^^^^^^^^^^^
2026-10-07T01:31:27.5702270Z /opt/hostedtoolcache/Python/3.11.16/x64/lib/python3.11/site-packages/sqlalchemy/util/_concurrency_py3k.py:196: in greenlet_spawn
2026-10-07T01:31:27.5702893Z     value = await result
2026-10-07T01:31:27.5703147Z             ^^^^^^^^^^^^
2026-10-07T01:31:27.5703707Z /opt/hostedtoolcache/Python/3.11.16/x64/lib/python3.11/site-packages/aiosqlite/cursor.py:40: in execute
2026-10-07T01:31:27.5704335Z     await self._execute(self._cursor.execute, sql, parameters)
2026-10-07T01:31:27.5705030Z /opt/hostedtoolcache/Python/3.11.16/x64/lib/python3.11/site-packages/aiosqlite/cursor.py:32: in _execute
2026-10-07T01:31:27.5705622Z     return await self._conn._execute(fn, *args, **kwargs)
2026-10-07T01:31:27.5706013Z            ^^^^^^^^^^^^^^^^^^^^^^^^^^^^^^^^^^^^^^^^^^^^^^
2026-10-07T01:31:27.5706625Z /opt/hostedtoolcache/Python/3.11.16/x64/lib/python3.11/site-packages/aiosqlite/core.py:160: in _execute
2026-10-07T01:31:27.5707125Z     return await future
2026-10-07T01:31:27.5707377Z            ^^^^^^^^^^^^
2026-10-07T01:31:27.5707903Z _ _ _ _ _ _ _ _ _ _ _ _ _ _ _ _ _ _ _ _ _ _ _ _ _ _ _ _ _ _ _ _ _ _ _ _ _ _ _ _ 
2026-10-07T01:31:27.5708169Z 
2026-10-07T01:31:27.5708382Z tx = <_queue.SimpleQueue object at 0x7f009131bdd0>
2026-10-07T01:31:27.5708639Z 
2026-10-07T01:31:27.5708803Z     def _connection_worker_thread(tx: _TxQueue):
2026-10-07T01:31:27.5709107Z         """
2026-10-07T01:31:27.5709403Z         Execute function calls on a separate thread.
2026-10-07T01:31:27.5709714Z     
2026-10-07T01:31:27.5709923Z         :meta private:
2026-10-07T01:31:27.5710171Z         """
2026-10-07T01:31:27.5710385Z         while True:
2026-10-07T01:31:27.5710735Z             # Continues running until all queue items are processed,
2026-10-07T01:31:27.5711193Z             # even after connection is closed (so we can finalize all
2026-10-07T01:31:27.5711547Z             # futures)
2026-10-07T01:31:27.5711916Z     
2026-10-07T01:31:27.5712186Z             future, function = tx.get()
2026-10-07T01:31:27.5712457Z     
2026-10-07T01:31:27.5712666Z             try:
2026-10-07T01:31:27.5712953Z                 LOG.debug("executing %s", function)
2026-10-07T01:31:27.5713316Z >               result = function()
2026-10-07T01:31:27.5713613Z                          ^^^^^^^^^^
2026-10-07T01:31:27.5713991Z E               sqlite3.OperationalError: database is locked
2026-10-07T01:31:27.5714233Z 
2026-10-07T01:31:27.5714680Z /opt/hostedtoolcache/Python/3.11.16/x64/lib/python3.11/site-packages/aiosqlite/core.py:63: OperationalError
2026-10-07T01:31:27.5715108Z 
2026-10-07T01:31:27.5715376Z The above exception was the direct cause of the following exception:
2026-10-07T01:31:27.5715666Z 
2026-10-07T01:31:27.5715898Z async_client = <httpx.AsyncClient object at 0x7f0091d0a8d0>
2026-10-07T01:31:27.5716605Z emulator_stack = <test_fbs_operator_flow_handoff.emulator_stack.<locals>._EmuAsyncClient object at 0x7f0091d0e8d0>
2026-10-07T01:31:27.5718121Z operator_wms_seed = OperatorEmulatorSeedResult(tenant_id=UUID('5a3fb35d-61b5-4a78-a322-b346ad8f04fa'), admin_headers={'Authorization': 'Be...s_by_chrt={111002: UUID('17e728e4-182e-45b4-a1ca-eca78a88480a'), 333005: UUID('9acb61a9-6176-44c4-b05a-d331295b9723')})
2026-10-07T01:31:27.5719227Z 
2026-10-07T01:31:27.5719341Z     @pytest.mark.asyncio
2026-10-07T01:31:27.5719677Z     async def test_full_flow_warehouse_sc_emulator(
2026-10-07T01:31:27.5720033Z         async_client: AsyncClient,
2026-10-07T01:31:27.5720361Z         emulator_stack: httpx.AsyncClient,
2026-10-07T01:31:27.5720733Z         operator_wms_seed: OperatorEmulatorSeedResult,
2026-10-07T01:31:27.5721109Z     ) -> None:
2026-10-07T01:31:27.5721361Z         seed = operator_wms_seed
2026-10-07T01:31:27.5721667Z         headers = seed.admin_headers
2026-10-07T01:31:27.5722034Z     
2026-10-07T01:31:27.5722361Z         await _sync_orders_for_seller(seed, "seller_a", emulator_stack)
2026-10-07T01:31:27.5722914Z         local_order_id = await _local_order_id(seed, "seller_a", WB_ORDER_WAREHOUSE_SC)
2026-10-07T01:31:27.5723319Z     
2026-10-07T01:31:27.5723572Z         create = await async_client.post(
2026-10-07T01:31:27.5723924Z             "/operations/fbs-supplies/from-orders",
2026-10-07T01:31:27.5724257Z             headers=headers,
2026-10-07T01:31:27.5724510Z             json={
2026-10-07T01:31:27.5724775Z                 "name": "Handoff WH/SC",
2026-10-07T01:31:27.5725108Z                 "order_ids": [str(local_order_id)],
2026-10-07T01:31:27.5725481Z                 "planned_delivery_type": "warehouse_sc",
2026-10-07T01:31:27.5725855Z                 "idempotency_key": str(uuid.uuid4()),
2026-10-07T01:31:27.5726160Z             },
2026-10-07T01:31:27.5726372Z         )
2026-10-07T01:31:27.5726644Z         assert create.status_code == 201, create.text
2026-10-07T01:31:27.5726979Z         body = create.json()
2026-10-07T01:31:27.5727280Z         supply_id = body["supply"]["id"]
2026-10-07T01:31:27.5727566Z     
2026-10-07T01:31:27.5727798Z         await async_client.post(
2026-10-07T01:31:27.5728172Z             f"/operations/fbs-supplies/{supply_id}/start-work",
2026-10-07T01:31:27.5728675Z             headers=headers,
2026-10-07T01:31:27.5728932Z         )
2026-10-07T01:31:27.5729248Z         await _promote_supply_packed(supply_id, [local_order_id])
2026-10-07T01:31:27.5729812Z         await _create_and_fill_physical_box(async_client, headers, supply_id, [local_order_id])
2026-10-07T01:31:27.5730260Z     
2026-10-07T01:31:27.5730666Z >       deliver = await _deliver_with_preflight(async_client, headers, supply_id)
2026-10-07T01:31:27.5731170Z                   ^^^^^^^^^^^^^^^^^^^^^^^^^^^^^^^^^^^^^^^^^^^^^^^^^^^^^^^^^^^^^^^
2026-10-07T01:31:27.5731400Z 
2026-10-07T01:31:27.5731588Z tests/test_fbs_operator_flow_handoff.py:286: 
2026-10-07T01:31:27.5732216Z _ _ _ _ _ _ _ _ _ _ _ _ _ _ _ _ _ _ _ _ _ _ _ _ _ _ _ _ _ _ _ _ _ _ _ _ _ _ _ _ 
2026-10-07T01:31:27.5732749Z tests/test_fbs_shipment_warehouse_sc.py:329: in _deliver_with_preflight
2026-10-07T01:31:27.5733187Z     return await async_client.post(
2026-10-07T01:31:27.5733790Z /opt/hostedtoolcache/Python/3.11.16/x64/lib/python3.11/site-packages/httpx/_client.py:1859: in post
2026-10-07T01:31:27.5734328Z     return await self.request(
2026-10-07T01:31:27.5734906Z /opt/hostedtoolcache/Python/3.11.16/x64/lib/python3.11/site-packages/httpx/_client.py:1540: in request
2026-10-07T01:31:27.5735577Z     return await self.send(request, auth=auth, follow_redirects=follow_redirects)
2026-10-07T01:31:27.5736062Z            ^^^^^^^^^^^^^^^^^^^^^^^^^^^^^^^^^^^^^^^^^^^^^^^^^^^^^^^^^^^^^^^^^^^^^^
2026-10-07T01:31:27.5736673Z /opt/hostedtoolcache/Python/3.11.16/x64/lib/python3.11/site-packages/httpx/_client.py:1629: in send
2026-10-07T01:31:27.5737208Z     response = await self._send_handling_auth(
2026-10-07T01:31:27.5737871Z /opt/hostedtoolcache/Python/3.11.16/x64/lib/python3.11/site-packages/httpx/_client.py:1657: in _send_handling_auth
2026-10-07T01:31:27.5738462Z     response = await self._send_handling_redirects(
2026-10-07T01:31:27.5739169Z /opt/hostedtoolcache/Python/3.11.16/x64/lib/python3.11/site-packages/httpx/_client.py:1694: in _send_handling_redirects
2026-10-07T01:31:27.5739792Z     response = await self._send_single_request(request)
2026-10-07T01:31:27.5740321Z                ^^^^^^^^^^^^^^^^^^^^^^^^^^^^^^^^^^^^^^^^
2026-10-07T01:31:27.5740975Z /opt/hostedtoolcache/Python/3.11.16/x64/lib/python3.11/site-packages/httpx/_client.py:1730: in _send_single_request
2026-10-07T01:31:27.5741609Z     response = await transport.handle_async_request(request)
2026-10-07T01:31:27.5742121Z                ^^^^^^^^^^^^^^^^^^^^^^^^^^^^^^^^^^^^^^^^^^^^^
2026-10-07T01:31:27.5742826Z /opt/hostedtoolcache/Python/3.11.16/x64/lib/python3.11/site-packages/httpx/_transports/asgi.py:170: in handle_async_request
2026-10-07T01:31:27.5743435Z     await self.app(scope, receive, send)
2026-10-07T01:31:27.5744073Z /opt/hostedtoolcache/Python/3.11.16/x64/lib/python3.11/site-packages/fastapi/applications.py:1215: in __call__
2026-10-07T01:31:27.5744648Z     await super().__call__(scope, receive, send)
2026-10-07T01:31:27.5745298Z /opt/hostedtoolcache/Python/3.11.16/x64/lib/python3.11/site-packages/starlette/applications.py:96: in __call__
2026-10-07T01:31:27.5745894Z     await self.middleware_stack(scope, receive, send)
2026-10-07T01:31:27.5746603Z /opt/hostedtoolcache/Python/3.11.16/x64/lib/python3.11/site-packages/starlette/middleware/errors.py:186: in __call__
2026-10-07T01:31:27.5747138Z     raise exc
2026-10-07T01:31:27.5747723Z /opt/hostedtoolcache/Python/3.11.16/x64/lib/python3.11/site-packages/starlette/middleware/errors.py:164: in __call__
2026-10-07T01:31:27.5748310Z     await self.app(scope, receive, _send)
2026-10-07T01:31:27.5748945Z /opt/hostedtoolcache/Python/3.11.16/x64/lib/python3.11/site-packages/fastapi/telemetry/_asgi.py:151: in __call__
2026-10-07T01:31:27.5749503Z     await self.app(scope, receive, send)
2026-10-07T01:31:27.5750138Z /opt/hostedtoolcache/Python/3.11.16/x64/lib/python3.11/site-packages/starlette/middleware/cors.py:91: in __call__
2026-10-07T01:31:27.5750975Z     await self.simple_response(scope, receive, send, request_headers=headers)
2026-10-07T01:31:27.5751951Z /opt/hostedtoolcache/Python/3.11.16/x64/lib/python3.11/site-packages/starlette/middleware/cors.py:149: in simple_response
2026-10-07T01:31:27.5752573Z     await self.app(scope, receive, send)
2026-10-07T01:31:27.5752978Z app/services/document_event_service.py:132: in __call__
2026-10-07T01:31:27.5753356Z     await self.app(scope, receive, send)
2026-10-07T01:31:27.5754023Z /opt/hostedtoolcache/Python/3.11.16/x64/lib/python3.11/site-packages/starlette/middleware/exceptions.py:63: in __call__
2026-10-07T01:31:27.5754724Z     await wrap_app_handling_exceptions(self.app, conn)(scope, receive, send)
2026-10-07T01:31:27.5755511Z /opt/hostedtoolcache/Python/3.11.16/x64/lib/python3.11/site-packages/starlette/_exception_handler.py:53: in wrapped_app
2026-10-07T01:31:27.5756058Z     raise exc
2026-10-07T01:31:27.5756653Z /opt/hostedtoolcache/Python/3.11.16/x64/lib/python3.11/site-packages/starlette/_exception_handler.py:42: in wrapped_app
2026-10-07T01:31:27.5757244Z     await app(scope, receive, sender)
2026-10-07T01:31:27.5757914Z /opt/hostedtoolcache/Python/3.11.16/x64/lib/python3.11/site-packages/fastapi/middleware/asyncexitstack.py:18: in __call__
2026-10-07T01:31:27.5758514Z     await self.app(scope, receive, send)
2026-10-07T01:31:27.5759119Z /opt/hostedtoolcache/Python/3.11.16/x64/lib/python3.11/site-packages/starlette/routing.py:676: in __call__
2026-10-07T01:31:27.5759695Z     await self.middleware_stack(scope, receive, send)
2026-10-07T01:31:27.5760313Z /opt/hostedtoolcache/Python/3.11.16/x64/lib/python3.11/site-packages/fastapi/routing.py:2786: in app
2026-10-07T01:31:27.5760845Z     await route.handle(scope, receive, send)
2026-10-07T01:31:27.5761450Z /opt/hostedtoolcache/Python/3.11.16/x64/lib/python3.11/site-packages/fastapi/routing.py:1817: in handle
2026-10-07T01:31:27.5762147Z     await self.original_router.handle(scope, receive, send)
2026-10-07T01:31:27.5762799Z /opt/hostedtoolcache/Python/3.11.16/x64/lib/python3.11/site-packages/fastapi/routing.py:2869: in handle
2026-10-07T01:31:27.5763407Z     await included_router._handle_selected(scope, receive, send)
2026-10-07T01:31:27.5764113Z /opt/hostedtoolcache/Python/3.11.16/x64/lib/python3.11/site-packages/fastapi/routing.py:1843: in _handle_selected
2026-10-07T01:31:27.5764861Z     await original_route.handle(scope, receive, send)
2026-10-07T01:31:27.5765486Z /opt/hostedtoolcache/Python/3.11.16/x64/lib/python3.11/site-packages/fastapi/routing.py:1308: in handle
2026-10-07T01:31:27.5766056Z     await effective_context.app(scope, receive, send)
2026-10-07T01:31:27.5766668Z /opt/hostedtoolcache/Python/3.11.16/x64/lib/python3.11/site-packages/fastapi/routing.py:165: in app
2026-10-07T01:31:27.5767287Z     await wrap_app_handling_exceptions(app, request)(scope, receive, send)
2026-10-07T01:31:27.5768058Z /opt/hostedtoolcache/Python/3.11.16/x64/lib/python3.11/site-packages/starlette/_exception_handler.py:53: in wrapped_app
2026-10-07T01:31:27.5768595Z     raise exc
2026-10-07T01:31:27.5769198Z /opt/hostedtoolcache/Python/3.11.16/x64/lib/python3.11/site-packages/starlette/_exception_handler.py:42: in wrapped_app
2026-10-07T01:31:27.5769776Z     await app(scope, receive, sender)
2026-10-07T01:31:27.5770361Z /opt/hostedtoolcache/Python/3.11.16/x64/lib/python3.11/site-packages/fastapi/routing.py:151: in app
2026-10-07T01:31:27.5770871Z     response = await f(request)
2026-10-07T01:31:27.5771158Z                ^^^^^^^^^^^^^^^^
2026-10-07T01:31:27.5771693Z /opt/hostedtoolcache/Python/3.11.16/x64/lib/python3.11/site-packages/fastapi/routing.py:727: in app
2026-10-07T01:31:27.5772428Z     raw_response = await run_endpoint_function(
2026-10-07T01:31:27.5773113Z /opt/hostedtoolcache/Python/3.11.16/x64/lib/python3.11/site-packages/fastapi/routing.py:360: in run_endpoint_function
2026-10-07T01:31:27.5773704Z     return await dependant.call(**values)
2026-10-07T01:31:27.5774028Z            ^^^^^^^^^^^^^^^^^^^^^^^^^^^^^^
2026-10-07T01:31:27.5774404Z app/api/fbs_supplies.py:3291: in deliver_fbs_supply
2026-10-07T01:31:27.5774950Z     supply = await shipment_svc.deliver_supply(
2026-10-07T01:31:27.5775415Z app/services/fbs_shipment_service.py:2930: in deliver_supply
2026-10-07T01:31:27.5775821Z     await _persist_confirmed_delivery(
2026-10-07T01:31:27.5776308Z app/services/fbs_shipment_service.py:1941: in _persist_confirmed_delivery
2026-10-07T01:31:27.5776942Z     await _apply_local_delivered(session, supply, orders, actor_user_id, source_plan, operation)
2026-10-07T01:31:27.5777582Z app/services/fbs_shipment_service.py:1332: in _apply_local_delivered
2026-10-07T01:31:27.5778008Z     await _write_off_delivered_orders_once(
2026-10-07T01:31:27.5778512Z app/services/fbs_shipment_service.py:1571: in _write_off_delivered_orders_once
2026-10-07T01:31:27.5779048Z     movement = await inventory_svc.apply_fbs_supply_write_off(
2026-10-07T01:31:27.5779576Z app/services/inventory_service.py:1582: in apply_fbs_supply_write_off
2026-10-07T01:31:27.5780040Z     return await record_movement_and_adjust_balance(
2026-10-07T01:31:27.5780567Z app/services/inventory_service.py:752: in record_movement_and_adjust_balance
2026-10-07T01:31:27.5781036Z     await record_movement_and_adjust_balance(
2026-10-07T01:31:27.5781539Z app/services/inventory_service.py:864: in record_movement_and_adjust_balance
2026-10-07T01:31:27.5782136Z     updated_balance_id = await session.scalar(
2026-10-07T01:31:27.5782883Z /opt/hostedtoolcache/Python/3.11.16/x64/lib/python3.11/site-packages/sqlalchemy/ext/asyncio/session.py:505: in scalar
2026-10-07T01:31:27.5783496Z     return await greenlet_spawn(
2026-10-07T01:31:27.5784211Z /opt/hostedtoolcache/Python/3.11.16/x64/lib/python3.11/site-packages/sqlalchemy/util/_concurrency_py3k.py:203: in greenlet_spawn
2026-10-07T01:31:27.5784839Z     result = context.switch(value)
2026-10-07T01:31:27.5785139Z              ^^^^^^^^^^^^^^^^^^^^^
2026-10-07T01:31:27.5785754Z /opt/hostedtoolcache/Python/3.11.16/x64/lib/python3.11/site-packages/sqlalchemy/orm/session.py:2421: in scalar
2026-10-07T01:31:27.5786305Z     return self._execute_internal(
2026-10-07T01:31:27.5786986Z /opt/hostedtoolcache/Python/3.11.16/x64/lib/python3.11/site-packages/sqlalchemy/orm/session.py:2250: in _execute_internal
2026-10-07T01:31:27.5787748Z     ) = compile_state_cls.orm_pre_session_exec(
2026-10-07T01:31:27.5788502Z /opt/hostedtoolcache/Python/3.11.16/x64/lib/python3.11/site-packages/sqlalchemy/orm/bulk_persistence.py:740: in orm_pre_session_exec
2026-10-07T01:31:27.5789111Z     session._autoflush()
2026-10-07T01:31:27.5789727Z /opt/hostedtoolcache/Python/3.11.16/x64/lib/python3.11/site-packages/sqlalchemy/orm/session.py:3073: in _autoflush
2026-10-07T01:31:27.5790308Z     raise e.with_traceback(sys.exc_info()[2])
2026-10-07T01:31:27.5790960Z /opt/hostedtoolcache/Python/3.11.16/x64/lib/python3.11/site-packages/sqlalchemy/orm/session.py:3062: in _autoflush
2026-10-07T01:31:27.5791484Z     self.flush()
2026-10-07T01:31:27.5792251Z /opt/hostedtoolcache/Python/3.11.16/x64/lib/python3.11/site-packages/sqlalchemy/orm/session.py:4353: in flush
2026-10-07T01:31:27.5792789Z     self._flush(objects)
2026-10-07T01:31:27.5793377Z /opt/hostedtoolcache/Python/3.11.16/x64/lib/python3.11/site-packages/sqlalchemy/orm/session.py:4488: in _flush
2026-10-07T01:31:27.5793913Z     with util.safe_reraise():
2026-10-07T01:31:27.5794553Z /opt/hostedtoolcache/Python/3.11.16/x64/lib/python3.11/site-packages/sqlalchemy/util/langhelpers.py:122: in __exit__
2026-10-07T01:31:27.5795143Z     raise exc_value.with_traceback(exc_tb)
2026-10-07T01:31:27.5795773Z /opt/hostedtoolcache/Python/3.11.16/x64/lib/python3.11/site-packages/sqlalchemy/orm/session.py:4449: in _flush
2026-10-07T01:31:27.5796297Z     flush_context.execute()
2026-10-07T01:31:27.5796912Z /opt/hostedtoolcache/Python/3.11.16/x64/lib/python3.11/site-packages/sqlalchemy/orm/unitofwork.py:465: in execute
2026-10-07T01:31:27.5797438Z     rec.execute(self)
2026-10-07T01:31:27.5798030Z /opt/hostedtoolcache/Python/3.11.16/x64/lib/python3.11/site-packages/sqlalchemy/orm/unitofwork.py:641: in execute
2026-10-07T01:31:27.5798811Z     util.preloaded.orm_persistence.save_obj(
2026-10-07T01:31:27.5799488Z /opt/hostedtoolcache/Python/3.11.16/x64/lib/python3.11/site-packages/sqlalchemy/orm/persistence.py:94: in save_obj
2026-10-07T01:31:27.5800040Z     _emit_insert_statements(
2026-10-07T01:31:27.5800735Z /opt/hostedtoolcache/Python/3.11.16/x64/lib/python3.11/site-packages/sqlalchemy/orm/persistence.py:1234: in _emit_insert_statements
2026-10-07T01:31:27.5801358Z     result = connection.execute(
2026-10-07T01:31:27.5802079Z /opt/hostedtoolcache/Python/3.11.16/x64/lib/python3.11/site-packages/sqlalchemy/engine/base.py:1421: in execute
2026-10-07T01:31:27.5802608Z     return meth(
2026-10-07T01:31:27.5803245Z /opt/hostedtoolcache/Python/3.11.16/x64/lib/python3.11/site-packages/sqlalchemy/sql/elements.py:526: in _execute_on_connection
2026-10-07T01:31:27.5803874Z     return connection._execute_clauseelement(
2026-10-07T01:31:27.5804585Z /opt/hostedtoolcache/Python/3.11.16/x64/lib/python3.11/site-packages/sqlalchemy/engine/base.py:1643: in _execute_clauseelement
2026-10-07T01:31:27.5805195Z     ret = self._execute_context(
2026-10-07T01:31:27.5805856Z /opt/hostedtoolcache/Python/3.11.16/x64/lib/python3.11/site-packages/sqlalchemy/engine/base.py:1848: in _execute_context
2026-10-07T01:31:27.5806465Z     return self._exec_single_context(
2026-10-07T01:31:27.5807144Z /opt/hostedtoolcache/Python/3.11.16/x64/lib/python3.11/site-packages/sqlalchemy/engine/base.py:1988: in _exec_single_context
2026-10-07T01:31:27.5807742Z     self._handle_dbapi_exception(
2026-10-07T01:31:27.5808434Z /opt/hostedtoolcache/Python/3.11.16/x64/lib/python3.11/site-packages/sqlalchemy/engine/base.py:2365: in _handle_dbapi_exception
2026-10-07T01:31:27.5809130Z     raise sqlalchemy_exception.with_traceback(exc_info[2]) from e
2026-10-07T01:31:27.5809889Z /opt/hostedtoolcache/Python/3.11.16/x64/lib/python3.11/site-packages/sqlalchemy/engine/base.py:1969: in _exec_single_context
2026-10-07T01:31:27.5810472Z     self.dialect.do_execute(
2026-10-07T01:31:27.5811104Z /opt/hostedtoolcache/Python/3.11.16/x64/lib/python3.11/site-packages/sqlalchemy/engine/default.py:952: in do_execute
2026-10-07T01:31:27.5811688Z     cursor.execute(statement, parameters)
2026-10-07T01:31:27.5812724Z /opt/hostedtoolcache/Python/3.11.16/x64/lib/python3.11/site-packages/sqlalchemy/dialects/sqlite/aiosqlite.py:213: in execute
2026-10-07T01:31:27.5813380Z     self._adapt_connection._handle_exception(error)
2026-10-07T01:31:27.5814153Z /opt/hostedtoolcache/Python/3.11.16/x64/lib/python3.11/site-packages/sqlalchemy/dialects/sqlite/aiosqlite.py:373: in _handle_exception
2026-10-07T01:31:27.5814756Z     raise error
2026-10-07T01:31:27.5815372Z /opt/hostedtoolcache/Python/3.11.16/x64/lib/python3.11/site-packages/sqlalchemy/dialects/sqlite/aiosqlite.py:195: in execute
2026-10-07T01:31:27.5816025Z     self.await_(_cursor.execute(operation, parameters))
2026-10-07T01:31:27.5816749Z /opt/hostedtoolcache/Python/3.11.16/x64/lib/python3.11/site-packages/sqlalchemy/util/_concurrency_py3k.py:132: in await_only
2026-10-07T01:31:27.5817575Z     return current.parent.switch(awaitable)  # type: ignore[no-any-return,attr-defined] # noqa: E501
2026-10-07T01:31:27.5818090Z            ^^^^^^^^^^^^^^^^^^^^^^^^^^^^^^^^
2026-10-07T01:31:27.5818807Z /opt/hostedtoolcache/Python/3.11.16/x64/lib/python3.11/site-packages/sqlalchemy/util/_concurrency_py3k.py:196: in greenlet_spawn
2026-10-07T01:31:27.5819398Z     value = await result
2026-10-07T01:31:27.5819652Z             ^^^^^^^^^^^^
2026-10-07T01:31:27.5820200Z /opt/hostedtoolcache/Python/3.11.16/x64/lib/python3.11/site-packages/aiosqlite/cursor.py:40: in execute
2026-10-07T01:31:27.5820818Z     await self._execute(self._cursor.execute, sql, parameters)
2026-10-07T01:31:27.5821521Z /opt/hostedtoolcache/Python/3.11.16/x64/lib/python3.11/site-packages/aiosqlite/cursor.py:32: in _execute
2026-10-07T01:31:27.5822205Z     return await self._conn._execute(fn, *args, **kwargs)
2026-10-07T01:31:27.5822598Z            ^^^^^^^^^^^^^^^^^^^^^^^^^^^^^^^^^^^^^^^^^^^^^^
2026-10-07T01:31:27.5823341Z /opt/hostedtoolcache/Python/3.11.16/x64/lib/python3.11/site-packages/aiosqlite/core.py:160: in _execute
2026-10-07T01:31:27.5823859Z     return await future
2026-10-07T01:31:27.5824109Z            ^^^^^^^^^^^^
2026-10-07T01:31:27.5824488Z _ _ _ _ _ _ _ _ _ _ _ _ _ _ _ _ _ _ _ _ _ _ _ _ _ _ _ _ _ _ _ _ _ _ _ _ _ _ _ _ 
2026-10-07T01:31:27.5824739Z 
2026-10-07T01:31:27.5824932Z tx = <_queue.SimpleQueue object at 0x7f009131bdd0>
2026-10-07T01:31:27.5825164Z 
2026-10-07T01:31:27.5825327Z     def _connection_worker_thread(tx: _TxQueue):
2026-10-07T01:31:27.5825634Z         """
2026-10-07T01:31:27.5825923Z         Execute function calls on a separate thread.
2026-10-07T01:31:27.5826233Z     
2026-10-07T01:31:27.5826449Z         :meta private:
2026-10-07T01:31:27.5826681Z         """
2026-10-07T01:31:27.5826894Z         while True:
2026-10-07T01:31:27.5827245Z             # Continues running until all queue items are processed,
2026-10-07T01:31:27.5827710Z             # even after connection is closed (so we can finalize all
2026-10-07T01:31:27.5828084Z             # futures)
2026-10-07T01:31:27.5828309Z     
2026-10-07T01:31:27.5828556Z             future, function = tx.get()
2026-10-07T01:31:27.5828832Z     
2026-10-07T01:31:27.5829038Z             try:
2026-10-07T01:31:27.5829317Z                 LOG.debug("executing %s", function)
2026-10-07T01:31:27.5829670Z >               result = function()
2026-10-07T01:31:27.5829972Z                          ^^^^^^^^^^
2026-10-07T01:31:27.5830876Z E               sqlalchemy.exc.OperationalError: (raised as a result of Query-invoked autoflush; consider using a session.no_autoflush block if this flush is occurring prematurely)
2026-10-07T01:31:27.5831888Z E               (sqlite3.OperationalError) database is locked
2026-10-07T01:31:27.5833897Z E               [SQL: INSERT INTO inventory_movements (id, tenant_id, product_id, seller_id, storage_location_id, warehouse_id, reporting_dimensions_legacy, quantity_delta, movement_type, inbound_intake_line_id, outbound_shipment_line_id, inventory_count_line_id, transfer_group_id, container_kind, container_id, marketplace_unload_request_id, actor_user_id) VALUES (?, ?, ?, ?, ?, ?, ?, ?, ?, ?, ?, ?, ?, ?, ?, ?, ?) RETURNING created_at]
2026-10-07T01:31:27.5836870Z E               [parameters: ('a00e7a69512648b094db22de97a72046', '5a3fb35d61b54a78a322b346ad8f04fa', '5c5be1e546f94bf3a58d5173fbb5af93', 'd72aa13183994603b4c3c7297fafbe7f', 'a7cdb4d2a5a749e09966da5a89ea619e', 'e1bac02b8b784b0fae59e33d9776255e', 0, -1, 'fbs_shipment', None, None, None, None, None, None, None, 'c57052d273534f5da27ac19762f5f251')]
2026-10-07T01:31:27.5838300Z E               (Background on this error at: https://sqlalche.me/e/20/e3q8)
2026-10-07T01:31:27.5838605Z 
2026-10-07T01:31:27.5839052Z /opt/hostedtoolcache/Python/3.11.16/x64/lib/python3.11/site-packages/aiosqlite/core.py:63: OperationalError
2026-10-07T01:31:27.5839760Z ------------------------------ Captured log setup ------------------------------
2026-10-07T01:31:27.5840642Z WARNING  app.services.seller_marketplace_requisites_service:seller_marketplace_requisites_service.py:157 wb seller-info: upstream status 404
2026-10-07T01:31:27.5841872Z WARNING  app.services.seller_marketplace_requisites_service:seller_marketplace_requisites_service.py:157 wb seller-info: upstream status 404
2026-10-07T01:31:27.5842990Z WARNING  app.services.seller_marketplace_requisites_service:seller_marketplace_requisites_service.py:157 wb seller-info: upstream status 404
2026-10-07T01:31:27.5843797Z ------------------------------ Captured log call -------------------------------
2026-10-07T01:31:27.5844861Z WARNING  app.services.wb_marketplace_orders_service:wb_marketplace_orders_service.py:1294 wb supplies list fetch failed: seller=d72aa131-8399-4603-b4c3-c7297fafbe7f error=upstream_error page=0
2026-10-07T01:31:27.5845705Z Traceback (most recent call last):
2026-10-07T01:31:27.5846396Z   File "/home/runner/work/WMS/WMS/backend/app/services/wb_marketplace_orders_service.py", line 1280, in fetch_seller_supplies_map
2026-10-07T01:31:27.5847219Z     page = await fetch_marketplace_supplies_page(
2026-10-07T01:31:27.5847599Z            ^^^^^^^^^^^^^^^^^^^^^^^^^^^^^^^^^^^^^^
2026-10-07T01:31:27.5848294Z   File "/home/runner/work/WMS/WMS/backend/app/services/wildberries_fbs_client.py", line 712, in fetch_marketplace_supplies_page
2026-10-07T01:31:27.5848961Z     raise map_upstream_error(response)
2026-10-07T01:31:27.5849444Z app.services.wildberries_errors.WildberriesClientError: upstream_error
2026-10-07T01:31:28.0763059Z =============================== warnings summary ===============================
2026-10-07T01:31:28.0763489Z app/main.py:19
2026-10-07T01:31:28.0763729Z app/main.py:19
2026-10-07T01:31:28.0763941Z app/main.py:19
2026-10-07T01:31:28.0764150Z app/main.py:19
2026-10-07T01:31:28.0764927Z   /home/runner/work/WMS/WMS/backend/app/main.py:19: StarletteDeprecationWarning: 'HTTP_422_UNPROCESSABLE_ENTITY' is deprecated. Use 'HTTP_422_UNPROCESSABLE_CONTENT' instead.
2026-10-07T01:31:28.0765930Z     from app.api.billing_profile_marketplace import router as billing_profile_marketplace_router
2026-10-07T01:31:28.0766307Z 
2026-10-07T01:31:28.0766744Z ../../../../../../opt/hostedtoolcache/Python/3.11.16/x64/lib/python3.11/site-packages/fastapi/testclient.py:1
2026-10-07T01:31:28.0767574Z ../../../../../../opt/hostedtoolcache/Python/3.11.16/x64/lib/python3.11/site-packages/fastapi/testclient.py:1
2026-10-07T01:31:28.0768353Z ../../../../../../opt/hostedtoolcache/Python/3.11.16/x64/lib/python3.11/site-packages/fastapi/testclient.py:1
2026-10-07T01:31:28.0769095Z ../../../../../../opt/hostedtoolcache/Python/3.11.16/x64/lib/python3.11/site-packages/fastapi/testclient.py:1
2026-10-07T01:31:28.0770220Z   /opt/hostedtoolcache/Python/3.11.16/x64/lib/python3.11/site-packages/fastapi/testclient.py:1: StarletteDeprecationWarning: Using `httpx` with `starlette.testclient` is deprecated; install `httpx2` instead.
2026-10-07T01:31:28.0771188Z     from starlette.testclient import TestClient as TestClient  # noqa
2026-10-07T01:31:28.0771477Z 
2026-10-07T01:31:28.0772242Z tests/test_billing_financial_core_migration.py::test_billing_financial_core_is_in_the_single_alembic_lineage
2026-10-07T01:31:28.0773084Z tests/test_billing_financial_core_migration.py::test_billing_invoice_number_is_unique_inside_tenant_only
2026-10-07T01:31:28.0774136Z tests/test_product_categories.py::test_product_category_migration_is_additive_and_the_only_head
2026-10-07T01:31:28.0775573Z   /opt/hostedtoolcache/Python/3.11.16/x64/lib/python3.11/site-packages/alembic/config.py:604: DeprecationWarning: No path_separator found in configuration; falling back to legacy splitting on spaces, commas, and colons for prepend_sys_path.  Consider adding path_separator=os to Alembic config.
2026-10-07T01:31:28.0776680Z     util.warn_deprecated(
2026-10-07T01:31:28.0776840Z 
2026-10-07T01:31:28.0777237Z tests/test_billing_invoice_service.py::test_form_invoice_uses_shared_document_number_for_each_seller
2026-10-07T01:31:28.0778205Z   /home/runner/work/WMS/WMS/backend/app/services/document_event_service.py:301: RuntimeWarning: coroutine 'AsyncMockMixin._execute_mock_call' was never awaited
2026-10-07T01:31:28.0778920Z     async with connection.begin_nested():
2026-10-07T01:31:28.0779356Z   Enable tracemalloc to get traceback where the object was allocated.
2026-10-07T01:31:28.0780001Z   See https://docs.pytest.org/en/stable/how-to/capture-warnings.html#resource-warnings for more info.
2026-10-07T01:31:28.0780407Z 
2026-10-07T01:31:28.0780854Z tests/test_ozon_box_positions.py::test_migration_preserves_wb_uniqueness_and_allows_distinct_ozon_positions
2026-10-07T01:31:28.0782130Z   /home/runner/work/WMS/WMS/backend/tests/test_ozon_box_positions.py:330: SAWarning: Skipped unsupported reflection of expression-based index uq_fbs_packing_box_items_order_position
2026-10-07T01:31:28.0783079Z     upgraded = sa.Table("fbs_packing_box_items", sa.MetaData(), autoload_with=connection)
2026-10-07T01:31:28.0783418Z 
2026-10-07T01:31:28.0783620Z tests/test_wms516_physical_warehouse.py: 16 warnings
2026-10-07T01:31:28.0784768Z   /home/runner/work/WMS/WMS/backend/app/services/physical_warehouse_repair_service.py:524: SAWarning: Skipped unsupported reflection of expression-based index uq_inventory_balance_loc_product_container
2026-10-07T01:31:28.0785748Z     return [dict(index) for index in inspect(connection).get_indexes(table_name)]
2026-10-07T01:31:28.0786057Z 
2026-10-07T01:31:28.0786450Z tests/test_wms516_physical_warehouse.py::test_container_reference_lifecycle[count_line-cancelled]
2026-10-07T01:31:28.0787515Z   /home/runner/work/WMS/WMS/backend/app/services/physical_warehouse_repair_service.py:524: SAWarning: Skipped unsupported reflection of expression-based index uq_inventory_count_line_scope
2026-10-07T01:31:28.0788433Z     return [dict(index) for index in inspect(connection).get_indexes(table_name)]
2026-10-07T01:31:28.0788731Z 
2026-10-07T01:31:28.0789104Z tests/test_wms516_physical_warehouse.py::test_container_reference_lifecycle[allocation-cancelled]
2026-10-07T01:31:28.0790194Z   /home/runner/work/WMS/WMS/backend/app/services/physical_warehouse_repair_service.py:524: SAWarning: Skipped unsupported reflection of expression-based index uq_mp_unload_pick_req_product_loc_container
2026-10-07T01:31:28.0791159Z     return [dict(index) for index in inspect(connection).get_indexes(table_name)]
2026-10-07T01:31:28.0791454Z 
2026-10-07T01:31:28.0792467Z tests/test_wms535_cli.py::test_duplicate_merge_dry_run_reports_same_unique_conflict_as_apply
2026-10-07T01:31:28.0794150Z   /home/runner/work/WMS/WMS/backend/app/cli/merge_duplicate_wb_chrt_products.py:94: SAWarning: Skipped unsupported reflection of expression-based index uq_inventory_balance_loc_product_container
2026-10-07T01:31:28.0795036Z     *inspector.get_unique_constraints(reference.table),
2026-10-07T01:31:28.0795280Z 
2026-10-07T01:31:28.0795636Z tests/test_wms535_cli.py::test_duplicate_merge_dry_run_reports_same_unique_conflict_as_apply
2026-10-07T01:31:28.0796739Z   /home/runner/work/WMS/WMS/backend/app/cli/merge_duplicate_wb_chrt_products.py:97: SAWarning: Skipped unsupported reflection of expression-based index uq_inventory_balance_loc_product_container
2026-10-07T01:31:28.0797593Z     for index in inspector.get_indexes(reference.table)
2026-10-07T01:31:28.0797984Z 
2026-10-07T01:31:28.0798338Z tests/test_wms535_cli.py::test_duplicate_merge_dry_run_reports_same_unique_conflict_as_apply
2026-10-07T01:31:28.0799349Z   /home/runner/work/WMS/WMS/backend/app/cli/merge_duplicate_wb_chrt_products.py:94: SAWarning: Skipped unsupported reflection of expression-based index uq_inventory_count_line_scope
2026-10-07T01:31:28.0800157Z     *inspector.get_unique_constraints(reference.table),
2026-10-07T01:31:28.0800382Z 
2026-10-07T01:31:28.0800721Z tests/test_wms535_cli.py::test_duplicate_merge_dry_run_reports_same_unique_conflict_as_apply
2026-10-07T01:31:28.0801681Z   /home/runner/work/WMS/WMS/backend/app/cli/merge_duplicate_wb_chrt_products.py:97: SAWarning: Skipped unsupported reflection of expression-based index uq_inventory_count_line_scope
2026-10-07T01:31:28.0803167Z     for index in inspector.get_indexes(reference.table)
2026-10-07T01:31:28.0803405Z 
2026-10-07T01:31:28.0803771Z tests/test_wms535_cli.py::test_duplicate_merge_dry_run_reports_same_unique_conflict_as_apply
2026-10-07T01:31:28.0804839Z   /home/runner/work/WMS/WMS/backend/app/cli/merge_duplicate_wb_chrt_products.py:94: SAWarning: Skipped unsupported reflection of expression-based index uq_mp_unload_pick_req_product_loc_container
2026-10-07T01:31:28.0805697Z     *inspector.get_unique_constraints(reference.table),
2026-10-07T01:31:28.0805929Z 
2026-10-07T01:31:28.0806274Z tests/test_wms535_cli.py::test_duplicate_merge_dry_run_reports_same_unique_conflict_as_apply
2026-10-07T01:31:28.0807304Z   /home/runner/work/WMS/WMS/backend/app/cli/merge_duplicate_wb_chrt_products.py:97: SAWarning: Skipped unsupported reflection of expression-based index uq_mp_unload_pick_req_product_loc_container
2026-10-07T01:31:28.0808181Z     for index in inspector.get_indexes(reference.table)
2026-10-07T01:31:28.0808402Z 
2026-10-07T01:31:28.0808833Z -- Docs: https://docs.pytest.org/en/stable/how-to/capture-warnings.html
2026-10-07T01:31:28.0809452Z ----- generated xml file: /home/runner/work/_temp/backend-shard/junit.xml ------
2026-10-07T01:31:28.0810004Z =========================== short test summary info ============================
2026-10-07T01:31:28.0811302Z FAILED tests/test_fbs_operator_flow_handoff.py::test_full_flow_warehouse_sc_emulator - sqlalchemy.exc.OperationalError: (raised as a result of Query-invoked autoflush; consider using a session.no_autoflush block if this flush is occurring prematurely)
2026-10-07T01:31:28.0812458Z (sqlite3.OperationalError) database is locked
2026-10-07T01:31:28.0814339Z [SQL: INSERT INTO inventory_movements (id, tenant_id, product_id, seller_id, storage_location_id, warehouse_id, reporting_dimensions_legacy, quantity_delta, movement_type, inbound_intake_line_id, outbound_shipment_line_id, inventory_count_line_id, transfer_group_id, container_kind, container_id, marketplace_unload_request_id, actor_user_id) VALUES (?, ?, ?, ?, ?, ?, ?, ?, ?, ?, ?, ?, ?, ?, ?, ?, ?) RETURNING created_at]
2026-10-07T01:31:28.0816984Z [parameters: ('a00e7a69512648b094db22de97a72046', '5a3fb35d61b54a78a322b346ad8f04fa', '5c5be1e546f94bf3a58d5173fbb5af93', 'd72aa13183994603b4c3c7297fafbe7f', 'a7cdb4d2a5a749e09966da5a89ea619e', 'e1bac02b8b784b0fae59e33d9776255e', 0, -1, 'fbs_shipment', None, None, None, None, None, None, None, 'c57052d273534f5da27ac19762f5f251')]
2026-10-07T01:31:28.0818320Z (Background on this error at: https://sqlalche.me/e/20/e3q8)
2026-10-07T01:31:28.0818881Z ===== 1 failed, 2215 passed, 99 skipped, 37 warnings in 613.29s (0:10:13) ======
2026-10-07T01:31:29.2280859Z ##[error]Process completed with exit code 1.
2026-10-07T01:31:29.2365781Z ##[group]Run actions/upload-artifact@v4
2026-10-07T01:31:29.2366085Z with:
2026-10-07T01:31:29.2366446Z   name: backend-shard-1-8b8f20715528122a7260d650f018a9a8b4bd29e5-37556521625-1
2026-10-07T01:31:29.2366900Z   path: /home/runner/work/_temp/backend-shard
2026-10-07T01:31:29.2367212Z   if-no-files-found: error
2026-10-07T01:31:29.2367462Z   retention-days: 14
2026-10-07T01:31:29.2367698Z   compression-level: 6
2026-10-07T01:31:29.2367924Z   overwrite: false
2026-10-07T01:31:29.2368357Z   include-hidden-files: false
2026-10-07T01:31:29.2368612Z env:
2026-10-07T01:31:29.2368880Z   pythonLocation: /opt/hostedtoolcache/Python/3.11.16/x64
2026-10-07T01:31:29.2369322Z   PKG_CONFIG_PATH: /opt/hostedtoolcache/Python/3.11.16/x64/lib/pkgconfig
2026-10-07T01:31:29.2369759Z   Python_ROOT_DIR: /opt/hostedtoolcache/Python/3.11.16/x64
2026-10-07T01:31:29.2370148Z   Python2_ROOT_DIR: /opt/hostedtoolcache/Python/3.11.16/x64
2026-10-07T01:31:29.2370565Z   Python3_ROOT_DIR: /opt/hostedtoolcache/Python/3.11.16/x64
2026-10-07T01:31:29.2370962Z   LD_LIBRARY_PATH: /opt/hostedtoolcache/Python/3.11.16/x64/lib
2026-10-07T01:31:29.2371295Z ##[endgroup]
2026-10-07T01:31:29.4130915Z (node:6469) [DEP0040] DeprecationWarning: The `punycode` module is deprecated. Please use a userland alternative instead.
2026-10-07T01:31:29.4132179Z (Use `node --trace-deprecation ...` to show where the warning was created)
2026-10-07T01:31:29.4270125Z With the provided path, there will be 2 files uploaded
2026-10-07T01:31:29.4271123Z Artifact name is valid!
2026-10-07T01:31:29.4271588Z Root directory input is valid!
2026-10-07T01:31:29.7048548Z Beginning upload of artifact content to blob storage
2026-10-07T01:31:29.7535798Z (node:6469) [DEP0169] DeprecationWarning: `url.parse()` behavior is not standardized and prone to errors that have security implications. Use the WHATWG URL API instead. CVEs are not issued for `url.parse()` vulnerabilities.
2026-10-07T01:31:30.0129524Z Uploaded bytes 209449
2026-10-07T01:31:30.0600052Z Finished uploading artifact content to blob storage!
2026-10-07T01:31:30.0601241Z SHA256 digest of uploaded artifact zip is 0ccb091d1384f749898e47edc0c2fe72e1c6875d113bfc066bc9139722ce4e43
2026-10-07T01:31:30.0602613Z Finalizing artifact upload
2026-10-07T01:31:30.3422123Z Artifact backend-shard-1-8b8f20715528122a7260d650f018a9a8b4bd29e5-37556521625-1.zip successfully finalized. Artifact ID 11454757803
2026-10-07T01:31:30.3423453Z Artifact backend-shard-1-8b8f20715528122a7260d650f018a9a8b4bd29e5-37556521625-1 has been successfully uploaded! Final size is 209449 bytes. Artifact ID is 11454757803
2026-10-07T01:31:30.3429889Z Artifact download URL: https://github.com/chivkunovd-bitdenis/WMS/actions/runs/37556521625/artifacts/11454757803
2026-10-07T01:31:30.3636406Z Post job cleanup.
2026-10-07T01:31:30.4530738Z [command]/usr/bin/git version
2026-10-07T01:31:30.4577902Z git version 2.55.0
2026-10-07T01:31:30.4614728Z Temporarily overriding HOME='/home/runner/work/_temp/7189e96d-5926-4f09-987f-efa2e5c22115' before making global git config changes
2026-10-07T01:31:30.4616362Z Adding repository directory to the temporary git global config as a safe directory
2026-10-07T01:31:30.4619667Z [command]/usr/bin/git config --global --add safe.directory /home/runner/work/WMS/WMS
2026-10-07T01:31:30.4663521Z [command]/usr/bin/git config --local --name-only --get-regexp core\.sshCommand
2026-10-07T01:31:30.4708201Z [command]/usr/bin/git submodule foreach --recursive sh -c "git config --local --name-only --get-regexp 'core\.sshCommand' && git config --local --unset-all 'core.sshCommand' || :"
2026-10-07T01:31:30.5061683Z [command]/usr/bin/git config --local --name-only --get-regexp http\.https\:\/\/github\.com\/\.extraheader
2026-10-07T01:31:30.5118891Z [command]/usr/bin/git submodule foreach --recursive sh -c "git config --local --name-only --get-regexp 'http\.https\:\/\/github\.com\/\.extraheader' && git config --local --unset-all 'http.https://github.com/.extraheader' || :"
2026-10-07T01:31:30.5422245Z [command]/usr/bin/git config --local --name-only --get-regexp ^includeIf\.gitdir:
2026-10-07T01:31:30.5463642Z [command]/usr/bin/git submodule foreach --recursive git config --local --show-origin --name-only --get-regexp remote.origin.url
2026-10-07T01:31:30.5912714Z Cleaning up orphan processes
2026-10-07T01:31:30.6225304Z ##[warning]Node.js 20 is deprecated. The following actions target Node.js 20 but are being forced to run on Node.js 24: actions/checkout@v4, actions/setup-node@v4, actions/setup-python@v5, actions/upload-artifact@v4. For more information see: https://github.blog/changelog/2025-09-19-deprecation-of-node-20-on-github-actions-runners/
