2026-10-07T01:19:37.7999330Z Current runner version: '2.337.0'
2026-10-07T01:19:37.8025259Z ##[group]Runner Image Provisioner
2026-10-07T01:19:37.8026095Z Hosted Compute Agent
2026-10-07T01:19:37.8026770Z Version: 20260901.588
2026-10-07T01:19:37.8027397Z Commit: f88ec8081b781fac6c440065ac7ff9e710ce3d0b
2026-10-07T01:19:37.8028526Z Build Date: 2026-09-01T19:56:44Z
2026-10-07T01:19:37.8029302Z Worker ID: {05cddd55-836f-41de-99c5-581494a4d166}
2026-10-07T01:19:37.8030030Z Azure Region: northcentralus
2026-10-07T01:19:37.8030670Z ##[endgroup]
2026-10-07T01:19:37.8032266Z ##[group]Operating System
2026-10-07T01:19:37.8032921Z Ubuntu
2026-10-07T01:19:37.8033538Z 24.04.5
2026-10-07T01:19:37.8034046Z LTS
2026-10-07T01:19:37.8034587Z ##[endgroup]
2026-10-07T01:19:37.8035141Z ##[group]Runner Image
2026-10-07T01:19:37.8035769Z Image: ubuntu-24.04
2026-10-07T01:19:37.8036382Z Version: 20260927.320.1
2026-10-07T01:19:37.8037648Z Included Software: https://github.com/actions/runner-images/blob/ubuntu24/20260927.320/images/ubuntu/Ubuntu2404-Readme.md
2026-10-07T01:19:37.8039660Z Image Release: https://github.com/actions/runner-images/releases/tag/ubuntu24%2F20260927.320
2026-10-07T01:19:37.8040654Z ##[endgroup]
2026-10-07T01:19:37.8041883Z ##[group]GITHUB_TOKEN Permissions
2026-10-07T01:19:37.8044048Z Contents: read
2026-10-07T01:19:37.8044752Z Metadata: read
2026-10-07T01:19:37.8045383Z ##[endgroup]
2026-10-07T01:19:37.8047541Z Secret source: Actions
2026-10-07T01:19:37.8048810Z Cache mode: write
2026-10-07T01:19:37.8049556Z Prepare workflow directory
2026-10-07T01:19:37.8486815Z Prepare all required actions
2026-10-07T01:19:37.8535111Z Getting action download info
2026-10-07T01:19:38.1312963Z Download action repository 'actions/checkout@v4' (SHA:11d5960a326750d5838078e36cf38b85af677262)
2026-10-07T01:19:38.2400301Z Download action repository 'actions/setup-python@v5' (SHA:a26af69be951a213d495a4c3e4e4022e16d87065)
2026-10-07T01:19:38.3266010Z Download action repository 'actions/setup-node@v4' (SHA:49933ea5288caeca8642d1e84afbd3f7d6820020)
2026-10-07T01:19:38.4193641Z Download action repository 'actions/upload-artifact@v4' (SHA:ea165f8d65b6e75b540449e92b4886f43607fa02)
2026-10-07T01:19:38.6206080Z Complete job name: backend-shard-0
2026-10-07T01:19:38.6987866Z ##[group]Run actions/checkout@v4
2026-10-07T01:19:38.6988997Z with:
2026-10-07T01:19:38.6989418Z   fetch-depth: 0
2026-10-07T01:19:38.6989881Z   persist-credentials: false
2026-10-07T01:19:38.6990423Z   repository: chivkunovd-bitdenis/WMS
2026-10-07T01:19:38.6994544Z   token: ***
2026-10-07T01:19:38.6994980Z   ssh-strict: true
2026-10-07T01:19:38.6995425Z   ssh-user: git
2026-10-07T01:19:38.6995843Z   clean: true
2026-10-07T01:19:38.6996287Z   sparse-checkout-cone-mode: true
2026-10-07T01:19:38.6996812Z   fetch-tags: false
2026-10-07T01:19:38.6997260Z   show-progress: true
2026-10-07T01:19:38.6997701Z   lfs: false
2026-10-07T01:19:38.6998268Z   submodules: false
2026-10-07T01:19:38.6998715Z   set-safe-directory: true
2026-10-07T01:19:38.6999221Z   allow-unsafe-pr-checkout: false
2026-10-07T01:19:38.7000389Z ##[endgroup]
2026-10-07T01:19:38.8042072Z Syncing repository: chivkunovd-bitdenis/WMS
2026-10-07T01:19:38.8044600Z ##[group]Getting Git version info
2026-10-07T01:19:38.8045744Z Working directory is '/home/runner/work/WMS/WMS'
2026-10-07T01:19:38.8047310Z [command]/usr/bin/git version
2026-10-07T01:19:38.8159416Z git version 2.55.0
2026-10-07T01:19:38.8174241Z ##[endgroup]
2026-10-07T01:19:38.8195385Z Temporarily overriding HOME='/home/runner/work/_temp/839d76dd-f66e-464a-ab90-846035073220' before making global git config changes
2026-10-07T01:19:38.8197876Z Adding repository directory to the temporary git global config as a safe directory
2026-10-07T01:19:38.8202879Z [command]/usr/bin/git config --global --add safe.directory /home/runner/work/WMS/WMS
2026-10-07T01:19:38.8265073Z Deleting the contents of '/home/runner/work/WMS/WMS'
2026-10-07T01:19:38.8272067Z ##[group]Initializing the repository
2026-10-07T01:19:38.8277546Z [command]/usr/bin/git init /home/runner/work/WMS/WMS
2026-10-07T01:19:38.8428225Z hint: Using 'master' as the name for the initial branch. This default branch name
2026-10-07T01:19:38.8430096Z hint: will change to "main" in Git 3.0. To configure the initial branch name
2026-10-07T01:19:38.8436460Z hint: to use in all of your new repositories, which will suppress this warning,
2026-10-07T01:19:38.8438198Z hint: call:
2026-10-07T01:19:38.8439107Z hint:
2026-10-07T01:19:38.8440053Z hint: 	git config --global init.defaultBranch <name>
2026-10-07T01:19:38.8441173Z hint:
2026-10-07T01:19:38.8442353Z hint: Names commonly chosen instead of 'master' are 'main', 'trunk' and
2026-10-07T01:19:38.8444040Z hint: 'development'. The just-created branch can be renamed via this command:
2026-10-07T01:19:38.8445553Z hint:
2026-10-07T01:19:38.8446431Z hint: 	git branch -m <name>
2026-10-07T01:19:38.8447340Z hint:
2026-10-07T01:19:38.8448718Z hint: Disable this message with "git config set advice.defaultBranchName false"
2026-10-07T01:19:38.8450665Z Initialized empty Git repository in /home/runner/work/WMS/WMS/.git/
2026-10-07T01:19:38.8453889Z [command]/usr/bin/git remote add origin https://github.com/chivkunovd-bitdenis/WMS
2026-10-07T01:19:38.8512752Z ##[endgroup]
2026-10-07T01:19:38.8514229Z ##[group]Disabling automatic garbage collection
2026-10-07T01:19:38.8518612Z [command]/usr/bin/git config --local gc.auto 0
2026-10-07T01:19:38.8558408Z ##[endgroup]
2026-10-07T01:19:38.8559955Z ##[group]Setting up auth
2026-10-07T01:19:38.8664031Z [command]/usr/bin/git config --local --name-only --get-regexp core\.sshCommand
2026-10-07T01:19:38.8666788Z [command]/usr/bin/git submodule foreach --recursive sh -c "git config --local --name-only --get-regexp 'core\.sshCommand' && git config --local --unset-all 'core.sshCommand' || :"
2026-10-07T01:19:38.9109561Z [command]/usr/bin/git config --local --name-only --get-regexp http\.https\:\/\/github\.com\/\.extraheader
2026-10-07T01:19:38.9150230Z [command]/usr/bin/git submodule foreach --recursive sh -c "git config --local --name-only --get-regexp 'http\.https\:\/\/github\.com\/\.extraheader' && git config --local --unset-all 'http.https://github.com/.extraheader' || :"
2026-10-07T01:19:38.9375999Z [command]/usr/bin/git config --local --name-only --get-regexp ^includeIf\.gitdir:
2026-10-07T01:19:38.9410598Z [command]/usr/bin/git submodule foreach --recursive git config --local --show-origin --name-only --get-regexp remote.origin.url
2026-10-07T01:19:38.9648921Z [command]/usr/bin/git config --local http.https://github.com/.extraheader AUTHORIZATION: basic ***
2026-10-07T01:19:38.9687525Z ##[endgroup]
2026-10-07T01:19:38.9688805Z ##[group]Fetching the repository
2026-10-07T01:19:38.9699024Z [command]/usr/bin/git -c protocol.version=2 fetch --prune --no-recurse-submodules origin +refs/heads/*:refs/remotes/origin/* +refs/tags/*:refs/tags/* +8b8f20715528122a7260d650f018a9a8b4bd29e5:refs/remotes/pull/387/merge
2026-10-07T01:19:48.3601729Z From https://github.com/chivkunovd-bitdenis/WMS
2026-10-07T01:19:48.3606751Z  * [new branch]          archive/night/volna-9-recovery/lane-3/06-picking-list-order-pre-owner-scope-20260823 -> origin/archive/night/volna-9-recovery/lane-3/06-picking-list-order-pre-owner-scope-20260823
2026-10-07T01:19:48.3615694Z  * [new branch]          archive/staging-20260924-93f511ab        -> origin/archive/staging-20260924-93f511ab
2026-10-07T01:19:48.3620050Z  * [new branch]          archive/staging-before-wms521-20260924   -> origin/archive/staging-before-wms521-20260924
2026-10-07T01:19:48.3623607Z  * [new branch]          archive/wms415-disputed-candidate-20260910 -> origin/archive/wms415-disputed-candidate-20260910
2026-10-07T01:19:48.3630681Z  * [new branch]          backlog/fbs-followups-20260812           -> origin/backlog/fbs-followups-20260812
2026-10-07T01:19:48.3633442Z  * [new branch]          brand/portal-logos-20260811              -> origin/brand/portal-logos-20260811
2026-10-07T01:19:48.3636302Z  * [new branch]          brand/portal-logos-live-20260811         -> origin/brand/portal-logos-live-20260811
2026-10-07T01:19:48.3640352Z  * [new branch]          brand/portal-logos-prod-20260811         -> origin/brand/portal-logos-prod-20260811
2026-10-07T01:19:48.3644362Z  * [new branch]          chore/deploy-smoke-retry-on-main         -> origin/chore/deploy-smoke-retry-on-main
2026-10-07T01:19:48.3647868Z  * [new branch]          chore/operator-change-contract-20260901  -> origin/chore/operator-change-contract-20260901
2026-10-07T01:19:48.3651210Z  * [new branch]          chore/railway-toml-fix                   -> origin/chore/railway-toml-fix
2026-10-07T01:19:48.3654002Z  * [new branch]          chore/release-via-pr-only-rules          -> origin/chore/release-via-pr-only-rules
2026-10-07T01:19:48.3656976Z  * [new branch]          chore/staging-sync-20261003              -> origin/chore/staging-sync-20261003
2026-10-07T01:19:48.3660745Z  * [new branch]          chore/wb-emulator-railway-dockerfile     -> origin/chore/wb-emulator-railway-dockerfile
2026-10-07T01:19:48.3664674Z  * [new branch]          chore/wms375-production-evidence-20260906 -> origin/chore/wms375-production-evidence-20260906
2026-10-07T01:19:48.3667760Z  * [new branch]          chore/wms574-stand                       -> origin/chore/wms574-stand
2026-10-07T01:19:48.3670633Z  * [new branch]          codex/agent-job-1710a7649a6964db         -> origin/codex/agent-job-1710a7649a6964db
2026-10-07T01:19:48.3673512Z  * [new branch]          codex/agent-job-21079e59afb9acdb         -> origin/codex/agent-job-21079e59afb9acdb
2026-10-07T01:19:48.3676404Z  * [new branch]          codex/agent-job-6f3e370ab6217c51         -> origin/codex/agent-job-6f3e370ab6217c51
2026-10-07T01:19:48.3679482Z  * [new branch]          codex/agent-job-8c954436cd418999         -> origin/codex/agent-job-8c954436cd418999
2026-10-07T01:19:48.3682534Z  * [new branch]          codex/agent-job-97af6faf8d8c22ac         -> origin/codex/agent-job-97af6faf8d8c22ac
2026-10-07T01:19:48.3685515Z  * [new branch]          codex/agent-job-bb021d7e007fb8a5         -> origin/codex/agent-job-bb021d7e007fb8a5
2026-10-07T01:19:48.3688825Z  * [new branch]          codex/agent-job-ef71dbb00ee2b150         -> origin/codex/agent-job-ef71dbb00ee2b150
2026-10-07T01:19:48.3692225Z  * [new branch]          codex/agent-job-fc68bb2705b6850f         -> origin/codex/agent-job-fc68bb2705b6850f
2026-10-07T01:19:48.3695232Z  * [new branch]          codex/artmaks-fbo-mockup                 -> origin/codex/artmaks-fbo-mockup
2026-10-07T01:19:48.3698423Z  * [new branch]          codex/backlog40-ci-contracts             -> origin/codex/backlog40-ci-contracts
2026-10-07T01:19:48.3701312Z  * [new branch]          codex/backlog40-ci-pdf                   -> origin/codex/backlog40-ci-pdf
2026-10-07T01:19:48.3704372Z  * [new branch]          codex/billing-journal-20260825           -> origin/codex/billing-journal-20260825
2026-10-07T01:19:48.3707427Z  * [new branch]          codex/billing-module-20260826            -> origin/codex/billing-module-20260826
2026-10-07T01:19:48.3711599Z  * [new branch]          codex/billing-stage-finish-20260823      -> origin/codex/billing-stage-finish-20260823
2026-10-07T01:19:48.3715731Z  * [new branch]          codex/billing-storage-bounds-20260823    -> origin/codex/billing-storage-bounds-20260823
2026-10-07T01:19:48.3719299Z  * [new branch]          codex/box-label-bulk-print-20260824      -> origin/codex/box-label-bulk-print-20260824
2026-10-07T01:19:48.3722668Z  * [new branch]          codex/catalog-box-filters-20260824       -> origin/codex/catalog-box-filters-20260824
2026-10-07T01:19:48.3725881Z  * [new branch]          codex/catalog-box-tabs-source-20260823   -> origin/codex/catalog-box-tabs-source-20260823
2026-10-07T01:19:48.3729323Z  * [new branch]          codex/cell-contents-scanner-20260824     -> origin/codex/cell-contents-scanner-20260824
2026-10-07T01:19:48.3732472Z  * [new branch]          codex/fbs-qr-only-print-20260823         -> origin/codex/fbs-qr-only-print-20260823
2026-10-07T01:19:48.3735720Z  * [new branch]          codex/fix-fbs-stock-publication-20260831 -> origin/codex/fix-fbs-stock-publication-20260831
2026-10-07T01:19:48.3739640Z  * [new branch]          codex/fix-seller-inbound-empty-picker    -> origin/codex/fix-seller-inbound-empty-picker
2026-10-07T01:19:48.3743094Z  * [new branch]          codex/fix-wb-done-supply-status-prod     -> origin/codex/fix-wb-done-supply-status-prod
2026-10-07T01:19:48.3746625Z  * [new branch]          codex/hotfix-fbs-100-orders-20260820     -> origin/codex/hotfix-fbs-100-orders-20260820
2026-10-07T01:19:48.3750544Z  * [new branch]          codex/hotfix-fbs-packaging-flag          -> origin/codex/hotfix-fbs-packaging-flag
2026-10-07T01:19:48.3753340Z  * [new branch]          codex/hotfix-ozon-kiz                    -> origin/codex/hotfix-ozon-kiz
2026-10-07T01:19:48.3756116Z  * [new branch]          codex/invoice-row-location               -> origin/codex/invoice-row-location
2026-10-07T01:19:48.3759380Z  * [new branch]          codex/knowledge-inbound-guide-20260824   -> origin/codex/knowledge-inbound-guide-20260824
2026-10-07T01:19:48.3762464Z  * [new branch]          codex/mp-dashboard-e2e-20260815          -> origin/codex/mp-dashboard-e2e-20260815
2026-10-07T01:19:48.3765496Z  * [new branch]          codex/night-ready-acceptance-1006        -> origin/codex/night-ready-acceptance-1006
2026-10-07T01:19:48.3768810Z  * [new branch]          codex/night-ready-candidate-1006-inrepo  -> origin/codex/night-ready-candidate-1006-inrepo
2026-10-07T01:19:48.3772064Z  * [new branch]          codex/night-ready-exact-staging-1006     -> origin/codex/night-ready-exact-staging-1006
2026-10-07T01:19:48.3775801Z  * [new branch]          codex/night-ready-exact-staging-redis-1006 -> origin/codex/night-ready-exact-staging-redis-1006
2026-10-07T01:19:48.3779519Z  * [new branch]          codex/night-ready-migration-compat-1006  -> origin/codex/night-ready-migration-compat-1006
2026-10-07T01:19:48.3782695Z  * [new branch]          codex/night-ready-staging-1006           -> origin/codex/night-ready-staging-1006
2026-10-07T01:19:48.3786046Z  * [new branch]          codex/night-ready-staging-db-head-rollback-1006 -> origin/codex/night-ready-staging-db-head-rollback-1006
2026-10-07T01:19:48.3790215Z  * [new branch]          codex/night-ready-staging-migration-deploy-1006 -> origin/codex/night-ready-staging-migration-deploy-1006
2026-10-07T01:19:48.3793769Z  * [new branch]          codex/night-ready-staging-rollback-1006  -> origin/codex/night-ready-staging-rollback-1006
2026-10-07T01:19:48.3796819Z  * [new branch]          codex/night-release-5beb52da-1           -> origin/codex/night-release-5beb52da-1
2026-10-07T01:19:48.3799973Z  * [new branch]          codex/night-requirements-20261006        -> origin/codex/night-requirements-20261006
2026-10-07T01:19:48.3802622Z  * [new branch]          codex/night1007-658                      -> origin/codex/night1007-658
2026-10-07T01:19:48.3805015Z  * [new branch]          codex/night1007-671-687                  -> origin/codex/night1007-671-687
2026-10-07T01:19:48.3807542Z  * [new branch]          codex/night1007-675-release              -> origin/codex/night1007-675-release
2026-10-07T01:19:48.3810230Z  * [new branch]          codex/night1007-679-680                  -> origin/codex/night1007-679-680
2026-10-07T01:19:48.3812620Z  * [new branch]          codex/night1007-681                      -> origin/codex/night1007-681
2026-10-07T01:19:48.3815084Z  * [new branch]          codex/night1007-684-586                  -> origin/codex/night1007-684-586
2026-10-07T01:19:48.3817703Z  * [new branch]          codex/night1007-integration              -> origin/codex/night1007-integration
2026-10-07T01:19:48.3820815Z  * [new branch]          codex/night1007-print-regressions-646cb4 -> origin/codex/night1007-print-regressions-646cb4
2026-10-07T01:19:48.3823767Z  * [new branch]          codex/night1007-wms652-ci-fix            -> origin/codex/night1007-wms652-ci-fix
2026-10-07T01:19:48.3826911Z  * [new branch]          codex/owner-frontend-correction-proof-20261006 -> origin/codex/owner-frontend-correction-proof-20261006
2026-10-07T01:19:48.3830148Z  * [new branch]          codex/ozon-catalog-20260825              -> origin/codex/ozon-catalog-20260825
2026-10-07T01:19:48.3832836Z  * [new branch]          codex/ozon-fbs-20260825                  -> origin/codex/ozon-fbs-20260825
2026-10-07T01:19:48.3835299Z  * [new branch]          codex/ozon-stock-20260825                -> origin/codex/ozon-stock-20260825
2026-10-07T01:19:48.3838306Z  * [new branch]          codex/ozon-test-key-marker-20260824      -> origin/codex/ozon-test-key-marker-20260824
2026-10-07T01:19:48.3841324Z  * [new branch]          codex/priority-five-release-20261006     -> origin/codex/priority-five-release-20261006
2026-10-07T01:19:48.3844314Z  * [new branch]          codex/priority-five-review-20261006      -> origin/codex/priority-five-review-20261006
2026-10-07T01:19:48.3847478Z  * [new branch]          codex/priority-five-staging-proof-20261006 -> origin/codex/priority-five-staging-proof-20261006
2026-10-07T01:19:48.3850722Z  * [new branch]          codex/regress-live-cases-20260825        -> origin/codex/regress-live-cases-20260825
2026-10-07T01:19:48.3853483Z  * [new branch]          codex/release-20261006-astra-a           -> origin/codex/release-20261006-astra-a
2026-10-07T01:19:48.3856138Z  * [new branch]          codex/release-20261006-astra-b           -> origin/codex/release-20261006-astra-b
2026-10-07T01:19:48.3859131Z  * [new branch]          codex/release-ci-final-20261006          -> origin/codex/release-ci-final-20261006
2026-10-07T01:19:48.3861787Z  * [new branch]          codex/release-log-2026-09-27             -> origin/codex/release-log-2026-09-27
2026-10-07T01:19:48.3864609Z  * [new branch]          codex/reporting-backend-core-20260823    -> origin/codex/reporting-backend-core-20260823
2026-10-07T01:19:48.3867659Z  * [new branch]          codex/reporting-stage-finish-20260823    -> origin/codex/reporting-stage-finish-20260823
2026-10-07T01:19:48.3870767Z  * [new branch]          codex/staging-sync-login-20260914        -> origin/codex/staging-sync-login-20260914
2026-10-07T01:19:48.3873536Z  * [new branch]          codex/storage-stage-20260823             -> origin/codex/storage-stage-20260823
2026-10-07T01:19:48.3876279Z  * [new branch]          codex/trello-wms-20261005                -> origin/codex/trello-wms-20261005
2026-10-07T01:19:48.3879059Z  * [new branch]          codex/trello-wms-20261006                -> origin/codex/trello-wms-20261006
2026-10-07T01:19:48.3881598Z  * [new branch]          codex/trello-wms-20261006-1200           -> origin/codex/trello-wms-20261006-1200
2026-10-07T01:19:48.3884131Z  * [new branch]          codex/tsd-package-20260913               -> origin/codex/tsd-package-20260913
2026-10-07T01:19:48.3886710Z  * [new branch]          codex/tsd-package-stage-release          -> origin/codex/tsd-package-stage-release
2026-10-07T01:19:48.3889556Z  * [new branch]          codex/tsd-staging-merge-20260913         -> origin/codex/tsd-staging-merge-20260913
2026-10-07T01:19:48.3892183Z  * [new branch]          codex/volna9-01-backend-only             -> origin/codex/volna9-01-backend-only
2026-10-07T01:19:48.3894723Z  * [new branch]          codex/volna9-02-status-only              -> origin/codex/volna9-02-status-only
2026-10-07T01:19:48.3897232Z  * [new branch]          codex/volna9-03-backend-only             -> origin/codex/volna9-03-backend-only
2026-10-07T01:19:48.3899898Z  * [new branch]          codex/volna9-04-backend-only             -> origin/codex/volna9-04-backend-only
2026-10-07T01:19:48.3902432Z  * [new branch]          codex/volna9-05-backend-only             -> origin/codex/volna9-05-backend-only
2026-10-07T01:19:48.3905043Z  * [new branch]          codex/volna9-06-print-order-only         -> origin/codex/volna9-06-print-order-only
2026-10-07T01:19:48.3907675Z  * [new branch]          codex/weekly-release-20260909            -> origin/codex/weekly-release-20260909
2026-10-07T01:19:48.3910241Z  * [new branch]          codex/wms-chat-20260911                  -> origin/codex/wms-chat-20260911
2026-10-07T01:19:48.3912731Z  * [new branch]          codex/wms-chat-evening-20260910          -> origin/codex/wms-chat-evening-20260910
2026-10-07T01:19:48.3915594Z  * [new branch]          codex/wms-integrations-20260911          -> origin/codex/wms-integrations-20260911
2026-10-07T01:19:48.3918337Z  * [new branch]          codex/wms-ozon-20260911                  -> origin/codex/wms-ozon-20260911
2026-10-07T01:19:48.3920893Z  * [new branch]          codex/wms-ozon-generator-20260911        -> origin/codex/wms-ozon-generator-20260911
2026-10-07T01:19:48.3923549Z  * [new branch]          codex/wms-pick-container-scan            -> origin/codex/wms-pick-container-scan
2026-10-07T01:19:48.3926320Z  * [new branch]          codex/wms-pipeline-unified-v2-20260820   -> origin/codex/wms-pipeline-unified-v2-20260820
2026-10-07T01:19:48.3929084Z  * [new branch]          codex/wms-print-20260911                 -> origin/codex/wms-print-20260911
2026-10-07T01:19:48.3932029Z  * [new branch]          codex/wms-priority-legacy-test-harness-20261006 -> origin/codex/wms-priority-legacy-test-harness-20261006
2026-10-07T01:19:48.3935099Z  * [new branch]          codex/wms-psp-backlog-20260921           -> origin/codex/wms-psp-backlog-20260921
2026-10-07T01:19:48.3937832Z  * [new branch]          codex/wms-qr-review-evidence-20261006    -> origin/codex/wms-qr-review-evidence-20261006
2026-10-07T01:19:48.3940597Z  * [new branch]          codex/wms-release-20260911               -> origin/codex/wms-release-20260911
2026-10-07T01:19:48.3943136Z  * [new branch]          codex/wms-release-ozon-terminal          -> origin/codex/wms-release-ozon-terminal
2026-10-07T01:19:48.3945634Z  * [new branch]          codex/wms-storage-20260911               -> origin/codex/wms-storage-20260911
2026-10-07T01:19:48.3948253Z  * [new branch]          codex/wms-storage-final-20260911         -> origin/codex/wms-storage-final-20260911
2026-10-07T01:19:48.3950787Z  * [new branch]          codex/wms-transfer-urgent                -> origin/codex/wms-transfer-urgent
2026-10-07T01:19:48.3953973Z  * [new branch]          codex/wms-wave-storage-category-inbound-split-20260828 -> origin/codex/wms-wave-storage-category-inbound-split-20260828
2026-10-07T01:19:48.3957622Z  * [new branch]          codex/wms000-night-backlog-normalization -> origin/codex/wms000-night-backlog-normalization
2026-10-07T01:19:48.3960597Z  * [new branch]          codex/wms010-backlog40                   -> origin/codex/wms010-backlog40
2026-10-07T01:19:48.3962874Z  * [new branch]          codex/wms011-backlog40                   -> origin/codex/wms011-backlog40
2026-10-07T01:19:48.3965119Z  * [new branch]          codex/wms013-backlog40                   -> origin/codex/wms013-backlog40
2026-10-07T01:19:48.3967356Z  * [new branch]          codex/wms040-backlog40                   -> origin/codex/wms040-backlog40
2026-10-07T01:19:48.3969735Z  * [new branch]          codex/wms045-backlog40                   -> origin/codex/wms045-backlog40
2026-10-07T01:19:48.3972210Z  * [new branch]          codex/wms058-availability-followup       -> origin/codex/wms058-availability-followup
2026-10-07T01:19:48.3974700Z  * [new branch]          codex/wms058-backlog40                   -> origin/codex/wms058-backlog40
2026-10-07T01:19:48.3976972Z  * [new branch]          codex/wms058-browser-qa                  -> origin/codex/wms058-browser-qa
2026-10-07T01:19:48.3979408Z  * [new branch]          codex/wms058-mp-box-source               -> origin/codex/wms058-mp-box-source
2026-10-07T01:19:48.3981808Z  * [new branch]          codex/wms058-overplan-source             -> origin/codex/wms058-overplan-source
2026-10-07T01:19:48.3984157Z  * [new branch]          codex/wms058-review-fix                  -> origin/codex/wms058-review-fix
2026-10-07T01:19:48.3986453Z  * [new branch]          codex/wms080-392-review-fix              -> origin/codex/wms080-392-review-fix
2026-10-07T01:19:48.3988855Z  * [new branch]          codex/wms080-backlog40                   -> origin/codex/wms080-backlog40
2026-10-07T01:19:48.3991063Z  * [new branch]          codex/wms081-backlog40                   -> origin/codex/wms081-backlog40
2026-10-07T01:19:48.3993521Z  * [new branch]          codex/wms081-defect-compat               -> origin/codex/wms081-defect-compat
2026-10-07T01:19:48.3995941Z  * [new branch]          codex/wms082-085-emulator-meta           -> origin/codex/wms082-085-emulator-meta
2026-10-07T01:19:48.3998538Z  * [new branch]          codex/wms082-backlog40                   -> origin/codex/wms082-backlog40
2026-10-07T01:19:48.4000779Z  * [new branch]          codex/wms083-backlog40                   -> origin/codex/wms083-backlog40
2026-10-07T01:19:48.4002980Z  * [new branch]          codex/wms084-backlog40                   -> origin/codex/wms084-backlog40
2026-10-07T01:19:48.4005282Z  * [new branch]          codex/wms084-emulator-delete             -> origin/codex/wms084-emulator-delete
2026-10-07T01:19:48.4007833Z  * [new branch]          codex/wms084-packing-test-contract       -> origin/codex/wms084-packing-test-contract
2026-10-07T01:19:48.4010502Z  * [new branch]          codex/wms084-rebind                      -> origin/codex/wms084-rebind
2026-10-07T01:19:48.4012659Z  * [new branch]          codex/wms085-backlog40                   -> origin/codex/wms085-backlog40
2026-10-07T01:19:48.4014826Z  * [new branch]          codex/wms086-backlog40                   -> origin/codex/wms086-backlog40
2026-10-07T01:19:48.4017013Z  * [new branch]          codex/wms087-backlog40                   -> origin/codex/wms087-backlog40
2026-10-07T01:19:48.4019417Z  * [new branch]          codex/wms091-backlog40                   -> origin/codex/wms091-backlog40
2026-10-07T01:19:48.4021594Z  * [new branch]          codex/wms092-backlog40                   -> origin/codex/wms092-backlog40
2026-10-07T01:19:48.4023750Z  * [new branch]          codex/wms095-backlog40                   -> origin/codex/wms095-backlog40
2026-10-07T01:19:48.4026158Z  * [new branch]          codex/wms095-import-error-backlog40      -> origin/codex/wms095-import-error-backlog40
2026-10-07T01:19:48.4028686Z  * [new branch]          codex/wms096-backlog40                   -> origin/codex/wms096-backlog40
2026-10-07T01:19:48.4031036Z  * [new branch]          codex/wms110-backlog40                   -> origin/codex/wms110-backlog40
2026-10-07T01:19:48.4033217Z  * [new branch]          codex/wms115-backlog40                   -> origin/codex/wms115-backlog40
2026-10-07T01:19:48.4035364Z  * [new branch]          codex/wms123-backlog40                   -> origin/codex/wms123-backlog40
2026-10-07T01:19:48.4037512Z  * [new branch]          codex/wms272-backlog40                   -> origin/codex/wms272-backlog40
2026-10-07T01:19:48.4040081Z  * [new branch]          codex/wms272-resume-backlog40            -> origin/codex/wms272-resume-backlog40
2026-10-07T01:19:48.4042353Z  * [new branch]          codex/wms273-backlog40                   -> origin/codex/wms273-backlog40
2026-10-07T01:19:48.4044488Z  * [new branch]          codex/wms276-backlog40                   -> origin/codex/wms276-backlog40
2026-10-07T01:19:48.4046623Z  * [new branch]          codex/wms277-backlog40                   -> origin/codex/wms277-backlog40
2026-10-07T01:19:48.4049000Z  * [new branch]          codex/wms277-catalog                     -> origin/codex/wms277-catalog
2026-10-07T01:19:48.4051353Z  * [new branch]          codex/wms277-import-sku-collision        -> origin/codex/wms277-import-sku-collision
2026-10-07T01:19:48.4053703Z  * [new branch]          codex/wms278-backlog40                   -> origin/codex/wms278-backlog40
2026-10-07T01:19:48.4055837Z  * [new branch]          codex/wms387-training                    -> origin/codex/wms387-training
2026-10-07T01:19:48.4058099Z  * [new branch]          codex/wms389-backlog40                   -> origin/codex/wms389-backlog40
2026-10-07T01:19:48.4060256Z  * [new branch]          codex/wms390-backlog40                   -> origin/codex/wms390-backlog40
2026-10-07T01:19:48.4062400Z  * [new branch]          codex/wms391-backlog40                   -> origin/codex/wms391-backlog40
2026-10-07T01:19:48.4064539Z  * [new branch]          codex/wms392-backlog40                   -> origin/codex/wms392-backlog40
2026-10-07T01:19:48.4066937Z  * [new branch]          codex/wms392-review-tests                -> origin/codex/wms392-review-tests
2026-10-07T01:19:48.4069241Z  * [new branch]          codex/wms394-kiz-ui                      -> origin/codex/wms394-kiz-ui
2026-10-07T01:19:48.4071392Z  * [new branch]          codex/wms395-pool-inline                 -> origin/codex/wms395-pool-inline
2026-10-07T01:19:48.4073530Z  * [new branch]          codex/wms396-stage                       -> origin/codex/wms396-stage
2026-10-07T01:19:48.4075727Z  * [new branch]          codex/wms396-staging-release             -> origin/codex/wms396-staging-release
2026-10-07T01:19:48.4078250Z  * [new branch]          codex/wms396-true-api                    -> origin/codex/wms396-true-api
2026-10-07T01:19:48.4080337Z  * [new branch]          codex/wms397-api                         -> origin/codex/wms397-api
2026-10-07T01:19:48.4082444Z  * [new branch]          codex/wms399-chat-design                 -> origin/codex/wms399-chat-design
2026-10-07T01:19:48.4084894Z  * [new branch]          codex/wms401-android-build-proof         -> origin/codex/wms401-android-build-proof
2026-10-07T01:19:48.4087469Z  * [new branch]          codex/wms406-backfill-final-plan         -> origin/codex/wms406-backfill-final-plan
2026-10-07T01:19:48.4090091Z  * [new branch]          codex/wms406-invoice                     -> origin/codex/wms406-invoice
2026-10-07T01:19:48.4092227Z  * [new branch]          codex/wms406-report                      -> origin/codex/wms406-report
2026-10-07T01:19:48.4094563Z  * [new branch]          codex/wms408-billing-unification         -> origin/codex/wms408-billing-unification
2026-10-07T01:19:48.4097010Z  * [new branch]          codex/wms415-coord-20260910              -> origin/codex/wms415-coord-20260910
2026-10-07T01:19:48.4099839Z  * [new branch]          codex/wms418-catalog-publication-filter  -> origin/codex/wms418-catalog-publication-filter
2026-10-07T01:19:48.4102594Z  * [new branch]          codex/wms418-loviana-off                 -> origin/codex/wms418-loviana-off
2026-10-07T01:19:48.4105160Z  * [new branch]          codex/wms425-marketplace-hotfix          -> origin/codex/wms425-marketplace-hotfix
2026-10-07T01:19:48.4107638Z  * [new branch]          codex/wms433-stage-user-only             -> origin/codex/wms433-stage-user-only
2026-10-07T01:19:48.4110475Z  * [new branch]          codex/wms433-support-bot-concept         -> origin/codex/wms433-support-bot-concept
2026-10-07T01:19:48.4113346Z  * [new branch]          codex/wms437-analyst-cases               -> origin/codex/wms437-analyst-cases
2026-10-07T01:19:48.4115769Z  * [new branch]          codex/wms437-small-task-process          -> origin/codex/wms437-small-task-process
2026-10-07T01:19:48.4118403Z  * [new branch]          codex/wms440-tsd                         -> origin/codex/wms440-tsd
2026-10-07T01:19:48.4120571Z  * [new branch]          codex/wms440-tsd-ui                      -> origin/codex/wms440-tsd-ui
2026-10-07T01:19:48.4122792Z  * [new branch]          codex/wms441-c10-evidence                -> origin/codex/wms441-c10-evidence
2026-10-07T01:19:48.4124915Z  * [new branch]          codex/wms441-tsd                         -> origin/codex/wms441-tsd
2026-10-07T01:19:48.4126940Z  * [new branch]          codex/wms441-tsd-ui                      -> origin/codex/wms441-tsd-ui
2026-10-07T01:19:48.4129764Z  * [new branch]          codex/wms442-tsd                         -> origin/codex/wms442-tsd
2026-10-07T01:19:48.4132736Z  * [new branch]          codex/wms442-tsd-ui                      -> origin/codex/wms442-tsd-ui
2026-10-07T01:19:48.4135697Z  * [new branch]          codex/wms443-tsd                         -> origin/codex/wms443-tsd
2026-10-07T01:19:48.4138823Z  * [new branch]          codex/wms443-tsd-ui                      -> origin/codex/wms443-tsd-ui
2026-10-07T01:19:48.4141777Z  * [new branch]          codex/wms444-tsd                         -> origin/codex/wms444-tsd
2026-10-07T01:19:48.4145312Z  * [new branch]          codex/wms444-tsd-ui                      -> origin/codex/wms444-tsd-ui
2026-10-07T01:19:48.4148861Z  * [new branch]          codex/wms445-tsd                         -> origin/codex/wms445-tsd
2026-10-07T01:19:48.4152600Z  * [new branch]          codex/wms445-tsd-server-truth            -> origin/codex/wms445-tsd-server-truth
2026-10-07T01:19:48.4156290Z  * [new branch]          codex/wms445-tsd-ui                      -> origin/codex/wms445-tsd-ui
2026-10-07T01:19:48.4160555Z  * [new branch]          codex/wms447-full-marketplace-labels     -> origin/codex/wms447-full-marketplace-labels
2026-10-07T01:19:48.4164715Z  * [new branch]          codex/wms460-fbs-qr-scan                 -> origin/codex/wms460-fbs-qr-scan
2026-10-07T01:19:48.4169338Z  * [new branch]          codex/wms475-537-prefetch-ci-repair-20261006 -> origin/codex/wms475-537-prefetch-ci-repair-20261006
2026-10-07T01:19:48.4174004Z  * [new branch]          codex/wms476-auto-legacy-guard           -> origin/codex/wms476-auto-legacy-guard
2026-10-07T01:19:48.4178504Z  * [new branch]          codex/wms476-implementation-sol-high     -> origin/codex/wms476-implementation-sol-high
2026-10-07T01:19:48.4183210Z  * [new branch]          codex/wms476-staging-release-20260923    -> origin/codex/wms476-staging-release-20260923
2026-10-07T01:19:48.4187645Z  * [new branch]          codex/wms477-backend-review-fix          -> origin/codex/wms477-backend-review-fix
2026-10-07T01:19:48.4191787Z  * [new branch]          codex/wms477-p3-notice                   -> origin/codex/wms477-p3-notice
2026-10-07T01:19:48.4195765Z  * [new branch]          codex/wms483-prod-release-20260920       -> origin/codex/wms483-prod-release-20260920
2026-10-07T01:19:48.4200228Z  * [new branch]          codex/wms483-wb-zero-refresh             -> origin/codex/wms483-wb-zero-refresh
2026-10-07T01:19:48.4204255Z  * [new branch]          codex/wms489-staging-release             -> origin/codex/wms489-staging-release
2026-10-07T01:19:48.4209026Z  * [new branch]          codex/wms501-performance-isolation-audit -> origin/codex/wms501-performance-isolation-audit
2026-10-07T01:19:48.4213887Z  * [new branch]          codex/wms502-stock-sorting-incident      -> origin/codex/wms502-stock-sorting-incident
2026-10-07T01:19:48.4218454Z  * [new branch]          codex/wms506-silent-kiz-print            -> origin/codex/wms506-silent-kiz-print
2026-10-07T01:19:48.4222825Z  * [new branch]          codex/wms508-persistent-form-cards       -> origin/codex/wms508-persistent-form-cards
2026-10-07T01:19:48.4227084Z  * [new branch]          codex/wms514-clickable-mockup            -> origin/codex/wms514-clickable-mockup
2026-10-07T01:19:48.4231557Z  * [new branch]          codex/wms514-staging-release-20260924    -> origin/codex/wms514-staging-release-20260924
2026-10-07T01:19:48.4235928Z  * [new branch]          codex/wms515-client-registry             -> origin/codex/wms515-client-registry
2026-10-07T01:19:48.4240483Z  * [new branch]          codex/wms517-current-release-analysis    -> origin/codex/wms517-current-release-analysis
2026-10-07T01:19:48.4245143Z  * [new branch]          codex/wms517-dynamicmac-independent-review -> origin/codex/wms517-dynamicmac-independent-review
2026-10-07T01:19:48.4250121Z  * [new branch]          codex/wms517-mac-dynamic-eligible        -> origin/codex/wms517-mac-dynamic-eligible
2026-10-07T01:19:48.4254391Z  * [new branch]          codex/wms517-mac-test-contract           -> origin/codex/wms517-mac-test-contract
2026-10-07T01:19:48.4258804Z  * [new branch]          codex/wms517-price-by-product-group      -> origin/codex/wms517-price-by-product-group
2026-10-07T01:19:48.4263087Z  * [new branch]          codex/wms517-sales-report-contract       -> origin/codex/wms517-sales-report-contract
2026-10-07T01:19:48.4267783Z  * [new branch]          codex/wms517-scoped-integration-20261006 -> origin/codex/wms517-scoped-integration-20261006
2026-10-07T01:19:48.4272424Z  * [new branch]          codex/wms517-staging-20261001            -> origin/codex/wms517-staging-20261001
2026-10-07T01:19:48.4276705Z  * [new branch]          codex/wms519-artifact-pdf-hotfix         -> origin/codex/wms519-artifact-pdf-hotfix
2026-10-07T01:19:48.4281354Z  * [new branch]          codex/wms519-kiz-label-aspect-ratio      -> origin/codex/wms519-kiz-label-aspect-ratio
2026-10-07T01:19:48.4285547Z  * [new branch]          codex/wms519-post-deploy-docs            -> origin/codex/wms519-post-deploy-docs
2026-10-07T01:19:48.4289870Z  * [new branch]          codex/wms520-requirements                -> origin/codex/wms520-requirements
2026-10-07T01:19:48.4293749Z  * [new branch]          codex/wms521-kiz-release                 -> origin/codex/wms521-kiz-release
2026-10-07T01:19:48.4297636Z  * [new branch]          codex/wms523-auto-import-pools           -> origin/codex/wms523-auto-import-pools
2026-10-07T01:19:48.4301743Z  * [new branch]          codex/wms524-confirm-order               -> origin/codex/wms524-confirm-order
2026-10-07T01:19:48.4305562Z  * [new branch]          codex/wms524-print-blank                 -> origin/codex/wms524-print-blank
2026-10-07T01:19:48.4309710Z  * [new branch]          codex/wms533-client-hardening            -> origin/codex/wms533-client-hardening
2026-10-07T01:19:48.4313551Z  * [new branch]          codex/wms533-five-events                 -> origin/codex/wms533-five-events
2026-10-07T01:19:48.4317316Z  * [new branch]          codex/wms533-prod-five-events            -> origin/codex/wms533-prod-five-events
2026-10-07T01:19:48.4321688Z  * [new branch]          codex/wms533-seller-stock-events         -> origin/codex/wms533-seller-stock-events
2026-10-07T01:19:48.4326208Z  * [new branch]          codex/wms537-pg-fixture-review-20261006  -> origin/codex/wms537-pg-fixture-review-20261006
2026-10-07T01:19:48.4330633Z  * [new branch]          codex/wms550-sorting-scan                -> origin/codex/wms550-sorting-scan
2026-10-07T01:19:48.4334544Z  * [new branch]          codex/wms582-yandex-market-api           -> origin/codex/wms582-yandex-market-api
2026-10-07T01:19:48.4339295Z  * [new branch]          codex/wms584-589-release-evidence-20260930 -> origin/codex/wms584-589-release-evidence-20260930
2026-10-07T01:19:48.4343832Z  * [new branch]          codex/wms591-avpack-6300                 -> origin/codex/wms591-avpack-6300
2026-10-07T01:19:48.4347382Z  * [new branch]          codex/wms593-597-urgent                  -> origin/codex/wms593-597-urgent
2026-10-07T01:19:48.4351248Z  * [new branch]          codex/wms602-fbs-cell-scan               -> origin/codex/wms602-fbs-cell-scan
2026-10-07T01:19:48.4354922Z  * [new branch]          codex/wms603-box-scan                    -> origin/codex/wms603-box-scan
2026-10-07T01:19:48.4359020Z  * [new branch]          codex/wms604-staging-integration         -> origin/codex/wms604-staging-integration
2026-10-07T01:19:48.4363117Z  * [new branch]          codex/wms604-unified-packing             -> origin/codex/wms604-unified-packing
2026-10-07T01:19:48.4368088Z  * [new branch]          codex/wms607-artmaks-acceptance-updater-contract -> origin/codex/wms607-artmaks-acceptance-updater-contract
2026-10-07T01:19:48.4373217Z  * [new branch]          codex/wms607-artmaks-direct-repair       -> origin/codex/wms607-artmaks-direct-repair
2026-10-07T01:19:48.4378078Z  * [new branch]          codex/wms607-artmaks-installer-findings  -> origin/codex/wms607-artmaks-installer-findings
2026-10-07T01:19:48.4382567Z  * [new branch]          codex/wms607-artmaks-repair-review       -> origin/codex/wms607-artmaks-repair-review
2026-10-07T01:19:48.4386991Z  * [new branch]          codex/wms607-artmaks-test-contract       -> origin/codex/wms607-artmaks-test-contract
2026-10-07T01:19:48.4391302Z  * [new branch]          codex/wms607-instant-print               -> origin/codex/wms607-instant-print
2026-10-07T01:19:48.4395204Z  * [new branch]          codex/wms607-mac-single-binary           -> origin/codex/wms607-mac-single-binary
2026-10-07T01:19:48.4399651Z  * [new branch]          codex/wms607-printer-failure-analysis    -> origin/codex/wms607-printer-failure-analysis
2026-10-07T01:19:48.4404138Z  * [new branch]          codex/wms607-staging-print               -> origin/codex/wms607-staging-print
2026-10-07T01:19:48.4408106Z  * [new branch]          codex/wms607-windows-x64                 -> origin/codex/wms607-windows-x64
2026-10-07T01:19:48.4411914Z  * [new branch]          codex/wms608-scanned-row-first           -> origin/codex/wms608-scanned-row-first
2026-10-07T01:19:48.4415974Z  * [new branch]          codex/wms610-fbs-picking-columns         -> origin/codex/wms610-fbs-picking-columns
2026-10-07T01:19:48.4420376Z  * [new branch]          codex/wms611-fbs-print-disabled          -> origin/codex/wms611-fbs-print-disabled
2026-10-07T01:19:48.4424453Z  * [new branch]          codex/wms612-delivery-checks             -> origin/codex/wms612-delivery-checks
2026-10-07T01:19:48.4428368Z  * [new branch]          codex/wms612-staging-all                 -> origin/codex/wms612-staging-all
2026-10-07T01:19:48.4432127Z  * [new branch]          codex/wms614-616-prod-release            -> origin/codex/wms614-616-prod-release
2026-10-07T01:19:48.4435945Z  * [new branch]          codex/wms617-video-demo                  -> origin/codex/wms617-video-demo
2026-10-07T01:19:48.4439732Z  * [new branch]          codex/wms618-staging                     -> origin/codex/wms618-staging
2026-10-07T01:19:48.4443490Z  * [new branch]          codex/wms622-fbo-kiz-recovery            -> origin/codex/wms622-fbo-kiz-recovery
2026-10-07T01:19:48.4447616Z  * [new branch]          codex/wms623-artmaks-unused-pdfs         -> origin/codex/wms623-artmaks-unused-pdfs
2026-10-07T01:19:48.4452365Z  * [new branch]          codex/wms624-developer-requests-current  -> origin/codex/wms624-developer-requests-current
2026-10-07T01:19:48.4456668Z  * [new branch]          codex/wms624-sync-cadence                -> origin/codex/wms624-sync-cadence
2026-10-07T01:19:48.4460834Z  * [new branch]          codex/wms625-print-reliability           -> origin/codex/wms625-print-reliability
2026-10-07T01:19:48.4465044Z  * [new branch]          codex/wms626-astra-effort-limit          -> origin/codex/wms626-astra-effort-limit
2026-10-07T01:19:48.4469101Z  * [new branch]          codex/wms627-artmaks-stock-reconcile     -> origin/codex/wms627-artmaks-stock-reconcile
2026-10-07T01:19:48.4471815Z  * [new branch]          codex/wms628-artmaks-wrong-scan          -> origin/codex/wms628-artmaks-wrong-scan
2026-10-07T01:19:48.4474227Z  * [new branch]          codex/wms628-production                  -> origin/codex/wms628-production
2026-10-07T01:19:48.4476821Z  * [new branch]          codex/wms629-packing-scroll              -> origin/codex/wms629-packing-scroll
2026-10-07T01:19:48.4479844Z  * [new branch]          codex/wms636-typecheck-validation-20261006 -> origin/codex/wms636-typecheck-validation-20261006
2026-10-07T01:19:48.4482409Z  * [new branch]          codex/wms651-counter-copy                -> origin/codex/wms651-counter-copy
2026-10-07T01:19:48.4485144Z  * [new branch]          codex/wms652-517-release-acceptance-20261006 -> origin/codex/wms652-517-release-acceptance-20261006
2026-10-07T01:19:48.4488325Z  * [new branch]          codex/wms652-abort-boundary-review-20261007 -> origin/codex/wms652-abort-boundary-review-20261007
2026-10-07T01:19:48.4491050Z  * [new branch]          codex/wms652-acceptance-evidence         -> origin/codex/wms652-acceptance-evidence
2026-10-07T01:19:48.4494363Z  * [new branch]          codex/wms652-accepted-reference-contract-20261007 -> origin/codex/wms652-accepted-reference-contract-20261007
2026-10-07T01:19:48.4497645Z  * [new branch]          codex/wms652-backup-fixture-boundary-20261007 -> origin/codex/wms652-backup-fixture-boundary-20261007
2026-10-07T01:19:48.4500686Z  * [new branch]          codex/wms652-backup-fixture-review       -> origin/codex/wms652-backup-fixture-review
2026-10-07T01:19:48.4503161Z  * [new branch]          codex/wms652-bot-night                   -> origin/codex/wms652-bot-night
2026-10-07T01:19:48.4505676Z  * [new branch]          codex/wms652-cdp-ambiguity-contract-20261007 -> origin/codex/wms652-cdp-ambiguity-contract-20261007
2026-10-07T01:19:48.4509155Z  * [new branch]          codex/wms652-cdp-cancel-contract-20261007 -> origin/codex/wms652-cdp-cancel-contract-20261007
2026-10-07T01:19:48.4512345Z  * [new branch]          codex/wms652-cdp-contract-review-20261007 -> origin/codex/wms652-cdp-contract-review-20261007
2026-10-07T01:19:48.4515315Z  * [new branch]          codex/wms652-cdp-explicit-abort-diagnostic -> origin/codex/wms652-cdp-explicit-abort-diagnostic
2026-10-07T01:19:48.4518563Z  * [new branch]          codex/wms652-cdp-fixture-source-review-20261007 -> origin/codex/wms652-cdp-fixture-source-review-20261007
2026-10-07T01:19:48.4521621Z  * [new branch]          codex/wms652-cdp-known-cancel-fixture    -> origin/codex/wms652-cdp-known-cancel-fixture
2026-10-07T01:19:48.4524207Z  * [new branch]          codex/wms652-cdp-r1-rereview-20261007    -> origin/codex/wms652-cdp-r1-rereview-20261007
2026-10-07T01:19:48.4526776Z  * [new branch]          codex/wms652-checkpoint-requirements     -> origin/codex/wms652-checkpoint-requirements
2026-10-07T01:19:48.4529613Z  * [new branch]          codex/wms652-ci-delta-review             -> origin/codex/wms652-ci-delta-review
2026-10-07T01:19:48.4532346Z  * [new branch]          codex/wms652-ci-two-shards               -> origin/codex/wms652-ci-two-shards
2026-10-07T01:19:48.4534721Z  * [new branch]          codex/wms652-critical-fbs-contracts      -> origin/codex/wms652-critical-fbs-contracts
2026-10-07T01:19:48.4537446Z  * [new branch]          codex/wms652-disjoint-contract-corrections -> origin/codex/wms652-disjoint-contract-corrections
2026-10-07T01:19:48.4540576Z  * [new branch]          codex/wms652-final-bootstrap-pin-20261007 -> origin/codex/wms652-final-bootstrap-pin-20261007
2026-10-07T01:19:48.4543721Z  * [new branch]          codex/wms652-final-infrastructure-pin-review-20261007 -> origin/codex/wms652-final-infrastructure-pin-review-20261007
2026-10-07T01:19:48.4546968Z  * [new branch]          codex/wms652-final-source-pin-review-20261007 -> origin/codex/wms652-final-source-pin-review-20261007
2026-10-07T01:19:48.4550515Z  * [new branch]          codex/wms652-frontend-report-identities-20261007 -> origin/codex/wms652-frontend-report-identities-20261007
2026-10-07T01:19:48.4553381Z  * [new branch]          codex/wms652-independent-main-check      -> origin/codex/wms652-independent-main-check
2026-10-07T01:19:48.4556219Z  * [new branch]          codex/wms652-infrastructure-acceptance-20261007 -> origin/codex/wms652-infrastructure-acceptance-20261007
2026-10-07T01:19:48.4559732Z  * [new branch]          codex/wms652-infrastructure-corrections-review-20261007 -> origin/codex/wms652-infrastructure-corrections-review-20261007
2026-10-07T01:19:48.4562616Z  * [new branch]          codex/wms652-night-reader                -> origin/codex/wms652-night-reader
2026-10-07T01:19:48.4564767Z  * [new branch]          codex/wms652-night-repair                -> origin/codex/wms652-night-repair
2026-10-07T01:19:48.4566879Z  * [new branch]          codex/wms652-pdf-probe                   -> origin/codex/wms652-pdf-probe
2026-10-07T01:19:48.4569629Z  * [new branch]          codex/wms652-portable-backup-proof-20261007 -> origin/codex/wms652-portable-backup-proof-20261007
2026-10-07T01:19:48.4572492Z  * [new branch]          codex/wms652-process-fixes-review-20261007 -> origin/codex/wms652-process-fixes-review-20261007
2026-10-07T01:19:48.4574990Z  * [new branch]          codex/wms652-process-gates               -> origin/codex/wms652-process-gates
2026-10-07T01:19:48.4577619Z  * [new branch]          codex/wms652-process-protection-requirements -> origin/codex/wms652-process-protection-requirements
2026-10-07T01:19:48.4580791Z  * [new branch]          codex/wms652-prod-env-negative-canary-20261007 -> origin/codex/wms652-prod-env-negative-canary-20261007
2026-10-07T01:19:48.4583761Z  * [new branch]          codex/wms652-realqr-cdp-lifecycle-diagnostic -> origin/codex/wms652-realqr-cdp-lifecycle-diagnostic
2026-10-07T01:19:48.4586975Z  * [new branch]          codex/wms652-reference-migration-review-20261007 -> origin/codex/wms652-reference-migration-review-20261007
2026-10-07T01:19:48.4590037Z  * [new branch]          codex/wms652-regression-guard            -> origin/codex/wms652-regression-guard
2026-10-07T01:19:48.4592391Z  * [new branch]          codex/wms652-release-ci-20261006         -> origin/codex/wms652-release-ci-20261006
2026-10-07T01:19:48.4595163Z  * [new branch]          codex/wms652-release-execution-evidence-20261007 -> origin/codex/wms652-release-execution-evidence-20261007
2026-10-07T01:19:48.4598605Z  * [new branch]          codex/wms652-remount-interception-diagnosis-20261007 -> origin/codex/wms652-remount-interception-diagnosis-20261007
2026-10-07T01:19:48.4601752Z  * [new branch]          codex/wms652-required-check-canary-20261006 -> origin/codex/wms652-required-check-canary-20261006
2026-10-07T01:19:48.4604605Z  * [new branch]          codex/wms652-reviewed-contract-corrections -> origin/codex/wms652-reviewed-contract-corrections
2026-10-07T01:19:48.4607647Z  * [new branch]          codex/wms652-reviewed-infrastructure-pin-20261007 -> origin/codex/wms652-reviewed-infrastructure-pin-20261007
2026-10-07T01:19:48.4610727Z  * [new branch]          codex/wms652-server-deploy-gate          -> origin/codex/wms652-server-deploy-gate
2026-10-07T01:19:48.4613049Z  * [new branch]          codex/wms652-sonnet-frontend             -> origin/codex/wms652-sonnet-frontend
2026-10-07T01:19:48.4615284Z  * [new branch]          codex/wms652-trusted-anchor              -> origin/codex/wms652-trusted-anchor
2026-10-07T01:19:48.4617401Z  * [new branch]          codex/wms652-ui-gate                     -> origin/codex/wms652-ui-gate
2026-10-07T01:19:48.4619943Z  * [new branch]          codex/wms653-scope-attribution-20261006  -> origin/codex/wms653-scope-attribution-20261006
2026-10-07T01:19:48.4622803Z  * [new branch]          codex/wms653-scope-independent-review-20261006 -> origin/codex/wms653-scope-independent-review-20261006
2026-10-07T01:19:48.4626235Z  * [new branch]          codex/wms653-shared-proof-independent-review-20261006 -> origin/codex/wms653-shared-proof-independent-review-20261006
2026-10-07T01:19:48.4629398Z  * [new branch]          codex/wms654-product-20261006            -> origin/codex/wms654-product-20261006
2026-10-07T01:19:48.4631649Z  * [new branch]          codex/wms659-imperia-boxes               -> origin/codex/wms659-imperia-boxes
2026-10-07T01:19:48.4633755Z  * [new branch]          codex/wms660-barcodes                    -> origin/codex/wms660-barcodes
2026-10-07T01:19:48.4635921Z  * [new branch]          codex/wms661-analyst-20261006            -> origin/codex/wms661-analyst-20261006
2026-10-07T01:19:48.4638482Z  * [new branch]          codex/wms661-installed-baseline-tests    -> origin/codex/wms661-installed-baseline-tests
2026-10-07T01:19:48.4641183Z  * [new branch]          codex/wms661-reviewed-ordered-integration -> origin/codex/wms661-reviewed-ordered-integration
2026-10-07T01:19:48.4643924Z  * [new branch]          codex/wms661-runtime-preflight-20261006  -> origin/codex/wms661-runtime-preflight-20261006
2026-10-07T01:19:48.4646654Z  * [new branch]          codex/wms661-testwriter-baseline-20261006 -> origin/codex/wms661-testwriter-baseline-20261006
2026-10-07T01:19:48.4649872Z  * [new branch]          codex/wms662-663-owner-supersession-gate-20261006 -> origin/codex/wms662-663-owner-supersession-gate-20261006
2026-10-07T01:19:48.4652514Z  * [new branch]          codex/wms662-663-priority                -> origin/codex/wms662-663-priority
2026-10-07T01:19:48.4654663Z  * [new branch]          codex/wms662-f6-testwriter               -> origin/codex/wms662-f6-testwriter
2026-10-07T01:19:48.4657181Z  * [new branch]          codex/wms662-format-only-correction-20261006 -> origin/codex/wms662-format-only-correction-20261006
2026-10-07T01:19:48.4660260Z  * [new branch]          codex/wms662-live-delivery-contract-20261006 -> origin/codex/wms662-live-delivery-contract-20261006
2026-10-07T01:19:48.4663014Z  * [new branch]          codex/wms662-prod-handoff                -> origin/codex/wms662-prod-handoff
2026-10-07T01:19:48.4665187Z  * [new branch]          codex/wms662-review-c36b8ab              -> origin/codex/wms662-review-c36b8ab
2026-10-07T01:19:48.4667639Z  * [new branch]          codex/wms662-scoped-integration-20261006 -> origin/codex/wms662-scoped-integration-20261006
2026-10-07T01:19:48.4670721Z  * [new branch]          codex/wms663-boxes-single-checkbox-20261006 -> origin/codex/wms663-boxes-single-checkbox-20261006
2026-10-07T01:19:48.4673772Z  * [new branch]          codex/wms663-owner-checkbox-test-contract-20261006 -> origin/codex/wms663-owner-checkbox-test-contract-20261006
2026-10-07T01:19:48.4676983Z  * [new branch]          codex/wms663-pre-set-recovery-contract-20261006 -> origin/codex/wms663-pre-set-recovery-contract-20261006
2026-10-07T01:19:48.4680023Z  * [new branch]          codex/wms663-readonly-ozon-status-20261006 -> origin/codex/wms663-readonly-ozon-status-20261006
2026-10-07T01:19:48.4682734Z  * [new branch]          codex/wms663-release-retry-acceptance    -> origin/codex/wms663-release-retry-acceptance
2026-10-07T01:19:48.4685179Z  * [new branch]          codex/wms663-release-retry-fix           -> origin/codex/wms663-release-retry-fix
2026-10-07T01:19:48.4688279Z  * [new branch]          codex/wms663-required-order-checkbox-contract-20261006 -> origin/codex/wms663-required-order-checkbox-contract-20261006
2026-10-07T01:19:48.4691875Z  * [new branch]          codex/wms663-requirements-completeness-contract-20261006 -> origin/codex/wms663-requirements-completeness-contract-20261006
2026-10-07T01:19:48.4694927Z  * [new branch]          codex/wms663-retry-contract-20261006     -> origin/codex/wms663-retry-contract-20261006
2026-10-07T01:19:48.4697442Z  * [new branch]          codex/wms663-scoped-priority-20261006    -> origin/codex/wms663-scoped-priority-20261006
2026-10-07T01:19:48.4700046Z  * [new branch]          codex/wms664-dispatcher-stall            -> origin/codex/wms664-dispatcher-stall
2026-10-07T01:19:48.4702504Z  * [new branch]          codex/wms665-avpack-withdrawal-helper    -> origin/codex/wms665-avpack-withdrawal-helper
2026-10-07T01:19:48.4705528Z  * [new branch]          codex/wms665-full-sold-operational-check-20261006 -> origin/codex/wms665-full-sold-operational-check-20261006
2026-10-07T01:19:48.4708788Z  * [new branch]          codex/wms665-production-url-hotfix-20261006 -> origin/codex/wms665-production-url-hotfix-20261006
2026-10-07T01:19:48.4711847Z  * [new branch]          codex/wms666-ci-history-independent-review-20261006 -> origin/codex/wms666-ci-history-independent-review-20261006
2026-10-07T01:19:48.4714771Z  * [new branch]          codex/wms666-ci-history-scope-20261006   -> origin/codex/wms666-ci-history-scope-20261006
2026-10-07T01:19:48.4717235Z  * [new branch]          codex/wms666-ci-qr-finish-20261006       -> origin/codex/wms666-ci-qr-finish-20261006
2026-10-07T01:19:48.4719942Z  * [new branch]          codex/wms666-doc-history-scope-fix-20261006 -> origin/codex/wms666-doc-history-scope-fix-20261006
2026-10-07T01:19:48.4722771Z  * [new branch]          codex/wms666-legacy-harness-review-20261006 -> origin/codex/wms666-legacy-harness-review-20261006
2026-10-07T01:19:48.4725446Z  * [new branch]          codex/wms666-priority-etalon-20261006    -> origin/codex/wms666-priority-etalon-20261006
2026-10-07T01:19:48.4728183Z  * [new branch]          codex/wms666-release-c11-acceptance      -> origin/codex/wms666-release-c11-acceptance
2026-10-07T01:19:48.4730854Z  * [new branch]          codex/wms666-remote-browser-proof-20261006 -> origin/codex/wms666-remote-browser-proof-20261006
2026-10-07T01:19:48.4733648Z  * [new branch]          codex/wms666-staging-c11-acceptance-20261006 -> origin/codex/wms666-staging-c11-acceptance-20261006
2026-10-07T01:19:48.4736474Z  * [new branch]          codex/wms666-task-scope-correction-20261006 -> origin/codex/wms666-task-scope-correction-20261006
2026-10-07T01:19:48.4739245Z  * [new branch]          codex/wms666-unified-fbs-packing         -> origin/codex/wms666-unified-fbs-packing
2026-10-07T01:19:48.4741677Z  * [new branch]          codex/wms667-stock-filter                -> origin/codex/wms667-stock-filter
2026-10-07T01:19:48.4743820Z  * [new branch]          codex/wms667-visual-runner               -> origin/codex/wms667-visual-runner
2026-10-07T01:19:48.4746142Z  * [new branch]          codex/wms668-dispatcher-batch-final      -> origin/codex/wms668-dispatcher-batch-final
2026-10-07T01:19:48.4749198Z  * [new branch]          codex/wms669-urgent-confirmed-contract-20261006 -> origin/codex/wms669-urgent-confirmed-contract-20261006
2026-10-07T01:19:48.4751933Z  * [new branch]          codex/wms672-673-analyst-20261006        -> origin/codex/wms672-673-analyst-20261006
2026-10-07T01:19:48.4754461Z  * [new branch]          codex/wms672-673-prerequisite-integration -> origin/codex/wms672-673-prerequisite-integration
2026-10-07T01:19:48.4757013Z  * [new branch]          codex/wms672-c5-cache-clock-trace        -> origin/codex/wms672-c5-cache-clock-trace
2026-10-07T01:19:48.4759530Z  * [new branch]          codex/wms672-c5-cache-debug-trace        -> origin/codex/wms672-c5-cache-debug-trace
2026-10-07T01:19:48.4761794Z  * [new branch]          codex/wms672-c5-cache-trace              -> origin/codex/wms672-c5-cache-trace
2026-10-07T01:19:48.4764045Z  * [new branch]          codex/wms672-c5-linux-diagnostic         -> origin/codex/wms672-c5-linux-diagnostic
2026-10-07T01:19:48.4766370Z  * [new branch]          codex/wms672-c5-linux-fix-check          -> origin/codex/wms672-c5-linux-fix-check
2026-10-07T01:19:48.4768945Z  * [new branch]          codex/wms672-c5-peer-drain-check         -> origin/codex/wms672-c5-peer-drain-check
2026-10-07T01:19:48.4771523Z  * [new branch]          codex/wms672-c5-raster-resource-comparison -> origin/codex/wms672-c5-raster-resource-comparison
2026-10-07T01:19:48.4774116Z  * [new branch]          codex/wms672-c5-target-cache-trace       -> origin/codex/wms672-c5-target-cache-trace
2026-10-07T01:19:48.4776666Z  * [new branch]          codex/wms672-functional-finish-20261006  -> origin/codex/wms672-functional-finish-20261006
2026-10-07T01:19:48.4779412Z  * [new branch]          codex/wms672-native-decode-fix           -> origin/codex/wms672-native-decode-fix
2026-10-07T01:19:48.4782001Z  * [new branch]          codex/wms672-native-error-contract-20261007 -> origin/codex/wms672-native-error-contract-20261007
2026-10-07T01:19:48.4784558Z  * [new branch]          codex/wms672-native-fix-review           -> origin/codex/wms672-native-fix-review
2026-10-07T01:19:48.4787060Z  * [new branch]          codex/wms672-peer-drain-contract-20261007 -> origin/codex/wms672-peer-drain-contract-20261007
2026-10-07T01:19:48.4789984Z  * [new branch]          codex/wms672-peer-drain-source-review    -> origin/codex/wms672-peer-drain-source-review
2026-10-07T01:19:48.4792831Z  * [new branch]          codex/wms672-raster-analyst-acceptance-20261007 -> origin/codex/wms672-raster-analyst-acceptance-20261007
2026-10-07T01:19:48.4795866Z  * [new branch]          codex/wms672-raster-resource-contract-20261007 -> origin/codex/wms672-raster-resource-contract-20261007
2026-10-07T01:19:48.4798732Z  * [new branch]          codex/wms672-raster-resource-fix         -> origin/codex/wms672-raster-resource-fix
2026-10-07T01:19:48.4801347Z  * [new branch]          codex/wms672-raster-resource-review-20261007 -> origin/codex/wms672-raster-resource-review-20261007
2026-10-07T01:19:48.4804087Z  * [new branch]          codex/wms675-ci-topology-proof-20261006  -> origin/codex/wms675-ci-topology-proof-20261006
2026-10-07T01:19:48.4806741Z  * [new branch]          codex/wms675-incident-regression-20261006 -> origin/codex/wms675-incident-regression-20261006
2026-10-07T01:19:48.4809744Z  * [new branch]          codex/wms675-live-reconciliation-20261006 -> origin/codex/wms675-live-reconciliation-20261006
2026-10-07T01:19:48.4812255Z  * [new branch]          codex/wms676-crosscheck-astra            -> origin/codex/wms676-crosscheck-astra
2026-10-07T01:19:48.4814777Z  * [new branch]          codex/wms676-night-review-fallback       -> origin/codex/wms676-night-review-fallback
2026-10-07T01:19:48.4817090Z  * [new branch]          codex/wms676-sol61-pipeline              -> origin/codex/wms676-sol61-pipeline
2026-10-07T01:19:48.4819570Z  * [new branch]          codex/wms679-fbw-analysis-source349      -> origin/codex/wms679-fbw-analysis-source349
2026-10-07T01:19:48.4822101Z  * [new branch]          codex/wms681-682-morning-intake-20261006 -> origin/codex/wms681-682-morning-intake-20261006
2026-10-07T01:19:48.4824436Z  * [new branch]          codex/wms681-qr-recovery                 -> origin/codex/wms681-qr-recovery
2026-10-07T01:19:48.4826608Z  * [new branch]          codex/wms681-real-wb-qr-hotfix           -> origin/codex/wms681-real-wb-qr-hotfix
2026-10-07T01:19:48.4829189Z  * [new branch]          deploy/wb-emulator-real-order-qr         -> origin/deploy/wb-emulator-real-order-qr
2026-10-07T01:19:48.4831572Z  * [new branch]          docs/owner-requirements-20260831         -> origin/docs/owner-requirements-20260831
2026-10-07T01:19:48.4834138Z  * [new branch]          docs/wms-system-review-protocol-20260812 -> origin/docs/wms-system-review-protocol-20260812
2026-10-07T01:19:48.4836476Z  * [new branch]          docs/wms469-470-backlog                  -> origin/docs/wms469-470-backlog
2026-10-07T01:19:48.4838771Z  * [new branch]          docs/wms561-ship-by-in-supply            -> origin/docs/wms561-ship-by-in-supply
2026-10-07T01:19:48.4841035Z  * [new branch]          docs/wms584-585-tsd-walkthrough          -> origin/docs/wms584-585-tsd-walkthrough
2026-10-07T01:19:48.4843359Z  * [new branch]          docs/wms648-ozon-catalog-backlog         -> origin/docs/wms648-ozon-catalog-backlog
2026-10-07T01:19:48.4845686Z  * [new branch]          docs/wms649-shk-po-ploshchadke           -> origin/docs/wms649-shk-po-ploshchadke
2026-10-07T01:19:48.4847623Z  * [new branch]          etalon                                   -> origin/etalon
2026-10-07T01:19:48.4849858Z  * [new branch]          feat/cz-print-split-artifact             -> origin/feat/cz-print-split-artifact
2026-10-07T01:19:48.4852362Z  * [new branch]          feat/fbs-warehouse-filter-20260812       -> origin/feat/fbs-warehouse-filter-20260812
2026-10-07T01:19:48.4854729Z  * [new branch]          feat/ff-inbound-create-20260812          -> origin/feat/ff-inbound-create-20260812
2026-10-07T01:19:48.4857032Z  * [new branch]          feat/marking-import-s3-storage           -> origin/feat/marking-import-s3-storage
2026-10-07T01:19:48.4859397Z  * [new branch]          feat/mobile-fbs-demo-seed                -> origin/feat/mobile-fbs-demo-seed
2026-10-07T01:19:48.4861558Z  * [new branch]          feat/product-barcode-print               -> origin/feat/product-barcode-print
2026-10-07T01:19:48.4863661Z  * [new branch]          feat/wms056-audit-trail                  -> origin/feat/wms056-audit-trail
2026-10-07T01:19:48.4865756Z  * [new branch]          feat/wms062-warehouse-docs               -> origin/feat/wms062-warehouse-docs
2026-10-07T01:19:48.4868177Z  * [new branch]          feat/wms111-wb-cancel-return             -> origin/feat/wms111-wb-cancel-return
2026-10-07T01:19:48.4870421Z  * [new branch]          feat/wms121-supply-identity              -> origin/feat/wms121-supply-identity
2026-10-07T01:19:48.4872605Z  * [new branch]          feat/wms270-login-and-ports              -> origin/feat/wms270-login-and-ports
2026-10-07T01:19:48.4874807Z  * [new branch]          feat/wms338-stock-min-formula            -> origin/feat/wms338-stock-min-formula
2026-10-07T01:19:48.4877012Z  * [new branch]          feat/wms349-merge-service                -> origin/feat/wms349-merge-service
2026-10-07T01:19:48.4879161Z  * [new branch]          feat/wms363-ozon-tsd                     -> origin/feat/wms363-ozon-tsd
2026-10-07T01:19:48.4881102Z  * [new branch]          feat/wms397-chat-mvp                     -> origin/feat/wms397-chat-mvp
2026-10-07T01:19:48.4883156Z  * [new branch]          feat/wms401-mobile-followup              -> origin/feat/wms401-mobile-followup
2026-10-07T01:19:48.4885538Z  * [new branch]          feat/wms433-assistant-release            -> origin/feat/wms433-assistant-release
2026-10-07T01:19:48.4887726Z  * [new branch]          feat/wms433-tenant-rollout               -> origin/feat/wms433-tenant-rollout
2026-10-07T01:19:48.4890122Z  * [new branch]          feat/wms447-fbs-box-count                -> origin/feat/wms447-fbs-box-count
2026-10-07T01:19:48.4892357Z  * [new branch]          feat/wms453-455-boxes-shared-pool        -> origin/feat/wms453-455-boxes-shared-pool
2026-10-07T01:19:48.4894573Z  * [new branch]          feat/wms469-stock-dialog                 -> origin/feat/wms469-stock-dialog
2026-10-07T01:19:48.4896741Z  * [new branch]          feat/wms529-stock-vs-location            -> origin/feat/wms529-stock-vs-location
2026-10-07T01:19:48.4898979Z  * [new branch]          feat/wms534-intake-box                   -> origin/feat/wms534-intake-box
2026-10-07T01:19:48.4900959Z  * [new branch]          feat/wms536-scan-layer                   -> origin/feat/wms536-scan-layer
2026-10-07T01:19:48.4903155Z  * [new branch]          feat/wms539-artmaks-cells-import         -> origin/feat/wms539-artmaks-cells-import
2026-10-07T01:19:48.4905358Z  * [new branch]          feat/wms631-print-agent                  -> origin/feat/wms631-print-agent
2026-10-07T01:19:48.4907366Z  * [new branch]          feat/wms633-chz-copies                   -> origin/feat/wms633-chz-copies
2026-10-07T01:19:48.4909753Z  * [new branch]          feat/wms636-wb-rejected-filter           -> origin/feat/wms636-wb-rejected-filter
2026-10-07T01:19:48.4911962Z  * [new branch]          feat/wms641-support-agent                -> origin/feat/wms641-support-agent
2026-10-07T01:19:48.4914035Z  * [new branch]          feat/wms650-sorting-impl                 -> origin/feat/wms650-sorting-impl
2026-10-07T01:19:48.4916137Z  * [new branch]          feat/wms650-sorting-mockup               -> origin/feat/wms650-sorting-mockup
2026-10-07T01:19:48.4918448Z  * [new branch]          fix/auth-staff-e2e-20260815              -> origin/fix/auth-staff-e2e-20260815
2026-10-07T01:19:48.4920756Z  * [new branch]          fix/cis-pool-full-20260821               -> origin/fix/cis-pool-full-20260821
2026-10-07T01:19:48.4922928Z  * [new branch]          fix/cz-artifact-print-scale              -> origin/fix/cz-artifact-print-scale
2026-10-07T01:19:48.4925001Z  * [new branch]          fix/deploy-hard-reset                    -> origin/fix/deploy-hard-reset
2026-10-07T01:19:48.4927117Z  * [new branch]          fix/fbs-box-controls-20260901            -> origin/fix/fbs-box-controls-20260901
2026-10-07T01:19:48.4929630Z  * [new branch]          fix/fbs-supplier-status-sync             -> origin/fix/fbs-supplier-status-sync
2026-10-07T01:19:48.4931961Z  * [new branch]          fix/inventory-owner-block-20260902       -> origin/fix/inventory-owner-block-20260902
2026-10-07T01:19:48.4934697Z  * [new branch]          fix/inventory-unexpected-product-scan-20260901 -> origin/fix/inventory-unexpected-product-scan-20260901
2026-10-07T01:19:48.4937306Z  * [new branch]          fix/kiz-gs-restore-20260821              -> origin/fix/kiz-gs-restore-20260821
2026-10-07T01:19:48.4939660Z  * [new branch]          fix/no-distribution-20260821             -> origin/fix/no-distribution-20260821
2026-10-07T01:19:48.4942159Z  * [new branch]          fix/outbound-reserve-from-sorting-20260902 -> origin/fix/outbound-reserve-from-sorting-20260902
2026-10-07T01:19:48.4944689Z  * [new branch]          fix/packing-optional-20260819            -> origin/fix/packing-optional-20260819
2026-10-07T01:19:48.4946937Z  * [new branch]          fix/packing-optional-to-prod             -> origin/fix/packing-optional-to-prod
2026-10-07T01:19:48.4949371Z  * [new branch]          fix/picklist-size-20260819               -> origin/fix/picklist-size-20260819
2026-10-07T01:19:48.4951433Z  * [new branch]          fix/print-pdf-dialog                     -> origin/fix/print-pdf-dialog
2026-10-07T01:19:48.4953644Z  * [new branch]          fix/print-restore-proven                 -> origin/fix/print-restore-proven
2026-10-07T01:19:48.4955803Z  * [new branch]          fix/review-findings-20260902             -> origin/fix/review-findings-20260902
2026-10-07T01:19:48.4958310Z  * [new branch]          fix/seller-honest-sign-sync-20260819     -> origin/fix/seller-honest-sign-sync-20260819
2026-10-07T01:19:48.4960698Z  * [new branch]          fix/warehouse-single-20260821            -> origin/fix/warehouse-single-20260821
2026-10-07T01:19:48.4962977Z  * [new branch]          fix/wb-label-seller-line-height          -> origin/fix/wb-label-seller-line-height
2026-10-07T01:19:48.4965249Z  * [new branch]          fix/wb-label-seller-line-trim            -> origin/fix/wb-label-seller-line-trim
2026-10-07T01:19:48.4967429Z  * [new branch]          fix/wb-meta-method-20260821              -> origin/fix/wb-meta-method-20260821
2026-10-07T01:19:48.4969734Z  * [new branch]          fix/wb-token-save-500                    -> origin/fix/wb-token-save-500
2026-10-07T01:19:48.4971891Z  * [new branch]          fix/wms-fbs-single-pick-by-cell          -> origin/fix/wms-fbs-single-pick-by-cell
2026-10-07T01:19:48.4974139Z  * [new branch]          fix/wms-session-regression               -> origin/fix/wms-session-regression
2026-10-07T01:19:48.4976481Z  * [new branch]          fix/wms487-tape-print-missing-codes      -> origin/fix/wms487-tape-print-missing-codes
2026-10-07T01:19:48.4978962Z  * [new branch]          fix/wms517-price-snapshot                -> origin/fix/wms517-price-snapshot
2026-10-07T01:19:48.4980990Z  * [new branch]          fix/wms517-sold-only                     -> origin/fix/wms517-sold-only
2026-10-07T01:19:48.4983121Z  * [new branch]          fix/wms625-on-etalon-20261003            -> origin/fix/wms625-on-etalon-20261003
2026-10-07T01:19:48.4985325Z  * [new branch]          fix/wms634-fbo-date-delegated            -> origin/fix/wms634-fbo-date-delegated
2026-10-07T01:19:48.4987452Z  * [new branch]          fix/wms635-kiz-no-wb-wait                -> origin/fix/wms635-kiz-no-wb-wait
2026-10-07T01:19:48.4990069Z  * [new branch]          fix/wms639-scan-no-wb-readback           -> origin/fix/wms639-scan-no-wb-readback
2026-10-07T01:19:48.4992348Z  * [new branch]          fix/wms640-scan-kiz-no-wb-wait           -> origin/fix/wms640-scan-kiz-no-wb-wait
2026-10-07T01:19:48.4994641Z  * [new branch]          fix/wms641-kiz-delete-background         -> origin/fix/wms641-kiz-delete-background
2026-10-07T01:19:48.4996976Z  * [new branch]          fix/wms642-kiz-no-locks-handover         -> origin/fix/wms642-kiz-no-locks-handover
2026-10-07T01:19:48.4999479Z  * [new branch]          fix/wms643-no-print-when-unchecked       -> origin/fix/wms643-no-print-when-unchecked
2026-10-07T01:19:48.5001845Z  * [new branch]          fix/wms652-contract-check-merge          -> origin/fix/wms652-contract-check-merge
2026-10-07T01:19:48.5004028Z  * [new branch]          fix/wms656-full-kiz-label                -> origin/fix/wms656-full-kiz-label
2026-10-07T01:19:48.5006199Z  * [new branch]          fix/wms666-product-stock-scope           -> origin/fix/wms666-product-stock-scope
2026-10-07T01:19:48.5008934Z  * [new branch]          hotfix/avpack-bulk-print-after-kiz-clear -> origin/hotfix/avpack-bulk-print-after-kiz-clear
2026-10-07T01:19:48.5011353Z  * [new branch]          hotfix/boxes-print-all-qr                -> origin/hotfix/boxes-print-all-qr
2026-10-07T01:19:48.5013650Z  * [new branch]          hotfix/cz-print-regression-2026-07-07    -> origin/hotfix/cz-print-regression-2026-07-07
2026-10-07T01:19:48.5015971Z  * [new branch]          hotfix/inbound-qty-blur-v2               -> origin/hotfix/inbound-qty-blur-v2
2026-10-07T01:19:48.5018438Z  * [new branch]          hotfix/inbound-table-header-alignment    -> origin/hotfix/inbound-table-header-alignment
2026-10-07T01:19:48.5020908Z  * [new branch]          hotfix/ozon-requirements-int-sku         -> origin/hotfix/ozon-requirements-int-sku
2026-10-07T01:19:48.5023263Z  * [new branch]          hotfix/tz-print-landscape-revert         -> origin/hotfix/tz-print-landscape-revert
2026-10-07T01:19:48.5025840Z  * [new branch]          hotfix/wb-unified-token-fbs-intake       -> origin/hotfix/wb-unified-token-fbs-intake
2026-10-07T01:19:48.5028329Z  * [new branch]          hotfix/wms622-628-restore                -> origin/hotfix/wms622-628-restore
2026-10-07T01:19:48.5030542Z  * [new branch]          integration/fbs-fixes-20260821           -> origin/integration/fbs-fixes-20260821
2026-10-07T01:19:48.5032431Z  * [new branch]          main                                     -> origin/main
2026-10-07T01:19:48.5034290Z  * [new branch]          mobile/android7-v014-recovery            -> origin/mobile/android7-v014-recovery
2026-10-07T01:19:48.5036292Z  * [new branch]          mobile/feat-fbs                          -> origin/mobile/feat-fbs
2026-10-07T01:19:48.5038318Z  * [new branch]          mockup/psp2-clickable                    -> origin/mockup/psp2-clickable
2026-10-07T01:19:48.5041176Z  * [new branch]          night/catalog-box-lookup-20260823/lane-1/01-catalog-box-lookup -> origin/night/catalog-box-lookup-20260823/lane-1/01-catalog-box-lookup
2026-10-07T01:19:48.5044344Z  * [new branch]          night/volna-9-recovery/lane-1/01-wb-marking -> origin/night/volna-9-recovery/lane-1/01-wb-marking
2026-10-07T01:19:48.5047165Z  * [new branch]          night/volna-9-recovery/lane-1/04-warehouse-switch -> origin/night/volna-9-recovery/lane-1/04-warehouse-switch
2026-10-07T01:19:48.5050230Z  * [new branch]          night/volna-9-recovery/lane-1/07-reporting -> origin/night/volna-9-recovery/lane-1/07-reporting
2026-10-07T01:19:48.5052966Z  * [new branch]          night/volna-9-recovery/lane-2/02-verdikt-screen -> origin/night/volna-9-recovery/lane-2/02-verdikt-screen
2026-10-07T01:19:48.5055679Z  * [new branch]          night/volna-9-recovery/lane-2/05-prod-slow -> origin/night/volna-9-recovery/lane-2/05-prod-slow
2026-10-07T01:19:48.5058350Z  * [new branch]          night/volna-9-recovery/lane-2/08-storage -> origin/night/volna-9-recovery/lane-2/08-storage
2026-10-07T01:19:48.5061382Z  * [new branch]          night/volna-9-recovery/lane-3/03-no-distribution-mode -> origin/night/volna-9-recovery/lane-3/03-no-distribution-mode
2026-10-07T01:19:48.5064511Z  * [new branch]          night/volna-9-recovery/lane-3/06-picking-list-order -> origin/night/volna-9-recovery/lane-3/06-picking-list-order
2026-10-07T01:19:48.5067305Z  * [new branch]          night/volna-9-recovery/lane-3/09-billing -> origin/night/volna-9-recovery/lane-3/09-billing
2026-10-07T01:19:48.5069981Z  * [new branch]          night/volna-9/lane-1/01-wb-marking       -> origin/night/volna-9/lane-1/01-wb-marking
2026-10-07T01:19:48.5072236Z  * [new branch]          night/volna-9/lane-1/07-reporting        -> origin/night/volna-9/lane-1/07-reporting
2026-10-07T01:19:48.5074433Z  * [new branch]          night/volna-9/lane-1/defect-01           -> origin/night/volna-9/lane-1/defect-01
2026-10-07T01:19:48.5076635Z  * [new branch]          night/volna-9/lane-1/feature-07          -> origin/night/volna-9/lane-1/feature-07
2026-10-07T01:19:48.5079083Z  * [new branch]          night/volna-9/lane-2/02-verdikt-screen   -> origin/night/volna-9/lane-2/02-verdikt-screen
2026-10-07T01:19:48.5081381Z  * [new branch]          night/volna-9/lane-2/08-storage          -> origin/night/volna-9/lane-2/08-storage
2026-10-07T01:19:48.5083540Z  * [new branch]          night/volna-9/lane-2/defect-02           -> origin/night/volna-9/lane-2/defect-02
2026-10-07T01:19:48.5085954Z  * [new branch]          night/volna-9/lane-3/03-no-distribution-mode -> origin/night/volna-9/lane-3/03-no-distribution-mode
2026-10-07T01:19:48.5088644Z  * [new branch]          night/volna-9/lane-3/09-billing          -> origin/night/volna-9/lane-3/09-billing
2026-10-07T01:19:48.5090855Z  * [new branch]          night/volna-9/lane-3/defect-03           -> origin/night/volna-9/lane-3/defect-03
2026-10-07T01:19:48.5093209Z  * [new branch]          night/volna-9/lane-4/04-warehouse-switch -> origin/night/volna-9/lane-4/04-warehouse-switch
2026-10-07T01:19:48.5095733Z  * [new branch]          night/volna-9/lane-4/defect-04           -> origin/night/volna-9/lane-4/defect-04
2026-10-07T01:19:48.5098099Z  * [new branch]          night/volna-9/lane-5/05-prod-slow        -> origin/night/volna-9/lane-5/05-prod-slow
2026-10-07T01:19:48.5100318Z  * [new branch]          night/volna-9/lane-5/defect-05           -> origin/night/volna-9/lane-5/defect-05
2026-10-07T01:19:48.5102702Z  * [new branch]          night/volna-9/lane-6/06-picking-list-order -> origin/night/volna-9/lane-6/06-picking-list-order
2026-10-07T01:19:48.5105069Z  * [new branch]          night/volna-9/lane-6/defect-06           -> origin/night/volna-9/lane-6/defect-06
2026-10-07T01:19:48.5107143Z  * [new branch]          night/wms-653-5beb52da                   -> origin/night/wms-653-5beb52da
2026-10-07T01:19:48.5109344Z  * [new branch]          night/wms-654-5beb52da                   -> origin/night/wms-654-5beb52da
2026-10-07T01:19:48.5111323Z  * [new branch]          night/wms-657-5beb52da                   -> origin/night/wms-657-5beb52da
2026-10-07T01:19:48.5113319Z  * [new branch]          night/wms-658-5beb52da                   -> origin/night/wms-658-5beb52da
2026-10-07T01:19:48.5115304Z  * [new branch]          night/wms-659-5beb52da                   -> origin/night/wms-659-5beb52da
2026-10-07T01:19:48.5117665Z  * [new branch]          night/zadachi-2026-08-21-20260821-r04/lane-1/01 -> origin/night/zadachi-2026-08-21-20260821-r04/lane-1/01
2026-10-07T01:19:48.5120546Z  * [new branch]          night/zadachi-2026-08-21-20260821-r04/lane-1/07 -> origin/night/zadachi-2026-08-21-20260821-r04/lane-1/07
2026-10-07T01:19:48.5123292Z  * [new branch]          night/zadachi-2026-08-21-20260821-r04/lane-2/02 -> origin/night/zadachi-2026-08-21-20260821-r04/lane-2/02
2026-10-07T01:19:48.5126026Z  * [new branch]          night/zadachi-2026-08-21-20260821-r04/lane-2/08 -> origin/night/zadachi-2026-08-21-20260821-r04/lane-2/08
2026-10-07T01:19:48.5129023Z  * [new branch]          night/zadachi-2026-08-21-20260821-r04/lane-3/03 -> origin/night/zadachi-2026-08-21-20260821-r04/lane-3/03
2026-10-07T01:19:48.5131944Z  * [new branch]          night/zadachi-2026-08-21-20260821-r04/lane-3/09 -> origin/night/zadachi-2026-08-21-20260821-r04/lane-3/09
2026-10-07T01:19:48.5134694Z  * [new branch]          night/zadachi-2026-08-21-20260821-r04/lane-4/04 -> origin/night/zadachi-2026-08-21-20260821-r04/lane-4/04
2026-10-07T01:19:48.5137419Z  * [new branch]          night/zadachi-2026-08-21-20260821-r04/lane-5/05 -> origin/night/zadachi-2026-08-21-20260821-r04/lane-5/05
2026-10-07T01:19:48.5140355Z  * [new branch]          night/zadachi-2026-08-21-20260821-r04/lane-6/06 -> origin/night/zadachi-2026-08-21-20260821-r04/lane-6/06
2026-10-07T01:19:48.5142928Z  * [new branch]          process/pipeline-on-etalon-20260821      -> origin/process/pipeline-on-etalon-20260821
2026-10-07T01:19:48.5145259Z  * [new branch]          release/2026-10-02-packing-stock         -> origin/release/2026-10-02-packing-stock
2026-10-07T01:19:48.5147370Z  * [new branch]          release/2026-10-03-ready                 -> origin/release/2026-10-03-ready
2026-10-07T01:19:48.5149724Z  * [new branch]          release/barcode-tall-label               -> origin/release/barcode-tall-label
2026-10-07T01:19:48.5151855Z  * [new branch]          release/inbound-print-fix                -> origin/release/inbound-print-fix
2026-10-07T01:19:48.5153885Z  * [new branch]          release/wms641-agent-v1                  -> origin/release/wms641-agent-v1
2026-10-07T01:19:48.5155866Z  * [new branch]          release/wms641-agent-v2                  -> origin/release/wms641-agent-v2
2026-10-07T01:19:48.5157855Z  * [new branch]          release/wms641-agent-v3                  -> origin/release/wms641-agent-v3
2026-10-07T01:19:48.5160290Z  * [new branch]          review/pick-and-binding-fixes-20260816   -> origin/review/pick-and-binding-fixes-20260816
2026-10-07T01:19:48.5164535Z  * [new branch]          review/system-wide-orchestrator-20260812 -> origin/review/system-wide-orchestrator-20260812
2026-10-07T01:19:48.5167289Z  * [new branch]          speed/test-infra-20260830                -> origin/speed/test-infra-20260830
2026-10-07T01:19:48.5169681Z  * [new branch]          staging                                  -> origin/staging
2026-10-07T01:19:48.5171478Z  * [new branch]          support-task/WMS-651-4                   -> origin/support-task/WMS-651-4
2026-10-07T01:19:48.5173870Z  * [new branch]          support-task/WMS-653-6                   -> origin/support-task/WMS-653-6
2026-10-07T01:19:48.5175976Z  * [new branch]          support-task/WMS-654-7                   -> origin/support-task/WMS-654-7
2026-10-07T01:19:48.5178139Z  * [new branch]          support-task/WMS-657-8                   -> origin/support-task/WMS-657-8
2026-10-07T01:19:48.5180130Z  * [new branch]          support-task/WMS-658-9                   -> origin/support-task/WMS-658-9
2026-10-07T01:19:48.5182256Z  * [new branch]          support-task/WMS-661-14                  -> origin/support-task/WMS-661-14
2026-10-07T01:19:48.5184666Z  * [new branch]          support-task/WMS-667-18                  -> origin/support-task/WMS-667-18
2026-10-07T01:19:48.5186813Z  * [new branch]          support-task/WMS-677-22                  -> origin/support-task/WMS-677-22
2026-10-07T01:19:48.5189183Z  * [new branch]          support-task/WMS-679-26                  -> origin/support-task/WMS-679-26
2026-10-07T01:19:48.5191211Z  * [new branch]          support-task/WMS-680-27                  -> origin/support-task/WMS-680-27
2026-10-07T01:19:48.5194273Z  * [new branch]          support-task/WMS-683-29                  -> origin/support-task/WMS-683-29
2026-10-07T01:19:48.5198164Z  * [new branch]          test/wms672-c7-c10-c11-20261006          -> origin/test/wms672-c7-c10-c11-20261006
2026-10-07T01:19:48.5201440Z  * [new tag]             tsd-preview                              -> tsd-preview
2026-10-07T01:19:48.5204549Z  * [new tag]             wms-print-direct-v2026.09.30.1           -> wms-print-direct-v2026.09.30.1
2026-10-07T01:19:48.5208360Z  * [new tag]             wms-print-direct-v2026.09.30.2           -> wms-print-direct-v2026.09.30.2
2026-10-07T01:19:48.5212256Z  * [new tag]             wms-print-direct-v2026.09.30.3           -> wms-print-direct-v2026.09.30.3
2026-10-07T01:19:48.5215860Z  * [new tag]             wms-print-direct-v2026.09.30.4           -> wms-print-direct-v2026.09.30.4
2026-10-07T01:19:48.5219595Z  * [new tag]             wms-print-direct-v2026.09.30.5           -> wms-print-direct-v2026.09.30.5
2026-10-07T01:19:48.5223317Z  * [new tag]             wms-print-direct-v2026.10.01.1-rc1       -> wms-print-direct-v2026.10.01.1-rc1
2026-10-07T01:19:48.5226600Z  * [new tag]             wms-print-v2026.09.13.1                  -> wms-print-v2026.09.13.1
2026-10-07T01:19:48.5229157Z  * [new tag]             wms-print-v2026.09.13.2                  -> wms-print-v2026.09.13.2
2026-10-07T01:19:48.5231660Z  * [new tag]             wms-print-v2026.09.13.3                  -> wms-print-v2026.09.13.3
2026-10-07T01:19:48.5234784Z  * [new ref]             8b8f20715528122a7260d650f018a9a8b4bd29e5 -> pull/387/merge
2026-10-07T01:19:48.5240290Z ##[endgroup]
2026-10-07T01:19:48.5242590Z ##[group]Determining the checkout info
2026-10-07T01:19:48.5245146Z ##[endgroup]
2026-10-07T01:19:48.5246583Z [command]/usr/bin/git sparse-checkout disable
2026-10-07T01:19:48.5251167Z [command]/usr/bin/git config --local --unset-all extensions.worktreeConfig
2026-10-07T01:19:48.5256151Z ##[group]Checking out the ref
2026-10-07T01:19:48.5258607Z [command]/usr/bin/git checkout --progress --force refs/remotes/pull/387/merge
2026-10-07T01:19:49.3961763Z Updating files:  97% (6253/6408)
2026-10-07T01:19:49.4038806Z Updating files:  98% (6280/6408)
2026-10-07T01:19:49.4116838Z Updating files:  99% (6344/6408)
2026-10-07T01:19:49.4117410Z Updating files: 100% (6408/6408)
2026-10-07T01:19:49.4118114Z Updating files: 100% (6408/6408), done.
2026-10-07T01:19:49.4198850Z Note: switching to 'refs/remotes/pull/387/merge'.
2026-10-07T01:19:49.4199508Z 
2026-10-07T01:19:49.4199785Z You are in 'detached HEAD' state. You can look around, make experimental
2026-10-07T01:19:49.4200517Z changes and commit them, and you can discard any commits you make in this
2026-10-07T01:19:49.4201579Z state without impacting any branches by switching back to a branch.
2026-10-07T01:19:49.4202209Z 
2026-10-07T01:19:49.4202636Z If you want to create a new branch to retain commits you create, you may
2026-10-07T01:19:49.4203562Z do so (now or later) by using -c with the switch command. Example:
2026-10-07T01:19:49.4204101Z 
2026-10-07T01:19:49.4204346Z   git switch -c <new-branch-name>
2026-10-07T01:19:49.4204776Z 
2026-10-07T01:19:49.4205024Z Or undo this operation with:
2026-10-07T01:19:49.4205356Z 
2026-10-07T01:19:49.4205590Z   git switch -
2026-10-07T01:19:49.4205849Z 
2026-10-07T01:19:49.4206334Z Turn off this advice by setting config variable advice.detachedHead to false
2026-10-07T01:19:49.4206776Z 
2026-10-07T01:19:49.4207204Z HEAD is now at 8b8f20715 Merge cbd126200788b87d1a006c5853d8e9560148cd36 into 4b298efc95be7b4b6b7fe5665be9f3671f1fe747
2026-10-07T01:19:49.4282010Z ##[endgroup]
2026-10-07T01:19:49.4330604Z [command]/usr/bin/git log -1 --format=%H
2026-10-07T01:19:49.4362510Z 8b8f20715528122a7260d650f018a9a8b4bd29e5
2026-10-07T01:19:49.4373789Z ##[group]Removing auth
2026-10-07T01:19:49.4378207Z [command]/usr/bin/git config --local --name-only --get-regexp core\.sshCommand
2026-10-07T01:19:49.4412017Z [command]/usr/bin/git submodule foreach --recursive sh -c "git config --local --name-only --get-regexp 'core\.sshCommand' && git config --local --unset-all 'core.sshCommand' || :"
2026-10-07T01:19:49.4644571Z [command]/usr/bin/git config --local --name-only --get-regexp http\.https\:\/\/github\.com\/\.extraheader
2026-10-07T01:19:49.4673401Z http.https://github.com/.extraheader
2026-10-07T01:19:49.4683429Z [command]/usr/bin/git config --local --unset-all http.https://github.com/.extraheader
2026-10-07T01:19:49.4742320Z [command]/usr/bin/git submodule foreach --recursive sh -c "git config --local --name-only --get-regexp 'http\.https\:\/\/github\.com\/\.extraheader' && git config --local --unset-all 'http.https://github.com/.extraheader' || :"
2026-10-07T01:19:49.4969940Z [command]/usr/bin/git config --local --name-only --get-regexp ^includeIf\.gitdir:
2026-10-07T01:19:49.5004460Z [command]/usr/bin/git submodule foreach --recursive git config --local --show-origin --name-only --get-regexp remote.origin.url
2026-10-07T01:19:49.5235255Z ##[endgroup]
2026-10-07T01:19:49.5490924Z ##[group]Run actions/setup-python@v5
2026-10-07T01:19:49.5491334Z with:
2026-10-07T01:19:49.5491595Z   python-version: 3.11
2026-10-07T01:19:49.5491875Z   cache: pip
2026-10-07T01:19:49.5492174Z   cache-dependency-path: backend/pyproject.toml
2026-10-07T01:19:49.5492540Z   check-latest: false
2026-10-07T01:19:49.5495331Z   token: ***
2026-10-07T01:19:49.5495598Z   update-environment: true
2026-10-07T01:19:49.5495900Z   allow-prereleases: false
2026-10-07T01:19:49.5496213Z   freethreaded: false
2026-10-07T01:19:49.5496480Z ##[endgroup]
2026-10-07T01:19:49.6835496Z ##[group]Installed versions
2026-10-07T01:19:49.6925743Z (node:2389) [DEP0040] DeprecationWarning: The `punycode` module is deprecated. Please use a userland alternative instead.
2026-10-07T01:19:49.6926888Z (Use `node --trace-deprecation ...` to show where the warning was created)
2026-10-07T01:19:49.6927711Z Successfully set up CPython (3.11.16)
2026-10-07T01:19:49.6928606Z ##[endgroup]
2026-10-07T01:19:49.7319485Z [command]/opt/hostedtoolcache/Python/3.11.16/x64/bin/pip cache dir
2026-10-07T01:19:50.0721249Z /home/runner/.cache/pip
2026-10-07T01:19:50.2013654Z Cache hit for: setup-python-Linux-x64-24.04-Ubuntu-python-3.11.16-pip-b895c9babfda1d10249511c619da3d95ed37f7d44247c5dff5f74d855af284be
2026-10-07T01:19:50.2119908Z (node:2389) [DEP0169] DeprecationWarning: `url.parse()` behavior is not standardized and prone to errors that have security implications. Use the WHATWG URL API instead. CVEs are not issued for `url.parse()` vulnerabilities.
2026-10-07T01:19:51.3272722Z Received 108848275 of 117236883 (92.8%), 103.7 MBs/sec
2026-10-07T01:19:51.4064388Z Received 117236883 of 117236883 (100.0%), 103.5 MBs/sec
2026-10-07T01:19:51.4065309Z Cache Size: ~112 MB (117236883 B)
2026-10-07T01:19:51.4186406Z [command]/usr/bin/tar -xf /home/runner/work/_temp/fbdce99b-67bc-404c-8c6a-f0f08b9be438/cache.tzst -P -C /home/runner/work/WMS/WMS --use-compress-program unzstd
2026-10-07T01:19:51.6135929Z Cache restored successfully
2026-10-07T01:19:51.6191799Z Cache restored from key: setup-python-Linux-x64-24.04-Ubuntu-python-3.11.16-pip-b895c9babfda1d10249511c619da3d95ed37f7d44247c5dff5f74d855af284be
2026-10-07T01:19:51.6408374Z ##[group]Run pip install -e ".[dev]" asyncpg==0.31.0
2026-10-07T01:19:51.6408825Z [36;1mpip install -e ".[dev]" asyncpg==0.31.0[0m
2026-10-07T01:19:51.6705695Z shell: /usr/bin/bash -e {0}
2026-10-07T01:19:51.6706008Z env:
2026-10-07T01:19:51.6706332Z   pythonLocation: /opt/hostedtoolcache/Python/3.11.16/x64
2026-10-07T01:19:51.6706923Z   PKG_CONFIG_PATH: /opt/hostedtoolcache/Python/3.11.16/x64/lib/pkgconfig
2026-10-07T01:19:51.6707473Z   Python_ROOT_DIR: /opt/hostedtoolcache/Python/3.11.16/x64
2026-10-07T01:19:51.6708158Z   Python2_ROOT_DIR: /opt/hostedtoolcache/Python/3.11.16/x64
2026-10-07T01:19:51.6708646Z   Python3_ROOT_DIR: /opt/hostedtoolcache/Python/3.11.16/x64
2026-10-07T01:19:51.6709139Z   LD_LIBRARY_PATH: /opt/hostedtoolcache/Python/3.11.16/x64/lib
2026-10-07T01:19:51.6709552Z ##[endgroup]
2026-10-07T01:19:52.5629954Z Obtaining file:///home/runner/work/WMS/WMS/backend
2026-10-07T01:19:52.5654405Z   Installing build dependencies: started
2026-10-07T01:19:53.2890735Z   Installing build dependencies: finished with status 'done'
2026-10-07T01:19:53.2898019Z   Checking if build backend supports build_editable: started
2026-10-07T01:19:53.8111665Z   Checking if build backend supports build_editable: finished with status 'done'
2026-10-07T01:19:53.8119767Z   Getting requirements to build editable: started
2026-10-07T01:19:54.2238566Z   Getting requirements to build editable: finished with status 'done'
2026-10-07T01:19:54.2247612Z   Preparing editable metadata (pyproject.toml): started
2026-10-07T01:19:54.5400970Z   Preparing editable metadata (pyproject.toml): finished with status 'done'
2026-10-07T01:19:55.3093547Z Collecting asyncpg==0.31.0
2026-10-07T01:19:55.3663181Z   Downloading asyncpg-0.31.0-cp311-cp311-manylinux2014_x86_64.manylinux_2_17_x86_64.manylinux_2_28_x86_64.whl.metadata (4.4 kB)
2026-10-07T01:19:55.4220078Z Collecting fastapi>=0.110 (from wms-backend==0.1.0)
2026-10-07T01:19:55.4235927Z   Using cached fastapi-0.142.2-py3-none-any.whl.metadata (27 kB)
2026-10-07T01:19:55.4468791Z Collecting uvicorn>=0.27 (from uvicorn[standard]>=0.27->wms-backend==0.1.0)
2026-10-07T01:19:55.4483990Z   Using cached uvicorn-0.54.0-py3-none-any.whl.metadata (6.6 kB)
2026-10-07T01:19:55.4603139Z Collecting python-multipart>=0.0.9 (from wms-backend==0.1.0)
2026-10-07T01:19:55.4618320Z   Using cached python_multipart-0.0.32-py3-none-any.whl.metadata (2.1 kB)
2026-10-07T01:19:55.5532618Z Collecting pydantic>=2.6 (from wms-backend==0.1.0)
2026-10-07T01:19:55.5548085Z   Using cached pydantic-2.13.5-py3-none-any.whl.metadata (110 kB)
2026-10-07T01:19:55.5700079Z Collecting pydantic-settings>=2.2 (from wms-backend==0.1.0)
2026-10-07T01:19:55.5714516Z   Using cached pydantic_settings-2.15.0-py3-none-any.whl.metadata (3.9 kB)
2026-10-07T01:19:55.8457759Z Collecting sqlalchemy<2.1,>=2.0 (from wms-backend==0.1.0)
2026-10-07T01:19:55.8476020Z   Using cached sqlalchemy-2.0.54-cp311-cp311-manylinux2014_x86_64.manylinux_2_17_x86_64.manylinux_2_28_x86_64.whl.metadata (9.7 kB)
2026-10-07T01:19:55.9784099Z Collecting greenlet>=3.0 (from wms-backend==0.1.0)
2026-10-07T01:19:55.9799814Z   Using cached greenlet-3.5.6-cp311-cp311-manylinux_2_24_x86_64.manylinux_2_28_x86_64.whl.metadata (3.8 kB)
2026-10-07T01:19:55.9960824Z Collecting alembic>=1.13 (from wms-backend==0.1.0)
2026-10-07T01:19:55.9975281Z   Using cached alembic-1.20.0-py3-none-any.whl.metadata (7.3 kB)
2026-10-07T01:19:56.0114605Z Collecting psycopg>=3.1 (from psycopg[binary]>=3.1->wms-backend==0.1.0)
2026-10-07T01:19:56.0128794Z   Using cached psycopg-3.3.6-py3-none-any.whl.metadata (4.4 kB)
2026-10-07T01:19:56.0466060Z Collecting bcrypt>=4.1 (from wms-backend==0.1.0)
2026-10-07T01:19:56.0480923Z   Using cached bcrypt-5.0.0-cp39-abi3-manylinux_2_34_x86_64.whl.metadata (10 kB)
2026-10-07T01:19:56.0610760Z Collecting pyjwt>=2.8 (from wms-backend==0.1.0)
2026-10-07T01:19:56.0625287Z   Using cached pyjwt-2.15.1-py3-none-any.whl.metadata (3.5 kB)
2026-10-07T01:19:56.0735079Z Collecting email-validator>=2.1 (from wms-backend==0.1.0)
2026-10-07T01:19:56.0749958Z   Using cached email_validator-2.3.0-py3-none-any.whl.metadata (26 kB)
2026-10-07T01:19:56.0979902Z Collecting celery>=5.3 (from celery[redis]>=5.3->wms-backend==0.1.0)
2026-10-07T01:19:56.0993986Z   Using cached celery-5.6.3-py3-none-any.whl.metadata (23 kB)
2026-10-07T01:19:56.1230042Z Collecting httpx>=0.27 (from wms-backend==0.1.0)
2026-10-07T01:19:56.1244607Z   Using cached httpx-0.28.1-py3-none-any.whl.metadata (7.1 kB)
2026-10-07T01:19:56.2982682Z Collecting cryptography>=42.0 (from wms-backend==0.1.0)
2026-10-07T01:19:56.3002723Z   Using cached cryptography-50.0.2-cp311-abi3-manylinux_2_34_x86_64.whl.metadata (4.4 kB)
2026-10-07T01:19:56.4257867Z Collecting pymupdf>=1.24 (from wms-backend==0.1.0)
2026-10-07T01:19:56.4273934Z   Using cached pymupdf-1.28.2-cp310-abi3-manylinux_2_28_x86_64.whl.metadata (26 kB)
2026-10-07T01:19:56.4544319Z Collecting zxing-cpp>=3.0 (from wms-backend==0.1.0)
2026-10-07T01:19:56.4559105Z   Using cached zxing_cpp-3.1.1-cp311-cp311-manylinux_2_27_x86_64.manylinux_2_28_x86_64.whl.metadata (2.3 kB)
2026-10-07T01:19:56.4671402Z Collecting openpyxl>=3.1 (from wms-backend==0.1.0)
2026-10-07T01:19:56.4685780Z   Using cached openpyxl-3.1.5-py2.py3-none-any.whl.metadata (2.5 kB)
2026-10-07T01:19:56.6495426Z Collecting boto3>=1.34 (from wms-backend==0.1.0)
2026-10-07T01:19:56.6512022Z   Using cached boto3-1.43.108-py3-none-any.whl.metadata (6.6 kB)
2026-10-07T01:19:56.9679036Z Collecting ruff>=0.4 (from wms-backend==0.1.0)
2026-10-07T01:19:56.9697429Z   Using cached ruff-0.16.10-py3-none-manylinux_2_17_x86_64.manylinux2014_x86_64.whl.metadata (20 kB)
2026-10-07T01:19:57.0902228Z Collecting mypy>=1.10 (from wms-backend==0.1.0)
2026-10-07T01:19:57.0919127Z   Using cached mypy-2.4.0-cp311-cp311-manylinux2014_x86_64.manylinux_2_17_x86_64.manylinux_2_28_x86_64.whl.metadata (2.4 kB)
2026-10-07T01:19:57.1145319Z Collecting pytest>=8.0 (from wms-backend==0.1.0)
2026-10-07T01:19:57.1164615Z   Using cached pytest-9.1.1-py3-none-any.whl.metadata (7.6 kB)
2026-10-07T01:19:57.1314908Z Collecting pytest-asyncio>=0.23 (from wms-backend==0.1.0)
2026-10-07T01:19:57.1329637Z   Using cached pytest_asyncio-1.4.0-py3-none-any.whl.metadata (4.1 kB)
2026-10-07T01:19:57.1453775Z Collecting pytest-xdist>=3.5 (from wms-backend==0.1.0)
2026-10-07T01:19:57.1468648Z   Using cached pytest_xdist-3.8.0-py3-none-any.whl.metadata (3.0 kB)
2026-10-07T01:19:57.1669244Z Collecting types-requests>=2.32.0.20240622 (from wms-backend==0.1.0)
2026-10-07T01:19:57.1785106Z   Downloading types_requests-2.33.0.20261006-py3-none-any.whl.metadata (2.2 kB)
2026-10-07T01:19:57.1891300Z Collecting aiosqlite>=0.20 (from wms-backend==0.1.0)
2026-10-07T01:19:57.1906092Z   Using cached aiosqlite-0.22.1-py3-none-any.whl.metadata (4.3 kB)
2026-10-07T01:19:57.2005500Z Collecting qrcode>=7.4 (from qrcode[pil]>=7.4; extra == "dev"->wms-backend==0.1.0)
2026-10-07T01:19:57.2020440Z   Using cached qrcode-8.2-py3-none-any.whl.metadata (17 kB)
2026-10-07T01:19:57.2122121Z Collecting pypng>=0.20220615 (from wms-backend==0.1.0)
2026-10-07T01:19:57.2136817Z   Using cached pypng-0.20220715.0-py3-none-any.whl.metadata (13 kB)
2026-10-07T01:19:57.2260456Z Collecting python-barcode>=0.15 (from wms-backend==0.1.0)
2026-10-07T01:19:57.2275671Z   Using cached python_barcode-0.16.1-py3-none-any.whl.metadata (2.7 kB)
2026-10-07T01:19:57.2432738Z Collecting typing-extensions>=4.6.0 (from sqlalchemy<2.1,>=2.0->wms-backend==0.1.0)
2026-10-07T01:19:57.2447856Z   Using cached typing_extensions-4.16.0-py3-none-any.whl.metadata (3.3 kB)
2026-10-07T01:19:57.2583571Z Collecting Mako (from alembic>=1.13->wms-backend==0.1.0)
2026-10-07T01:19:57.2598195Z   Using cached mako-1.4.3-py3-none-any.whl.metadata (2.9 kB)
2026-10-07T01:19:57.4498437Z Collecting botocore<1.44.0,>=1.43.108 (from boto3>=1.34->wms-backend==0.1.0)
2026-10-07T01:19:57.4515517Z   Using cached botocore-1.43.108-py3-none-any.whl.metadata (5.6 kB)
2026-10-07T01:19:57.4613766Z Collecting jmespath<2.0.0,>=0.7.1 (from boto3>=1.34->wms-backend==0.1.0)
2026-10-07T01:19:57.4629171Z   Using cached jmespath-1.1.0-py3-none-any.whl.metadata (7.6 kB)
2026-10-07T01:19:57.4775063Z Collecting s3transfer<0.20.0,>=0.19.0 (from boto3>=1.34->wms-backend==0.1.0)
2026-10-07T01:19:57.4790016Z   Using cached s3transfer-0.19.2-py3-none-any.whl.metadata (1.7 kB)
2026-10-07T01:19:57.4903194Z Collecting python-dateutil<3.0.0,>=2.1 (from botocore<1.44.0,>=1.43.108->boto3>=1.34->wms-backend==0.1.0)
2026-10-07T01:19:57.4918425Z   Using cached python_dateutil-2.9.0.post0-py2.py3-none-any.whl.metadata (8.4 kB)
2026-10-07T01:19:57.5095263Z Collecting urllib3!=2.2.0,<3,>=1.25.4 (from botocore<1.44.0,>=1.43.108->boto3>=1.34->wms-backend==0.1.0)
2026-10-07T01:19:57.5110245Z   Using cached urllib3-2.8.0-py3-none-any.whl.metadata (7.4 kB)
2026-10-07T01:19:57.5224761Z Collecting six>=1.5 (from python-dateutil<3.0.0,>=2.1->botocore<1.44.0,>=1.43.108->boto3>=1.34->wms-backend==0.1.0)
2026-10-07T01:19:57.5239275Z   Using cached six-1.17.0-py2.py3-none-any.whl.metadata (1.7 kB)
2026-10-07T01:19:57.5537158Z Collecting billiard<5.0,>=4.2.1 (from celery>=5.3->celery[redis]>=5.3->wms-backend==0.1.0)
2026-10-07T01:19:57.5572581Z   Downloading billiard-4.3.1-py3-none-any.whl.metadata (5.0 kB)
2026-10-07T01:19:57.5783606Z Collecting kombu>=5.6.0 (from celery>=5.3->celery[redis]>=5.3->wms-backend==0.1.0)
2026-10-07T01:19:57.5798405Z   Using cached kombu-5.6.2-py3-none-any.whl.metadata (3.5 kB)
2026-10-07T01:19:57.5992520Z Collecting vine<6.0,>=5.1.0 (from celery>=5.3->celery[redis]>=5.3->wms-backend==0.1.0)
2026-10-07T01:19:57.6006547Z   Using cached vine-5.1.0-py3-none-any.whl.metadata (2.7 kB)
2026-10-07T01:19:57.6532949Z Collecting click<9.0,>=8.1.2 (from celery>=5.3->celery[redis]>=5.3->wms-backend==0.1.0)
2026-10-07T01:19:57.6548868Z   Using cached click-8.5.0-py3-none-any.whl.metadata (2.6 kB)
2026-10-07T01:19:57.6639007Z Collecting click-didyoumean>=0.3.0 (from celery>=5.3->celery[redis]>=5.3->wms-backend==0.1.0)
2026-10-07T01:19:57.6653407Z   Using cached click_didyoumean-0.3.1-py3-none-any.whl.metadata (3.9 kB)
2026-10-07T01:19:57.6743093Z Collecting click-repl>=0.2.0 (from celery>=5.3->celery[redis]>=5.3->wms-backend==0.1.0)
2026-10-07T01:19:57.6785559Z   Downloading click_repl-0.4.1-py3-none-any.whl.metadata (3.7 kB)
2026-10-07T01:19:57.6883525Z Collecting click-plugins>=1.1.1 (from celery>=5.3->celery[redis]>=5.3->wms-backend==0.1.0)
2026-10-07T01:19:57.6897886Z   Using cached click_plugins-1.1.1.2-py2.py3-none-any.whl.metadata (6.5 kB)
2026-10-07T01:19:57.7019885Z Collecting tzlocal (from celery>=5.3->celery[redis]>=5.3->wms-backend==0.1.0)
2026-10-07T01:19:57.7034125Z   Using cached tzlocal-5.4.4-py3-none-any.whl.metadata (7.7 kB)
2026-10-07T01:19:57.7318835Z Collecting prompt_toolkit>=3.0.36 (from click-repl>=0.2.0->celery>=5.3->celery[redis]>=5.3->wms-backend==0.1.0)
2026-10-07T01:19:57.7333118Z   Using cached prompt_toolkit-3.0.53-py3-none-any.whl.metadata (6.4 kB)
2026-10-07T01:19:57.8258274Z Collecting cffi>=2.0.0 (from cryptography>=42.0->wms-backend==0.1.0)
2026-10-07T01:19:57.8274464Z   Using cached cffi-2.1.1-cp311-cp311-manylinux2014_x86_64.manylinux_2_17_x86_64.whl.metadata (2.5 kB)
2026-10-07T01:19:57.8369053Z Collecting pycparser (from cffi>=2.0.0->cryptography>=42.0->wms-backend==0.1.0)
2026-10-07T01:19:57.8383597Z   Using cached pycparser-3.0-py3-none-any.whl.metadata (8.2 kB)
2026-10-07T01:19:57.8498035Z Collecting dnspython>=2.0.0 (from email-validator>=2.1->wms-backend==0.1.0)
2026-10-07T01:19:57.8512405Z   Using cached dnspython-2.8.0-py3-none-any.whl.metadata (5.7 kB)
2026-10-07T01:19:57.8636692Z Collecting idna>=2.0.0 (from email-validator>=2.1->wms-backend==0.1.0)
2026-10-07T01:19:57.8651254Z   Using cached idna-3.20-py3-none-any.whl.metadata (7.2 kB)
2026-10-07T01:19:57.8853075Z Collecting starlette>=0.46.0 (from fastapi>=0.110->wms-backend==0.1.0)
2026-10-07T01:19:57.8866814Z   Using cached starlette-1.7.0-py3-none-any.whl.metadata (6.6 kB)
2026-10-07T01:19:57.8986267Z Collecting typing-inspection>=0.4.2 (from fastapi>=0.110->wms-backend==0.1.0)
2026-10-07T01:19:57.9000881Z   Using cached typing_inspection-0.4.4-py3-none-any.whl.metadata (2.6 kB)
2026-10-07T01:19:57.9074773Z Collecting annotated-doc>=0.0.2 (from fastapi>=0.110->wms-backend==0.1.0)
2026-10-07T01:19:57.9090104Z   Using cached annotated_doc-0.0.5-py3-none-any.whl.metadata (6.5 kB)
2026-10-07T01:19:57.9234492Z Collecting opentelemetry-api>=1.44.0 (from fastapi>=0.110->wms-backend==0.1.0)
2026-10-07T01:19:57.9269302Z   Downloading opentelemetry_api-1.45.1-py3-none-any.whl.metadata (1.4 kB)
2026-10-07T01:19:57.9480375Z Collecting anyio (from httpx>=0.27->wms-backend==0.1.0)
2026-10-07T01:19:57.9494764Z   Using cached anyio-4.15.1-py3-none-any.whl.metadata (4.7 kB)
2026-10-07T01:19:57.9652860Z Collecting certifi (from httpx>=0.27->wms-backend==0.1.0)
2026-10-07T01:19:57.9667373Z   Using cached certifi-2026.7.22-py3-none-any.whl.metadata (2.5 kB)
2026-10-07T01:19:57.9788914Z Collecting httpcore==1.* (from httpx>=0.27->wms-backend==0.1.0)
2026-10-07T01:19:57.9803031Z   Using cached httpcore-1.0.9-py3-none-any.whl.metadata (21 kB)
2026-10-07T01:19:57.9908890Z Collecting h11>=0.16 (from httpcore==1.*->httpx>=0.27->wms-backend==0.1.0)
2026-10-07T01:19:57.9922901Z   Using cached h11-0.16.0-py3-none-any.whl.metadata (8.3 kB)
2026-10-07T01:19:58.0071236Z Collecting amqp<6.0.0,>=5.1.1 (from kombu>=5.6.0->celery>=5.3->celery[redis]>=5.3->wms-backend==0.1.0)
2026-10-07T01:19:58.0105221Z   Downloading amqp-5.4.1-py3-none-any.whl.metadata (9.4 kB)
2026-10-07T01:19:58.0242086Z Collecting tzdata>=2025.2 (from kombu>=5.6.0->celery>=5.3->celery[redis]>=5.3->wms-backend==0.1.0)
2026-10-07T01:19:58.0256423Z   Using cached tzdata-2026.5-py2.py3-none-any.whl.metadata (1.4 kB)
2026-10-07T01:19:58.0389911Z Collecting packaging (from kombu>=5.6.0->celery>=5.3->celery[redis]>=5.3->wms-backend==0.1.0)
2026-10-07T01:19:58.0404005Z   Using cached packaging-26.3-py3-none-any.whl.metadata (3.5 kB)
2026-10-07T01:19:58.0509989Z Collecting mypy_extensions>=1.0.0 (from mypy>=1.10->wms-backend==0.1.0)
2026-10-07T01:19:58.0524228Z   Using cached mypy_extensions-1.1.0-py3-none-any.whl.metadata (1.1 kB)
2026-10-07T01:19:58.0616584Z Collecting pathspec>=1.0.0 (from mypy>=1.10->wms-backend==0.1.0)
2026-10-07T01:19:58.0631669Z   Using cached pathspec-1.1.1-py3-none-any.whl.metadata (14 kB)
2026-10-07T01:19:58.1794261Z Collecting librt>=0.16.0 (from mypy>=1.10->wms-backend==0.1.0)
2026-10-07T01:19:58.1820000Z   Using cached librt-0.16.0-cp311-cp311-manylinux2014_x86_64.manylinux_2_17_x86_64.manylinux_2_28_x86_64.whl.metadata (1.3 kB)
2026-10-07T01:19:58.2366673Z Collecting ast-serialize<1.0.0,>=0.11.2 (from mypy>=1.10->wms-backend==0.1.0)
2026-10-07T01:19:58.2382255Z   Using cached ast_serialize-0.12.1-cp39-abi3-manylinux_2_17_x86_64.manylinux2014_x86_64.whl.metadata (1.4 kB)
2026-10-07T01:19:58.3268937Z Collecting et-xmlfile (from openpyxl>=3.1->wms-backend==0.1.0)
2026-10-07T01:19:58.3283528Z   Using cached et_xmlfile-2.0.0-py3-none-any.whl.metadata (2.7 kB)
2026-10-07T01:19:58.3476181Z Collecting wcwidth>=0.1.4 (from prompt_toolkit>=3.0.36->click-repl>=0.2.0->celery>=5.3->celery[redis]>=5.3->wms-backend==0.1.0)
2026-10-07T01:19:58.3514740Z   Downloading wcwidth-0.9.2-cp310-abi3-manylinux2014_x86_64.manylinux_2_17_x86_64.whl.metadata (23 kB)
2026-10-07T01:19:58.5405217Z Collecting psycopg-binary==3.3.6 (from psycopg[binary]>=3.1->wms-backend==0.1.0)
2026-10-07T01:19:58.5422273Z   Using cached psycopg_binary-3.3.6-cp311-cp311-manylinux2014_x86_64.manylinux_2_17_x86_64.whl.metadata (2.7 kB)
2026-10-07T01:19:58.5520678Z Collecting annotated-types>=0.6.0 (from pydantic>=2.6->wms-backend==0.1.0)
2026-10-07T01:19:58.5535583Z   Using cached annotated_types-0.8.0-py3-none-any.whl.metadata (15 kB)
2026-10-07T01:19:59.1930240Z Collecting pydantic-core==2.46.5 (from pydantic>=2.6->wms-backend==0.1.0)
2026-10-07T01:19:59.1947549Z   Using cached pydantic_core-2.46.5-cp311-cp311-manylinux_2_17_x86_64.manylinux2014_x86_64.whl.metadata (6.6 kB)
2026-10-07T01:19:59.2124615Z Collecting python-dotenv>=0.21.0 (from pydantic-settings>=2.2->wms-backend==0.1.0)
2026-10-07T01:19:59.2139660Z   Using cached python_dotenv-1.2.4-py3-none-any.whl.metadata (29 kB)
2026-10-07T01:19:59.2281110Z Collecting iniconfig>=1.0.1 (from pytest>=8.0->wms-backend==0.1.0)
2026-10-07T01:19:59.2318283Z   Downloading iniconfig-2.3.1-py3-none-any.whl.metadata (2.8 kB)
2026-10-07T01:19:59.2432633Z Collecting pluggy<2,>=1.5 (from pytest>=8.0->wms-backend==0.1.0)
2026-10-07T01:19:59.2446900Z   Using cached pluggy-1.6.0-py3-none-any.whl.metadata (4.8 kB)
2026-10-07T01:19:59.2592235Z Collecting pygments>=2.7.2 (from pytest>=8.0->wms-backend==0.1.0)
2026-10-07T01:19:59.2606613Z   Using cached pygments-2.21.0-py3-none-any.whl.metadata (2.5 kB)
2026-10-07T01:19:59.2752104Z Collecting execnet>=2.1 (from pytest-xdist>=3.5->wms-backend==0.1.0)
2026-10-07T01:19:59.2767132Z   Using cached execnet-2.1.2-py3-none-any.whl.metadata (2.9 kB)
2026-10-07T01:19:59.4233961Z Collecting pillow>=9.1.0 (from qrcode[pil]>=7.4; extra == "dev"->wms-backend==0.1.0)
2026-10-07T01:19:59.4251067Z   Using cached pillow-12.3.0-cp311-cp311-manylinux_2_27_x86_64.manylinux_2_28_x86_64.whl.metadata (9.1 kB)
2026-10-07T01:19:59.4692108Z Collecting httptools>=0.8.0 (from uvicorn[standard]>=0.27->wms-backend==0.1.0)
2026-10-07T01:19:59.4707373Z   Using cached httptools-0.8.0-cp311-cp311-manylinux1_x86_64.manylinux_2_28_x86_64.manylinux_2_5_x86_64.whl.metadata (3.5 kB)
2026-10-07T01:19:59.5012945Z Collecting pyyaml>=5.1 (from uvicorn[standard]>=0.27->wms-backend==0.1.0)
2026-10-07T01:19:59.5028659Z   Using cached pyyaml-6.0.3-cp311-cp311-manylinux2014_x86_64.manylinux_2_17_x86_64.manylinux_2_28_x86_64.whl.metadata (2.4 kB)
2026-10-07T01:19:59.5358048Z Collecting uvloop>=0.15.1 (from uvicorn[standard]>=0.27->wms-backend==0.1.0)
2026-10-07T01:19:59.5373478Z   Using cached uvloop-0.23.0-cp311-cp311-manylinux2014_x86_64.manylinux_2_17_x86_64.manylinux_2_28_x86_64.whl.metadata (5.1 kB)
2026-10-07T01:19:59.6010752Z Collecting watchfiles>=0.20 (from uvicorn[standard]>=0.27->wms-backend==0.1.0)
2026-10-07T01:19:59.6025859Z   Using cached watchfiles-1.3.0-cp310-abi3-manylinux_2_17_x86_64.manylinux2014_x86_64.whl.metadata (4.9 kB)
2026-10-07T01:19:59.7632195Z Collecting websockets>=13.0 (from uvicorn[standard]>=0.27->wms-backend==0.1.0)
2026-10-07T01:19:59.7648914Z   Using cached websockets-17.2-cp311-cp311-manylinux1_x86_64.manylinux_2_28_x86_64.manylinux_2_5_x86_64.whl.metadata (6.3 kB)
2026-10-07T01:19:59.7941091Z Collecting redis!=4.5.5,!=5.0.2,<6.5,>=4.5.2 (from kombu[redis]; extra == "redis"->celery[redis]>=5.3->wms-backend==0.1.0)
2026-10-07T01:19:59.7955213Z   Using cached redis-6.4.0-py3-none-any.whl.metadata (10 kB)
2026-10-07T01:19:59.8456130Z Collecting MarkupSafe>=2.0 (from Mako->alembic>=1.13->wms-backend==0.1.0)
2026-10-07T01:19:59.8471211Z   Using cached markupsafe-3.0.4-cp311-cp311-manylinux2014_x86_64.manylinux_2_17_x86_64.manylinux_2_28_x86_64.whl.metadata (2.7 kB)
2026-10-07T01:19:59.8555776Z Downloading asyncpg-0.31.0-cp311-cp311-manylinux2014_x86_64.manylinux_2_17_x86_64.manylinux_2_28_x86_64.whl (3.0 MB)
2026-10-07T01:19:59.8843116Z    ━━━━━━━━━━━━━━━━━━━━━━━━━━━━━━━━━━━━━━━━ 3.0/3.0 MB 135.4 MB/s  0:00:00
2026-10-07T01:19:59.8860493Z Using cached sqlalchemy-2.0.54-cp311-cp311-manylinux2014_x86_64.manylinux_2_17_x86_64.manylinux_2_28_x86_64.whl (3.4 MB)
2026-10-07T01:19:59.8885917Z Using cached aiosqlite-0.22.1-py3-none-any.whl (17 kB)
2026-10-07T01:19:59.8900528Z Using cached alembic-1.20.0-py3-none-any.whl (268 kB)
2026-10-07T01:19:59.8915635Z Using cached bcrypt-5.0.0-cp39-abi3-manylinux_2_34_x86_64.whl (278 kB)
2026-10-07T01:19:59.8931373Z Using cached boto3-1.43.108-py3-none-any.whl (140 kB)
2026-10-07T01:19:59.8945852Z Using cached botocore-1.43.108-py3-none-any.whl (16.0 MB)
2026-10-07T01:19:59.9016420Z Using cached jmespath-1.1.0-py3-none-any.whl (20 kB)
2026-10-07T01:19:59.9031019Z Using cached python_dateutil-2.9.0.post0-py2.py3-none-any.whl (229 kB)
2026-10-07T01:19:59.9045875Z Using cached s3transfer-0.19.2-py3-none-any.whl (90 kB)
2026-10-07T01:19:59.9061116Z Using cached urllib3-2.8.0-py3-none-any.whl (135 kB)
2026-10-07T01:19:59.9075584Z Using cached celery-5.6.3-py3-none-any.whl (451 kB)
2026-10-07T01:19:59.9119495Z Downloading billiard-4.3.1-py3-none-any.whl (90 kB)
2026-10-07T01:19:59.9153508Z Using cached click-8.5.0-py3-none-any.whl (125 kB)
2026-10-07T01:19:59.9167863Z Using cached vine-5.1.0-py3-none-any.whl (9.6 kB)
2026-10-07T01:19:59.9182751Z Using cached click_didyoumean-0.3.1-py3-none-any.whl (3.6 kB)
2026-10-07T01:19:59.9196653Z Using cached click_plugins-1.1.1.2-py2.py3-none-any.whl (11 kB)
2026-10-07T01:19:59.9235101Z Downloading click_repl-0.4.1-py3-none-any.whl (14 kB)
2026-10-07T01:19:59.9267433Z Using cached cryptography-50.0.2-cp311-abi3-manylinux_2_34_x86_64.whl (4.8 MB)
2026-10-07T01:19:59.9298659Z Using cached cffi-2.1.1-cp311-cp311-manylinux2014_x86_64.manylinux_2_17_x86_64.whl (217 kB)
2026-10-07T01:19:59.9313324Z Using cached email_validator-2.3.0-py3-none-any.whl (35 kB)
2026-10-07T01:19:59.9327602Z Using cached dnspython-2.8.0-py3-none-any.whl (331 kB)
2026-10-07T01:19:59.9343151Z Using cached fastapi-0.142.2-py3-none-any.whl (144 kB)
2026-10-07T01:19:59.9358427Z Using cached annotated_doc-0.0.5-py3-none-any.whl (5.3 kB)
2026-10-07T01:19:59.9373444Z Using cached greenlet-3.5.6-cp311-cp311-manylinux_2_24_x86_64.manylinux_2_28_x86_64.whl (624 kB)
2026-10-07T01:19:59.9389986Z Using cached httpx-0.28.1-py3-none-any.whl (73 kB)
2026-10-07T01:19:59.9404539Z Using cached httpcore-1.0.9-py3-none-any.whl (78 kB)
2026-10-07T01:19:59.9419519Z Using cached h11-0.16.0-py3-none-any.whl (37 kB)
2026-10-07T01:19:59.9433815Z Using cached idna-3.20-py3-none-any.whl (69 kB)
2026-10-07T01:19:59.9448592Z Using cached kombu-5.6.2-py3-none-any.whl (214 kB)
2026-10-07T01:19:59.9485703Z Downloading amqp-5.4.1-py3-none-any.whl (51 kB)
2026-10-07T01:19:59.9521879Z Using cached mypy-2.4.0-cp311-cp311-manylinux2014_x86_64.manylinux_2_17_x86_64.manylinux_2_28_x86_64.whl (15.4 MB)
2026-10-07T01:19:59.9590659Z Using cached ast_serialize-0.12.1-cp39-abi3-manylinux_2_17_x86_64.manylinux2014_x86_64.whl (1.3 MB)
2026-10-07T01:19:59.9610640Z Using cached librt-0.16.0-cp311-cp311-manylinux2014_x86_64.manylinux_2_17_x86_64.manylinux_2_28_x86_64.whl (515 kB)
2026-10-07T01:19:59.9626646Z Using cached mypy_extensions-1.1.0-py3-none-any.whl (5.0 kB)
2026-10-07T01:19:59.9641559Z Using cached openpyxl-3.1.5-py2.py3-none-any.whl (250 kB)
2026-10-07T01:19:59.9678841Z Downloading opentelemetry_api-1.45.1-py3-none-any.whl (60 kB)
2026-10-07T01:19:59.9713077Z Using cached pathspec-1.1.1-py3-none-any.whl (57 kB)
2026-10-07T01:19:59.9728004Z Using cached prompt_toolkit-3.0.53-py3-none-any.whl (392 kB)
2026-10-07T01:19:59.9744092Z Using cached psycopg-3.3.6-py3-none-any.whl (215 kB)
2026-10-07T01:19:59.9760119Z Using cached psycopg_binary-3.3.6-cp311-cp311-manylinux2014_x86_64.manylinux_2_17_x86_64.whl (5.3 MB)
2026-10-07T01:19:59.9792960Z Using cached pydantic-2.13.5-py3-none-any.whl (472 kB)
2026-10-07T01:19:59.9809673Z Using cached pydantic_core-2.46.5-cp311-cp311-manylinux_2_17_x86_64.manylinux2014_x86_64.whl (2.1 MB)
2026-10-07T01:19:59.9831412Z Using cached annotated_types-0.8.0-py3-none-any.whl (13 kB)
2026-10-07T01:19:59.9846091Z Using cached pydantic_settings-2.15.0-py3-none-any.whl (69 kB)
2026-10-07T01:19:59.9861064Z Using cached pyjwt-2.15.1-py3-none-any.whl (33 kB)
2026-10-07T01:19:59.9875798Z Using cached pymupdf-1.28.2-cp310-abi3-manylinux_2_28_x86_64.whl (25.8 MB)
2026-10-07T01:19:59.9980362Z Using cached pypng-0.20220715.0-py3-none-any.whl (58 kB)
2026-10-07T01:19:59.9995538Z Using cached pytest-9.1.1-py3-none-any.whl (386 kB)
2026-10-07T01:20:00.0011722Z Using cached pluggy-1.6.0-py3-none-any.whl (20 kB)
2026-10-07T01:20:00.0048827Z Downloading iniconfig-2.3.1-py3-none-any.whl (7.6 kB)
2026-10-07T01:20:00.0082543Z Using cached packaging-26.3-py3-none-any.whl (129 kB)
2026-10-07T01:20:00.0097499Z Using cached pygments-2.21.0-py3-none-any.whl (1.3 MB)
2026-10-07T01:20:00.0116808Z Using cached pytest_asyncio-1.4.0-py3-none-any.whl (16 kB)
2026-10-07T01:20:00.0131734Z Using cached pytest_xdist-3.8.0-py3-none-any.whl (46 kB)
2026-10-07T01:20:00.0146643Z Using cached execnet-2.1.2-py3-none-any.whl (40 kB)
2026-10-07T01:20:00.0161898Z Using cached python_barcode-0.16.1-py3-none-any.whl (228 kB)
2026-10-07T01:20:00.0176911Z Using cached python_dotenv-1.2.4-py3-none-any.whl (23 kB)
2026-10-07T01:20:00.0192105Z Using cached python_multipart-0.0.32-py3-none-any.whl (30 kB)
2026-10-07T01:20:00.0206702Z Using cached qrcode-8.2-py3-none-any.whl (45 kB)
2026-10-07T01:20:00.0222207Z Using cached pillow-12.3.0-cp311-cp311-manylinux_2_27_x86_64.manylinux_2_28_x86_64.whl (6.9 MB)
2026-10-07T01:20:00.0260943Z Using cached ruff-0.16.10-py3-none-manylinux_2_17_x86_64.manylinux2014_x86_64.whl (10.4 MB)
2026-10-07T01:20:00.0311052Z Using cached six-1.17.0-py2.py3-none-any.whl (11 kB)
2026-10-07T01:20:00.0325515Z Using cached starlette-1.7.0-py3-none-any.whl (78 kB)
2026-10-07T01:20:00.0340185Z Using cached anyio-4.15.1-py3-none-any.whl (132 kB)
2026-10-07T01:20:00.0378823Z Downloading types_requests-2.33.0.20261006-py3-none-any.whl (21 kB)
2026-10-07T01:20:00.0410892Z Using cached typing_extensions-4.16.0-py3-none-any.whl (45 kB)
2026-10-07T01:20:00.0425771Z Using cached typing_inspection-0.4.4-py3-none-any.whl (14 kB)
2026-10-07T01:20:00.0441001Z Using cached tzdata-2026.5-py2.py3-none-any.whl (347 kB)
2026-10-07T01:20:00.0456952Z Using cached uvicorn-0.54.0-py3-none-any.whl (87 kB)
2026-10-07T01:20:00.0472815Z Using cached httptools-0.8.0-cp311-cp311-manylinux1_x86_64.manylinux_2_28_x86_64.manylinux_2_5_x86_64.whl (464 kB)
2026-10-07T01:20:00.0489540Z Using cached pyyaml-6.0.3-cp311-cp311-manylinux2014_x86_64.manylinux_2_17_x86_64.manylinux_2_28_x86_64.whl (806 kB)
2026-10-07T01:20:00.0507245Z Using cached uvloop-0.23.0-cp311-cp311-manylinux2014_x86_64.manylinux_2_17_x86_64.manylinux_2_28_x86_64.whl (4.0 MB)
2026-10-07T01:20:00.0536618Z Using cached watchfiles-1.3.0-cp310-abi3-manylinux_2_17_x86_64.manylinux2014_x86_64.whl (458 kB)
2026-10-07T01:20:00.0577660Z Downloading wcwidth-0.9.2-cp310-abi3-manylinux2014_x86_64.manylinux_2_17_x86_64.whl (769 kB)
2026-10-07T01:20:00.0649245Z    ━━━━━━━━━━━━━━━━━━━━━━━━━━━━━━━━━━━━━━━━ 769.8/769.8 kB 104.6 MB/s  0:00:00
2026-10-07T01:20:00.0665364Z Using cached websockets-17.2-cp311-cp311-manylinux1_x86_64.manylinux_2_28_x86_64.manylinux_2_5_x86_64.whl (225 kB)
2026-10-07T01:20:00.0681215Z Using cached zxing_cpp-3.1.1-cp311-cp311-manylinux_2_27_x86_64.manylinux_2_28_x86_64.whl (1.1 MB)
2026-10-07T01:20:00.0699718Z Using cached certifi-2026.7.22-py3-none-any.whl (136 kB)
2026-10-07T01:20:00.0714515Z Using cached et_xmlfile-2.0.0-py3-none-any.whl (18 kB)
2026-10-07T01:20:00.0729407Z Using cached redis-6.4.0-py3-none-any.whl (279 kB)
2026-10-07T01:20:00.0744862Z Using cached mako-1.4.3-py3-none-any.whl (80 kB)
2026-10-07T01:20:00.0760423Z Using cached markupsafe-3.0.4-cp311-cp311-manylinux2014_x86_64.manylinux_2_17_x86_64.manylinux_2_28_x86_64.whl (22 kB)
2026-10-07T01:20:00.0774733Z Using cached pycparser-3.0-py3-none-any.whl (48 kB)
2026-10-07T01:20:00.0789665Z Using cached tzlocal-5.4.4-py3-none-any.whl (18 kB)
2026-10-07T01:20:00.3448575Z Building wheels for collected packages: wms-backend
2026-10-07T01:20:00.3457411Z   Building editable for wms-backend (pyproject.toml): started
2026-10-07T01:20:00.5721106Z   Building editable for wms-backend (pyproject.toml): finished with status 'done'
2026-10-07T01:20:00.5727473Z   Created wheel for wms-backend: filename=wms_backend-0.1.0-0.editable-py3-none-any.whl size=3077 sha256=69b43ba31d75a243c6f64d9d655ac2b4126e9977a85d4ee5288d9ff310258150
2026-10-07T01:20:00.5730401Z   Stored in directory: /tmp/pip-ephem-wheel-cache-_noujuke/wheels/26/11/5b/89ad3c9e29691b924ee9e05063c147a3e1befbcc743214281d
2026-10-07T01:20:00.5745712Z Successfully built wms-backend
2026-10-07T01:20:00.7094670Z Installing collected packages: pypng, zxing-cpp, websockets, wcwidth, vine, uvloop, urllib3, tzlocal, tzdata, typing-extensions, six, ruff, redis, qrcode, pyyaml, python-multipart, python-dotenv, python-barcode, pymupdf, pyjwt, pygments, pycparser, psycopg-binary, pluggy, pillow, pathspec, packaging, mypy_extensions, MarkupSafe, librt, jmespath, iniconfig, idna, httptools, h11, greenlet, execnet, et-xmlfile, dnspython, click, certifi, billiard, bcrypt, asyncpg, ast-serialize, annotated-types, annotated-doc, aiosqlite, uvicorn, typing-inspection, types-requests, sqlalchemy, python-dateutil, pytest, pydantic-core, psycopg, prompt_toolkit, opentelemetry-api, openpyxl, mypy, Mako, httpcore, email-validator, click-plugins, click-didyoumean, cffi, anyio, amqp, watchfiles, starlette, pytest-xdist, pytest-asyncio, pydantic, kombu, httpx, cryptography, click-repl, botocore, alembic, s3transfer, pydantic-settings, fastapi, celery, boto3, wms-backend
2026-10-07T01:20:10.1855143Z 
2026-10-07T01:20:10.1895968Z Successfully installed Mako-1.4.3 MarkupSafe-3.0.4 aiosqlite-0.22.1 alembic-1.20.0 amqp-5.4.1 annotated-doc-0.0.5 annotated-types-0.8.0 anyio-4.15.1 ast-serialize-0.12.1 asyncpg-0.31.0 bcrypt-5.0.0 billiard-4.3.1 boto3-1.43.108 botocore-1.43.108 celery-5.6.3 certifi-2026.7.22 cffi-2.1.1 click-8.5.0 click-didyoumean-0.3.1 click-plugins-1.1.1.2 click-repl-0.4.1 cryptography-50.0.2 dnspython-2.8.0 email-validator-2.3.0 et-xmlfile-2.0.0 execnet-2.1.2 fastapi-0.142.2 greenlet-3.5.6 h11-0.16.0 httpcore-1.0.9 httptools-0.8.0 httpx-0.28.1 idna-3.20 iniconfig-2.3.1 jmespath-1.1.0 kombu-5.6.2 librt-0.16.0 mypy-2.4.0 mypy_extensions-1.1.0 openpyxl-3.1.5 opentelemetry-api-1.45.1 packaging-26.3 pathspec-1.1.1 pillow-12.3.0 pluggy-1.6.0 prompt_toolkit-3.0.53 psycopg-3.3.6 psycopg-binary-3.3.6 pycparser-3.0 pydantic-2.13.5 pydantic-core-2.46.5 pydantic-settings-2.15.0 pygments-2.21.0 pyjwt-2.15.1 pymupdf-1.28.2 pypng-0.20220715.0 pytest-9.1.1 pytest-asyncio-1.4.0 pytest-xdist-3.8.0 python-barcode-0.16.1 python-dateutil-2.9.0.post0 python-dotenv-1.2.4 python-multipart-0.0.32 pyyaml-6.0.3 qrcode-8.2 redis-6.4.0 ruff-0.16.10 s3transfer-0.19.2 six-1.17.0 sqlalchemy-2.0.54 starlette-1.7.0 types-requests-2.33.0.20261006 typing-extensions-4.16.0 typing-inspection-0.4.4 tzdata-2026.5 tzlocal-5.4.4 urllib3-2.8.0 uvicorn-0.54.0 uvloop-0.23.0 vine-5.1.0 watchfiles-1.3.0 wcwidth-0.9.2 websockets-17.2 wms-backend-0.1.0 zxing-cpp-3.1.1
2026-10-07T01:20:10.5515577Z ##[group]Run if ! command -v redis-server; then
2026-10-07T01:20:10.5516062Z [36;1mif ! command -v redis-server; then[0m
2026-10-07T01:20:10.5516413Z [36;1m  sudo apt-get update -qq[0m
2026-10-07T01:20:10.5516740Z [36;1m  sudo apt-get install -y redis-server[0m
2026-10-07T01:20:10.5517070Z [36;1mfi[0m
2026-10-07T01:20:10.5517314Z [36;1mcommand -v redis-server[0m
2026-10-07T01:20:10.5584379Z shell: /usr/bin/bash -e {0}
2026-10-07T01:20:10.5584695Z env:
2026-10-07T01:20:10.5585050Z   pythonLocation: /opt/hostedtoolcache/Python/3.11.16/x64
2026-10-07T01:20:10.5585620Z   PKG_CONFIG_PATH: /opt/hostedtoolcache/Python/3.11.16/x64/lib/pkgconfig
2026-10-07T01:20:10.5586194Z   Python_ROOT_DIR: /opt/hostedtoolcache/Python/3.11.16/x64
2026-10-07T01:20:10.5586695Z   Python2_ROOT_DIR: /opt/hostedtoolcache/Python/3.11.16/x64
2026-10-07T01:20:10.5587205Z   Python3_ROOT_DIR: /opt/hostedtoolcache/Python/3.11.16/x64
2026-10-07T01:20:10.5587761Z   LD_LIBRARY_PATH: /opt/hostedtoolcache/Python/3.11.16/x64/lib
2026-10-07T01:20:10.5588484Z ##[endgroup]
2026-10-07T01:20:15.9944032Z Reading package lists...
2026-10-07T01:20:16.1624004Z Building dependency tree...
2026-10-07T01:20:16.1631222Z Reading state information...
2026-10-07T01:20:16.2933566Z The following additional packages will be installed:
2026-10-07T01:20:16.2937624Z   libjemalloc2 liblzf1 redis-tools
2026-10-07T01:20:16.2942837Z Suggested packages:
2026-10-07T01:20:16.2943394Z   ruby-redis
2026-10-07T01:20:16.3111175Z The following NEW packages will be installed:
2026-10-07T01:20:16.3115499Z   libjemalloc2 liblzf1 redis-server redis-tools
2026-10-07T01:20:16.3283634Z 0 upgraded, 4 newly installed, 0 to remove and 29 not upgraded.
2026-10-07T01:20:16.3284396Z Need to get 1482 kB of archives.
2026-10-07T01:20:16.3285083Z After this operation, 7568 kB of additional disk space will be used.
2026-10-07T01:20:16.3285893Z Get:1 file:/etc/apt/apt-mirrors.txt Mirrorlist [144 B]
2026-10-07T01:20:16.3964344Z Get:2 http://azure.archive.ubuntu.com/ubuntu noble/universe amd64 libjemalloc2 amd64 5.3.0-2build1 [256 kB]
2026-10-07T01:20:16.5329434Z Get:3 http://azure.archive.ubuntu.com/ubuntu noble/universe amd64 liblzf1 amd64 3.6-4 [7624 B]
2026-10-07T01:20:16.5588248Z Get:4 http://azure.archive.ubuntu.com/ubuntu noble-updates/universe amd64 redis-tools amd64 5:7.0.15-1ubuntu0.24.04.5 [1167 kB]
2026-10-07T01:20:16.6544490Z Get:5 http://azure.archive.ubuntu.com/ubuntu noble-updates/universe amd64 redis-server amd64 5:7.0.15-1ubuntu0.24.04.5 [51.7 kB]
2026-10-07T01:20:16.9051610Z Fetched 1482 kB in 0s (4397 kB/s)
2026-10-07T01:20:16.9286728Z Selecting previously unselected package libjemalloc2:amd64.
2026-10-07T01:20:16.9613356Z (Reading database ... 
2026-10-07T01:20:16.9613787Z (Reading database ... 5%
2026-10-07T01:20:16.9614100Z (Reading database ... 10%
2026-10-07T01:20:16.9614396Z (Reading database ... 15%
2026-10-07T01:20:16.9614689Z (Reading database ... 20%
2026-10-07T01:20:16.9615149Z (Reading database ... 25%
2026-10-07T01:20:16.9615588Z (Reading database ... 30%
2026-10-07T01:20:16.9616031Z (Reading database ... 35%
2026-10-07T01:20:16.9616485Z (Reading database ... 40%
2026-10-07T01:20:16.9616959Z (Reading database ... 45%
2026-10-07T01:20:16.9618319Z (Reading database ... 50%
2026-10-07T01:20:16.9669505Z (Reading database ... 55%
2026-10-07T01:20:17.0728489Z (Reading database ... 60%
2026-10-07T01:20:17.2784120Z (Reading database ... 65%
2026-10-07T01:20:17.4668341Z (Reading database ... 70%
2026-10-07T01:20:17.6687584Z (Reading database ... 75%
2026-10-07T01:20:17.7725333Z (Reading database ... 80%
2026-10-07T01:20:17.9707178Z (Reading database ... 85%
2026-10-07T01:20:18.1265121Z (Reading database ... 90%
2026-10-07T01:20:18.2421474Z (Reading database ... 95%
2026-10-07T01:20:18.2422165Z (Reading database ... 100%
2026-10-07T01:20:18.2422915Z (Reading database ... 202296 files and directories currently installed.)
2026-10-07T01:20:18.2463273Z Preparing to unpack .../libjemalloc2_5.3.0-2build1_amd64.deb ...
2026-10-07T01:20:18.2508682Z Unpacking libjemalloc2:amd64 (5.3.0-2build1) ...
2026-10-07T01:20:18.2745640Z Selecting previously unselected package liblzf1:amd64.
2026-10-07T01:20:18.2867026Z Preparing to unpack .../liblzf1_3.6-4_amd64.deb ...
2026-10-07T01:20:18.2873271Z Unpacking liblzf1:amd64 (3.6-4) ...
2026-10-07T01:20:18.3059145Z Selecting previously unselected package redis-tools.
2026-10-07T01:20:18.3179878Z Preparing to unpack .../redis-tools_5%3a7.0.15-1ubuntu0.24.04.5_amd64.deb ...
2026-10-07T01:20:18.3186388Z Unpacking redis-tools (5:7.0.15-1ubuntu0.24.04.5) ...
2026-10-07T01:20:18.3676845Z Selecting previously unselected package redis-server.
2026-10-07T01:20:18.3801815Z Preparing to unpack .../redis-server_5%3a7.0.15-1ubuntu0.24.04.5_amd64.deb ...
2026-10-07T01:20:18.3965101Z Unpacking redis-server (5:7.0.15-1ubuntu0.24.04.5) ...
2026-10-07T01:20:18.4341594Z Setting up libjemalloc2:amd64 (5.3.0-2build1) ...
2026-10-07T01:20:18.4359950Z Setting up liblzf1:amd64 (3.6-4) ...
2026-10-07T01:20:18.4376788Z Setting up redis-tools (5:7.0.15-1ubuntu0.24.04.5) ...
2026-10-07T01:20:18.7258803Z Setting up redis-server (5:7.0.15-1ubuntu0.24.04.5) ...
2026-10-07T01:20:19.2574663Z Created symlink /etc/systemd/system/redis.service → /usr/lib/systemd/system/redis-server.service.
2026-10-07T01:20:19.2575612Z 
2026-10-07T01:20:19.2576691Z Created symlink /etc/systemd/system/multi-user.target.wants/redis-server.service → /usr/lib/systemd/system/redis-server.service.
2026-10-07T01:20:19.2577660Z 
2026-10-07T01:20:19.6313729Z Processing triggers for man-db (2.12.0-4build2) ...
2026-10-07T01:20:19.6338233Z Not building database; man-db/auto-update is not 'true'.
2026-10-07T01:20:19.6353648Z Processing triggers for libc-bin (2.39-0ubuntu8.9) ...
2026-10-07T01:20:20.3332026Z 
2026-10-07T01:20:20.3332510Z Running kernel seems to be up-to-date.
2026-10-07T01:20:20.3332929Z 
2026-10-07T01:20:20.3333116Z No services need to be restarted.
2026-10-07T01:20:20.3333433Z 
2026-10-07T01:20:20.3333622Z No containers need to be restarted.
2026-10-07T01:20:20.3333957Z 
2026-10-07T01:20:20.3334227Z No user sessions are running outdated binaries.
2026-10-07T01:20:20.3334633Z 
2026-10-07T01:20:20.3335018Z No VM guests are running outdated hypervisor (qemu) binaries on this host.
2026-10-07T01:20:21.1312540Z /usr/bin/redis-server
2026-10-07T01:20:21.1398674Z ##[group]Run actions/setup-node@v4
2026-10-07T01:20:21.1399014Z with:
2026-10-07T01:20:21.1399243Z   node-version: 20
2026-10-07T01:20:21.1399455Z   cache: npm
2026-10-07T01:20:21.1399716Z   cache-dependency-path: frontend/package-lock.json
2026-10-07T01:20:21.1400054Z   always-auth: false
2026-10-07T01:20:21.1400277Z   check-latest: false
2026-10-07T01:20:21.1402985Z   token: ***
2026-10-07T01:20:21.1403190Z env:
2026-10-07T01:20:21.1403455Z   pythonLocation: /opt/hostedtoolcache/Python/3.11.16/x64
2026-10-07T01:20:21.1403895Z   PKG_CONFIG_PATH: /opt/hostedtoolcache/Python/3.11.16/x64/lib/pkgconfig
2026-10-07T01:20:21.1404330Z   Python_ROOT_DIR: /opt/hostedtoolcache/Python/3.11.16/x64
2026-10-07T01:20:21.1404723Z   Python2_ROOT_DIR: /opt/hostedtoolcache/Python/3.11.16/x64
2026-10-07T01:20:21.1405109Z   Python3_ROOT_DIR: /opt/hostedtoolcache/Python/3.11.16/x64
2026-10-07T01:20:21.1405502Z   LD_LIBRARY_PATH: /opt/hostedtoolcache/Python/3.11.16/x64/lib
2026-10-07T01:20:21.1405874Z ##[endgroup]
2026-10-07T01:20:21.2830136Z Attempting to download 20...
2026-10-07T01:20:21.2936730Z (node:3155) [DEP0040] DeprecationWarning: The `punycode` module is deprecated. Please use a userland alternative instead.
2026-10-07T01:20:21.2938075Z (Use `node --trace-deprecation ...` to show where the warning was created)
2026-10-07T01:20:21.9768692Z Acquiring 20.20.2 - x64 from https://github.com/actions/node-versions/releases/download/20.20.2-23521894959/node-20.20.2-linux-x64.tar.gz
2026-10-07T01:20:22.3834351Z Extracting ...
2026-10-07T01:20:22.3954937Z [command]/usr/bin/tar xz --strip 1 --warning=no-unknown-keyword --overwrite -C /home/runner/work/_temp/e8e3e020-9f5b-4b68-93fd-745660784c0c -f /home/runner/work/_temp/b2452e7c-e646-4ca2-bfd8-46aa8ae92dd4
2026-10-07T01:20:23.4480582Z Adding to the cache ...
2026-10-07T01:20:25.2359063Z ##[group]Environment details
2026-10-07T01:20:25.4592615Z node: v20.20.2
2026-10-07T01:20:25.4593027Z npm: 10.8.2
2026-10-07T01:20:25.4593354Z yarn: 1.22.22
2026-10-07T01:20:25.4594004Z ##[endgroup]
2026-10-07T01:20:25.4616832Z [command]/opt/hostedtoolcache/node/20.20.2/x64/bin/npm config get cache
2026-10-07T01:20:25.5647235Z /home/runner/.npm
2026-10-07T01:20:25.6731822Z Cache hit for: node-cache-Linux-x64-npm-85763e8c3cd51fb20d591991ef5fa0a023b0d9aaf6756079ffb1291716056b32
2026-10-07T01:20:25.6842961Z (node:3155) [DEP0169] DeprecationWarning: `url.parse()` behavior is not standardized and prone to errors that have security implications. Use the WHATWG URL API instead. CVEs are not issued for `url.parse()` vulnerabilities.
2026-10-07T01:20:26.4345712Z Received 75426797 of 75426797 (100.0%), 110.2 MBs/sec
2026-10-07T01:20:26.4346713Z Cache Size: ~72 MB (75426797 B)
2026-10-07T01:20:26.4409068Z [command]/usr/bin/tar -xf /home/runner/work/_temp/2b5e1fb7-29cf-45e9-8e72-b47ad780209d/cache.tzst -P -C /home/runner/work/WMS/WMS --use-compress-program unzstd
2026-10-07T01:20:26.6294607Z Cache restored successfully
2026-10-07T01:20:26.6337456Z Cache restored from key: node-cache-Linux-x64-npm-85763e8c3cd51fb20d591991ef5fa0a023b0d9aaf6756079ffb1291716056b32
2026-10-07T01:20:26.6517054Z ##[group]Run npm ci --prefix ../frontend
2026-10-07T01:20:26.6517421Z [36;1mnpm ci --prefix ../frontend[0m
2026-10-07T01:20:26.6583710Z shell: /usr/bin/bash -e {0}
2026-10-07T01:20:26.6584003Z env:
2026-10-07T01:20:26.6584309Z   pythonLocation: /opt/hostedtoolcache/Python/3.11.16/x64
2026-10-07T01:20:26.6584832Z   PKG_CONFIG_PATH: /opt/hostedtoolcache/Python/3.11.16/x64/lib/pkgconfig
2026-10-07T01:20:26.6585348Z   Python_ROOT_DIR: /opt/hostedtoolcache/Python/3.11.16/x64
2026-10-07T01:20:26.6585801Z   Python2_ROOT_DIR: /opt/hostedtoolcache/Python/3.11.16/x64
2026-10-07T01:20:26.6586260Z   Python3_ROOT_DIR: /opt/hostedtoolcache/Python/3.11.16/x64
2026-10-07T01:20:26.6586720Z   LD_LIBRARY_PATH: /opt/hostedtoolcache/Python/3.11.16/x64/lib
2026-10-07T01:20:26.6587106Z ##[endgroup]
2026-10-07T01:20:29.3606653Z npm warn deprecated whatwg-encoding@3.1.1: Use @exodus/bytes instead for a more spec-conformant and faster implementation
2026-10-07T01:20:37.5425886Z 
2026-10-07T01:20:37.5427097Z added 329 packages, and audited 330 packages in 11s
2026-10-07T01:20:37.5427645Z 
2026-10-07T01:20:37.5428293Z 85 packages are looking for funding
2026-10-07T01:20:37.5428886Z   run `npm fund` for details
2026-10-07T01:20:37.5973885Z 
2026-10-07T01:20:37.5974707Z 15 vulnerabilities (1 low, 3 moderate, 9 high, 2 critical)
2026-10-07T01:20:37.5975255Z 
2026-10-07T01:20:37.5975726Z To address issues that do not require attention, run:
2026-10-07T01:20:37.5976376Z   npm audit fix
2026-10-07T01:20:37.5976630Z 
2026-10-07T01:20:37.5977082Z To address all issues (including breaking changes), run:
2026-10-07T01:20:37.5977791Z   npm audit fix --force
2026-10-07T01:20:37.5978366Z 
2026-10-07T01:20:37.5978639Z Run `npm audit` for details.
2026-10-07T01:20:37.6575370Z ##[group]Run python ../scripts/ci/backend_shards.py run --index 0 --output "$RUNNER_TEMP/backend-shard" -- -n auto --ignore=tests/test_wms662_batch_handoff_lock_order.py --ignore=tests/test_wms662_batch_handoff_steady_state.py
2026-10-07T01:20:37.6578603Z [36;1mpython ../scripts/ci/backend_shards.py run --index 0 --output "$RUNNER_TEMP/backend-shard" -- -n auto --ignore=tests/test_wms662_batch_handoff_lock_order.py --ignore=tests/test_wms662_batch_handoff_steady_state.py[0m
2026-10-07T01:20:37.6645985Z shell: /usr/bin/bash -e {0}
2026-10-07T01:20:37.6646266Z env:
2026-10-07T01:20:37.6646565Z   pythonLocation: /opt/hostedtoolcache/Python/3.11.16/x64
2026-10-07T01:20:37.6647041Z   PKG_CONFIG_PATH: /opt/hostedtoolcache/Python/3.11.16/x64/lib/pkgconfig
2026-10-07T01:20:37.6647553Z   Python_ROOT_DIR: /opt/hostedtoolcache/Python/3.11.16/x64
2026-10-07T01:20:37.6648357Z   Python2_ROOT_DIR: /opt/hostedtoolcache/Python/3.11.16/x64
2026-10-07T01:20:37.6649098Z   Python3_ROOT_DIR: /opt/hostedtoolcache/Python/3.11.16/x64
2026-10-07T01:20:37.6649646Z   LD_LIBRARY_PATH: /opt/hostedtoolcache/Python/3.11.16/x64/lib
2026-10-07T01:20:37.6650141Z ##[endgroup]
2026-10-07T01:21:00.9368206Z ============================= test session starts ==============================
2026-10-07T01:21:00.9369277Z platform linux -- Python 3.11.16, pytest-9.1.1, pluggy-1.6.0
2026-10-07T01:21:00.9370285Z rootdir: /home/runner/work/WMS/WMS/backend
2026-10-07T01:21:00.9370983Z configfile: pyproject.toml
2026-10-07T01:21:00.9371584Z testpaths: tests
2026-10-07T01:21:00.9372365Z plugins: asyncio-1.4.0, xdist-3.8.0, anyio-4.15.1
2026-10-07T01:21:00.9374101Z asyncio: mode=Mode.AUTO, debug=False, asyncio_default_fixture_loop_scope=None, asyncio_default_test_loop_scope=function
2026-10-07T01:21:00.9375226Z collected 4631 items
2026-10-07T01:21:00.9375576Z 
2026-10-07T01:21:00.9375746Z <Dir backend>
2026-10-07T01:21:00.9376131Z   <Dir tests>
2026-10-07T01:21:00.9376512Z     <Dir guards>
2026-10-07T01:21:00.9377031Z       <Module test_guard_stock_documents.py>
2026-10-07T01:21:00.9377707Z         <Coroutine test_g_stock_1_documents_and_fbo_staging>
2026-10-07T01:21:00.9378884Z       <Module test_guard_stock_limits.py>
2026-10-07T01:21:00.9379986Z         <Coroutine test_g_stock_7_order_lifecycle_does_not_spend_operator_limit>
2026-10-07T01:21:00.9381433Z       <Module test_guard_stock_picking.py>
2026-10-07T01:21:00.9382468Z         <Coroutine test_g_stock_2_pick_undo_and_cancel_restore_exact_source>
2026-10-07T01:21:00.9383543Z       <Module test_guard_stock_printing.py>
2026-10-07T01:21:00.9384518Z         <Coroutine test_g_stock_6_print_reprint_failure_recovery_and_clear_kiz>
2026-10-07T01:21:00.9385454Z       <Module test_guard_stock_publication.py>
2026-10-07T01:21:00.9386480Z         <Coroutine test_g_stock_8_publication_min_cap_free_and_marketplace_settings>
2026-10-07T01:21:00.9387429Z       <Module test_guard_stock_reservation.py>
2026-10-07T01:21:00.9388680Z         <Coroutine test_g_stock_5_import_reserves_without_publication_and_cancel_releases>
2026-10-07T01:21:00.9389754Z       <Module test_guard_stock_shipment.py>
2026-10-07T01:21:00.9390516Z         <Coroutine test_g_stock_3_deliver_writes_three_units_once>
2026-10-07T01:21:00.9391279Z       <Module test_guard_stock_tracking.py>
2026-10-07T01:21:00.9391979Z         <Coroutine test_g_stock_4_wb_done_never_writes_off>
2026-10-07T01:21:00.9392749Z     <Module test_address_storage_cross_system.py>
2026-10-07T01:21:00.9393675Z       <Coroutine test_tenant_without_address_storage_never_needs_or_sees_a_cell>
2026-10-07T01:21:00.9394559Z     <Module test_agent_seller_rls.py>
2026-10-07T01:21:00.9395315Z       <Function test_spec_matches_models_and_has_no_cycles>
2026-10-07T01:21:00.9396341Z       <Function test_every_listed_table_gets_rls_and_exactly_one_policy_for_the_role>
2026-10-07T01:21:00.9397302Z       <Function test_role_attributes_are_minimal>
2026-10-07T01:21:00.9398559Z       <Function test_each_role_sees_exactly_its_own_rows_in_every_allowed_table[S1]>
2026-10-07T01:21:00.9400204Z       <Function test_each_role_sees_exactly_its_own_rows_in_every_allowed_table[S2]>
2026-10-07T01:21:00.9401418Z       <Function test_each_role_sees_exactly_its_own_rows_in_every_allowed_table[S3]>
2026-10-07T01:21:00.9402682Z       <Function test_each_role_sees_exactly_its_own_rows_in_every_allowed_table[S1b]>
2026-10-07T01:21:00.9403820Z       <Function test_conflicting_and_orphan_rows_are_visible_to_nobody>
2026-10-07T01:21:00.9404884Z       <Function test_tables_outside_the_list_and_secret_columns_are_denied>
2026-10-07T01:21:00.9406002Z       <Function test_where_join_union_subquery_aggregate_never_show_foreign_rows>
2026-10-07T01:21:00.9407190Z       <Function test_escape_and_write_attempts_fail[SET ROLE postgres-permission denied]>
2026-10-07T01:21:00.9410227Z       <Function test_escape_and_write_attempts_fail[SET ROLE {other}-permission denied]>
2026-10-07T01:21:00.9411725Z       <Function test_escape_and_write_attempts_fail[SET SESSION AUTHORIZATION postgres-permission denied]>
2026-10-07T01:21:00.9413367Z       <Function test_escape_and_write_attempts_fail[SELECT set_config('role', 'postgres', false)-permission denied]>
2026-10-07T01:21:00.9414922Z       <Function test_escape_and_write_attempts_fail[RESET ROLE; SET ROLE wms_agent_ro-permission denied]>
2026-10-07T01:21:00.9416472Z       <Function test_escape_and_write_attempts_fail[SELECT pg_read_file('/etc/passwd')-permission denied]>
2026-10-07T01:21:00.9418409Z       <Function test_escape_and_write_attempts_fail[SELECT lo_import('/etc/passwd')-permission denied]>
2026-10-07T01:21:00.9419957Z       <Function test_escape_and_write_attempts_fail[COPY products TO '/tmp/leak.csv'-permission denied]>
2026-10-07T01:21:00.9420798Z       <Function test_escape_and_write_attempts_fail[COPY products TO PROGRAM 'id'-permission denied]>
2026-10-07T01:21:00.9421932Z       <Function test_escape_and_write_attempts_fail[SELECT * FROM pg_authid-permission denied]>
2026-10-07T01:21:00.9423460Z       <Function test_escape_and_write_attempts_fail[SELECT public.leak_all_products()-permission denied]>
2026-10-07T01:21:00.9424373Z       <Function test_escape_and_write_attempts_fail[SELECT * FROM public.v_all_products-permission denied]>
2026-10-07T01:21:00.9425230Z       <Function test_escape_and_write_attempts_fail[INSERT INTO products (id) VALUES (gen_random_uuid())-permission denied]>
2026-10-07T01:21:00.9426247Z       <Function test_escape_and_write_attempts_fail[UPDATE products SET id = id-permission denied]>
2026-10-07T01:21:00.9426948Z       <Function test_escape_and_write_attempts_fail[DELETE FROM products-permission denied]>
2026-10-07T01:21:00.9427608Z       <Function test_escape_and_write_attempts_fail[TRUNCATE products-permission denied]>
2026-10-07T01:21:00.9429095Z       <Function test_escape_and_write_attempts_fail[CREATE TABLE public.leak (a int)-permission denied]>
2026-10-07T01:21:00.9430369Z       <Function test_escape_and_write_attempts_fail[DROP TABLE products-must be owner]>
2026-10-07T01:21:00.9431265Z       <Function test_escape_and_write_attempts_fail[ALTER TABLE products DISABLE ROW LEVEL SECURITY-must be owner]>
2026-10-07T01:21:00.9432068Z       <Function test_escape_and_write_attempts_fail[DROP POLICY agent_{hex} ON products-must be owner]>
2026-10-07T01:21:00.9432848Z       <Function test_escape_and_write_attempts_fail[GRANT SELECT ON products TO PUBLIC-permission denied]>
2026-10-07T01:21:00.9433589Z       <Function test_escape_and_write_attempts_fail[ALTER ROLE {me} BYPASSRLS-permission denied]>
2026-10-07T01:21:00.9434289Z       <Function test_escape_and_write_attempts_fail[ALTER ROLE {me} SUPERUSER-permission denied]>
2026-10-07T01:21:00.9435032Z       <Function test_escape_and_write_attempts_fail[CREATE ROLE evil-permission denied]>
2026-10-07T01:21:00.9436781Z       <Function test_escape_and_write_attempts_fail[SET default_transaction_read_only = off; INSERT INTO products (id) VALUES (gen_random_uuid())-permission denied]>
2026-10-07T01:21:00.9439050Z       <Function test_escape_and_write_attempts_fail[BEGIN READ WRITE; DELETE FROM products; COMMIT-permission denied]>
2026-10-07T01:21:00.9439952Z       <Function test_escape_and_write_attempts_fail[SELECT dblink('x', 'y')-does not exist]>
2026-10-07T01:21:00.9440875Z       <Function test_writes_are_denied_by_privileges_even_when_the_read_only_setting_is_switched_off[INSERT INTO products (id) VALUES (gen_random_uuid())]>
2026-10-07T01:21:00.9441927Z       <Function test_writes_are_denied_by_privileges_even_when_the_read_only_setting_is_switched_off[UPDATE products SET id = id]>
2026-10-07T01:21:00.9442850Z       <Function test_writes_are_denied_by_privileges_even_when_the_read_only_setting_is_switched_off[DELETE FROM products]>
2026-10-07T01:21:00.9443742Z       <Function test_writes_are_denied_by_privileges_even_when_the_read_only_setting_is_switched_off[TRUNCATE products]>
2026-10-07T01:21:00.9444674Z       <Function test_writes_are_denied_by_privileges_even_when_the_read_only_setting_is_switched_off[CREATE TABLE public.leak (a int)]>
2026-10-07T01:21:00.9445605Z       <Function test_writes_are_denied_by_privileges_even_when_the_read_only_setting_is_switched_off[CREATE SCHEMA leak]>
2026-10-07T01:21:00.9446660Z       <Function test_writes_are_denied_by_privileges_even_when_the_read_only_setting_is_switched_off[CREATE FUNCTION public.f() RETURNS int LANGUAGE sql AS 'select 1']>
2026-10-07T01:21:00.9447888Z       <Function test_writes_are_denied_by_privileges_even_when_the_read_only_setting_is_switched_off[INSERT INTO inventory_balances (id) VALUES (gen_random_uuid())]>
2026-10-07T01:21:00.9450249Z       <Function test_writes_are_denied_by_privileges_even_when_the_read_only_setting_is_switched_off[UPDATE sellers SET name = 'x']>
2026-10-07T01:21:00.9451986Z       <Function test_writes_are_denied_by_privileges_even_when_the_read_only_setting_is_switched_off[DELETE FROM fbs_orders]>
2026-10-07T01:21:00.9452901Z       <Function test_row_security_cannot_be_switched_off_to_widen_the_view>
2026-10-07T01:21:00.9453395Z       <Function test_temp_tables_do_not_shadow_or_widen>
2026-10-07T01:21:00.9453844Z       <Function test_postgres_and_shared_role_keep_their_access>
2026-10-07T01:21:00.9454362Z       <Function test_catalog_and_security_definer_functions_are_not_a_leak>
2026-10-07T01:21:00.9454855Z       <Function test_stock_by_article_is_only_the_sellers_own>
2026-10-07T01:21:00.9455399Z       <Function test_ensure_is_idempotent_and_new_tables_are_not_granted_automatically>
2026-10-07T01:21:00.9456192Z       <Function test_missing_table_or_column_in_the_database_is_skipped_not_guessed>
2026-10-07T01:21:00.9456759Z       <Function test_generator_validates_inputs_and_hides_secret_names>
2026-10-07T01:21:00.9457260Z       <Function test_gateway_refuses_everything_but_the_three_forms[]>
2026-10-07T01:21:00.9457771Z       <Function test_gateway_refuses_everything_but_the_three_forms[ls]>
2026-10-07T01:21:00.9458961Z       <Function test_gateway_refuses_everything_but_the_three_forms[sql wms_agent_ro]>
2026-10-07T01:21:00.9460109Z       <Function test_gateway_refuses_everything_but_the_three_forms[sql postgres]>
2026-10-07T01:21:00.9461249Z       <Function test_gateway_refuses_everything_but_the_three_forms[sql wms_agent_s_XYZ]>
2026-10-07T01:21:00.9462621Z       <Function test_gateway_refuses_everything_but_the_three_forms[sql wms_agent_s_aaaaaaaaaaaaaaaaaaaaaaaaaaaaaaa]>
2026-10-07T01:21:00.9463506Z       <Function test_gateway_refuses_everything_but_the_three_forms[sql wms_agent_s_aaaaaaaaaaaaaaaaaaaaaaaaaaaaaaaaa]>
2026-10-07T01:21:00.9464419Z       <Function test_gateway_refuses_everything_but_the_three_forms[sql wms_agent_s_aaaaaaaaaaaaaaaaaaaaaaaaaaaaaaaa extra]>
2026-10-07T01:21:00.9465335Z       <Function test_gateway_refuses_everything_but_the_three_forms[sql wms_agent_s_aaaaaaaaaaaaaaaaaaaaaaaaaaaaaaaa; ls]>
2026-10-07T01:21:00.9466080Z       <Function test_gateway_refuses_everything_but_the_three_forms[ensure-seller]>
2026-10-07T01:21:00.9466703Z       <Function test_gateway_refuses_everything_but_the_three_forms[ensure-seller xyz]>
2026-10-07T01:21:00.9467607Z       <Function test_gateway_refuses_everything_but_the_three_forms[ensure-seller 11111111-1111-1111-1111-111111111111; ls]>
2026-10-07T01:21:00.9468906Z       <Function test_gateway_refuses_everything_but_the_three_forms[find-seller]>
2026-10-07T01:21:00.9470013Z       <Function test_gateway_refuses_everything_but_the_three_forms[find-seller a]>
2026-10-07T01:21:00.9474398Z       <Function test_gateway_refuses_everything_but_the_three_forms[find-seller \u044f\u044f\u044f\u044f\u044f\u044f\u044f\u044f\u044f\u044f\u044f\u044f\u044f\u044f\u044f\u044f\u044f\u044f\u044f\u044f\u044f\u044f\u044f\u044f\u044f\u044f\u044f\u044f\u044f\u044f\u044f\u044f\u044f\u044f\u044f\u044f\u044f\u044f\u044f\u044f\u044f\u044f\u044f\u044f\u044f\u044f\u044f\u044f\u044f\u044f\u044f\u044f\u044f\u044f\u044f\u044f\u044f\u044f\u044f\u044f\u044f\u044f\u044f\u044f\u044f\u044f\u044f\u044f\u044f\u044f\u044f\u044f\u044f\u044f\u044f\u044f\u044f\u044f\u044f\u044f\u044f]>
2026-10-07T01:21:00.9476580Z       <Function test_gateway_refuses_everything_but_the_three_forms[find-seller x'; DROP TABLE sellers;--]>
2026-10-07T01:21:00.9477273Z       <Function test_gateway_refuses_everything_but_the_three_forms[find-seller a%]>
2026-10-07T01:21:00.9478472Z       <Function test_gateway_refuses_everything_but_the_three_forms[find-seller `id`]>
2026-10-07T01:21:00.9479643Z       <Function test_gateway_refuses_everything_but_the_three_forms[find-seller $(id)]>
2026-10-07T01:21:00.9480802Z       <Function test_gateway_refuses_everything_but_the_three_forms[find-seller a\\b]>
2026-10-07T01:21:00.9481897Z       <Function test_gateway_refuses_everything_but_the_three_forms[bash -c id]>
2026-10-07T01:21:00.9482772Z       <Function test_gateway_refuses_everything_but_the_three_forms[sql  wms_agent_s_aaaaaaaaaaaaaaaaaaaaaaaaaaaaaaaa]>
2026-10-07T01:21:00.9484086Z       <Function test_gateway_refuses_everything_but_the_three_forms[SQL wms_agent_s_aaaaaaaaaaaaaaaaaaaaaaaaaaaaaaaa]>
2026-10-07T01:21:00.9485463Z       <Function test_gateway_refuses_everything_but_the_three_forms[find-seller\tabc]>
2026-10-07T01:21:00.9486549Z       <Function test_gateway_sql_runs_under_the_sellers_role_and_returns_csv>
2026-10-07T01:21:00.9487687Z       <Function test_gateway_find_seller_is_injection_safe_and_shows_both_same_name_candidates>
2026-10-07T01:21:00.9488917Z       <Function test_gateway_ensure_unknown_seller_is_refused>
2026-10-07T01:21:00.9489946Z       <Function test_psql_meta_commands_never_reach_psql_through_the_gateway>
2026-10-07T01:21:00.9490596Z       <Function test_gateway_passes_the_query_by_dash_c_so_input_cannot_become_a_meta_command>
2026-10-07T01:21:00.9491259Z       <Function test_non_utf8_and_oversized_stdin_are_refused_without_running_psql>
2026-10-07T01:21:00.9491848Z       <Function test_gateway_contract_matches_the_client_validator_on_one_corpus>
2026-10-07T01:21:00.9492413Z       <Function test_big_stdout_is_cut_by_budget_and_the_next_query_still_works>
2026-10-07T01:21:00.9492939Z       <Function test_multibyte_field_is_cut_on_a_character_boundary>
2026-10-07T01:21:00.9493447Z       <Function test_big_stderr_is_discarded_and_the_error_is_sanitised>
2026-10-07T01:21:00.9493975Z       <Function test_gateway_run_bounded_kills_a_silent_process_on_timeout>
2026-10-07T01:21:00.9494559Z       <Function test_gateway_run_bounded_does_not_hang_on_a_noisy_stderr_and_cuts_stdout>
2026-10-07T01:21:00.9495136Z       <Function test_error_text_returned_by_the_gateway_has_no_data_values>
2026-10-07T01:21:00.9495842Z       <Function test_any_dollar_sign_is_refused_before_psql_and_nothing_is_executed[SELECT 1 AS a$$; SELECT 2 AS b$$]>
2026-10-07T01:21:00.9496706Z       <Function test_any_dollar_sign_is_refused_before_psql_and_nothing_is_executed[SELECT 1 AS a$tag$; SELECT 2 AS b$tag$]>
2026-10-07T01:21:00.9498231Z       <Function test_any_dollar_sign_is_refused_before_psql_and_nothing_is_executed[EXPLAIN SELECT 1 AS a$$; COMMIT; SET default_transaction_read_only=off; ALTER ROLE CURRENT_USER SET statement_timeout=0; SELECT 2 AS b$$]>
2026-10-07T01:21:00.9500694Z       <Function test_any_dollar_sign_is_refused_before_psql_and_nothing_is_executed[EXPLAIN SELECT 1 AS a$x$; COMMIT; ALTER ROLE CURRENT_USER SET statement_timeout=0; SELECT 2 AS b$x$]>
2026-10-07T01:21:00.9501850Z       <Function test_any_dollar_sign_is_refused_before_psql_and_nothing_is_executed[SELECT $1]>
2026-10-07T01:21:00.9502632Z       <Function test_any_dollar_sign_is_refused_before_psql_and_nothing_is_executed[SELECT '$']>
2026-10-07T01:21:00.9503325Z       <Function test_any_dollar_sign_is_refused_before_psql_and_nothing_is_executed[SELECT $$x$$]>
2026-10-07T01:21:00.9504082Z       <Function test_any_dollar_sign_is_refused_before_psql_and_nothing_is_executed[SELECT "a$b" FROM products]>
2026-10-07T01:21:00.9504832Z       <Function test_any_dollar_sign_is_refused_before_psql_and_nothing_is_executed[SELECT 1 AS a$]>
2026-10-07T01:21:00.9505515Z       <Function test_second_statement_in_any_form_is_refused[SELECT 1 AS a; SELECT 2 AS b]>
2026-10-07T01:21:00.9506586Z       <Function test_second_statement_in_any_form_is_refused[EXPLAIN SELECT 1; COMMIT]>
2026-10-07T01:21:00.9507311Z       <Function test_second_statement_in_any_form_is_refused[SELECT 1;;SELECT 2]>
2026-10-07T01:21:00.9508244Z       <Function test_second_statement_in_any_form_is_refused[SELECT 'x'; SET default_transaction_read_only=off]>
2026-10-07T01:21:00.9508912Z       <Function test_second_statement_in_any_form_is_refused[COMMIT]>
2026-10-07T01:21:00.9509574Z       <Function test_second_statement_in_any_form_is_refused[ALTER ROLE CURRENT_USER SET statement_timeout=0]>
2026-10-07T01:21:00.9510301Z       <Function test_normal_select_with_explain_still_work_and_a_semicolon_in_a_string_is_data>
2026-10-07T01:21:00.9511420Z       <Function test_session_settings_override_a_tampered_role_and_ensure_restores_the_role>
2026-10-07T01:21:00.9512176Z       <Function test_gateway_session_guard_uses_a_connection_string_not_the_environment>
2026-10-07T01:21:00.9512776Z       <Function test_repeat_ensure_on_the_current_version_takes_no_table_locks>
2026-10-07T01:21:00.9513416Z       <Function test_first_ensure_waits_about_two_seconds_then_rolls_back_without_partial_policies>
2026-10-07T01:21:00.9514035Z       <Function test_other_queries_are_not_queued_behind_a_blocked_ensure>
2026-10-07T01:21:00.9514590Z       <Function test_policies_are_recreated_only_when_the_policy_version_changes>
2026-10-07T01:21:00.9515487Z       <Function test_role_settings_are_reapplied_on_every_ensure_even_when_current>
2026-10-07T01:21:00.9516429Z       <Function test_rendered_script_has_lock_and_statement_timeouts_first>
2026-10-07T01:21:00.9516976Z       <Function test_enable_rls_and_policies_are_emitted_only_where_missing>
2026-10-07T01:21:00.9517558Z       <Function test_current_label_with_disabled_rls_is_repaired_not_reported_unchanged>
2026-10-07T01:21:00.9518276Z       <Function test_current_label_with_a_deleted_own_policy_is_repaired>
2026-10-07T01:21:00.9518807Z       <Function test_current_label_with_a_deleted_shared_policy_is_repaired>
2026-10-07T01:21:00.9519937Z       <Function test_current_branch_still_does_not_wait_for_a_held_lock_when_everything_is_in_place>
2026-10-07T01:21:00.9520651Z       <Function test_widening_the_secret_rule_revokes_a_previously_granted_column>
2026-10-07T01:21:00.9521300Z       <Function test_tenant_spec_matches_models_and_every_tenant_table_has_an_explicit_decision>
2026-10-07T01:21:00.9521967Z       <Function test_tenant_roles_are_minimal_and_every_listed_table_has_exactly_one_policy>
2026-10-07T01:21:00.9522639Z       <Function test_tenant_role_sees_exactly_its_tenant_rows_in_every_table_of_the_list[T1]>
2026-10-07T01:21:00.9523638Z       <Function test_tenant_role_sees_exactly_its_tenant_rows_in_every_table_of_the_list[T2]>
2026-10-07T01:21:00.9524491Z       <Function test_tenant_roles_never_overlap_and_see_all_sellers_of_their_own_tenant>
2026-10-07T01:21:00.9525127Z       <Function test_tenant_role_denies_credentials_secrets_and_everything_outside_the_list>
2026-10-07T01:21:00.9525763Z       <Function test_tenant_role_escape_and_cross_tenant_attempts_show_nothing_foreign>
2026-10-07T01:21:00.9526551Z       <Function test_seller_and_tenant_roles_coexist_on_the_same_tables_with_their_own_policies>
2026-10-07T01:21:00.9527235Z       <Function test_gateway_sql_under_the_tenant_role_and_ensure_is_idempotent>
2026-10-07T01:21:00.9528088Z       <Function test_gateway_refuses_malformed_tenant_commands[ensure-tenant]>
2026-10-07T01:21:00.9528689Z       <Function test_gateway_refuses_malformed_tenant_commands[ensure-tenant xyz]>
2026-10-07T01:21:00.9529411Z       <Function test_gateway_refuses_malformed_tenant_commands[ensure-tenant 11111111-1111-1111-1111-111111111111; ls]>
2026-10-07T01:21:00.9530100Z       <Function test_gateway_refuses_malformed_tenant_commands[find-tenant]>
2026-10-07T01:21:00.9530651Z       <Function test_gateway_refuses_malformed_tenant_commands[find-tenant a]>
2026-10-07T01:21:00.9531222Z       <Function test_gateway_refuses_malformed_tenant_commands[find-tenant `id`]>
2026-10-07T01:21:00.9532058Z       <Function test_gateway_refuses_malformed_tenant_commands[find-tenant $(id)]>
2026-10-07T01:21:00.9532936Z       <Function test_gateway_refuses_malformed_tenant_commands[find-tenant a\\b]>
2026-10-07T01:21:00.9533519Z       <Function test_gateway_refuses_malformed_tenant_commands[sql wms_agent_t_XYZ]>
2026-10-07T01:21:00.9534247Z       <Function test_gateway_refuses_malformed_tenant_commands[sql wms_agent_t_aaaaaaaaaaaaaaaaaaaaaaaaaaaaaaa]>
2026-10-07T01:21:00.9535075Z       <Function test_gateway_refuses_malformed_tenant_commands[sql wms_agent_x_aaaaaaaaaaaaaaaaaaaaaaaaaaaaaaaa]>
2026-10-07T01:21:00.9536353Z       <Function test_gateway_refuses_malformed_tenant_commands[sql wms_agent_t_aaaaaaaaaaaaaaaaaaaaaaaaaaaaaaaa; ls]>
2026-10-07T01:21:00.9537427Z       <Function test_gateway_refuses_malformed_tenant_commands[ENSURE-TENANT 11111111-1111-1111-1111-111111111111]>
2026-10-07T01:21:00.9538421Z       <Function test_find_tenant_ranks_by_words_counts_sellers_and_is_injection_safe>
2026-10-07T01:21:00.9539007Z       <Function test_tenant_ensure_under_a_held_lock_behaves_like_the_seller_one>
2026-10-07T01:21:00.9539485Z     <Module test_artmaks_cell_qr_mapping.py>
2026-10-07T01:21:00.9540116Z       <Function test_csv_bom_header_and_duplicates>
2026-10-07T01:21:00.9540686Z     <Module test_auth.py>
2026-10-07T01:21:00.9541152Z       <Coroutine test_same_email_has_separate_ff_and_seller_logins>
2026-10-07T01:21:00.9541913Z       <Coroutine test_ff_registration_accepts_existing_seller_email>
2026-10-07T01:21:00.9542331Z       <Coroutine test_register_login_me>
2026-10-07T01:21:00.9542713Z       <Coroutine test_register_creates_default_warehouse>
2026-10-07T01:21:00.9543102Z       <Coroutine test_register_duplicate_slug>
2026-10-07T01:21:00.9543560Z       <Coroutine test_register_duplicate_email_rolls_back_new_organization>
2026-10-07T01:21:00.9543997Z     <Module test_auth_email_links.py>
2026-10-07T01:21:00.9544381Z       <Coroutine test_public_registration_closed_by_default>
2026-10-07T01:21:00.9544812Z       <Coroutine test_invite_link_sets_password_and_logs_in>
2026-10-07T01:21:00.9545611Z       <Coroutine test_invite_link_works_once>
2026-10-07T01:21:00.9546184Z       <Coroutine test_link_rechecks_password_after_concurrent_change>
2026-10-07T01:21:00.9546620Z       <Coroutine test_password_reset_flow>
2026-10-07T01:21:00.9547032Z       <Coroutine test_password_reset_request_hides_unknown_email>
2026-10-07T01:21:00.9547485Z       <Coroutine test_broken_and_expired_links_rejected>
2026-10-07T01:21:00.9548188Z       <Coroutine test_admin_resends_invite_only_inside_own_tenant>
2026-10-07T01:21:00.9548629Z     <Module test_backfill_fbs_order_facts.py>
2026-10-07T01:21:00.9549198Z       <Coroutine test_apply_preserves_accounted_fact_dates_and_invoice_sources[issued-unbilled_charge]>
2026-10-07T01:21:00.9549930Z       <Coroutine test_apply_preserves_accounted_fact_dates_and_invoice_sources[issued-legacy]>
2026-10-07T01:21:00.9550624Z       <Coroutine test_apply_preserves_accounted_fact_dates_and_invoice_sources[issued-v2_ledger]>
2026-10-07T01:21:00.9551888Z       <Coroutine test_apply_preserves_accounted_fact_dates_and_invoice_sources[issued-v2_fact]>
2026-10-07T01:21:00.9553135Z       <Coroutine test_apply_preserves_accounted_fact_dates_and_invoice_sources[cancelled-unbilled_charge]>
2026-10-07T01:21:00.9553922Z       <Coroutine test_apply_preserves_accounted_fact_dates_and_invoice_sources[cancelled-legacy]>
2026-10-07T01:21:00.9554643Z       <Coroutine test_apply_preserves_accounted_fact_dates_and_invoice_sources[cancelled-v2_ledger]>
2026-10-07T01:21:00.9555360Z       <Coroutine test_apply_preserves_accounted_fact_dates_and_invoice_sources[cancelled-v2_fact]>
2026-10-07T01:21:00.9555960Z       <Coroutine test_unaccounted_fact_dates_dry_run_and_apply[False]>
2026-10-07T01:21:00.9556462Z       <Coroutine test_unaccounted_fact_dates_dry_run_and_apply[True]>
2026-10-07T01:21:00.9557112Z       <Coroutine test_billing_backfill_uses_handover_period_not_old_fact_date[False]>
2026-10-07T01:21:00.9558410Z       <Coroutine test_billing_backfill_uses_handover_period_not_old_fact_date[True]>
2026-10-07T01:21:00.9559131Z       <Coroutine test_backfill_uses_persisted_handover_and_ignores_unconfirmed_import[in_delivery-False]>
2026-10-07T01:21:00.9559903Z       <Coroutine test_backfill_uses_persisted_handover_and_ignores_unconfirmed_import[in_delivery-True]>
2026-10-07T01:21:00.9561057Z       <Coroutine test_backfill_uses_persisted_handover_and_ignores_unconfirmed_import[sorted-True]>
2026-10-07T01:21:00.9561806Z       <Coroutine test_backfill_uses_persisted_handover_and_ignores_unconfirmed_import[sorted-False]>
2026-10-07T01:21:00.9562513Z       <Coroutine test_backfill_uses_persisted_handover_and_ignores_unconfirmed_import[done-False]>
2026-10-07T01:21:00.9563241Z       <Coroutine test_backfill_uses_persisted_handover_and_ignores_unconfirmed_import[cancelled-True]>
2026-10-07T01:21:00.9564236Z       <Coroutine test_backfill_uses_persisted_handover_and_ignores_unconfirmed_import[defect-True]>
2026-10-07T01:21:00.9565170Z       <Coroutine test_redating_commits_at_batch_boundary_without_new_facts>
2026-10-07T01:21:00.9565612Z     <Module test_background_jobs.py>
2026-10-07T01:21:00.9565979Z       <Coroutine test_background_job_movements_digest>
2026-10-07T01:21:00.9566361Z     <Module test_billing_configuration_api.py>
2026-10-07T01:21:00.9566905Z       <Coroutine test_billing_configuration_api_validates_profiles_tariffs_and_tenant_boundary>
2026-10-07T01:21:00.9567686Z       <Coroutine test_tariff_matrix_api_is_explicit_tenant_scoped_and_atomic>
2026-10-07T01:21:00.9568929Z       <Coroutine test_tariff_matrix_api_returns_and_atomically_persists_full_versioned_draft>
2026-10-07T01:21:00.9569649Z       <Coroutine test_tariff_matrix_api_persists_product_and_employee_rates_without_cross_tenant_leak>
2026-10-07T01:21:00.9570349Z       <Coroutine test_tariff_matrix_rate_edit_closes_old_interval_and_rejects_document_rate>
2026-10-07T01:21:00.9570970Z       <Function test_matrix_out_uses_interval_active_common_not_a_future_version>
2026-10-07T01:21:00.9571575Z       <Coroutine test_creating_covering_tariffs_reprices_unpriced_entries_in_kopecks>
2026-10-07T01:21:00.9572719Z       <Coroutine test_tariff_and_repricing_overflow_are_rejected_without_partial_state>
2026-10-07T01:21:00.9573745Z       <Coroutine test_document_tariff_api_rejection_does_not_activate_or_change_billing[inbound]>
2026-10-07T01:21:00.9574497Z       <Coroutine test_document_tariff_api_rejection_does_not_activate_or_change_billing[marketplace_outbound]>
2026-10-07T01:21:00.9575093Z     <Module test_billing_configuration_service.py>
2026-10-07T01:21:00.9575530Z       <Function test_validate_inn_accepts_valid_twelve_digit_inn>
2026-10-07T01:21:00.9576508Z       <Function test_validate_inn_rejects_invalid_twelve_digit_inn_with_domain_error>
2026-10-07T01:21:00.9577019Z       <Coroutine test_tariff_versions_cannot_overlap>
2026-10-07T01:21:00.9577520Z       <Coroutine test_first_tariff_explicitly_activates_billing_from_its_start_date>
2026-10-07T01:21:00.9578345Z       <Coroutine test_tariff_rejects_unknown_service_and_invalid_unit_pair>
2026-10-07T01:21:00.9579078Z       <Coroutine test_ff_profile_rejects_whitespace_only_bank_details>
2026-10-07T01:21:00.9579648Z       <Coroutine test_document_tariff_is_rejected_before_any_database_access[inbound]>
2026-10-07T01:21:00.9580320Z       <Coroutine test_document_tariff_is_rejected_before_any_database_access[marketplace_outbound]>
2026-10-07T01:21:00.9580876Z     <Module test_billing_financial_core_migration.py>
2026-10-07T01:21:00.9581371Z       <Function test_billing_financial_core_is_in_the_single_alembic_lineage>
2026-10-07T01:21:00.9582204Z       <Function test_billing_financial_core_migration_creates_only_shared_billing_tables>
2026-10-07T01:21:00.9583315Z       <Function test_billing_invoice_number_is_unique_inside_tenant_only>
2026-10-07T01:21:00.9584001Z       <Function test_billing_models_store_money_as_kopecks_and_format_it_as_rubles>
2026-10-07T01:21:00.9584468Z     <Module test_billing_invoice_api.py>
2026-10-07T01:21:00.9584975Z       <Coroutine test_billing_http_parallel_form_uses_date_alias_and_keeps_document_snapshot>
2026-10-07T01:21:00.9585582Z       <Coroutine test_invoice_numbers_are_tenant_scoped_for_two_tenants>
2026-10-07T01:21:00.9586113Z       <Coroutine test_form_invoice_returns_empty_for_a_month_without_charges>
2026-10-07T01:21:00.9586643Z       <Coroutine test_form_invoice_api_returns_missing_ff_profile_reason>
2026-10-07T01:21:00.9587169Z       <Coroutine test_form_invoice_api_returns_missing_seller_profile_reason>
2026-10-07T01:21:00.9587811Z       <Coroutine test_billing_ledger_reversal_keeps_original_document_reference>
2026-10-07T01:21:00.9589059Z       <Coroutine test_form_invoice_keeps_unpriced_charge_as_blocking_reason>
2026-10-07T01:21:00.9589827Z       <Coroutine test_invoice_list_hides_resolved_and_nonblocking_run_issues>
2026-10-07T01:21:00.9590336Z     <Module test_billing_invoice_cross_format_duplicates.py>
2026-10-07T01:21:00.9590862Z       <Coroutine test_cross_format_overlap_is_atomic_and_cancel_releases[legacy]>
2026-10-07T01:21:00.9591426Z       <Coroutine test_cross_format_overlap_is_atomic_and_cancel_releases[v2]>
2026-10-07T01:21:00.9591905Z       <Coroutine test_storage_cancel_releases_same_days>
2026-10-07T01:21:00.9592477Z       <Coroutine test_postgres_concurrent_writers_recheck_after_shared_lock[storage-storage]>
2026-10-07T01:21:00.9593135Z       <Coroutine test_postgres_concurrent_writers_recheck_after_shared_lock[legacy-v2]>
2026-10-07T01:21:00.9594324Z       <Coroutine test_postgres_concurrent_writers_recheck_after_shared_lock[v2-legacy]>
2026-10-07T01:21:00.9594942Z     <Module test_billing_invoice_service.py>
2026-10-07T01:21:00.9595386Z       <Coroutine test_form_invoice_blocks_unpriced_with_one_current_issue>
2026-10-07T01:21:00.9595955Z       <Coroutine test_form_invoice_keeps_operational_overflow_as_a_hard_blocker>
2026-10-07T01:21:00.9596526Z       <Coroutine test_form_invoice_uses_shared_document_number_for_each_seller>
2026-10-07T01:21:00.9597090Z       <Coroutine test_form_invoice_uses_moscow_date_for_invoice_line_documents>
2026-10-07T01:21:00.9597821Z       <Coroutine test_form_invoice_returns_incomplete_seller_profile_reason_without_ff_reason>
2026-10-07T01:21:00.9598928Z       <Coroutine test_form_invoice_returns_ff_profile_reason_without_seller_reason>
2026-10-07T01:21:00.9599481Z       <Coroutine test_form_invoice_returns_each_missing_profile_reason>
2026-10-07T01:21:00.9599999Z       <Coroutine test_empty_month_is_not_persisted_as_blocking_issue>
2026-10-07T01:21:00.9600527Z       <Coroutine test_existing_invoice_clears_stale_issues_without_duplicate>
2026-10-07T01:21:00.9601151Z       <Coroutine test_storage_barrier_requires_fixed_published_statement_for_both_warehouses>
2026-10-07T01:21:00.9602290Z       <Coroutine test_storage_barrier_accepts_zero_and_measured_published_statements>
2026-10-07T01:21:00.9603190Z     <Module test_billing_invoice_shipment_selection.py>
2026-10-07T01:21:00.9603681Z       <Coroutine test_confirmed_no_gate_deduplicates_preserves_calculation>
2026-10-07T01:21:00.9604184Z       <Coroutine test_missing_price_requires_explicit_total>
2026-10-07T01:21:00.9604772Z       <Coroutine test_source_and_amount_guards[unconfirmed]>
2026-10-07T01:21:00.9605198Z       <Coroutine test_source_and_amount_guards[period]>
2026-10-07T01:21:00.9605591Z       <Coroutine test_source_and_amount_guards[seller]>
2026-10-07T01:21:00.9605989Z       <Coroutine test_source_and_amount_guards[negative]>
2026-10-07T01:21:00.9606404Z       <Coroutine test_source_and_amount_guards[overflow]>
2026-10-07T01:21:00.9606969Z       <Coroutine test_ozon_confirmed_without_local_handover_remains_invoiceable[fbs_order-ledger]>
2026-10-07T01:21:00.9607677Z       <Coroutine test_ozon_confirmed_without_local_handover_remains_invoiceable[fbs_order-source]>
2026-10-07T01:21:00.9608681Z       <Coroutine test_ozon_confirmed_without_local_handover_remains_invoiceable[packing-ledger]>
2026-10-07T01:21:00.9609373Z       <Coroutine test_ozon_confirmed_without_local_handover_remains_invoiceable[packing-source]>
2026-10-07T01:21:00.9609974Z       <Coroutine test_manual_description_cannot_hide_money[0.00-manual]>
2026-10-07T01:21:00.9610543Z       <Coroutine test_manual_description_cannot_hide_money[0.00-selected_operations]>
2026-10-07T01:21:00.9611109Z       <Coroutine test_manual_description_cannot_hide_money[1.00-manual]>
2026-10-07T01:21:00.9611662Z       <Coroutine test_manual_description_cannot_hide_money[1.00-selected_operations]>
2026-10-07T01:21:00.9612226Z       <Coroutine test_saved_unknown_calculation_survives_ledger_reprice>
2026-10-07T01:21:00.9612652Z     <Module test_billing_invoice_v2_api.py>
2026-10-07T01:21:00.9613081Z       <Coroutine test_manual_invoice_v2_preview_save_retry_and_cancel>
2026-10-07T01:21:00.9613613Z       <Coroutine test_manual_invoice_v2_rejects_decimal_float_and_missing_key>
2026-10-07T01:21:00.9614203Z       <Coroutine test_selected_operations_invoice_uses_whole_charge_reversal_chain>
2026-10-07T01:21:00.9614800Z       <Coroutine test_invoice_history_merges_legacy_and_v2_without_losing_documents>
2026-10-07T01:21:00.9615387Z       <Coroutine test_v2_invoice_marks_the_operation_as_already_billed>
2026-10-07T01:21:00.9615864Z       <Coroutine test_storage_period_cannot_be_invoiced_twice>
2026-10-07T01:21:00.9616379Z       <Coroutine test_selected_operations_invoice_carries_manually_added_lines>
2026-10-07T01:21:00.9616933Z       <Coroutine test_late_evening_utc_operation_belongs_to_the_moscow_day>
2026-10-07T01:21:00.9617613Z       <Coroutine test_p36_return_service_line_labelled_vozvrat_not_raw_code>
2026-10-07T01:21:00.9618292Z     <Module test_billing_invoice_v2_duplicates.py>
2026-10-07T01:21:00.9618804Z       <Coroutine test_overlap_rejected_atomically_cancel_releases_and_history_stays>
2026-10-07T01:21:00.9619373Z       <Coroutine test_postgres_concurrent_issue_waits_then_rechecks[False]>
2026-10-07T01:21:00.9619909Z       <Coroutine test_postgres_concurrent_issue_waits_then_rechecks[True]>
2026-10-07T01:21:00.9620343Z     <Module test_billing_ledger_service.py>
2026-10-07T01:21:00.9620779Z       <Function test_postgres_numeric_validates_finite_precision_and_scale>
2026-10-07T01:21:00.9621303Z       <Coroutine test_operational_charge_without_tariff_is_unpriced>
2026-10-07T01:21:00.9621809Z       <Coroutine test_repeated_operational_charge_returns_existing_entry>
2026-10-07T01:21:00.9622297Z       <Coroutine test_tariff_period_uses_moscow_calendar_date>
2026-10-07T01:21:00.9622806Z       <Coroutine test_operational_charge_accepts_max_postgres_integer_amount>
2026-10-07T01:21:00.9623422Z       <Coroutine test_operational_charge_rejects_rate_times_quantity_overflow_before_write>
2026-10-07T01:21:00.9624047Z       <Coroutine test_operational_charge_before_billing_activation_is_not_recorded>
2026-10-07T01:21:00.9624642Z       <Coroutine test_operational_reversal_preserves_snapshot_and_is_idempotent>
2026-10-07T01:21:00.9625224Z       <Coroutine test_charge_is_created_again_only_after_the_same_fact_is_reversed>
2026-10-07T01:21:00.9625826Z       <Coroutine test_identical_charge_calls_without_reversal_create_one_ledger_entry>
2026-10-07T01:21:00.9626411Z     <Module test_billing_models.py>
2026-10-07T01:21:00.9626820Z       <Function test_billing_ff_profile_index_is_partial_on_sqlite>
2026-10-07T01:21:00.9627375Z       <Function test_billing_unique_indexes_separate_global_and_warehouse_tariff_scopes>
2026-10-07T01:21:00.9628114Z       <Function test_billing_ledger_rejects_duplicate_source_event_and_second_reversal>
2026-10-07T01:21:00.9628599Z     <Module test_billing_piece_tariff.py>
2026-10-07T01:21:00.9629141Z       <Coroutine test_completed_multiline_intake_prices_pieces_once_and_keeps_tenant_scope[legacy]>
2026-10-07T01:21:00.9629861Z       <Coroutine test_completed_multiline_intake_prices_pieces_once_and_keeps_tenant_scope[matrix]>
2026-10-07T01:21:00.9630399Z     <Module test_billing_seller_report_api.py>
2026-10-07T01:21:00.9630940Z       <Coroutine test_wms406_confirmed_handover_drives_both_reports_despite_old_fact_dates[False]>
2026-10-07T01:21:00.9631643Z       <Coroutine test_wms406_confirmed_handover_drives_both_reports_despite_old_fact_dates[True]>
2026-10-07T01:21:00.9632338Z       <Coroutine test_wms406_fbo_shipped_units_define_packing_without_standalone_events[False]>
2026-10-07T01:21:00.9633022Z       <Coroutine test_wms406_fbo_shipped_units_define_packing_without_standalone_events[True]>
2026-10-07T01:21:00.9633646Z       <Coroutine test_wms406_legacy_fbo_packing_and_ozon_contract_remain_visible>
2026-10-07T01:21:00.9634287Z       <Coroutine test_wms406_fbo_existing_unpriced_charge_is_not_zero_or_live_repriced[False]>
2026-10-07T01:21:00.9634951Z       <Coroutine test_wms406_fbo_existing_unpriced_charge_is_not_zero_or_live_repriced[True]>
2026-10-07T01:21:00.9635549Z       <Coroutine test_seller_report_summary_and_details_are_tenant_scoped>
2026-10-07T01:21:00.9636126Z       <Coroutine test_seller_report_rejects_future_and_too_long_period_before_data_read>
2026-10-07T01:21:00.9636773Z       <Coroutine test_details_cursor_keeps_one_storage_row_and_exact_legacy_invoice_history>
2026-10-07T01:21:00.9637411Z       <Coroutine test_finance_off_hides_unpriced_and_openapi_exposes_distinct_shapes>
2026-10-07T01:21:00.9638099Z       <Coroutine test_invoice_history_counts_the_full_charge_reversal_chain>
2026-10-07T01:21:00.9638679Z       <Coroutine test_malformed_same_tenant_invoice_snapshot_makes_history_unknown>
2026-10-07T01:21:00.9639283Z       <Coroutine test_finance_operation_fact_explicitly_nulls_unpriced_and_mixed_rates>
2026-10-07T01:21:00.9639972Z       <Coroutine test_packing_charge_is_visible_and_can_be_invoiced>
2026-10-07T01:21:00.9640452Z       <Coroutine test_seller_with_storage_only_stays_in_the_summary>
2026-10-07T01:21:00.9640914Z       <Coroutine test_reversal_money_lands_on_its_own_document>
2026-10-07T01:21:00.9641456Z       <Coroutine test_wms447_fbs_box_count_lands_in_totals_by_delivered_supply[False]>
2026-10-07T01:21:00.9642049Z       <Coroutine test_wms447_fbs_box_count_lands_in_totals_by_delivered_supply[True]>
2026-10-07T01:21:00.9642611Z       <Coroutine test_wms568_return_items_are_counted_apart_from_inbound>
2026-10-07T01:21:00.9643061Z     <Module test_billing_seller_report_service.py>
2026-10-07T01:21:00.9643610Z       <Function test_exact_storage_interval_clamps_preexisting_stock_to_the_three_day_window>
2026-10-07T01:21:00.9644235Z       <Function test_storage_two_warehouse_total_and_missing_dimension_stay_explicit>
2026-10-07T01:21:00.9644841Z       <Function test_storage_fingerprint_token_is_stable_then_changes_with_source_data>
2026-10-07T01:21:00.9645359Z       <Coroutine test_finance_off_has_physical_shape_only>
2026-10-07T01:21:00.9645762Z     <Module test_billing_storage_tariff_matrix.py>
2026-10-07T01:21:00.9646204Z       <Coroutine test_storage_is_a_matrix_service_with_a_common_rate>
2026-10-07T01:21:00.9646681Z       <Coroutine test_storage_takes_an_individual_seller_rate>
2026-10-07T01:21:00.9647095Z       <Coroutine test_storage_rejects_a_per_item_unit>
2026-10-07T01:21:00.9647489Z       <Coroutine test_storage_is_not_an_employee_rate>
2026-10-07T01:21:00.9648180Z       <Coroutine test_night_prices_storage_by_the_matrix_and_prefers_the_seller_rate>
2026-10-07T01:21:00.9648813Z     <Module test_billing_tariff_matrix.py>
2026-10-07T01:21:00.9649302Z       <Coroutine test_new_tenant_gets_persisted_disabled_matrix_including_storage>
2026-10-07T01:21:00.9649913Z       <Coroutine test_matrix_bootstrap_is_idempotent_and_missing_matrix_is_not_silent>
2026-10-07T01:21:00.9650482Z       <Coroutine test_matrix_service_rejects_rate_overflow_before_writing>
2026-10-07T01:21:00.9651028Z       <Coroutine test_saving_a_matrix_rate_enables_billing_for_the_tenant>
2026-10-07T01:21:00.9651581Z       <Coroutine test_postgresql_two_sessions_accept_exactly_one_matrix_revision>
2026-10-07T01:21:00.9652204Z       <Coroutine test_postgresql_composite_ledger_line_foreign_keys_reject_foreign_tenant>
2026-10-07T01:21:00.9652814Z       <Coroutine test_postgresql_v2_scope_check_rejects_invalid_direct_inserts>
2026-10-07T01:21:00.9653364Z       <Function test_postgresql_0113_isolated_upgrade_downgrade_reupgrade>
2026-10-07T01:21:00.9653928Z       <Coroutine test_matrix_refuses_new_document_rates_but_keeps_reading_old_ones>
2026-10-07T01:21:00.9654408Z     <Module test_billing_tariff_priority.py>
2026-10-07T01:21:00.9654834Z       <Coroutine test_seller_rate_beats_a_common_rate_created_later>
2026-10-07T01:21:00.9655304Z       <Coroutine test_product_rate_beats_seller_and_common>
2026-10-07T01:21:00.9655763Z       <Coroutine test_seller_rate_never_leaks_to_another_seller>
2026-10-07T01:21:00.9656217Z       <Coroutine test_newer_rate_still_wins_inside_one_level>
2026-10-07T01:21:00.9656595Z     <Module test_billing_tasks.py>
2026-10-07T01:21:00.9657017Z       <Coroutine test_already_queued_daily_invoice_task_is_a_db_free_noop>
2026-10-07T01:21:00.9657485Z       <Function test_beat_has_no_automatic_invoice_task>
2026-10-07T01:21:00.9658018Z     <Module test_bootstrap_billing_tariff_matrix.py>
2026-10-07T01:21:00.9658522Z       <Coroutine test_bootstrap_matrix_creation_is_idempotent_for_existing_tenant>
2026-10-07T01:21:00.9658988Z     <Module test_box_barcode_service.py>
2026-10-07T01:21:00.9659439Z       <Function test_generated_box_barcodes_are_wb_compatible_and_unique[WHB]>
2026-10-07T01:21:00.9660000Z       <Function test_generated_box_barcodes_are_wb_compatible_and_unique[INB]>
2026-10-07T01:21:00.9660534Z       <Function test_every_physical_box_generator_uses_the_shared_format>
2026-10-07T01:21:00.9661252Z       <Function test_collision_budget_is_below_one_in_twenty_million_at_ten_million_boxes>
2026-10-07T01:21:00.9661886Z       <Function test_existing_box_barcode_shapes_remain_valid_inputs[WHB-ABCDEF123456]>
2026-10-07T01:21:00.9662506Z       <Function test_existing_box_barcode_shapes_remain_valid_inputs[INB-ABCDEF123456]>
2026-10-07T01:21:00.9663105Z       <Function test_existing_box_barcode_shapes_remain_valid_inputs[custom_box-123]>
2026-10-07T01:21:00.9663679Z       <Coroutine test_legacy_box_barcodes_attach_through_real_database_path>
2026-10-07T01:21:00.9664194Z       <Function test_validator_rejects_values_wb_will_not_accept[]>
2026-10-07T01:21:00.9664699Z       <Function test_validator_rejects_values_wb_will_not_accept[A-123]>
2026-10-07T01:21:00.9665298Z       <Function test_validator_rejects_values_wb_will_not_accept[WHB-123456789012345678901234567]>
2026-10-07T01:21:00.9665910Z       <Function test_validator_rejects_values_wb_will_not_accept[WB_123456]>
2026-10-07T01:21:00.9666451Z       <Function test_validator_rejects_values_wb_will_not_accept[wb_123456]>
2026-10-07T01:21:00.9666994Z       <Function test_validator_rejects_values_wb_will_not_accept[WHB 123456]>
2026-10-07T01:21:00.9667633Z       <Function test_validator_rejects_values_wb_will_not_accept[\u041a\u041e\u0420\u041e\u0411-123456]>
2026-10-07T01:21:00.9668389Z       <Function test_validator_rejects_values_wb_will_not_accept[WHB+123456]>
2026-10-07T01:21:00.9668935Z       <Function test_validator_rejects_values_wb_will_not_accept[WHB/123456]>
2026-10-07T01:21:00.9669442Z       <Function test_suffix_encoder_preserves_all_70_random_bits>
2026-10-07T01:21:00.9669999Z       <Function test_generator_rejects_invalid_prefix[]>
2026-10-07T01:21:00.9670428Z       <Function test_generator_rejects_invalid_prefix[FBS]>
2026-10-07T01:21:00.9670868Z       <Function test_generator_rejects_invalid_prefix[TOOLONG]>
2026-10-07T01:21:00.9671313Z       <Function test_generator_rejects_invalid_prefix[W-B]>
2026-10-07T01:21:00.9671765Z       <Function test_generator_rejects_invalid_prefix[\u0428\u041a]>
2026-10-07T01:21:00.9672189Z     <Module test_box_import_service.py>
2026-10-07T01:21:00.9672617Z       <Function test_parse_valid_file_groups_boxes_and_merges_duplicates>
2026-10-07T01:21:00.9673047Z       <Function test_missing_column_raises>
2026-10-07T01:21:00.9673395Z       <Function test_unsupported_file_type>
2026-10-07T01:21:00.9673746Z       <Function test_unknown_barcode_in_errors>
2026-10-07T01:21:00.9674129Z       <Function test_fractional_quantity_row_error>
2026-10-07T01:21:00.9674464Z     <Module test_catalog.py>
2026-10-07T01:21:00.9674766Z       <Coroutine test_catalog_flow>
2026-10-07T01:21:00.9675264Z       <Coroutine test_reception_shift_lead_and_inventory_staff_can_update_product_dimensions>
2026-10-07T01:21:00.9675929Z       <Coroutine test_staff_product_dimensions_validation_rejects_zero_and_partial_body>
2026-10-07T01:21:00.9676421Z       <Coroutine test_warehouse_duplicate_code>
2026-10-07T01:21:00.9676827Z       <Coroutine test_catalog_endpoints_require_auth>
2026-10-07T01:21:00.9677241Z       <Coroutine test_list_locations_unknown_warehouse>
2026-10-07T01:21:00.9677605Z     <Module test_catalog_search_limit.py>
2026-10-07T01:21:00.9678061Z       <Function test_route_has_search_and_limit>
2026-10-07T01:21:00.9678434Z       <Function test_service_passes_filters_down>
2026-10-07T01:21:00.9678802Z       <Function test_list_products_filters_in_sql>
2026-10-07T01:21:00.9679177Z     <Module test_celery_schedule_persistence.py>
2026-10-07T01:21:00.9679644Z       <Function test_beat_schedule_survives_persistent_scheduler_serialization>
2026-10-07T01:21:00.9680119Z     <Module test_cleanup_fbs_stub_test_orders.py>
2026-10-07T01:21:00.9680533Z       <Coroutine test_cleanup_refuses_order_linked_to_supply>
2026-10-07T01:21:00.9681043Z       <Coroutine test_cleanup_allows_unlinked_order_without_shipments_or_marking>
2026-10-07T01:21:00.9681632Z       <Coroutine test_cleanup_db_guard_preserves_order_and_accounting_rows[reversal]>
2026-10-07T01:21:00.9682364Z       <Coroutine test_cleanup_db_guard_preserves_order_and_accounting_rows[marking]>
2026-10-07T01:21:00.9682916Z       <Coroutine test_cleanup_reloads_locked_order_before_supply_check>
2026-10-07T01:21:00.9683342Z     <Module test_dadata_party_service.py>
2026-10-07T01:21:00.9683777Z       <Coroutine test_lookup_party_by_inn_returns_fields_on_valid_response>
2026-10-07T01:21:00.9684391Z       <Coroutine test_lookup_party_by_inn_normalizes_non_object_response_to_dadata_error[null]>
2026-10-07T01:21:00.9685106Z       <Coroutine test_lookup_party_by_inn_normalizes_non_object_response_to_dadata_error[empty-list]>
2026-10-07T01:21:00.9685821Z       <Coroutine test_lookup_party_by_inn_normalizes_non_object_response_to_dadata_error[string]>
2026-10-07T01:21:00.9686471Z       <Coroutine test_lookup_party_by_inn_empty_suggestions_is_still_party_not_found>
2026-10-07T01:21:00.9686963Z     <Module test_developer_requests.py>
2026-10-07T01:21:00.9687354Z       <Coroutine test_api_isolation_validation_and_idempotency>
2026-10-07T01:21:00.9687785Z       <Coroutine test_effective_seller_from_auth_only>
2026-10-07T01:21:00.9688442Z       <Coroutine test_concurrent_same_submission_returns_one_row>
2026-10-07T01:21:00.9688884Z       <Coroutine test_dispatch_payload_and_four_statuses>
2026-10-07T01:21:00.9689360Z       <Coroutine test_unknown_create_recovery_never_repeats_post[timeout]>
2026-10-07T01:21:00.9689913Z       <Coroutine test_unknown_create_recovery_never_repeats_post[server_error]>
2026-10-07T01:21:00.9690433Z       <Coroutine test_absent_marker_does_not_authorize_recreate>
2026-10-07T01:21:00.9690875Z       <Coroutine test_overlapping_workers_create_only_once>
2026-10-07T01:21:00.9691446Z       <Coroutine test_expired_worker_lease_recovers_by_marker>
2026-10-07T01:21:00.9691967Z       <Coroutine test_explicit_rejection_backoff_recovers_after_many_rejections>
2026-10-07T01:21:00.9692526Z       <Coroutine test_unconfigured_keeps_local_success_and_optional_label>
2026-10-07T01:21:00.9693056Z       <Coroutine test_expired_inflight_worker_cannot_overwrite_successor>
2026-10-07T01:21:00.9693589Z       <Coroutine test_public_board_and_changed_board_never_receive_cards>
2026-10-07T01:21:00.9694150Z       <Coroutine test_recovery_scans_all_trello_pages_before_linking[second_page]>
2026-10-07T01:21:00.9694738Z       <Coroutine test_recovery_scans_all_trello_pages_before_linking[duplicate]>
2026-10-07T01:21:00.9695327Z       <Coroutine test_recovery_scans_all_trello_pages_before_linking[partial_failure]>
2026-10-07T01:21:00.9695948Z       <Coroutine test_recovery_scans_all_trello_pages_before_linking[repeated_page]>
2026-10-07T01:21:00.9696533Z       <Coroutine test_description_limit_exact_boundary_and_replay[False-bug]>
2026-10-07T01:21:00.9697123Z       <Coroutine test_description_limit_exact_boundary_and_replay[False-improvement]>
2026-10-07T01:21:00.9697696Z       <Coroutine test_description_limit_exact_boundary_and_replay[True-bug]>
2026-10-07T01:21:00.9698498Z       <Coroutine test_description_limit_exact_boundary_and_replay[True-improvement]>
2026-10-07T01:21:00.9699089Z       <Coroutine test_combined_improvement_limit_rejects_without_trello_config>
2026-10-07T01:21:00.9699752Z       <Coroutine test_consecutive_scheduled_passes_ignore_http_delay_and_preserve_batch_fairness[1]>
2026-10-07T01:21:00.9700499Z       <Coroutine test_consecutive_scheduled_passes_ignore_http_delay_and_preserve_batch_fairness[51]>
2026-10-07T01:21:00.9701150Z       <Coroutine test_scheduled_error_keeps_completion_based_backoff[False]>
2026-10-07T01:21:00.9701689Z       <Coroutine test_scheduled_error_keeps_completion_based_backoff[True]>
2026-10-07T01:21:00.9702160Z     <Module test_document_events.py>
2026-10-07T01:21:00.9702621Z       <Coroutine test_inbound_status_chain_is_visible_through_document_events_api>
2026-10-07T01:21:00.9703176Z       <Coroutine test_event_write_contract_and_repeated_quantity_changes>
2026-10-07T01:21:00.9703669Z       <Coroutine test_fbs_and_marketplace_unload_status_sequences>
2026-10-07T01:21:00.9704314Z       <Coroutine test_journal_failure_does_not_rollback_document_change>
2026-10-07T01:21:00.9704783Z       <Coroutine test_all_inbound_document_data_event_types>
2026-10-07T01:21:00.9705283Z       <Coroutine test_return_status_chain_and_defect_are_recorded_through_api>
2026-10-07T01:21:00.9705839Z       <Coroutine test_background_service_status_transition_is_system_authored>
2026-10-07T01:21:00.9706373Z       <Coroutine test_inbound_direct_receiving_and_reopen_status_edges>
2026-10-07T01:21:00.9706823Z       <Coroutine test_fbs_detach_reverse_status_edges>
2026-10-07T01:21:00.9707290Z       <Coroutine test_unload_confirmed_and_collecting_cancel_status_edges>
2026-10-07T01:21:00.9707844Z       <Function test_postgresql_trigger_is_system_authored_and_failure_isolated>
2026-10-07T01:21:00.9708548Z       <Coroutine test_duplicate_authorization_headers_cannot_change_audit_actor>
2026-10-07T01:21:00.9709010Z     <Module test_document_number_service.py>
2026-10-07T01:21:00.9709421Z       <Coroutine test_next_document_number_sequential_same_day>
2026-10-07T01:21:00.9709891Z       <Coroutine test_next_document_number_independent_doc_types>
2026-10-07T01:21:00.9710358Z       <Coroutine test_next_display_number_independent_doc_types>
2026-10-07T01:21:00.9710777Z       <Function test_format_display_number_padding>
2026-10-07T01:21:00.9711191Z       <Coroutine test_next_document_number_resets_next_day>
2026-10-07T01:21:00.9711652Z       <Coroutine test_next_document_number_concurrent_no_duplicates>
2026-10-07T01:21:00.9712092Z       <Function test_format_document_number_padding>
2026-10-07T01:21:00.9712467Z       <Coroutine test_peek_next_counter_empty>
2026-10-07T01:21:00.9712969Z       <Coroutine test_peek_next_display_counter_empty>
2026-10-07T01:21:00.9713414Z       <Coroutine test_inbound_and_unload_api_assign_document_number>
2026-10-07T01:21:00.9713840Z     <Module test_fbs_auto_assign_ozon_boxes.py>
2026-10-07T01:21:00.9714312Z       <Coroutine test_auto_assign_puts_every_position_in_its_own_consecutive_box>
2026-10-07T01:21:00.9714874Z       <Coroutine test_repeat_call_does_not_duplicate_boxes_or_positions>
2026-10-07T01:21:00.9715351Z       <Coroutine test_nothing_to_assign_is_a_successful_noop>
2026-10-07T01:21:00.9715846Z       <Coroutine test_partial_layout_and_existing_empty_box_are_left_alone>
2026-10-07T01:21:00.9716297Z       <Coroutine test_cancelled_order_is_skipped>
2026-10-07T01:21:00.9716730Z       <Coroutine test_wb_supply_is_rejected_without_creating_anything>
2026-10-07T01:21:00.9717237Z       <Coroutine test_delivered_supply_is_rejected_same_as_create_boxes>
2026-10-07T01:21:00.9717780Z       <Coroutine test_more_than_one_hundred_positions_are_all_assigned_in_one_call>
2026-10-07T01:21:00.9718668Z       <Coroutine test_failure_partway_leaves_no_new_boxes_or_assignments>
2026-10-07T01:21:00.9719364Z       <Coroutine test_endpoint_reports_boxes_created_by_this_call>
2026-10-07T01:21:00.9719903Z     <Module test_fbs_autopoll.py>
2026-10-07T01:21:00.9720353Z       <Coroutine test_fbs_autopoll_syncs_orders_for_one_seller>
2026-10-07T01:21:00.9721034Z       <Coroutine test_fbs_autopoll_iterates_multiple_sellers>
2026-10-07T01:21:00.9721577Z       <Coroutine test_fbs_autopoll_continues_after_seller_error>
2026-10-07T01:21:00.9740248Z       <Coroutine test_fbs_autopoll_idempotent_upsert>
2026-10-07T01:21:00.9740810Z       <Coroutine test_fbs_autopoll_status_sync_updates_sorted_then_sold>
2026-10-07T01:21:00.9741366Z       <Coroutine test_fbs_autopoll_supplier_status_moves_new_order_out_of_new>
2026-10-07T01:21:00.9741944Z       <Coroutine test_fbs_autopoll_status_sync_splits_batches_and_skips_bad_order>
2026-10-07T01:21:00.9742497Z       <Coroutine test_fbs_autopoll_supplier_status_new_keeps_order_new>
2026-10-07T01:21:00.9742997Z       <Coroutine test_list_sellers_with_marketplace_token_filters>
2026-10-07T01:21:00.9743432Z       <Coroutine test_fbs_statuses_autopoll_all_sellers>
2026-10-07T01:21:00.9743913Z       <Coroutine test_fbs_autopoll_intake_success_skips_stock_sync_by_default>
2026-10-07T01:21:00.9744652Z       <Coroutine test_fbs_autopoll_intake_success_can_opt_into_stock_sync>
2026-10-07T01:21:00.9745143Z       <Coroutine test_fbs_autopoll_intake_error_skips_stock_sync>
2026-10-07T01:21:00.9745593Z       <Coroutine test_fbs_autopoll_all_sellers_skips_stock_sync>
2026-10-07T01:21:00.9746066Z       <Coroutine test_sync_seller_stocks_continues_after_binding_error>
2026-10-07T01:21:00.9746515Z     <Module test_fbs_box_clear_and_workspace_extras.py>
2026-10-07T01:21:00.9746935Z       <Coroutine test_clear_box_returns_orders_to_unassigned>
2026-10-07T01:21:00.9747368Z       <Coroutine test_clear_box_on_empty_box_is_idempotent>
2026-10-07T01:21:00.9747830Z       <Coroutine test_clear_box_after_supply_delivered_is_rejected>
2026-10-07T01:21:00.9748463Z       <Coroutine test_workspace_exposes_packaging_instructions>
2026-10-07T01:21:00.9748950Z       <Coroutine test_workspace_exposes_packaging_instructions_absent>
2026-10-07T01:21:00.9749476Z       <Coroutine test_wb_pack_checkbox_never_removes_pick_fallback_location>
2026-10-07T01:21:00.9749971Z       <Coroutine test_workspace_marking_pool_reports_shortage>
2026-10-07T01:21:00.9750470Z       <Coroutine test_workspace_marking_pool_empty_when_nothing_needs_marking>
2026-10-07T01:21:00.9751210Z       <Coroutine test_order_print_tape_assigns_codes_to_requested_orders>
2026-10-07T01:21:00.9751660Z     <Module test_fbs_box_scan.py>
2026-10-07T01:21:00.9752084Z       <Coroutine test_fbs_box_scan_variants_select_source_without_movement>
2026-10-07T01:21:00.9752604Z       <Coroutine test_fbs_box_scan_exact_priority_ambiguity_and_scope>
2026-10-07T01:21:00.9753021Z     <Module test_fbs_cancellations.py>
2026-10-07T01:21:00.9753523Z       <Coroutine test_cancel_new_order_releases_reserve>
2026-10-07T01:21:00.9754592Z       <Coroutine test_cancel_in_delivery_returns_409>
2026-10-07T01:21:00.9754951Z       <Function test_penalty_band_lt13>
2026-10-07T01:21:00.9755309Z       <Coroutine test_sync_statuses_sold_and_canceled>
2026-10-07T01:21:00.9755907Z       <Coroutine test_cancel_after_confirmation_preserves_only_handed_over_charges[sorted-without-handover]>
2026-10-07T01:21:00.9756690Z       <Coroutine test_cancel_after_confirmation_preserves_only_handed_over_charges[confirmed-handover]>
2026-10-07T01:21:00.9757251Z       <Coroutine test_cancel_idempotent_second_call>
2026-10-07T01:21:00.9757639Z       <Coroutine test_sync_defect_sets_status_defect>
2026-10-07T01:21:00.9758333Z       <Coroutine test_cancel_wb_error_surfaces_502>
2026-10-07T01:21:00.9758780Z     <Module test_fbs_cancelled_after_pack.py>
2026-10-07T01:21:00.9759283Z       <Coroutine test_cancelled_after_pack_includes_after_assembly_and_excludes_before>
2026-10-07T01:21:00.9759916Z       <Coroutine test_cancelled_after_pack_is_tenant_scoped_and_filters_seller_period>
2026-10-07T01:21:00.9760520Z       <Coroutine test_cancelled_list_searches_boxes_before_pagination_without_writes>
2026-10-07T01:21:00.9761121Z       <Coroutine test_pack_all_warns_only_requested_cancelled_and_never_changes_stock>
2026-10-07T01:21:00.9761597Z     <Module test_fbs_cancelled_operations.py>
2026-10-07T01:21:00.9762099Z       <Coroutine test_cancelled_order_print_is_human_readable_and_batch_remains_partial>
2026-10-07T01:21:00.9762609Z       <Coroutine test_cancelled_order_cannot_be_picked>
2026-10-07T01:21:00.9763020Z       <Coroutine test_cancelled_order_cannot_be_packed>
2026-10-07T01:21:00.9763396Z     <Module test_fbs_catalog_free_fbo.py>
2026-10-07T01:21:00.9763908Z       <Coroutine test_catalog_free_fbo_excludes_order_reserves_in_both_modes[False-1-0-1-0]>
2026-10-07T01:21:00.9764579Z       <Coroutine test_catalog_free_fbo_excludes_order_reserves_in_both_modes[False-10-2-3-5]>
2026-10-07T01:21:00.9765235Z       <Coroutine test_catalog_free_fbo_excludes_order_reserves_in_both_modes[True-10-2-3-5]>
2026-10-07T01:21:00.9765715Z     <Module test_fbs_cell_scan.py>
2026-10-07T01:21:00.9766070Z       <Coroutine test_fbs_cell_scan_formats_and_scope>
2026-10-07T01:21:00.9766453Z     <Module test_fbs_contract_error_envelope.py>
2026-10-07T01:21:00.9767037Z       <Coroutine test_print_asset_404_uses_flat_error_envelope>
2026-10-07T01:21:00.9767491Z       <Coroutine test_cargo_places_preflight_failed_envelope>
2026-10-07T01:21:00.9768324Z       <Coroutine test_pvz_missing_dims_confirmation_persists_actor_timestamp_source>
2026-10-07T01:21:00.9768943Z       <Coroutine test_deprecated_trbx_bind_returns_envelope>
2026-10-07T01:21:00.9769433Z       <Function test_legacy_sticker_endpoints_marked_deprecated_in_openapi>
2026-10-07T01:21:00.9769896Z     <Module test_fbs_create_http_connection.py>
2026-10-07T01:21:00.9770371Z       <Coroutine test_create_http_releases_pool_and_persists_identity[success]>
2026-10-07T01:21:00.9770965Z       <Coroutine test_create_http_releases_pool_and_persists_identity[transport]>
2026-10-07T01:21:00.9771531Z       <Coroutine test_create_http_releases_pool_and_persists_identity[invalid]>
2026-10-07T01:21:00.9772101Z       <Coroutine test_create_http_releases_pool_and_persists_identity[rejected]>
2026-10-07T01:21:00.9772669Z       <Coroutine test_create_http_releases_pool_and_persists_identity[cancelled]>
2026-10-07T01:21:00.9773275Z       <Coroutine test_create_http_releases_pool_and_persists_identity[readback_timeout]>
2026-10-07T01:21:00.9773892Z       <Coroutine test_create_http_releases_pool_and_persists_identity[owner_cancelled]>
2026-10-07T01:21:00.9774496Z       <Coroutine test_create_http_releases_pool_and_persists_identity[same_key]>
2026-10-07T01:21:00.9775072Z       <Coroutine test_create_http_releases_pool_and_persists_identity[rotated_key]>
2026-10-07T01:21:00.9775697Z       <Coroutine test_create_http_releases_pool_and_persists_identity[loser_failed]>
2026-10-07T01:21:00.9776438Z       <Coroutine test_create_http_releases_pool_and_persists_identity[partial_winner]>
2026-10-07T01:21:00.9777046Z       <Coroutine test_transaction_claim_shares_key_and_releases_pool_atomically>
2026-10-07T01:21:00.9777514Z     <Module test_fbs_create_lock_connection.py>
2026-10-07T01:21:00.9778273Z       <Coroutine test_waiting_creates_release_pool_but_owner_keeps_same_connection>
2026-10-07T01:21:00.9778899Z     <Module test_fbs_delivery_cancelled_exclusion.py>
2026-10-07T01:21:00.9779423Z       <Coroutine test_confirm_excludes_cancelled_box_links_without_stock_return[False]>
2026-10-07T01:21:00.9780032Z       <Coroutine test_confirm_excludes_cancelled_box_links_without_stock_return[True]>
2026-10-07T01:21:00.9780505Z     <Module test_fbs_handover_billing.py>
2026-10-07T01:21:00.9780978Z       <Coroutine test_deliver_api_records_work_before_marketplace_sorting[success]>
2026-10-07T01:21:00.9781613Z       <Coroutine test_deliver_api_records_work_before_marketplace_sorting[marketplace_error]>
2026-10-07T01:21:00.9782269Z       <Coroutine test_deliver_api_records_work_before_marketplace_sorting[billing_error]>
2026-10-07T01:21:00.9782879Z       <Coroutine test_deliver_api_records_work_before_marketplace_sorting[timeout]>
2026-10-07T01:21:00.9783467Z       <Coroutine test_deliver_api_records_work_before_marketplace_sorting[local_error]>
2026-10-07T01:21:00.9784101Z       <Coroutine test_handover_quantities_import_guard_and_cancellation[wb-quantities0]>
2026-10-07T01:21:00.9784750Z       <Coroutine test_handover_quantities_import_guard_and_cancellation[ozon-quantities1]>
2026-10-07T01:21:00.9785219Z     <Module test_fbs_kiz.py>
2026-10-07T01:21:00.9785653Z       <Function test_wb_decision_mapping_covers_safe_sync_states[filled-accepted]>
2026-10-07T01:21:00.9786302Z       <Function test_wb_decision_mapping_covers_safe_sync_states[optional-allowed_without_check]>
2026-10-07T01:21:00.9786939Z       <Function test_wb_decision_mapping_covers_safe_sync_states[pending-pending]>
2026-10-07T01:21:00.9787525Z       <Function test_wb_decision_mapping_covers_safe_sync_states[required-None]>
2026-10-07T01:21:00.9788225Z       <Function test_wb_decision_mapping_covers_safe_sync_states[invalid-rejected]>
2026-10-07T01:21:00.9788829Z       <Function test_wb_decision_mapping_covers_safe_sync_states[something-new-None]>
2026-10-07T01:21:00.9789382Z       <Function test_universal_test_kiz_is_opt_in_and_unique_per_order>
2026-10-07T01:21:00.9790069Z       <Function test_normalize_scanned_cis_strips_aim_prefix[]d2]>
2026-10-07T01:21:00.9790542Z       <Function test_normalize_scanned_cis_strips_aim_prefix[]d1]>
2026-10-07T01:21:00.9791009Z       <Function test_normalize_scanned_cis_strips_aim_prefix[]Q1]>
2026-10-07T01:21:00.9791470Z       <Function test_normalize_scanned_cis_strips_aim_prefix[]Q3]>
2026-10-07T01:21:00.9791919Z       <Function test_normalize_scanned_cis_strips_aim_prefix[]C1]>
2026-10-07T01:21:00.9792462Z       <Function test_normalize_scanned_cis_restores_gs_substitute_only_at_separator[~]>
2026-10-07T01:21:00.9793085Z       <Function test_normalize_scanned_cis_restores_gs_substitute_only_at_separator[|]>
2026-10-07T01:21:00.9793698Z       <Function test_normalize_scanned_cis_restores_gs_substitute_only_at_separator[#]>
2026-10-07T01:21:00.9794331Z       <Function test_normalize_scanned_cis_restores_gs_substitute_only_at_separator[<GS>]>
2026-10-07T01:21:00.9794980Z       <Function test_normalize_scanned_cis_restores_gs_substitute_only_at_separator[{GS}]>
2026-10-07T01:21:00.9795619Z       <Function test_normalize_scanned_cis_restores_gs_substitute_only_at_separator[\\x1d]>
2026-10-07T01:21:00.9796263Z       <Function test_normalize_scanned_cis_restores_gs_substitute_only_at_separator[<gs>]>
2026-10-07T01:21:00.9796898Z       <Function test_normalize_scanned_cis_restores_gs_substitute_only_at_separator[{gs}]>
2026-10-07T01:21:00.9797447Z       <Function test_normalize_scanned_cis_repairs_keyboard_layout>
2026-10-07T01:21:00.9798040Z       <Function test_normalize_scanned_cis_trims_scanner_suffix>
2026-10-07T01:21:00.9798690Z       <Function test_normalize_scanned_cis_repairs_keyboard_layout_and_gs_together>
2026-10-07T01:21:00.9799233Z       <Function test_normalize_scanned_cis_clean_value_has_no_hints>
2026-10-07T01:21:00.9799764Z       <Function test_normalize_scanned_cis_restores_separator_before_weight_ai>
2026-10-07T01:21:00.9800344Z       <Function test_normalize_scanned_cis_repairs_russian_aim_prefix_after_layout>
2026-10-07T01:21:00.9800900Z       <Function test_windows_russian_keyboard_layout_mapping_is_complete>
2026-10-07T01:21:00.9801352Z       <Function test_is_probably_cis_rejects_garbage>
2026-10-07T01:21:00.9801723Z       <Function test_scan_debug_masks_gs_in_edges>
2026-10-07T01:21:00.9802238Z       <Coroutine test_fbs_kiz_lookup_matches_tolerant_sticker_fields[sticker_code]>
2026-10-07T01:21:00.9802809Z       <Coroutine test_fbs_kiz_lookup_matches_tolerant_sticker_fields[wb_barcode]>
2026-10-07T01:21:00.9803329Z       <Coroutine test_fbs_kiz_lookup_garbage_sticker_returns_404>
2026-10-07T01:21:00.9803823Z       <Coroutine test_fbs_kiz_lookup_foreign_supply_sticker_returns_404>
2026-10-07T01:21:00.9804305Z       <Coroutine test_fbs_kiz_lookup_frozen_order_returns_409>
2026-10-07T01:21:00.9804785Z       <Coroutine test_fbs_kiz_lookup_existing_pool_kiz_needs_confirmation>
2026-10-07T01:21:00.9805297Z       <Coroutine test_fbs_kiz_validate_normalizes_and_does_not_write>
2026-10-07T01:21:00.9805782Z       <Coroutine test_fbs_kiz_validate_rejects_garbage_with_debug>
2026-10-07T01:21:00.9806298Z       <Coroutine test_fbs_kiz_validate_duplicate_marking_returns_order_context>
2026-10-07T01:21:00.9806795Z       <Coroutine test_fbs_kiz_validate_frozen_order_returns_409>
2026-10-07T01:21:00.9807307Z       <Coroutine test_fbs_kiz_commit_partial_success_keeps_other_transactions>
2026-10-07T01:21:00.9807877Z       <Coroutine test_fbs_kiz_commit_existing_kiz_needs_confirmation_without_writes>
2026-10-07T01:21:00.9808725Z       <Coroutine test_fbs_kiz_commit_confirmed_replaces_old_kiz_and_voids_code>
2026-10-07T01:21:00.9809282Z       <Coroutine test_fbs_kiz_commit_success_creates_records_event_and_counter>
2026-10-07T01:21:00.9809804Z       <Coroutine test_fbs_kiz_delete_wb_error_does_not_change_records>
2026-10-07T01:21:00.9810345Z       <Coroutine test_fbs_kiz_commit_same_pair_is_idempotent_without_second_wb_call>
2026-10-07T01:21:00.9810937Z       <Coroutine test_fbs_kiz_external_marking_counts_as_printed_for_pool_and_gate>
2026-10-07T01:21:00.9811654Z       <Coroutine test_fbs_kiz_validate_rejects_available_pool_code_owner_mismatches>
2026-10-07T01:21:00.9812268Z       <Coroutine test_fbs_kiz_commit_claims_available_pool_code_without_reclassifying_it>
2026-10-07T01:21:00.9812870Z       <Coroutine test_fbs_kiz_replacement_runs_registry_checks_before_wb_delete>
2026-10-07T01:21:00.9813483Z       <Coroutine test_fbs_kiz_replacement_restores_old_wb_value_when_new_value_is_rejected>
2026-10-07T01:21:00.9814105Z       <Coroutine test_fbs_kiz_replacement_persists_reason_when_wb_restore_also_fails>
2026-10-07T01:21:00.9814703Z       <Coroutine test_fbs_kiz_pool_to_external_replacement_does_not_double_count_unit>
2026-10-07T01:21:00.9815353Z       <Coroutine test_fbs_order_tape_reprints_operator_kiz_without_pool_mutation[False-accepted]>
2026-10-07T01:21:00.9816049Z       <Coroutine test_fbs_order_tape_reprints_operator_kiz_without_pool_mutation[True-pending]>
2026-10-07T01:21:00.9816736Z       <Coroutine test_fbs_order_tape_reprints_operator_kiz_without_pool_mutation[True-rejected]>
2026-10-07T01:21:00.9817365Z       <Coroutine test_fbs_marking_readers_prefer_active_row_over_newer_rejected_row>
2026-10-07T01:21:00.9818308Z       <Coroutine test_fbs_marking_wb_meta_decision_is_safe_and_preserves_raw_detail[filled-same-accepted-ok]>
2026-10-07T01:21:00.9819219Z       <Coroutine test_fbs_marking_wb_meta_decision_is_safe_and_preserves_raw_detail[optional-same-allowed_without_check-no_check]>
2026-10-07T01:21:00.9820106Z       <Coroutine test_fbs_marking_wb_meta_decision_is_safe_and_preserves_raw_detail[pending-same-pending-checking]>
2026-10-07T01:21:00.9821070Z       <Coroutine test_fbs_marking_wb_meta_decision_is_safe_and_preserves_raw_detail[required-None-missing-new]>
2026-10-07T01:21:00.9821898Z       <Coroutine test_fbs_marking_wb_meta_decision_is_safe_and_preserves_raw_detail[invalid-same-rejected-error]>
2026-10-07T01:21:00.9822731Z       <Coroutine test_fbs_marking_wb_meta_decision_is_safe_and_preserves_raw_detail[unrecognized-same-unknown-error]>
2026-10-07T01:21:00.9823550Z       <Coroutine test_fbs_marking_wb_meta_decision_is_safe_and_preserves_raw_detail[required-same-unknown-new]>
2026-10-07T01:21:00.9824409Z       <Coroutine test_fbs_marking_wb_meta_decision_is_safe_and_preserves_raw_detail[filled-other-replacement_required-error]>
2026-10-07T01:21:00.9825320Z       <Coroutine test_fbs_marking_wb_meta_decision_is_safe_and_preserves_raw_detail[invalid-other-replacement_required-error]>
2026-10-07T01:21:00.9826057Z       <Coroutine test_fbs_marking_partial_wb_row_is_unknown_without_fresh_check_time>
2026-10-07T01:21:00.9826615Z       <Coroutine test_fbs_marking_omitted_wb_row_preserves_saved_verdict>
2026-10-07T01:21:00.9827341Z       <Coroutine test_fbs_marking_orphaned_audit_is_created_once_for_concurrent_and_repeated_mismatch[required-None-missing]>
2026-10-07T01:21:00.9828441Z       <Coroutine test_fbs_marking_orphaned_audit_is_created_once_for_concurrent_and_repeated_mismatch[invalid-other-replacement_required]>
2026-10-07T01:21:00.9829256Z       <Coroutine test_fbs_marking_pool_counts_replacement_required_order_as_needing_code>
2026-10-07T01:21:00.9829822Z       <Function test_gs_restore_fixes_production_scan_byte_for_byte>
2026-10-07T01:21:00.9830302Z       <Function test_gs_restore_is_idempotent_on_production_scan>
2026-10-07T01:21:00.9830771Z       <Function test_gs_restore_handles_footwear_88_char_signature>
2026-10-07T01:21:00.9831250Z       <Function test_gs_restore_not_fooled_by_91_and_92_inside_serial>
2026-10-07T01:21:00.9831745Z       <Function test_gs_restore_leaves_already_separated_code_untouched>
2026-10-07T01:21:00.9832267Z       <Function test_gs_restore_leaves_short_form_kiz_without_crypto_tail>
2026-10-07T01:21:00.9833234Z       <Function test_gs_restore_refuses_to_guess_when_structure_does_not_match[truncated_signature-010460601234567821aXq7Tz9Km91K7pQ92MTIzNDU2Nzg5MGFiY2RlZmdoaWprbG1ub3BxcnN]>
2026-10-07T01:21:00.9834692Z       <Function test_gs_restore_refuses_to_guess_when_structure_does_not_match[signature_66-010460601234567821aXq7Tz9Km91K7pQ92AAAAAAAAAAAAAAAAAAAAAAAAAAAAAAAAAAAAAAAAAAAAAAAAAAAAAAAAAAAAAAAAAA]>
2026-10-07T01:21:00.9836316Z       <Function test_gs_restore_refuses_to_guess_when_structure_does_not_match[serial_21-010460601234567821AAAAAAAAAAAAAAAAAAAAA91K7pQ92MTIzNDU2Nzg5MGFiY2RlZmdoaWprbG1ub3BxcnN0dXY=]>
2026-10-07T01:21:00.9837646Z       <Function test_gs_restore_refuses_to_guess_when_structure_does_not_match[serial_empty-01046060123456782191K7pQ92MTIzNDU2Nzg5MGFiY2RlZmdoaWprbG1ub3BxcnN0dXY=]>
2026-10-07T01:21:00.9839058Z       <Function test_gs_restore_refuses_to_guess_when_structure_does_not_match[wrong_ai_marker-010460601234567821aXq7Tz9Km93K7pQ92MTIzNDU2Nzg5MGFiY2RlZmdoaWprbG1ub3BxcnN0dXY=]>
2026-10-07T01:21:00.9842236Z       <Function test_gs_restore_refuses_to_guess_when_structure_does_not_match[long_noise-010460601234567821XXXXXXXXXXXXXXXXXXXXXXXXXXXXXXXXXXXXXXXXXXXXXXXXXXXXXXXXXXXXXXXXXXXXXXXXXXXXXXXXXXXXXXXXXXXXXXXXXXXXXXXXXXXXXXXXXXXXXXXXXXXXXXXXXXXXXXXXXXXXXXXXXXXXXXXXXXXXXXXXXXXXXXXXXXXXXXXXXXXXXXXXXXXXXXXXXXXXXXXXXXXXXXXXXXXXXXXXXXXXXXXXXXXXXXXXXXXXXXXXXXXXXXXXXXXXXXXXXXXXXXXXXXXXXXXXXXXXXXXXXXXXXXXXXXXXXXXXXXXX]>
2026-10-07T01:21:00.9844863Z       <Function test_gs_restore_accepts_serial_length_boundaries[1]>
2026-10-07T01:21:00.9845353Z       <Function test_gs_restore_accepts_serial_length_boundaries[20]>
2026-10-07T01:21:00.9845884Z       <Function test_gs_restore_ignores_values_that_are_not_kiz_prefixed[empty-]>
2026-10-07T01:21:00.9846548Z       <Function test_gs_restore_ignores_values_that_are_not_kiz_prefixed[only_separators-\x1d\x1d\x1d]>
2026-10-07T01:21:00.9847386Z       <Function test_gs_restore_ignores_values_that_are_not_kiz_prefixed[noise-laser scanner noise]>
2026-10-07T01:21:00.9848580Z       <Function test_gs_restore_ignores_values_that_are_not_kiz_prefixed[gtin_not_digits-01ABCDEFGHIJKLMN21aXq7Tz9Km91K7pQ92MTIzNDU2Nzg5MGFiY2RlZmdoaWprbG1ub3BxcnN0dXY=]>
2026-10-07T01:21:00.9849907Z       <Function test_gs_restore_ignores_values_that_are_not_kiz_prefixed[gtin_13_digits-01000000000000021aXq7Tz9Km91K7pQ92MTIzNDU2Nzg5MGFiY2RlZmdoaWprbG1ub3BxcnN0dXY=]>
2026-10-07T01:21:00.9851168Z       <Function test_gs_restore_ignores_values_that_are_not_kiz_prefixed[no_ai21-010460601234567810aXq7Tz9Km91K7pQ92MTIzNDU2Nzg5MGFiY2RlZmdoaWprbG1ub3BxcnN0dXY=]>
2026-10-07T01:21:00.9852225Z       <Function test_gs_restore_ignores_values_that_are_not_kiz_prefixed[not_a_gs1_string_at_all-PROD-BARCODE-1234567890]>
2026-10-07T01:21:00.9852911Z       <Function test_gs_restore_survives_aim_prefix_and_russian_layout>
2026-10-07T01:21:00.9853401Z       <Function test_gs_restore_ignores_trailing_scanner_newline>
2026-10-07T01:21:00.9853909Z       <Function test_gs_restore_ignores_any_trailing_scanner_whitespace[\t]>
2026-10-07T01:21:00.9854460Z       <Function test_gs_restore_ignores_any_trailing_scanner_whitespace[ ]>
2026-10-07T01:21:00.9855004Z       <Function test_gs_restore_ignores_any_trailing_scanner_whitespace[\r\n]>
2026-10-07T01:21:00.9855558Z       <Function test_gs_restore_ignores_any_trailing_scanner_whitespace[\x0b]>
2026-10-07T01:21:00.9856101Z       <Function test_gs_restore_ignores_any_trailing_scanner_whitespace[\x0c]>
2026-10-07T01:21:00.9856687Z       <Function test_gs_restore_ignores_any_trailing_scanner_whitespace[\t\t \r\n]>
2026-10-07T01:21:00.9857270Z       <Function test_normalize_does_not_strip_separator_as_if_it_were_whitespace>
2026-10-07T01:21:00.9857794Z       <Function test_gs_restore_never_loses_payload_characters>
2026-10-07T01:21:00.9858568Z       <Function test_gs_restore_repairs_code_with_only_one_of_two_separators[91]>
2026-10-07T01:21:00.9859140Z       <Function test_gs_restore_repairs_code_with_only_one_of_two_separators[92]>
2026-10-07T01:21:00.9859713Z       <Function test_gs_restore_collapses_duplicated_separators_to_canonical_form>
2026-10-07T01:21:00.9860247Z       <Function test_gs_restore_does_not_call_a_separated_code_lost>
2026-10-07T01:21:00.9860744Z       <Coroutine test_fbs_kiz_validate_rejects_unrestorable_glued_code>
2026-10-07T01:21:00.9861422Z       <Coroutine test_fbs_kiz_validate_unrestorable_code_is_client_error_not_500>
2026-10-07T01:21:00.9861960Z       <Coroutine test_fbs_kiz_commit_never_sends_unrestorable_code_to_wb>
2026-10-07T01:21:00.9862488Z       <Coroutine test_fbs_kiz_commit_sends_restored_production_value_to_wb>
2026-10-07T01:21:00.9863062Z       <Function test_gs_restore_normalizes_trailing_gs1_terminator_without_losing_data>
2026-10-07T01:21:00.9863639Z       <Function test_gs_restore_does_not_reparse_a_code_that_already_parses>
2026-10-07T01:21:00.9864203Z       <Function test_gs_restore_leaves_alternative_crypto_tag_93_alone_when_separated>
2026-10-07T01:21:00.9865203Z       <Function test_gs_restore_refuses_rather_than_guesses_unknown_kiz_shapes[crypto_tag_93-010460601234567821aXq7Tz9Km91K7pQ93MMMMMMMMMMMMMMMMMMMMMMMMMMMMMMMMMMMMMMMMMMMM]>
2026-10-07T01:21:00.9866652Z       <Function test_gs_restore_refuses_rather_than_guesses_unknown_kiz_shapes[unknown_tail_length_60-010460601234567821aXq7Tz9Km91K7pQ92MMMMMMMMMMMMMMMMMMMMMMMMMMMMMMMMMMMMMMMMMMMMMMMMMMMMMMMMMMMM]>
2026-10-07T01:21:00.9867827Z       <Coroutine test_initial_kiz_uncertain_write_is_persisted_and_reconciled_without_rewrite[transport-filled]>
2026-10-07T01:21:00.9868743Z       <Coroutine test_initial_kiz_uncertain_write_is_persisted_and_reconciled_without_rewrite[503-filled]>
2026-10-07T01:21:00.9869508Z       <Coroutine test_initial_kiz_uncertain_write_is_persisted_and_reconciled_without_rewrite[read-filled]>
2026-10-07T01:21:00.9870260Z       <Coroutine test_initial_kiz_uncertain_write_is_persisted_and_reconciled_without_rewrite[403-refused]>
2026-10-07T01:21:00.9871162Z       <Coroutine test_initial_kiz_uncertain_write_is_persisted_and_reconciled_without_rewrite[transport-invalid]>
2026-10-07T01:21:00.9871975Z       <Coroutine test_initial_kiz_uncertain_write_is_persisted_and_reconciled_without_rewrite[transport-cancel]>
2026-10-07T01:21:00.9872536Z     <Module test_fbs_kiz_applied.py>
2026-10-07T01:21:00.9873057Z       <Coroutine test_scan_known_code_records_application_once_without_reprinting[available_pool]>
2026-10-07T01:21:00.9873792Z       <Coroutine test_scan_known_code_records_application_once_without_reprinting[available_external]>
2026-10-07T01:21:00.9874493Z       <Coroutine test_scan_known_code_records_application_once_without_reprinting[printed]>
2026-10-07T01:21:00.9875176Z       <Coroutine test_scan_known_code_records_application_once_without_reprinting[printed_bound]>
2026-10-07T01:21:00.9875872Z       <Coroutine test_scan_known_code_records_application_once_without_reprinting[reserved_bound]>
2026-10-07T01:21:00.9876564Z       <Coroutine test_scan_known_code_records_application_once_without_reprinting[wrong_line]>
2026-10-07T01:21:00.9877198Z       <Coroutine test_print_scan_history_and_reprint_keep_the_same_applied_code>
2026-10-07T01:21:00.9877660Z     <Module test_fbs_kiz_operator_detach.py>
2026-10-07T01:21:00.9878342Z       <Coroutine test_cancel_rescan_and_replay_preserve_code_and_move_line_counts[external_fbs-applied]>
2026-10-07T01:21:00.9879085Z       <Coroutine test_cancel_rescan_and_replay_preserve_code_and_move_line_counts[pool-introduced]>
2026-10-07T01:21:00.9879712Z       <Coroutine test_remote_failure_and_final_order_do_not_release_code>
2026-10-07T01:21:00.9880229Z       <Coroutine test_postgres_two_orders_claim_detached_code_only_once>
2026-10-07T01:21:00.9880666Z     <Module test_fbs_kiz_ru_layout_symbols.py>
2026-10-07T01:21:00.9881595Z       <Function test_ru_layout_raw_scan_is_repaired_with_slash_question_and_ampersand[0104600000000017215Ab/c?d&Ef9GhJ-0104600000000017215\u0424\u0438.\u0441,\u0432?\u0423\u04309\u041f\u0440\u041e]>
2026-10-07T01:21:00.9882994Z       <Function test_ru_layout_raw_scan_is_repaired_with_slash_question_and_ampersand[0104600000000017215Ab/c?d\x1d93Ef9G-0104600000000017215\u0424\u0438.\u0441,\u0432\x1d93\u0423\u04309\u041f]>
2026-10-07T01:21:00.9884205Z       <Function test_latin_scan_is_unchanged[0104600000000017215Ab/c?d&Ef9GhJ-0104600000000017215\u0424\u0438.\u0441,\u0432?\u0423\u04309\u041f\u0440\u041e]>
2026-10-07T01:21:00.9885466Z       <Function test_latin_scan_is_unchanged[0104600000000017215Ab/c?d\x1d93Ef9G-0104600000000017215\u0424\u0438.\u0441,\u0432\x1d93\u0423\u04309\u041f]>
2026-10-07T01:21:00.9886201Z       <Function test_letter_only_translation_is_not_repaired>
2026-10-07T01:21:00.9886603Z     <Module test_fbs_kiz_sticker_lookup.py>
2026-10-07T01:21:00.9887026Z       <Function test_wb_row_split_into_human_number_and_scanner_code>
2026-10-07T01:21:00.9887483Z       <Function test_scan_finds_order_by_sticker_barcode>
2026-10-07T01:21:00.9888029Z       <Function test_human_number_still_works_for_manual_entry>
2026-10-07T01:21:00.9888452Z       <Function test_unknown_code_finds_nothing>
2026-10-07T01:21:00.9888843Z       <Function test_scan_in_russian_layout_finds_order>
2026-10-07T01:21:00.9889272Z       <Function test_latin_scan_is_not_touched_by_layout_repair>
2026-10-07T01:21:00.9889725Z       <Function test_ozon_posting_number_is_an_order_identifier>
2026-10-07T01:21:00.9890184Z       <Function test_ozon_split_posting_number_finds_its_order>
2026-10-07T01:21:00.9890666Z       <Function test_ambiguous_ozon_barcode_does_not_choose_first_order>
2026-10-07T01:21:00.9891087Z     <Module test_fbs_manual_pick.py>
2026-10-07T01:21:00.9891550Z       <Coroutine test_manual_pick_selects_cell_and_picks_explicit_order_idempotently>
2026-10-07T01:21:00.9892168Z       <Coroutine test_manual_pick_rejects_wrong_cell_product_and_allows_packed_order>
2026-10-07T01:21:00.9892621Z     <Module test_fbs_marking.py>
2026-10-07T01:21:00.9892989Z       <Coroutine test_fbs_marking_sync_updates_check_status>
2026-10-07T01:21:00.9893404Z       <Coroutine test_fbs_marking_get_list_all_kinds>
2026-10-07T01:21:00.9894015Z       <Coroutine test_fbs_metadata_gate_rejected_blocks_allowed_without_check_ok>
2026-10-07T01:21:00.9894555Z       <Function test_fbs_metadata_gate_pending_blocks_filled_allows>
2026-10-07T01:21:00.9895032Z       <Coroutine test_fbs_intake_stores_required_optional_meta>
2026-10-07T01:21:00.9895626Z       <Coroutine test_fbs_marking_autopoll_batches_unique_ids_and_skips_partial_or_failed_batches>
2026-10-07T01:21:00.9896280Z       <Function test_wb_decision_sgtin_introduced_maps_to_accepted[sgtinIntroduced]>
2026-10-07T01:21:00.9896870Z       <Function test_wb_decision_sgtin_introduced_maps_to_accepted[sgtinintroduced]>
2026-10-07T01:21:00.9897459Z       <Function test_wb_decision_sgtin_introduced_maps_to_accepted[SGTININTRODUCED]>
2026-10-07T01:21:00.9898316Z       <Function test_wb_decision_sgtin_introduced_maps_to_accepted[sgtin_introduced]>
2026-10-07T01:21:00.9898932Z       <Function test_wb_decision_sgtin_introduced_maps_to_accepted[sgtin-introduced]>
2026-10-07T01:21:00.9899527Z       <Function test_wb_decision_sgtin_introduced_maps_to_accepted[sgtin introduced]>
2026-10-07T01:21:00.9900140Z       <Function test_wb_decision_sgtin_introduced_maps_to_accepted[  sgtinIntroduced  ]>
2026-10-07T01:21:00.9900746Z       <Function test_wb_decision_mapping_stays_fail_closed[rejected-rejected]>
2026-10-07T01:21:00.9901316Z       <Function test_wb_decision_mapping_stays_fail_closed[invalid-rejected]>
2026-10-07T01:21:00.9901968Z       <Function test_wb_decision_mapping_stays_fail_closed[replacementRequired-replacement_required]>
2026-10-07T01:21:00.9902651Z       <Function test_wb_decision_mapping_stays_fail_closed[pending-pending]>
2026-10-07T01:21:00.9903188Z       <Function test_wb_decision_mapping_stays_fail_closed[required-None]>
2026-10-07T01:21:00.9903749Z       <Function test_wb_decision_mapping_stays_fail_closed[sgtinIntroduce-None]>
2026-10-07T01:21:00.9904317Z       <Function test_wb_decision_mapping_stays_fail_closed[sgtinRejected-None]>
2026-10-07T01:21:00.9904863Z       <Function test_wb_decision_mapping_stays_fail_closed[sgtin-None]>
2026-10-07T01:21:00.9905386Z       <Function test_wb_decision_mapping_stays_fail_closed[introduced-None]>
2026-10-07T01:21:00.9905897Z       <Function test_wb_decision_mapping_stays_fail_closed[-None]>
2026-10-07T01:21:00.9906380Z       <Function test_wb_decision_mapping_stays_fail_closed[None-None]>
2026-10-07T01:21:00.9907759Z       <Function test_same_marking_value_ignores_only_separators[0104630710098651215VaAOh'u!tRFR91EE1292/p5ES3Y984dx9CHANLa3oqpTJkYWL0iMcO/2z6i0be4=-0104630710098651215VaAOh'u!tRFR\x1d91EE12\x1d92/p5ES3Y984dx9CHANLa3oqpTJkYWL0iMcO/2z6i0be4=-True]>
2026-10-07T01:21:00.9909715Z       <Function test_same_marking_value_ignores_only_separators[0104630710098651215VaAOh'u!tRFR\x1d91EE12\x1d92/p5ES3Y984dx9CHANLa3oqpTJkYWL0iMcO/2z6i0be4=-0104630710098651215VaAOh'u!tRFR91EE1292/p5ES3Y984dx9CHANLa3oqpTJkYWL0iMcO/2z6i0be4=-True]>
2026-10-07T01:21:00.9911557Z       <Function test_same_marking_value_ignores_only_separators[0104630710098651215VaAOh'u!tRFR\x1d91EE12\x1d92/p5ES3Y984dx9CHANLa3oqpTJkYWL0iMcO/2z6i0be4=-0104630710098651215VaAOh'u!tRFR\x1d91EE12\x1d92/p5ES3Y984dx9CHANLa3oqpTJkYWL0iMcO/2z6i0be4=-True]>
2026-10-07T01:21:00.9913367Z       <Function test_same_marking_value_ignores_only_separators[0104630710098651215VaAOh'u!tRFR91EE1292/p5ES3Y984dx9CHANLa3oqpTJkYWL0iMcO/2z6i0be4=-0104630710098651215VaAOh'u!tRFR91EE1292/p5ES3Y984dx9CHANLa3oqpTJkYWL0iMcO/2z6i0be4=-True]>
2026-10-07T01:21:00.9915161Z       <Function test_same_marking_value_ignores_only_separators[0104630710098651215VaAOh'u!tRFR91EE1292/p5ES3Y984dx9CHANLa3oqpTJkYWL0iMcO/2z6i0be4=-0104630710098651215VaAOh'u!tRFX\x1d91EE12\x1d92/p5ES3Y984dx9CHANLa3oqpTJkYWL0iMcO/2z6i0be4=-False]>
2026-10-07T01:21:00.9917012Z       <Function test_same_marking_value_ignores_only_separators[0104630710098651215VaAOh'u!tRFR\x1d91EE12\x1d92/p5ES3Y984dx9CHANLa3oqpTJkYWL0iMcO/2z6i0be4=-0104630710098651215VaAOh'u!tRFX\x1d91EE12\x1d92/p5ES3Y984dx9CHANLa3oqpTJkYWL0iMcO/2z6i0be4=-False]>
2026-10-07T01:21:00.9919099Z       <Function test_same_marking_value_ignores_only_separators[0104630710098651215VaAOh'u!tRFR91EE1292/p5ES3Y984dx9CHANLa3oqpTJkYWL0iMcO/2z6i0be4=-0104630710098651215VaAOh'u!tRFR\x1d91EE12\x1d92/p5ES3Y984dx9CHANLa3oqpTJkYWL0iMcO/2z6i0be4-False]>
2026-10-07T01:21:00.9920297Z       <Function test_same_marking_value_ignores_only_separators[None-None-True]>
2026-10-07T01:21:00.9921246Z       <Function test_same_marking_value_ignores_only_separators[None-0104630710098651215VaAOh'u!tRFR\x1d91EE12\x1d92/p5ES3Y984dx9CHANLa3oqpTJkYWL0iMcO/2z6i0be4=-False]>
2026-10-07T01:21:00.9922470Z       <Function test_same_marking_value_ignores_only_separators[0104630710098651215VaAOh'u!tRFR\x1d91EE12\x1d92/p5ES3Y984dx9CHANLa3oqpTJkYWL0iMcO/2z6i0be4=-None-False]>
2026-10-07T01:21:00.9923319Z       <Function test_same_marking_value_ignores_only_separators[--True]>
2026-10-07T01:21:00.9923855Z       <Function test_delivery_gate_accepts_glued_local_code_confirmed_by_wb>
2026-10-07T01:21:00.9924410Z       <Function test_delivery_gate_still_blocks_a_genuinely_different_code>
2026-10-07T01:21:00.9925387Z       <Function test_delivery_gate_blocks_bad_wb_answers[rejected-rejected-None-WB \u043d\u0435 \u043f\u0440\u0438\u043d\u044f\u043b \u043c\u0430\u0440\u043a\u0438\u0440\u043e\u0432\u043a\u0443.]>
2026-10-07T01:21:00.9926736Z       <Function test_delivery_gate_blocks_bad_wb_answers[invalid-rejected-None-WB \u043d\u0435 \u043f\u0440\u0438\u043d\u044f\u043b \u043c\u0430\u0440\u043a\u0438\u0440\u043e\u0432\u043a\u0443.]>
2026-10-07T01:21:00.9928320Z       <Function test_delivery_gate_blocks_bad_wb_answers[sgtinIntroduced-accepted-sgtinNoGS-WB \u043d\u0435 \u043f\u0440\u0438\u043d\u044f\u043b \u043c\u0430\u0440\u043a\u0438\u0440\u043e\u0432\u043a\u0443: sgtinNoGS]>
2026-10-07T01:21:00.9929922Z       <Function test_delivery_gate_blocks_bad_wb_answers[required-pending-None-WB \u0435\u0449\u0451 \u043d\u0435 \u043f\u043e\u0434\u0442\u0432\u0435\u0440\u0434\u0438\u043b \u043c\u0430\u0440\u043a\u0438\u0440\u043e\u0432\u043a\u0443.]>
2026-10-07T01:21:00.9931530Z       <Function test_delivery_gate_blocks_bad_wb_answers[pending-pending-None-WB \u0435\u0449\u0451 \u043d\u0435 \u043f\u043e\u0434\u0442\u0432\u0435\u0440\u0434\u0438\u043b \u043c\u0430\u0440\u043a\u0438\u0440\u043e\u0432\u043a\u0443.]>
2026-10-07T01:21:00.9933116Z       <Function test_delivery_gate_blocks_bad_wb_answers[None-pending-None-WB \u0435\u0449\u0451 \u043d\u0435 \u043f\u043e\u0434\u0442\u0432\u0435\u0440\u0434\u0438\u043b \u043c\u0430\u0440\u043a\u0438\u0440\u043e\u0432\u043a\u0443.]>
2026-10-07T01:21:00.9934852Z       <Function test_delivery_gate_blocks_bad_wb_answers[somethingNew-unknown-None-WB \u0435\u0449\u0451 \u043d\u0435 \u043f\u043e\u0434\u0442\u0432\u0435\u0440\u0434\u0438\u043b \u043c\u0430\u0440\u043a\u0438\u0440\u043e\u0432\u043a\u0443.]>
2026-10-07T01:21:00.9935968Z       <Coroutine test_fbs_marking_sync_does_not_flag_replacement_for_separator_only_diff>
2026-10-07T01:21:00.9936592Z       <Coroutine test_fbs_marking_sync_still_flags_replacement_for_a_different_code>
2026-10-07T01:21:00.9937252Z       <Function test_wb_sgtin_verdicts_are_split_into_ship_and_refuse[sgtinIntroduced-accepted]>
2026-10-07T01:21:00.9938169Z       <Function test_wb_sgtin_verdicts_are_split_into_ship_and_refuse[sgtinSoldB2B-accepted]>
2026-10-07T01:21:00.9938911Z       <Function test_wb_sgtin_verdicts_are_split_into_ship_and_refuse[deadlineExceeded-accepted]>
2026-10-07T01:21:00.9939616Z       <Function test_wb_sgtin_verdicts_are_split_into_ship_and_refuse[sgtinApplied-rejected]>
2026-10-07T01:21:00.9940332Z       <Function test_wb_sgtin_verdicts_are_split_into_ship_and_refuse[sgtinAppliedNotPaid-rejected]>
2026-10-07T01:21:00.9941026Z       <Function test_wb_sgtin_verdicts_are_split_into_ship_and_refuse[sgtinEmitted-rejected]>
2026-10-07T01:21:00.9941711Z       <Function test_wb_sgtin_verdicts_are_split_into_ship_and_refuse[sgtinWrittenOff-rejected]>
2026-10-07T01:21:00.9942392Z       <Function test_wb_sgtin_verdicts_are_split_into_ship_and_refuse[sgtinWithdrawn-rejected]>
2026-10-07T01:21:00.9943188Z       <Function test_wb_sgtin_verdicts_are_split_into_ship_and_refuse[sgtinNotFound-rejected]>
2026-10-07T01:21:00.9943854Z       <Function test_wb_sgtin_verdicts_are_split_into_ship_and_refuse[sgtinNoGS-rejected]>
2026-10-07T01:21:00.9944547Z       <Function test_wb_sgtin_verdicts_are_split_into_ship_and_refuse[sgtinInvalidFormat-rejected]>
2026-10-07T01:21:00.9945296Z       <Function test_wb_sgtin_verdicts_are_split_into_ship_and_refuse[sgtinHasNonLatinSymbols-rejected]>
2026-10-07T01:21:00.9945971Z       <Function test_refusing_verdicts_never_open_the_delivery_gate[sgtinApplied]>
2026-10-07T01:21:00.9946600Z       <Function test_refusing_verdicts_never_open_the_delivery_gate[sgtinAppliedNotPaid]>
2026-10-07T01:21:00.9947208Z       <Function test_refusing_verdicts_never_open_the_delivery_gate[sgtinEmitted]>
2026-10-07T01:21:00.9947799Z       <Function test_refusing_verdicts_never_open_the_delivery_gate[sgtinNotFound]>
2026-10-07T01:21:00.9948513Z       <Function test_refusing_verdicts_never_open_the_delivery_gate[sgtinNoGS]>
2026-10-07T01:21:00.9949103Z       <Function test_refusing_verdicts_never_open_the_delivery_gate[sgtinWrittenOff]>
2026-10-07T01:21:00.9949722Z       <Function test_refusing_verdicts_never_open_the_delivery_gate[sgtinInvalidFormat]>
2026-10-07T01:21:00.9950731Z       <Function test_refusing_verdicts_tell_the_operator_what_actually_happened[sgtinApplied-\u043d\u0435 \u0432\u0432\u0435\u0434\u0451\u043d \u0432 \u043e\u0431\u043e\u0440\u043e\u0442]>
2026-10-07T01:21:00.9951951Z       <Function test_refusing_verdicts_tell_the_operator_what_actually_happened[sgtinAppliedNotPaid-\u043d\u0435 \u043e\u043f\u043b\u0430\u0447\u0435\u043d]>
2026-10-07T01:21:00.9953047Z       <Function test_refusing_verdicts_tell_the_operator_what_actually_happened[sgtinNoGS-\u0440\u0430\u0437\u0434\u0435\u043b\u0438\u0442\u0435\u043b]>
2026-10-07T01:21:00.9954288Z       <Function test_refusing_verdicts_tell_the_operator_what_actually_happened[sgtinNotFound-\u043d\u0435 \u0437\u043d\u0430\u0435\u0442 \u0442\u0430\u043a\u043e\u0433\u043e \u043a\u043e\u0434\u0430]>
2026-10-07T01:21:00.9955669Z       <Function test_refusing_verdicts_tell_the_operator_what_actually_happened[sgtinWrittenOff-\u0432\u044b\u0432\u0435\u0434\u0435\u043d \u0438\u0437 \u043e\u0431\u043e\u0440\u043e\u0442\u0430]>
2026-10-07T01:21:00.9956683Z       <Function test_unknown_sgtin_verdict_still_blocks_delivery>
2026-10-07T01:21:00.9957186Z       <Function test_decision_key_normalization_is_separator_insensitive>
2026-10-07T01:21:00.9957629Z     <Module test_fbs_marking_presentation.py>
2026-10-07T01:21:00.9958297Z       <Coroutine test_wb_verdict_is_saved_and_reread_in_workspace[accepted-None-accepted-False]>
2026-10-07T01:21:00.9959002Z       <Coroutine test_wb_verdict_is_saved_and_reread_in_workspace[accepted-None-accepted-True]>
2026-10-07T01:21:00.9959683Z       <Coroutine test_wb_verdict_is_saved_and_reread_in_workspace[pending-None-pending-False]>
2026-10-07T01:21:00.9960372Z       <Coroutine test_wb_verdict_is_saved_and_reread_in_workspace[pending-None-pending-True]>
2026-10-07T01:21:00.9961077Z       <Coroutine test_wb_verdict_is_saved_and_reread_in_workspace[sgtinApplied-None-rejected-False]>
2026-10-07T01:21:00.9961809Z       <Coroutine test_wb_verdict_is_saved_and_reread_in_workspace[sgtinApplied-None-rejected-True]>
2026-10-07T01:21:00.9963064Z       <Coroutine test_wb_verdict_is_saved_and_reread_in_workspace[invalid-\u041a\u043e\u0434 \u043f\u0440\u0438\u043d\u0430\u0434\u043b\u0435\u0436\u0438\u0442 \u0434\u0440\u0443\u0433\u043e\u043c\u0443 \u0442\u043e\u0432\u0430\u0440\u0443-rejected-False]>
2026-10-07T01:21:00.9964766Z       <Coroutine test_wb_verdict_is_saved_and_reread_in_workspace[invalid-\u041a\u043e\u0434 \u043f\u0440\u0438\u043d\u0430\u0434\u043b\u0435\u0436\u0438\u0442 \u0434\u0440\u0443\u0433\u043e\u043c\u0443 \u0442\u043e\u0432\u0430\u0440\u0443-rejected-True]>
2026-10-07T01:21:00.9966457Z       <Coroutine test_wb_verdict_is_saved_and_reread_in_workspace[replacementRequired-\u041d\u0443\u0436\u043d\u043e \u0437\u0430\u043c\u0435\u043d\u0438\u0442\u044c \u043a\u043e\u0434-replacement_required-False]>
2026-10-07T01:21:00.9968051Z       <Coroutine test_wb_verdict_is_saved_and_reread_in_workspace[replacementRequired-\u041d\u0443\u0436\u043d\u043e \u0437\u0430\u043c\u0435\u043d\u0438\u0442\u044c \u043a\u043e\u0434-replacement_required-True]>
2026-10-07T01:21:00.9969133Z       <Coroutine test_wb_verdict_is_saved_and_reread_in_workspace[somethingNew-None-unknown-False]>
2026-10-07T01:21:00.9969846Z       <Coroutine test_wb_verdict_is_saved_and_reread_in_workspace[somethingNew-None-unknown-True]>
2026-10-07T01:21:00.9970471Z       <Coroutine test_put_refusal_exposes_only_this_orders_saved_decision>
2026-10-07T01:21:00.9970910Z     <Module test_fbs_marking_state_id.py>
2026-10-07T01:21:00.9971300Z       <Function test_marking_state_id_survives_serialization>
2026-10-07T01:21:00.9971718Z       <Function test_missing_marking_state_has_no_id>
2026-10-07T01:21:00.9972184Z       <Coroutine test_worklist_and_workspace_return_operator_marking_id>
2026-10-07T01:21:00.9972635Z     <Module test_fbs_meta_requirements_import.py>
2026-10-07T01:21:00.9973218Z       <Function test_requirement_snapshot_distinguishes_absent_from_empty[row0-required0-optional0]>
2026-10-07T01:21:00.9973962Z       <Function test_requirement_snapshot_distinguishes_absent_from_empty[row1-required1-optional1]>
2026-10-07T01:21:00.9974701Z       <Function test_requirement_snapshot_distinguishes_absent_from_empty[row2-required2-optional2]>
2026-10-07T01:21:00.9975418Z       <Function test_requirement_snapshot_distinguishes_absent_from_empty[row3-required3-optional3]>
2026-10-07T01:21:00.9976141Z       <Function test_requirement_snapshot_distinguishes_absent_from_empty[row4-required4-optional4]>
2026-10-07T01:21:00.9976860Z       <Function test_requirement_snapshot_distinguishes_absent_from_empty[row5-required5-optional5]>
2026-10-07T01:21:00.9977562Z       <Coroutine test_wb_import_persists_requirements_then_preserves_omitted_and_clears_empty>
2026-10-07T01:21:00.9978328Z     <Module test_fbs_openapi_contract.py>
2026-10-07T01:21:00.9978756Z       <Function test_fbs_openapi_generation_includes_contract_paths>
2026-10-07T01:21:00.9979213Z       <Function test_removed_fbs_marking_paths_are_absent>
2026-10-07T01:21:00.9979679Z       <Function test_deprecated_print_compatibility_marked_in_openapi>
2026-10-07T01:21:00.9980306Z       <Function test_exported_fbs_openapi_file_matches_live_schema>
2026-10-07T01:21:00.9980734Z     <Module test_fbs_operation_actor.py>
2026-10-07T01:21:00.9981114Z       <Coroutine test_actor_recorded_for_supply_from_orders>
2026-10-07T01:21:00.9981519Z       <Coroutine test_actor_recorded_for_deliver>
2026-10-07T01:21:00.9981915Z       <Coroutine test_background_operation_has_no_actor>
2026-10-07T01:21:00.9982359Z       <Function test_migration_0104_adds_created_by_user_id_column>
2026-10-07T01:21:00.9982773Z     <Module test_fbs_operator_flow_handoff.py>
2026-10-07T01:21:00.9983190Z       <Function test_handoff_md_present_with_required_sections>
2026-10-07T01:21:00.9983653Z       <Function test_handoff_openapi_and_error_catalog_artifacts>
2026-10-07T01:21:00.9984077Z       <Function test_emulator_tokens_three_sellers>
2026-10-07T01:21:00.9984478Z       <Coroutine test_tc01_three_sellers_wms_seed_isolated>
2026-10-07T01:21:00.9984909Z       <Coroutine test_tc23_emulator_admin_seed_orders_visible>
2026-10-07T01:21:00.9985326Z       <Coroutine test_full_flow_warehouse_sc_emulator>
2026-10-07T01:21:00.9985692Z       <Coroutine test_full_flow_pvz_emulator>
2026-10-07T01:21:00.9986103Z       <Coroutine test_emulator_409_from_orders_no_false_success>
2026-10-07T01:21:00.9986574Z       <Coroutine test_emulator_deliver_timeout_pending_confirmation>
2026-10-07T01:21:00.9987029Z       <Function test_tc_non_browser_coverage_map_complete>
2026-10-07T01:21:00.9987420Z     <Module test_fbs_operator_flow_migration.py>
2026-10-07T01:21:00.9987833Z       <Function test_migration_0069_upgrade_downgrade_upgrade>
2026-10-07T01:21:00.9988478Z     <Module test_fbs_operator_flow_models.py>
2026-10-07T01:21:00.9988878Z       <Coroutine test_fbs_order_operator_status_defaults>
2026-10-07T01:21:00.9989284Z       <Coroutine test_wb_operation_duplicate_idempotency>
2026-10-07T01:21:00.9989685Z       <Coroutine test_duplicate_active_pick_rejected>
2026-10-07T01:21:00.9990097Z       <Coroutine test_duplicate_active_fulfillment_rejected>
2026-10-07T01:21:00.9990497Z     <Module test_fbs_operator_permissions.py>
2026-10-07T01:21:00.9990993Z       <Coroutine test_packaging_staff_can_use_fbs_operator_routes_but_not_admin_setup>
2026-10-07T01:21:00.9991579Z       <Coroutine test_staff_without_packaging_permission_cannot_open_fbs>
2026-10-07T01:21:00.9992032Z     <Module test_fbs_order_charge_savepoint.py>
2026-10-07T01:21:00.9992467Z       <Coroutine test_charge_failure_keeps_outer_transaction_alive>
2026-10-07T01:21:00.9992886Z     <Module test_fbs_order_tape_concurrency.py>
2026-10-07T01:21:00.9993331Z       <Coroutine test_postgres_order_tape_reuses_binding_after_wait[1]>
2026-10-07T01:21:00.9993841Z       <Coroutine test_postgres_order_tape_reuses_binding_after_wait[2]>
2026-10-07T01:21:00.9994343Z       <Coroutine test_postgres_order_tape_reuses_binding_after_wait[4]>
2026-10-07T01:21:00.9994867Z       <Coroutine test_pack_all_then_first_order_tape_and_done_task_reprint>
2026-10-07T01:21:00.9995426Z       <Coroutine test_postgres_tape_with_concurrent_packing_or_kiz[pack_all]>
2026-10-07T01:21:00.9995958Z       <Coroutine test_postgres_tape_with_concurrent_packing_or_kiz[scan]>
2026-10-07T01:21:00.9996490Z       <Coroutine test_postgres_tape_with_concurrent_packing_or_kiz[unbind]>
2026-10-07T01:21:00.9997050Z       <Coroutine test_postgres_unbind_then_waiting_tape_refreshes_deleted_binding>
2026-10-07T01:21:00.9997553Z     <Module test_fbs_order_tape_print_missing_codes.py>
2026-10-07T01:21:00.9998252Z       <Coroutine test_tape_allocates_only_missing_codes_and_preserves_existing_bindings[0-True]>
2026-10-07T01:21:00.9998958Z       <Coroutine test_tape_allocates_only_missing_codes_and_preserves_existing_bindings[1-True]>
2026-10-07T01:21:00.9999641Z       <Coroutine test_tape_allocates_only_missing_codes_and_preserves_existing_bindings[2-True]>
2026-10-07T01:21:01.0000332Z       <Coroutine test_tape_allocates_only_missing_codes_and_preserves_existing_bindings[1-False]>
2026-10-07T01:21:01.0000989Z       <Coroutine test_reprint_without_code_or_requirement_still_has_nothing_to_reprint>
2026-10-07T01:21:01.0001699Z       <Coroutine test_skipped_tape_without_codes_does_not_allocate[False]>
2026-10-07T01:21:01.0002256Z       <Coroutine test_skipped_tape_without_codes_does_not_allocate[True]>
2026-10-07T01:21:01.0002691Z     <Module test_fbs_order_tape_qr_only.py>
2026-10-07T01:21:01.0003175Z       <Coroutine test_qr_only_tape_does_not_allocate_or_print_honest_sign[layout0-True]>
2026-10-07T01:21:01.0003805Z       <Coroutine test_qr_only_tape_does_not_allocate_or_print_honest_sign[layout1-False]>
2026-10-07T01:21:01.0004345Z       <Coroutine test_empty_tape_without_order_qr_is_rejected>
2026-10-07T01:21:01.0004876Z       <Coroutine test_delivered_wb_reuses_saved_code_without_packaging_task[pool]>
2026-10-07T01:21:01.0005480Z       <Coroutine test_delivered_wb_reuses_saved_code_without_packaging_task[operator]>
2026-10-07T01:21:01.0006091Z       <Coroutine test_delivered_wb_reuses_saved_code_without_packaging_task[missing]>
2026-10-07T01:21:01.0006674Z       <Coroutine test_ozon_inline_reprint_selects_only_clicked_operator_kiz>
2026-10-07T01:21:01.0007115Z     <Module test_fbs_orders_intake.py>
2026-10-07T01:21:01.0007510Z       <Coroutine test_fbs_order_upsert_idempotent_and_deadline>
2026-10-07T01:21:01.0008129Z       <Coroutine test_frequent_intake_skips_full_history_and_status_calls>
2026-10-07T01:21:01.0008646Z       <Coroutine test_fbs_order_product_mapping_success_and_missing>
2026-10-07T01:21:01.0009181Z       <Coroutine test_fbs_order_product_mapping_prefers_chrt_id_over_shared_nm_id>
2026-10-07T01:21:01.0009681Z       <Coroutine test_fbs_order_reserve_and_no_stock>
2026-10-07T01:21:01.0010234Z       <Coroutine test_fbs_order_without_publication_still_reserves>
2026-10-07T01:21:01.0010855Z       <Coroutine test_fbs_order_status_sync_supplier_confirm_moves_new_to_external_processing>
2026-10-07T01:21:01.0011441Z       <Coroutine test_fbs_order_status_sync_links_external_wb_supply>
2026-10-07T01:21:01.0011925Z       <Coroutine test_fbs_external_wb_supply_link_is_idempotent>
2026-10-07T01:21:01.0012460Z       <Coroutine test_fbs_external_wb_supply_link_skips_wb_calls_without_candidates>
2026-10-07T01:21:01.0013039Z       <Coroutine test_fbs_external_wb_supply_link_soft_fails_on_local_error>
2026-10-07T01:21:01.0013640Z       <Coroutine test_fbs_external_wb_supply_link_skips_unserved_then_imports_after_binding>
2026-10-07T01:21:01.0014220Z       <Coroutine test_fbs_order_status_sync_releases_reserve_on_cancel>
2026-10-07T01:21:01.0014698Z       <Coroutine test_fbs_sync_job_fails_on_wb_client_error>
2026-10-07T01:21:01.0015163Z       <Coroutine test_fbs_sync_keeps_new_orders_when_page_fetch_fails>
2026-10-07T01:21:01.0015734Z       <Coroutine test_fbs_history_page_updates_pickup_point_allowed_for_existing_order>
2026-10-07T01:21:01.0016305Z       <Coroutine test_fbs_sync_keeps_new_orders_when_status_fetch_fails>
2026-10-07T01:21:01.0016762Z       <Coroutine test_fbs_sync_missing_marketplace_token>
2026-10-07T01:21:01.0017221Z       <Coroutine test_fbs_cancelled_order_not_re_reserved_on_upsert>
2026-10-07T01:21:01.0017661Z       <Coroutine test_fbs_sync_ignores_body_warehouse_id>
2026-10-07T01:21:01.0018361Z       <Coroutine test_fbs_orders_bind_to_correct_wms_warehouse>
2026-10-07T01:21:01.0018814Z       <Coroutine test_fbs_orders_skip_unserved_wb_warehouses>
2026-10-07T01:21:01.0019363Z       <Coroutine test_fbs_legacy_technical_binding_repairs_to_sole_operational_warehouse>
2026-10-07T01:21:01.0019992Z       <Coroutine test_fbs_legacy_binding_with_assigned_order_is_not_repaired_or_moved>
2026-10-07T01:21:01.0020604Z       <Coroutine test_fbs_inactive_explicit_binding_is_not_revived_by_auto_binding>
2026-10-07T01:21:01.0021181Z       <Coroutine test_fbs_normal_explicit_operational_binding_is_untouched>
2026-10-07T01:21:01.0021773Z       <Coroutine test_fbs_existing_order_warehouse_is_not_moved_by_later_binding_change>
2026-10-07T01:21:01.0022311Z       <Coroutine test_fbs_order_unknown_wb_warehouse_is_skipped>
2026-10-07T01:21:01.0023011Z       <Coroutine test_fbs_order_is_skipped_without_served_operational_warehouse>
2026-10-07T01:21:01.0023535Z       <Coroutine test_fbs_order_without_local_stock_is_selectable>
2026-10-07T01:21:01.0024037Z       <Coroutine test_fbs_sole_warehouse_does_not_import_unserved_order>
2026-10-07T01:21:01.0024547Z       <Coroutine test_fbs_order_status_sync_releases_reserve_on_defect>
2026-10-07T01:21:01.0025050Z       <Coroutine test_fbs_order_reservation_conflict_keeps_warehouse>
2026-10-07T01:21:01.0025544Z       <Coroutine test_fbs_order_wb_warehouse_remap_conflict_on_resync>
2026-10-07T01:21:01.0026044Z       <Coroutine test_fbs_order_intake_does_not_touch_operator_number>
2026-10-07T01:21:01.0026454Z     <Module test_fbs_ozon_lane.py>
2026-10-07T01:21:01.0026851Z       <Coroutine test_supply_preflight_rejects_mixed_marketplaces>
2026-10-07T01:21:01.0027397Z       <Coroutine test_order_label_dispatch_uses_only_selected_marketplace_adapter>
2026-10-07T01:21:01.0028065Z       <Coroutine test_ozon_pdf_label_is_stored_and_served_as_a_pdf>
2026-10-07T01:21:01.0028646Z       <Coroutine test_ozon_label_before_handoff_explains_itself_instead_of_failing_blankly>
2026-10-07T01:21:01.0029219Z       <Coroutine test_order_label_fake_preserves_human_ozon_403_code7>
2026-10-07T01:21:01.0029706Z       <Coroutine test_manual_sync_fake_returns_human_ozon_403_code7>
2026-10-07T01:21:01.0030245Z       <Coroutine test_ozon_autopoll_positive_fake_upserts_shared_order_and_status>
2026-10-07T01:21:01.0030878Z       <Coroutine test_ozon_stock_dispatch_uses_binding_pool_with_fake_transport[True-True-2]>
2026-10-07T01:21:01.0031681Z       <Coroutine test_ozon_stock_dispatch_uses_binding_pool_with_fake_transport[True-False-0]>
2026-10-07T01:21:01.0032371Z       <Coroutine test_ozon_stock_dispatch_uses_binding_pool_with_fake_transport[False-True-10]>
2026-10-07T01:21:01.0033023Z       <Coroutine test_ozon_partial_stock_confirmation_counts_only_what_ozon_confirmed>
2026-10-07T01:21:01.0033739Z       <Coroutine test_ozon_publish_respects_configured_products_and_all_binding_flags[True-True-True-True-1]>
2026-10-07T01:21:01.0034559Z       <Coroutine test_ozon_publish_respects_configured_products_and_all_binding_flags[True-True-True-False-0]>
2026-10-07T01:21:01.0035363Z       <Coroutine test_ozon_publish_respects_configured_products_and_all_binding_flags[False-True-True-True-0]>
2026-10-07T01:21:01.0036167Z       <Coroutine test_ozon_publish_respects_configured_products_and_all_binding_flags[True-False-True-True-1]>
2026-10-07T01:21:01.0036956Z       <Coroutine test_ozon_publish_respects_configured_products_and_all_binding_flags[True-True-False-True-0]>
2026-10-07T01:21:01.0037621Z       <Coroutine test_wb_and_ozon_may_publish_the_same_last_physical_unit>
2026-10-07T01:21:01.0038254Z       <Coroutine test_ozon_import_persists_single_product_position>
2026-10-07T01:21:01.0038739Z       <Coroutine test_ozon_import_persists_all_product_positions>
2026-10-07T01:21:01.0039261Z       <Coroutine test_ozon_repeat_sync_replaces_changed_quantity_and_rereserves>
2026-10-07T01:21:01.0039765Z       <Coroutine test_ozon_ship_keeps_quantity_above_one>
2026-10-07T01:21:01.0040269Z       <Coroutine test_ozon_multi_position_ship_keeps_complete_posting_composition>
2026-10-07T01:21:01.0040843Z       <Coroutine test_ozon_handoff_sets_required_product_country_before_ship>
2026-10-07T01:21:01.0041407Z       <Coroutine test_ozon_handoff_blocks_when_required_product_country_is_missing>
2026-10-07T01:21:01.0041996Z       <Coroutine test_ozon_handoff_blocks_when_posting_exceeds_the_drop_off_limits>
2026-10-07T01:21:01.0042577Z       <Coroutine test_ozon_handoff_passes_a_posting_that_fits_the_drop_off_limits>
2026-10-07T01:21:01.0043109Z       <Coroutine test_wb_order_keeps_legacy_single_product_shape>
2026-10-07T01:21:01.0043553Z       <Coroutine test_ozon_supply_creation_never_calls_wb>
2026-10-07T01:21:01.0044023Z       <Coroutine test_ozon_boxes_are_local_and_require_distribution>
2026-10-07T01:21:01.0044578Z       <Function test_without_distribution_stage_does_not_create_navigation_blockers>
2026-10-07T01:21:01.0045333Z       <Coroutine test_ozon_supply_handoff_ships_rechecks_and_creates_carriage_without_wb>
2026-10-07T01:21:01.0045910Z       <Coroutine test_ozon_live_handoff_never_falls_back_to_fake_success>
2026-10-07T01:21:01.0046465Z       <Coroutine test_ozon_ship_failed_readback_stays_visible_and_blocks_handoff>
2026-10-07T01:21:01.0047034Z       <Coroutine test_ozon_partial_handoff_is_journalled_and_the_retry_resumes>
2026-10-07T01:21:01.0047607Z       <Coroutine test_ozon_handoff_after_approved_carriage_does_not_approve_twice>
2026-10-07T01:21:01.0048324Z       <Coroutine test_ozon_status_sync_skips_finished_orders_and_polls_the_rest_in_turns>
2026-10-07T01:21:01.0048918Z       <Coroutine test_ozon_cancellation_is_journalled_before_the_local_part>
2026-10-07T01:21:01.0049437Z       <Coroutine test_ozon_cancellation_reason_comes_from_the_caller>
2026-10-07T01:21:01.0049949Z       <Coroutine test_ozon_marking_uses_exemplar_flow_and_preserves_gs>
2026-10-07T01:21:01.0050476Z       <Coroutine test_ozon_marking_targets_its_exact_multi_product_position>
2026-10-07T01:21:01.0051118Z       <Coroutine test_ozon_scanner_binds_every_required_code_without_wb_path[ship_available-False]>
2026-10-07T01:21:01.0051835Z       <Coroutine test_ozon_scanner_binds_every_required_code_without_wb_path[ship_available-True]>
2026-10-07T01:21:01.0052569Z       <Coroutine test_ozon_scanner_binds_every_required_code_without_wb_path[validation_in_process-False]>
2026-10-07T01:21:01.0053333Z       <Coroutine test_ozon_scanner_binds_every_required_code_without_wb_path[validation_in_process-True]>
2026-10-07T01:21:01.0054200Z       <Coroutine test_ozon_preflight_warns_about_required_marking_without_product_positions>
2026-10-07T01:21:01.0054844Z       <Coroutine test_ozon_gate_requires_each_kind_and_rejects_duplicate_exemplar>
2026-10-07T01:21:01.0055462Z       <Coroutine test_ozon_status_sync_updates_only_current_rows_and_preserves_exemplars>
2026-10-07T01:21:01.0056060Z       <Coroutine test_ozon_negative_sync_does_not_fall_back_to_accepted_history>
2026-10-07T01:21:01.0056607Z       <Coroutine test_ozon_marking_rejection_uses_existing_visible_status>
2026-10-07T01:21:01.0057097Z       <Coroutine test_wb_background_marking_ignores_ozon_orders>
2026-10-07T01:21:01.0057572Z       <Coroutine test_wb_background_tracking_ignores_ozon_supplies>
2026-10-07T01:21:01.0058330Z       <Coroutine test_ozon_labels_are_not_requested_while_the_live_transport_is_off>
2026-10-07T01:21:01.0058991Z       <Coroutine test_ozon_poll_uses_served_warehouse_independently_of_publication[True-True-1]>
2026-10-07T01:21:01.0059694Z       <Coroutine test_ozon_poll_uses_served_warehouse_independently_of_publication[False-True-1]>
2026-10-07T01:21:01.0060398Z       <Coroutine test_ozon_poll_uses_served_warehouse_independently_of_publication[True-False-0]>
2026-10-07T01:21:01.0061101Z       <Coroutine test_ozon_poll_uses_served_warehouse_independently_of_publication[False-False-0]>
2026-10-07T01:21:01.0061678Z       <Coroutine test_ozon_order_row_carries_its_delivery_route>
2026-10-07T01:21:01.0062143Z       <Coroutine test_ozon_order_route_falls_back_to_the_method_id>
2026-10-07T01:21:01.0062662Z       <Coroutine test_supply_creation_refuses_a_mixed_wb_and_ozon_selection>
2026-10-07T01:21:01.0063232Z       <Function test_existing_supply_never_accepts_an_order_of_another_marketplace>
2026-10-07T01:21:01.0063924Z       <Coroutine test_ozon_pending_after_worker_exit_resumes_without_repeating_approve[None-ozon-crashed]>
2026-10-07T01:21:01.0064705Z       <Coroutine test_ozon_pending_after_worker_exit_resumes_without_repeating_approve[None-ozon-fresh-key]>
2026-10-07T01:21:01.0065480Z       <Coroutine test_ozon_pending_after_worker_exit_resumes_without_repeating_approve[901-ozon-crashed]>
2026-10-07T01:21:01.0066241Z       <Coroutine test_ozon_pending_after_worker_exit_resumes_without_repeating_approve[901-ozon-fresh-key]>
2026-10-07T01:21:01.0066908Z       <Coroutine test_ozon_lost_create_response_never_creates_a_second_carriage>
2026-10-07T01:21:01.0067592Z       <Coroutine test_ozon_live_owner_blocks_retry_before_external_calls>
2026-10-07T01:21:01.0068280Z       <Coroutine test_ozon_pack_is_only_fact_with_nonzero_reservation[line-unpacked]>
2026-10-07T01:21:01.0068926Z       <Coroutine test_ozon_pack_is_only_fact_with_nonzero_reservation[line-legacy-packed-only]>
2026-10-07T01:21:01.0069562Z       <Coroutine test_ozon_pack_is_only_fact_with_nonzero_reservation[all-unpacked]>
2026-10-07T01:21:01.0070206Z       <Coroutine test_ozon_pack_is_only_fact_with_nonzero_reservation[all-legacy-packed-only]>
2026-10-07T01:21:01.0070875Z       <Coroutine test_ozon_pack_is_only_fact_with_nonzero_reservation[confirm_shelf-unpacked]>
2026-10-07T01:21:01.0071593Z       <Coroutine test_ozon_pack_is_only_fact_with_nonzero_reservation[confirm_shelf-legacy-packed-only]>
2026-10-07T01:21:01.0072147Z     <Module test_fbs_ozon_picking_terminal.py>
2026-10-07T01:21:01.0072660Z       <Coroutine test_late_undo_cannot_return_other_sorting_stock_to_old_box[in_delivery]>
2026-10-07T01:21:01.0073280Z       <Coroutine test_late_undo_cannot_return_other_sorting_stock_to_old_box[done]>
2026-10-07T01:21:01.0073898Z       <Coroutine test_late_undo_cannot_return_other_sorting_stock_to_old_box[cancelled]>
2026-10-07T01:21:01.0074427Z       <Coroutine test_packed_ozon_undo_and_repick_still_work>
2026-10-07T01:21:01.0074991Z       <Coroutine test_delivery_checkpoint_protects_pick_mutations[pending-progress0-True]>
2026-10-07T01:21:01.0075712Z       <Coroutine test_delivery_checkpoint_protects_pick_mutations[pending_confirmation-progress1-True]>
2026-10-07T01:21:01.0076441Z       <Coroutine test_delivery_checkpoint_protects_pick_mutations[confirmed-progress2-True]>
2026-10-07T01:21:01.0077225Z       <Coroutine test_delivery_checkpoint_protects_pick_mutations[failed-progress3-True]>
2026-10-07T01:21:01.0078003Z       <Coroutine test_delivery_checkpoint_protects_pick_mutations[failed-progress4-True]>
2026-10-07T01:21:01.0078658Z       <Coroutine test_delivery_checkpoint_protects_pick_mutations[failed-progress5-True]>
2026-10-07T01:21:01.0079306Z       <Coroutine test_delivery_checkpoint_protects_pick_mutations[failed-progress6-True]>
2026-10-07T01:21:01.0079952Z       <Coroutine test_delivery_checkpoint_protects_pick_mutations[failed-progress7-False]>
2026-10-07T01:21:01.0080607Z       <Coroutine test_delivery_checkpoint_protects_pick_mutations[failed-progress8-False]>
2026-10-07T01:21:01.0081184Z       <Coroutine test_late_undo_waits_and_rereads_committed_delivery>
2026-10-07T01:21:01.0081735Z       <Coroutine test_finalization_relocks_supply_after_external_checkpoint>
2026-10-07T01:21:01.0082383Z       <Coroutine test_known_fallback_rejection_reopens_pick_but_uncertain_outcome_does_not[404-400]>
2026-10-07T01:21:01.0083104Z       <Coroutine test_known_fallback_rejection_reopens_pick_but_uncertain_outcome_does_not[404-401]>
2026-10-07T01:21:01.0083804Z       <Coroutine test_known_fallback_rejection_reopens_pick_but_uncertain_outcome_does_not[404-403]>
2026-10-07T01:21:01.0084506Z       <Coroutine test_known_fallback_rejection_reopens_pick_but_uncertain_outcome_does_not[404-422]>
2026-10-07T01:21:01.0085223Z       <Coroutine test_known_fallback_rejection_reopens_pick_but_uncertain_outcome_does_not[404-429]>
2026-10-07T01:21:01.0085933Z       <Coroutine test_known_fallback_rejection_reopens_pick_but_uncertain_outcome_does_not[404-503]>
2026-10-07T01:21:01.0086644Z       <Coroutine test_known_fallback_rejection_reopens_pick_but_uncertain_outcome_does_not[404-None]>
2026-10-07T01:21:01.0087362Z       <Coroutine test_known_fallback_rejection_reopens_pick_but_uncertain_outcome_does_not[409-400]>
2026-10-07T01:21:01.0088182Z       <Coroutine test_known_fallback_rejection_reopens_pick_but_uncertain_outcome_does_not[409-401]>
2026-10-07T01:21:01.0088893Z       <Coroutine test_known_fallback_rejection_reopens_pick_but_uncertain_outcome_does_not[409-403]>
2026-10-07T01:21:01.0089596Z       <Coroutine test_known_fallback_rejection_reopens_pick_but_uncertain_outcome_does_not[409-422]>
2026-10-07T01:21:01.0090425Z       <Coroutine test_known_fallback_rejection_reopens_pick_but_uncertain_outcome_does_not[409-429]>
2026-10-07T01:21:01.0091130Z       <Coroutine test_known_fallback_rejection_reopens_pick_but_uncertain_outcome_does_not[409-503]>
2026-10-07T01:21:01.0091844Z       <Coroutine test_known_fallback_rejection_reopens_pick_but_uncertain_outcome_does_not[409-None]>
2026-10-07T01:21:01.0092400Z     <Module test_fbs_packaging_eligibility_unit.py>
2026-10-07T01:21:01.0092853Z       <Coroutine test_eligible_orders_loads_active_picks_in_one_query>
2026-10-07T01:21:01.0093012Z     <Module test_fbs_packaging_fulfillment.py>
2026-10-07T01:21:01.0093254Z       <Coroutine test_fbs_pack_fact_keeps_stock_unpacked_until_delivery>
2026-10-07T01:21:01.0093437Z       <Coroutine test_fbs_pack_and_complete_without_pick>
2026-10-07T01:21:01.0093708Z       <Coroutine test_fbs_pack_all_completes_without_marking_or_stock_conversion>
2026-10-07T01:21:01.0093969Z       <Coroutine test_fbs_pack_all_honest_sign_skip_completes_without_promotion>
2026-10-07T01:21:01.0094316Z       <Coroutine test_fbs_pack_all_insufficient_stock_completes_without_cross_warehouse_write_off>
2026-10-07T01:21:01.0094561Z       <Coroutine test_fbs_pack_all_completes_atomically_and_is_idempotent>
2026-10-07T01:21:01.0094770Z       <Coroutine test_fbs_pack_same_sku_two_orders_third_rejected>
2026-10-07T01:21:01.0095029Z       <Coroutine test_fbs_pack_succeeds_when_line_balance_already_marked_packed>
2026-10-07T01:21:01.0095282Z       <Coroutine test_fbs_pack_continues_when_location_has_no_stock_at_all>
2026-10-07T01:21:01.0095545Z       <Coroutine test_ozon_multi_product_packaging_requires_all_posting_units>
2026-10-07T01:21:01.0095815Z     <Module test_fbs_packaging_integration.py>
2026-10-07T01:21:01.0096026Z       <Coroutine test_fbs_packaging_task_created_on_assembling>
2026-10-07T01:21:01.0096193Z       <Coroutine test_fbs_bind_packaging_box_to_trbx>
2026-10-07T01:21:01.0096445Z       <Coroutine test_fbs_bind_packaging_box_rejects_foreign_tenant_warehouse>
2026-10-07T01:21:01.0096710Z       <Coroutine test_fbs_packaging_complete_does_not_convert_or_promote_supply>
2026-10-07T01:21:01.0096929Z       <Coroutine test_fbs_supply_deliver_allowed_without_packaging>
2026-10-07T01:21:01.0097143Z       <Coroutine test_fbs_warehouse_sc_supply_gets_packaging_task>
2026-10-07T01:21:01.0097347Z       <Coroutine test_fbs_packaging_task_skips_unmapped_product>
2026-10-07T01:21:01.0097584Z       <Coroutine test_fbs_supply_legacy_add_order_allowed_after_packing>
2026-10-07T01:21:01.0097790Z       <Coroutine test_fbs_supply_manual_packed_status_rejected>
2026-10-07T01:21:01.0098272Z       <Coroutine test_fbs_marking_update_does_not_promote_wb_supply>
2026-10-07T01:21:01.0098562Z       <Coroutine test_fbs_packaging_keeps_physical_stock_reserved_until_delivery>
2026-10-07T01:21:01.0098771Z       <Coroutine test_fbs_packing_without_stock_in_line_location>
2026-10-07T01:21:01.0099026Z       <Coroutine test_fbs_packing_does_not_convert_stock_from_other_warehouse>
2026-10-07T01:21:01.0099314Z       <Coroutine test_fbs_packaging_task_completes_without_stock_or_supply_promotion>
2026-10-07T01:21:01.0099543Z       <Coroutine test_tape_covers_every_order_and_matches_picking_list>
2026-10-07T01:21:01.0099682Z     <Module test_fbs_packing_box.py>
2026-10-07T01:21:01.0099942Z       <Coroutine test_warehouse_boxes_get_cargo_places_and_orders_are_exclusive>
2026-10-07T01:21:01.0100162Z       <Coroutine test_wb_box_readiness_never_depends_on_pack_status>
2026-10-07T01:21:01.0100425Z       <Coroutine test_box_creation_key_is_idempotent_and_rejects_different_count>
2026-10-07T01:21:01.0100745Z       <Coroutine test_box_creation_wb_rejection_cleans_local_boxes_and_same_key_can_retry[404]>
2026-10-07T01:21:01.0101061Z       <Coroutine test_box_creation_wb_rejection_cleans_local_boxes_and_same_key_can_retry[409]>
2026-10-07T01:21:01.0101334Z       <Coroutine test_box_retry_after_409_reconciles_timeout_with_same_operator_key>
2026-10-07T01:21:01.0101590Z       <Coroutine test_without_distribution_boxes_do_not_accept_order_assignment>
2026-10-07T01:21:01.0101984Z       <Coroutine test_legacy_create_boxes_toggle_rejects_existing_assignment>
2026-10-07T01:21:01.0102281Z       <Coroutine test_legacy_without_distribution_marker_still_blocks_assignment>
2026-10-07T01:21:01.0102646Z       <Coroutine test_legacy_without_distribution_create_retry_returns_existing_box[no-distribution:]>
2026-10-07T01:21:01.0103000Z       <Coroutine test_legacy_without_distribution_create_retry_returns_existing_box[retired-no-dist:]>
2026-10-07T01:21:01.0103324Z       <Coroutine test_truncated_legacy_key_does_not_capture_distinct_long_key[no-distribution:]>
2026-10-07T01:21:01.0103645Z       <Coroutine test_truncated_legacy_key_does_not_capture_distinct_long_key[retired-no-dist:]>
2026-10-07T01:21:01.0103942Z       <Coroutine test_truncated_legacy_key_retry_returns_existing_box[no-distribution:]>
2026-10-07T01:21:01.0104234Z       <Coroutine test_truncated_legacy_key_retry_returns_existing_box[retired-no-dist:]>
2026-10-07T01:21:01.0104528Z       <Coroutine test_without_distribution_mode_depends_on_assignments_not_box_count>
2026-10-07T01:21:01.0104812Z       <Coroutine test_without_distribution_toggle_preserves_full_key_for_create_retry>
2026-10-07T01:21:01.0105090Z       <Coroutine test_without_distribution_keeps_distinct_max_length_idempotency_keys>
2026-10-07T01:21:01.0105413Z       <Coroutine test_boxes_without_distribution_api_persists_mode_across_empty_box_lifecycle>
2026-10-07T01:21:01.0105746Z       <Coroutine test_migration_moves_provable_legacy_marker_to_supply_before_empty_box_lifecycle>
2026-10-07T01:21:01.0106048Z       <Coroutine test_client_key_with_legacy_prefix_is_not_mode_marker_and_stays_idempotent>
2026-10-07T01:21:01.0106456Z       <Coroutine test_boxes_without_distribution_api_conflicts_when_order_is_assigned>
2026-10-07T01:21:01.0106738Z       <Function test_workspace_wb_distribution_does_not_publish_navigation_blockers>
2026-10-07T01:21:01.0106990Z       <Function test_workspace_opens_boxes_without_sticker_navigation_blocker>
2026-10-07T01:21:01.0107227Z       <Function test_workspace_active_wb_starts_with_optional_picking>
2026-10-07T01:21:01.0107501Z       <Function test_workspace_active_wb_stage_does_not_consult_packaging_progress>
2026-10-07T01:21:01.0107764Z       <Function test_workspace_completed_wb_assembling_never_returns_to_picking>
2026-10-07T01:21:01.0108106Z       <Function test_workspace_wb_never_exposes_navigation_blockers>
2026-10-07T01:21:01.0108368Z       <Function test_workspace_fresh_ozon_supply_starts_with_picking_not_boxes>
2026-10-07T01:21:01.0108594Z       <Function test_workspace_ozon_never_exposes_navigation_blockers>
2026-10-07T01:21:01.0108872Z       <Function test_workspace_completed_ozon_assembling_never_returns_to_picking>
2026-10-07T01:21:01.0109117Z       <Function test_workspace_without_distribution_skips_assignment_gate>
2026-10-07T01:21:01.0109267Z     <Module test_fbs_packing_selection.py>
2026-10-07T01:21:01.0109537Z       <Coroutine test_selected_tape_reuses_code_and_clear_never_changes_inventory>
2026-10-07T01:21:01.0109818Z       <Coroutine test_clear_after_pool_to_external_replacement_releases_marking_need>
2026-10-07T01:21:01.0110093Z       <Coroutine test_clear_rejected_pool_code_returns_available_and_keeps_history>
2026-10-07T01:21:01.0110236Z     <Module test_fbs_pick_barcode_hint.py>
2026-10-07T01:21:01.0110507Z       <Coroutine test_wrong_barcode_with_hint_has_no_writes[5594804821589-pick_scan]>
2026-10-07T01:21:01.0110813Z       <Coroutine test_wrong_barcode_with_hint_has_no_writes[5594804821589-scan_pick_product]>
2026-10-07T01:21:01.0111071Z       <Coroutine test_wrong_barcode_with_hint_has_no_writes[UNKNOWN-pick_scan]>
2026-10-07T01:21:01.0111362Z       <Coroutine test_wrong_barcode_with_hint_has_no_writes[UNKNOWN-scan_pick_product]>
2026-10-07T01:21:01.0111608Z       <Coroutine test_wrong_barcode_with_hint_has_no_writes[722-pick_scan]>
2026-10-07T01:21:01.0111875Z       <Coroutine test_wrong_barcode_with_hint_has_no_writes[722-scan_pick_product]>
2026-10-07T01:21:01.0112244Z       <Coroutine test_wrong_barcode_with_hint_has_no_writes[   -pick_scan]>
2026-10-07T01:21:01.0112504Z       <Coroutine test_wrong_barcode_with_hint_has_no_writes[   -scan_pick_product]>
2026-10-07T01:21:01.0112742Z       <Coroutine test_valid_codes_and_replay[True-4119560418722-pick_scan]>
2026-10-07T01:21:01.0113007Z       <Coroutine test_valid_codes_and_replay[True-4119560418722-scan_pick_product]>
2026-10-07T01:21:01.0113231Z       <Coroutine test_valid_codes_and_replay[True-ALIAS-pick_scan]>
2026-10-07T01:21:01.0113474Z       <Coroutine test_valid_codes_and_replay[True-ALIAS-scan_pick_product]>
2026-10-07T01:21:01.0113845Z       <Coroutine test_valid_codes_and_replay[True-\u0424\u0410_\u041c\u041e\u0414274\u0430/001/42-pick_scan]>
2026-10-07T01:21:01.0114230Z       <Coroutine test_valid_codes_and_replay[True-\u0424\u0410_\u041c\u041e\u0414274\u0430/001/42-scan_pick_product]>
2026-10-07T01:21:01.0114474Z       <Coroutine test_valid_codes_and_replay[True-ORDER-CODE-pick_scan]>
2026-10-07T01:21:01.0114755Z       <Coroutine test_valid_codes_and_replay[True-ORDER-CODE-scan_pick_product]>
2026-10-07T01:21:01.0115002Z       <Coroutine test_valid_codes_and_replay[False-4119560418722-pick_scan]>
2026-10-07T01:21:01.0115277Z       <Coroutine test_valid_codes_and_replay[False-4119560418722-scan_pick_product]>
2026-10-07T01:21:01.0123445Z       <Coroutine test_valid_codes_and_replay[False-ALIAS-pick_scan]>
2026-10-07T01:21:01.0123782Z       <Coroutine test_valid_codes_and_replay[False-ALIAS-scan_pick_product]>
2026-10-07T01:21:01.0124175Z       <Coroutine test_valid_codes_and_replay[False-\u0424\u0410_\u041c\u041e\u0414274\u0430/001/42-pick_scan]>
2026-10-07T01:21:01.0124749Z       <Coroutine test_valid_codes_and_replay[False-\u0424\u0410_\u041c\u041e\u0414274\u0430/001/42-scan_pick_product]>
2026-10-07T01:21:01.0125022Z       <Coroutine test_valid_codes_and_replay[False-ORDER-CODE-pick_scan]>
2026-10-07T01:21:01.0125298Z       <Coroutine test_valid_codes_and_replay[False-ORDER-CODE-scan_pick_product]>
2026-10-07T01:21:01.0125604Z       <Coroutine test_hint_preserves_selected_product_with_shared_order_code[pick_scan]>
2026-10-07T01:21:01.0125939Z       <Coroutine test_hint_preserves_selected_product_with_shared_order_code[scan_pick_product]>
2026-10-07T01:21:01.0126175Z       <Coroutine test_ozon_marketplace_code_and_wrong_hint[pick_scan]>
2026-10-07T01:21:01.0126436Z       <Coroutine test_ozon_marketplace_code_and_wrong_hint[scan_pick_product]>
2026-10-07T01:21:01.0126620Z       <Coroutine test_manual_pick_and_public_empty_scan>
2026-10-07T01:21:01.0126887Z       <Coroutine test_hint_cannot_cross_product_scope[wb-tenant-pick_scan]>
2026-10-07T01:21:01.0127181Z       <Coroutine test_hint_cannot_cross_product_scope[wb-tenant-scan_pick_product]>
2026-10-07T01:21:01.0127432Z       <Coroutine test_hint_cannot_cross_product_scope[wb-seller-pick_scan]>
2026-10-07T01:21:01.0127710Z       <Coroutine test_hint_cannot_cross_product_scope[wb-seller-scan_pick_product]>
2026-10-07T01:21:01.0128108Z       <Coroutine test_hint_cannot_cross_product_scope[wb-supply-pick_scan]>
2026-10-07T01:21:01.0128391Z       <Coroutine test_hint_cannot_cross_product_scope[wb-supply-scan_pick_product]>
2026-10-07T01:21:01.0128648Z       <Coroutine test_hint_cannot_cross_product_scope[ozon-tenant-pick_scan]>
2026-10-07T01:21:01.0128936Z       <Coroutine test_hint_cannot_cross_product_scope[ozon-tenant-scan_pick_product]>
2026-10-07T01:21:01.0129188Z       <Coroutine test_hint_cannot_cross_product_scope[ozon-seller-pick_scan]>
2026-10-07T01:21:01.0129463Z       <Coroutine test_hint_cannot_cross_product_scope[ozon-seller-scan_pick_product]>
2026-10-07T01:21:01.0129714Z       <Coroutine test_hint_cannot_cross_product_scope[ozon-supply-pick_scan]>
2026-10-07T01:21:01.0129992Z       <Coroutine test_hint_cannot_cross_product_scope[ozon-supply-scan_pick_product]>
2026-10-07T01:21:01.0130225Z       <Coroutine test_public_hint_rejects_wrong_code_and_allows_retry>
2026-10-07T01:21:01.0130485Z       <Coroutine test_direct_scan_replay_rejects_changed_identity[barcode-wb]>
2026-10-07T01:21:01.0130883Z       <Coroutine test_direct_scan_replay_rejects_changed_identity[barcode-ozon]>
2026-10-07T01:21:01.0131138Z       <Coroutine test_direct_scan_replay_rejects_changed_identity[product-wb]>
2026-10-07T01:21:01.0131398Z       <Coroutine test_direct_scan_replay_rejects_changed_identity[product-ozon]>
2026-10-07T01:21:01.0131691Z       <Coroutine test_hinted_sku_preserves_case_insensitive_frontend_contract[pick_scan]>
2026-10-07T01:21:01.0132029Z       <Coroutine test_hinted_sku_preserves_case_insensitive_frontend_contract[scan_pick_product]>
2026-10-07T01:21:01.0132302Z       <Coroutine test_valid_replay_after_all_product_units_are_picked[pick_scan-wb]>
2026-10-07T01:21:01.0132585Z       <Coroutine test_valid_replay_after_all_product_units_are_picked[pick_scan-ozon]>
2026-10-07T01:21:01.0132900Z       <Coroutine test_valid_replay_after_all_product_units_are_picked[scan_pick_product-wb]>
2026-10-07T01:21:01.0133212Z       <Coroutine test_valid_replay_after_all_product_units_are_picked[scan_pick_product-ozon]>
2026-10-07T01:21:01.0133358Z     <Module test_fbs_pick_options.py>
2026-10-07T01:21:01.0133630Z       <Coroutine test_fbs_pick_options_returns_two_locations_with_inventory_numbers>
2026-10-07T01:21:01.0133895Z       <Coroutine test_fbs_pick_options_reports_active_pick_for_source_location>
2026-10-07T01:21:01.0134139Z       <Coroutine test_fbs_pick_options_keeps_physical_balance_after_pick>
2026-10-07T01:21:01.0134359Z       <Coroutine test_fbs_pick_options_hides_foreign_tenant_supply>
2026-10-07T01:21:01.0134597Z       <Coroutine test_fbs_pick_options_rejects_invalid_container_reference>
2026-10-07T01:21:01.0134950Z       <Coroutine test_fbs_pick_options_returns_empty_list_for_empty_supply>
2026-10-07T01:21:01.0135282Z       <Coroutine test_product_scan_finds_packed_only_container_without_address_storage>
2026-10-07T01:21:01.0135444Z     <Module test_fbs_pick_unload_contract.py>
2026-10-07T01:21:01.0135670Z       <Function test_fbs_pick_write_models_match_marketplace_unload>
2026-10-07T01:21:01.0135899Z       <Coroutine test_fbs_pick_set_assigns_two_orders_then_removes_one>
2026-10-07T01:21:01.0136172Z       <Coroutine test_fbs_pick_set_cas_and_stable_receipt_survive_intervening_change>
2026-10-07T01:21:01.0136391Z       <Coroutine test_fbs_pick_set_concurrent_cas_allows_one_writer>
2026-10-07T01:21:01.0136628Z       <Coroutine test_fbs_pick_scan_location_then_product_is_idempotent>
2026-10-07T01:21:01.0136925Z       <Coroutine test_fbs_pick_scan_receipt_keeps_original_source_quantity_for_safe_undo>
2026-10-07T01:21:01.0137202Z       <Coroutine test_fbs_pick_scan_concurrent_writers_return_atomic_source_quantities>
2026-10-07T01:21:01.0137476Z       <Coroutine test_fbs_pick_scan_selects_container_and_keeps_it_on_product_pick>
2026-10-07T01:21:01.0137704Z       <Coroutine test_fbs_pick_set_rejects_quantity_above_waiting_orders>
2026-10-07T01:21:01.0138073Z       <Coroutine test_fbs_pick_write_hides_foreign_tenant_supply>
2026-10-07T01:21:01.0138377Z       <Coroutine test_fbs_pick_scan_works_without_visible_address>
2026-10-07T01:21:01.0138640Z       <Coroutine test_fbs_pick_scan_works_for_container_in_sorting_without_cell>
2026-10-07T01:21:01.0138902Z       <Coroutine test_fbs_pick_scan_switches_source_and_keeps_it_on_product_alias>
2026-10-07T01:21:01.0139043Z     <Module test_fbs_picking.py>
2026-10-07T01:21:01.0139269Z       <Coroutine test_fbs_pick_scan_location_product_earliest_deadline>
2026-10-07T01:21:01.0139520Z       <Coroutine test_fbs_pick_concurrent_same_order_allocation_one_success>
2026-10-07T01:21:01.0139753Z       <Coroutine test_fbs_pick_zero_stock_does_not_create_synthetic_pick>
2026-10-07T01:21:01.0139942Z       <Coroutine test_fbs_pick_sorting_last_unit_is_atomic>
2026-10-07T01:21:01.0140193Z       <Coroutine test_fbs_pick_sorting_excludes_unit_assigned_to_other_supply>
2026-10-07T01:21:01.0140365Z       <Coroutine test_fbs_pick_refresh_keeps_progress>
2026-10-07T01:21:01.0140631Z       <Coroutine test_fbs_pick_and_undo_move_stock_between_source_and_picking_area>
2026-10-07T01:21:01.0141133Z       <Coroutine test_ozon_multi_product_quantity_partial_pick_manual_finish_and_idempotent_undo>
2026-10-07T01:21:01.0141311Z       <Coroutine test_fbs_pick_undo_allowed_after_pack>
2026-10-07T01:21:01.0141499Z       <Coroutine test_fbs_pick_rejects_cross_seller_product>
2026-10-07T01:21:01.0141685Z       <Coroutine test_fbs_pick_idempotency_no_double_pick>
2026-10-07T01:21:01.0141864Z       <Coroutine test_fbs_pick_sold_out_order_is_blocked>
2026-10-07T01:21:01.0142013Z     <Module test_fbs_picking_tape_order.py>
2026-10-07T01:21:01.0142267Z       <Coroutine test_workspace_tape_order_index_matches_picking_list_order>
2026-10-07T01:21:01.0142477Z       <Coroutine test_full_tape_print_matches_picking_list_order>
2026-10-07T01:21:01.0142685Z       <Coroutine test_partial_tape_print_preserves_caller_order>
2026-10-07T01:21:01.0142927Z       <Coroutine test_cancelled_order_does_not_shift_remaining_tape_order>
2026-10-07T01:21:01.0143092Z     <Module test_fbs_pr140_shipment_write_off.py>
2026-10-07T01:21:01.0143372Z       <Coroutine test_ozon_two_products_are_written_off_from_their_packed_locations>
2026-10-07T01:21:01.0143587Z       <Coroutine test_ozon_quantity_above_one_is_written_off_in_full>
2026-10-07T01:21:01.0143848Z       <Coroutine test_ozon_cancellation_does_not_restore_written_off_positions>
2026-10-07T01:21:01.0144115Z       <Coroutine test_ozon_single_packed_unit_keeps_the_previous_one_unit_result>
2026-10-07T01:21:01.0144369Z       <Coroutine test_ozon_packaging_write_off_then_delivery_debits_stock_once>
2026-10-07T01:21:01.0144568Z       <Coroutine test_wb_delivery_keeps_single_write_off_path>
2026-10-07T01:21:01.0144981Z       <Coroutine test_wb_confirmed_checkpoint_replays_local_write_off_without_replanning>
2026-10-07T01:21:01.0145239Z       <Coroutine test_ozon_cancelled_after_packaging_is_not_written_off_again>
2026-10-07T01:21:01.0145570Z       <Coroutine test_units_shipment_consumes_once_with_or_without_reserve[True-wb-quantities0]>
2026-10-07T01:21:01.0145912Z       <Coroutine test_units_shipment_consumes_once_with_or_without_reserve[True-ozon-quantities1]>
2026-10-07T01:21:01.0146237Z       <Coroutine test_units_shipment_consumes_once_with_or_without_reserve[False-wb-quantities0]>
2026-10-07T01:21:01.0146573Z       <Coroutine test_units_shipment_consumes_once_with_or_without_reserve[False-ozon-quantities1]>
2026-10-07T01:21:01.0146732Z     <Module test_fbs_print_asset_file_missing.py>
2026-10-07T01:21:01.0146915Z       <Function test_ready_asset_with_file_is_printable>
2026-10-07T01:21:01.0147118Z       <Function test_ready_asset_without_file_is_not_printable>
2026-10-07T01:21:01.0147327Z       <Function test_asset_without_storage_path_is_not_printable>
2026-10-07T01:21:01.0147528Z       <Function test_already_failed_asset_keeps_its_own_error>
2026-10-07T01:21:01.0147685Z     <Module test_fbs_print_asset_pdf_storage.py>
2026-10-07T01:21:01.0147890Z       <Function test_pdf_label_is_stored_and_read_back_untouched>
2026-10-07T01:21:01.0148239Z       <Function test_png_and_pdf_of_one_order_are_different_files>
2026-10-07T01:21:01.0148418Z       <Function test_a_pdf_declared_as_png_is_refused>
2026-10-07T01:21:01.0148585Z       <Function test_a_png_declared_as_pdf_is_refused>
2026-10-07T01:21:01.0148773Z       <Function test_an_unknown_format_never_reaches_the_disk>
2026-10-07T01:21:01.0148953Z       <Function test_empty_content_is_still_empty_content>
2026-10-07T01:21:01.0149209Z       <Function test_reading_a_pdf_as_png_fails_instead_of_returning_garbage>
2026-10-07T01:21:01.0149349Z     <Module test_fbs_print_assets.py>
2026-10-07T01:21:01.0149539Z       <Coroutine test_tc15_one_order_sticker_binary_content>
2026-10-07T01:21:01.0149699Z       <Coroutine test_tc15_missing_file_not_ready>
2026-10-07T01:21:01.0149949Z       <Coroutine test_tc16_batch_stickers_partial_failure_and_retry_missing>
2026-10-07T01:21:01.0150165Z       <Coroutine test_tc16_retry_missing_does_not_regenerate_ready>
2026-10-07T01:21:01.0150331Z       <Coroutine test_print_asset_cross_tenant_404>
2026-10-07T01:21:01.0150628Z       <Function test_storage_traversal_path_rejected>
2026-10-07T01:21:01.0150806Z       <Coroutine test_applied_separate_from_print_opened>
2026-10-07T01:21:01.0150955Z     <Module test_fbs_print_job_delivery.py>
2026-10-07T01:21:01.0151230Z       <Coroutine test_document_replay_claim_and_queue_receipt_do_not_repeat_print>
2026-10-07T01:21:01.0151384Z     <Module test_fbs_product_barcode_source.py>
2026-10-07T01:21:01.0151579Z       <Function test_product_card_barcode_wins_over_wb_order>
2026-10-07T01:21:01.0151807Z       <Function test_wb_order_barcode_is_fallback_when_product_has_none>
2026-10-07T01:21:01.0152002Z       <Function test_unmapped_order_falls_back_to_wb_barcode>
2026-10-07T01:21:01.0152174Z       <Function test_no_barcode_anywhere_gives_none>
2026-10-07T01:21:01.0152325Z     <Module test_fbs_resume_connection.py>
2026-10-07T01:21:01.0152617Z       <Coroutine test_resume_http_releases_pool_and_rereads_before_finalizing[success]>
2026-10-07T01:21:01.0152894Z       <Coroutine test_resume_http_releases_pool_and_rereads_before_finalizing[timeout]>
2026-10-07T01:21:01.0153247Z       <Coroutine test_resume_http_releases_pool_and_rereads_before_finalizing[concurrent_confirmed]>
2026-10-07T01:21:01.0153391Z     <Module test_fbs_review_fixes.py>
2026-10-07T01:21:01.0153633Z       <Coroutine test_cancel_in_assembling_detaches_and_adjusts_packaging>
2026-10-07T01:21:01.0153890Z       <Coroutine test_cancel_last_order_in_assembling_reverts_supply_to_draft>
2026-10-07T01:21:01.0154077Z       <Coroutine test_concurrent_reserve_only_one_succeeds>
2026-10-07T01:21:01.0154265Z       <Coroutine test_sync_order_statuses_paginates_past_500>
2026-10-07T01:21:01.0154636Z       <Coroutine test_wb_packaging_promotion_is_disabled_even_after_marking_ok>
2026-10-07T01:21:01.0154863Z       <Coroutine test_cancel_in_packed_supply_demotes_to_assembling>
2026-10-07T01:21:01.0155076Z       <Coroutine test_sync_order_statuses_advances_sorted_to_sold>
2026-10-07T01:21:01.0155297Z       <Coroutine test_fbs_shipment_uses_each_planned_source_location>
2026-10-07T01:21:01.0155439Z     <Module test_fbs_seller_warehouse.py>
2026-10-07T01:21:01.0155660Z       <Coroutine test_fbs_seller_warehouses_ok_and_missing_token_403>
2026-10-07T01:21:01.0155805Z       <Coroutine test_fbs_seller_offices_ok>
2026-10-07T01:21:01.0156028Z       <Coroutine test_fbs_seller_warehouses_supplies_only_fallback_ok>
2026-10-07T01:21:01.0156242Z       <Coroutine test_fbs_seller_warehouses_content_only_fallback_ok>
2026-10-07T01:21:01.0156511Z       <Coroutine test_fbs_seller_warehouses_stale_marketplace_falls_back_to_content>
2026-10-07T01:21:01.0156702Z       <Coroutine test_fbs_seller_warehouses_cross_tenant_404>
2026-10-07T01:21:01.0156918Z       <Coroutine test_fbs_seller_warehouses_wb_upstream_error_502>
2026-10-07T01:21:01.0157088Z     <Module test_fbs_shipment_deliver_gate_unit.py>
2026-10-07T01:21:01.0157307Z       <Function test_deliver_allows_optional_pick_pack_for_in_supply>
2026-10-07T01:21:01.0157521Z       <Function test_deliver_allows_optional_pick_pack_for_assembling>
2026-10-07T01:21:01.0157669Z       <Function test_deliver_ok_when_packed>
2026-10-07T01:21:01.0157877Z       <Function test_missing_order_sticker_warns_but_never_blocks>
2026-10-07T01:21:01.0158225Z       <Function test_non_wb_delivery_does_not_require_wb_order_sticker>
2026-10-07T01:21:01.0158383Z       <Function test_terminal_order_check_not_ok>
2026-10-07T01:21:01.0158642Z       <Function test_terminal_wb_composition_order_is_visible_but_does_not_block>
2026-10-07T01:21:01.0158818Z       <Function test_warehouse_route_has_no_cargo_checks>
2026-10-07T01:21:01.0159034Z       <Function test_boxes_and_distribution_are_not_delivery_checks>
2026-10-07T01:21:01.0159241Z       <Function test_deliver_allows_boxes_without_distribution>
2026-10-07T01:21:01.0159454Z       <Function test_marking_required_is_a_warning_and_never_blocks>
2026-10-07T01:21:01.0159646Z       <Function test_skip_honest_sign_removes_our_marking_gate>
2026-10-07T01:21:01.0159846Z       <Function test_preflight_exposes_real_wb_marking_status>
2026-10-07T01:21:01.0160151Z       <Function test_wb_delivery_blocker_codes_are_frozen>
2026-10-07T01:21:01.0160396Z       <Function test_wb_supply_with_nothing_prepared_is_still_deliverable>
2026-10-07T01:21:01.0160660Z       <Function test_wb_preflight_version_ignores_every_advisory_packaging_fact>
2026-10-07T01:21:01.0160904Z       <Function test_wb_preflight_version_still_changes_for_terminal_order>
2026-10-07T01:21:01.0161156Z       <Function test_meta_validation_message_shows_order_and_concrete_wb_reason>
2026-10-07T01:21:01.0161375Z       <Function test_meta_validation_message_keeps_unknown_wb_reason>
2026-10-07T01:21:01.0161618Z       <Function test_already_delivered_supply_still_refuses_second_handoff>
2026-10-07T01:21:01.0161797Z       <Function test_empty_supply_still_refuses_handoff>
2026-10-07T01:21:01.0162032Z       <Function test_wb_checklist_survives_stock_moving_under_the_operator>
2026-10-07T01:21:01.0162305Z       <Function test_order_without_mapped_product_warns_and_does_not_stop_the_supply>
2026-10-07T01:21:01.0162593Z       <Function test_wb_dispatch_refusal_shows_order_reasons_instead_of_advice_to_wait>
2026-10-07T01:21:01.0162850Z       <Function test_wb_dispatch_refusal_without_details_still_suggests_a_retry>
2026-10-07T01:21:01.0163094Z       <Function test_real_wb_refusal_from_2026_09_02_reads_as_an_instruction>
2026-10-07T01:21:01.0163346Z       <Function test_wms653_all_pending_sgtin_rows_have_human_waiting_message>
2026-10-07T01:21:01.0164306Z       <Function test_wms653_non_waiting_meta_validation_is_not_masked[item0-\u041a\u0418\u0417 \u043e\u0442\u043a\u043b\u043e\u043d\u0451\u043d \u0432\u043b\u0430\u0434\u0435\u043b\u044c\u0446\u0435\u043c \u043a\u043e\u0434\u0430]>
2026-10-07T01:21:01.0164970Z       <Function test_wms653_non_waiting_meta_validation_is_not_masked[item1-\u041a\u0418\u0417 \u043d\u0435 \u043f\u0440\u043e\u0448\u0451\u043b \u043f\u0440\u043e\u0432\u0435\u0440\u043a\u0443]>
2026-10-07T01:21:01.0165524Z       <Function test_wms653_non_waiting_meta_validation_is_not_masked[item2-\u0423\u0418\u041d \u0435\u0449\u0451 \u043d\u0435 \u043f\u0440\u0438\u043d\u044f\u0442]>
2026-10-07T01:21:01.0165761Z       <Function test_wms653_real_kiz_refusal_keeps_order_and_wb_reason>
2026-10-07T01:21:01.0166011Z       <Function test_wms653_mixed_pending_and_refusal_keep_two_human_reasons>
2026-10-07T01:21:01.0166258Z       <Function test_wms653_edge_meta_validation_variants_are_safe_and_human>
2026-10-07T01:21:01.0166408Z     <Module test_fbs_shipment_delivery.py>
2026-10-07T01:21:01.0166647Z       <Coroutine test_tc19_delivery_preflight_checklist_and_stale_version>
2026-10-07T01:21:01.0166868Z       <Coroutine test_tc20_pvz_deliver_timeout_pending_confirmation>
2026-10-07T01:21:01.0167083Z       <Coroutine test_tc21_warehouse_sc_qr_after_deliver_route_diff>
2026-10-07T01:21:01.0167223Z     <Module test_fbs_shipment_pvz.py>
2026-10-07T01:21:01.0167478Z       <Coroutine test_tc17_pvz_cargo_places_create_qr_and_deliver_without_bind>
2026-10-07T01:21:01.0167813Z       <Coroutine test_pvz_cargo_places_transport_after_wb_side_effect_reconciles_without_recreate>
2026-10-07T01:21:01.0168208Z       <Coroutine test_pvz_cargo_places_unresolved_reconcile_returns_structured_504>
2026-10-07T01:21:01.0168414Z       <Coroutine test_tc18_pvz_cargo_places_dimension_blockers>
2026-10-07T01:21:01.0168658Z       <Coroutine test_fbs_pvz_create_trbx_ok_and_warehouse_sc_create_trbx_ok>
2026-10-07T01:21:01.0168838Z       <Coroutine test_fbs_pvz_bind_orders_deprecated_410>
2026-10-07T01:21:01.0169038Z       <Coroutine test_fbs_pvz_trbx_stickers_cached_and_wb_error>
2026-10-07T01:21:01.0169278Z       <Coroutine test_fbs_pvz_trbx_sticker_single_response_without_trbx_id>
2026-10-07T01:21:01.0169521Z       <Coroutine test_fbs_pvz_deliver_warns_about_boxes_but_does_not_stop>
2026-10-07T01:21:01.0169676Z       <Coroutine test_pvz_delete_cargo_places_ok>
2026-10-07T01:21:01.0169974Z       <Coroutine test_pvz_delete_cargo_places_transport_reconciles_without_double_delete>
2026-10-07T01:21:01.0170273Z       <Coroutine test_pvz_delete_cargo_places_guards>
2026-10-07T01:21:01.0170432Z     <Module test_fbs_shipment_source_service.py>
2026-10-07T01:21:01.0170687Z       <Coroutine test_manual_pick_wins_and_keeps_exact_container_for_reversal>
2026-10-07T01:21:01.0170907Z       <Coroutine test_auto_source_priority_and_in_plan_consumption>
2026-10-07T01:21:01.0171146Z       <Coroutine test_forced_negative_uses_supply_sorting_without_balance>
2026-10-07T01:21:01.0171300Z     <Module test_fbs_shipment_warehouse_sc.py>
2026-10-07T01:21:01.0171510Z       <Coroutine test_fbs_shipment_deliver_ok_and_orders_not_ready>
2026-10-07T01:21:01.0171793Z       <Coroutine test_wb_pick_moves_to_sorting_undo_returns_and_deliver_debits_sorting>
2026-10-07T01:21:01.0172080Z       <Coroutine test_fbs_delivery_writes_zero_stock_negative_once_and_releases_reserve>
2026-10-07T01:21:01.0172323Z       <Coroutine test_fbs_shipment_translates_temporary_dispatch_rejection>
2026-10-07T01:21:01.0172545Z       <Coroutine test_fbs_shipment_deliver_allows_optional_pick_pack>
2026-10-07T01:21:01.0172718Z       <Coroutine test_fbs_shipment_barcode_png_cached>
2026-10-07T01:21:01.0172904Z       <Coroutine test_fbs_shipment_marking_required_and_ok>
2026-10-07T01:21:01.0173122Z       <Coroutine test_fbs_shipment_deliver_wb_error_no_status_change>
2026-10-07T01:21:01.0173427Z       <Coroutine test_pending_delivery_recovers_after_process_crash_without_second_wb_call>
2026-10-07T01:21:01.0173709Z       <Coroutine test_pending_reconcile_never_overwrites_parallel_definitive_failure>
2026-10-07T01:21:01.0173964Z       <Coroutine test_stale_not_delivered_never_overwrites_parallel_ambiguity>
2026-10-07T01:21:01.0174321Z       <Coroutine test_failed_key_cannot_close_another_active_delivery_attempt>
2026-10-07T01:21:01.0174596Z       <Coroutine test_pending_retry_uses_frozen_plan_without_recomputing_sources>
2026-10-07T01:21:01.0174825Z       <Coroutine test_relock_refresh_prevents_parallel_second_wb_call>
2026-10-07T01:21:01.0175083Z       <Coroutine test_pending_delivery_key_cannot_be_rebound_to_another_supply>
2026-10-07T01:21:01.0175421Z       <Coroutine test_warehouse_sc_deliver_qr_failure_keeps_confirmed_delivery_and_retries_qr_only>
2026-10-07T01:21:01.0175608Z       <Coroutine test_retry_supply_qr_never_calls_wb_deliver>
2026-10-07T01:21:01.0175826Z       <Coroutine test_retry_supply_qr_succeeds_for_pvz_delivery_type>
2026-10-07T01:21:01.0176058Z       <Coroutine test_fbs_shipment_deliver_pvz_without_boxes_still_goes>
2026-10-07T01:21:01.0176273Z       <Coroutine test_fbs_shipment_deliver_cancelled_order_in_supply>
2026-10-07T01:21:01.0176496Z       <Coroutine test_supply_of_only_unmapped_orders_still_reaches_wb>
2026-10-07T01:21:01.0176692Z       <Coroutine test_mixed_supply_marks_every_order_delivered>
2026-10-07T01:21:01.0176957Z       <Coroutine test_supply_without_wb_number_does_not_break_the_whole_worklist>
2026-10-07T01:21:01.0177254Z       <Coroutine test_wms653_pending_kiz_response_is_safe_but_operation_keeps_raw_context>
2026-10-07T01:21:01.0177399Z     <Module test_fbs_skip_reprint.py>
2026-10-07T01:21:01.0177714Z       <Coroutine test_skip_pack_handoff_reuses_saved_code_without_new_pool_or_wb_write[False]>
2026-10-07T01:21:01.0178298Z       <Coroutine test_skip_pack_handoff_reuses_saved_code_without_new_pool_or_wb_write[True]>
2026-10-07T01:21:01.0178633Z       <Coroutine test_skipped_supply_does_not_replace_unprintable_saved_marking[operator-True]>
2026-10-07T01:21:01.0178943Z       <Coroutine test_skipped_supply_does_not_replace_unprintable_saved_marking[pool-False]>
2026-10-07T01:21:01.0179093Z     <Module test_fbs_stock_availability.py>
2026-10-07T01:21:01.0179353Z       <Coroutine test_fbs_availability_without_direction_uses_physical_stock>
2026-10-07T01:21:01.0179526Z       <Coroutine test_fbo_reserve_reduces_fbs_publish>
2026-10-07T01:21:01.0179716Z       <Coroutine test_inventory_summary_includes_fbs_reserve>
2026-10-07T01:21:01.0179914Z       <Coroutine test_negative_computed_amount_clamps_to_zero>
2026-10-07T01:21:01.0180124Z       <Coroutine test_fbs_availability_batch_query_count_bounded>
2026-10-07T01:21:01.0180533Z       <Coroutine test_sold_release_does_not_resurrect_available_after_fbs_write_off>
2026-10-07T01:21:01.0180779Z       <Coroutine test_fbs_available_stock_reserve_release_writeoff_sequence>
2026-10-07T01:21:01.0180945Z     <Module test_fbs_stock_emulator_integration.py>
2026-10-07T01:21:01.0181120Z       <Function test_prod_compose_has_no_wb_emulator>
2026-10-07T01:21:01.0181350Z       <Function test_prod_compose_runs_migrations_once_before_workers>
2026-10-07T01:21:01.0181630Z       <Coroutine test_wms_emulator_safe_sync_without_fbs_percent_ignores_legacy_pool>
2026-10-07T01:21:01.0181812Z       <Coroutine test_wms_emulator_fbs_stock_full_cycle>
2026-10-07T01:21:01.0181945Z     <Module test_fbs_stock_models.py>
2026-10-07T01:21:01.0182213Z       <Function test_ozon_binding_api_output_keeps_provider_identity[True-False]>
2026-10-07T01:21:01.0182475Z       <Function test_ozon_binding_api_output_keeps_provider_identity[False-True]>
2026-10-07T01:21:01.0182660Z       <Coroutine test_binding_unique_seller_wb_warehouse>
2026-10-07T01:21:01.0182913Z       <Coroutine test_binding_allows_one_wms_warehouse_for_many_wb_warehouses>
2026-10-07T01:21:01.0183187Z       <Coroutine test_one_physical_unit_may_be_published_to_wb_and_ozon>
2026-10-07T01:21:01.0183394Z       <Coroutine test_fbs_order_wb_warehouse_separate_from_office>
2026-10-07T01:21:01.0183585Z       <Coroutine test_fbs_order_unmapped_warehouse_nullable>
2026-10-07T01:21:01.0183765Z       <Coroutine test_stock_sync_item_unique_binding_chrt>
2026-10-07T01:21:01.0183942Z       <Coroutine test_stock_sync_item_status_and_amounts>
2026-10-07T01:21:01.0184227Z       <Coroutine test_binding_lease_and_sync_metadata>
2026-10-07T01:21:01.0184396Z     <Module test_fbs_stock_publish_on_movement.py>
2026-10-07T01:21:01.0184695Z       <Coroutine test_publish_lock_survives_business_commits_and_does_not_block_delivery>
2026-10-07T01:21:01.0184896Z       <Coroutine test_movement_publishes_stock_once_per_seller>
2026-10-07T01:21:01.0185135Z       <Coroutine test_schedule_collapses_duplicates_and_skips_rollback>
2026-10-07T01:21:01.0185335Z       <Function test_read_only_wb_token_is_reported_distinctly>
2026-10-07T01:21:01.0185519Z       <Coroutine test_outbound_reservation_publishes_stock>
2026-10-07T01:21:01.0185698Z       <Function test_picking_service_allows_sorting_zone>
2026-10-07T01:21:01.0185991Z       <Function test_drain_removes_finished_task_even_when_its_done_callback_has_not_run>
2026-10-07T01:21:01.0186136Z     <Module test_fbs_stock_rule_service.py>
2026-10-07T01:21:01.0186309Z       <Function test_amount_from_percent_rounds_down>
2026-10-07T01:21:01.0186534Z       <Function test_validate_rule_allows_each_binding_up_to_hundred>
2026-10-07T01:21:01.0186728Z       <Function test_validate_rule_rejects_off_step_percent>
2026-10-07T01:21:01.0186945Z       <Function test_split_amounts_caps_each_binding_by_free_stock>
2026-10-07T01:21:01.0187112Z       <Coroutine test_rule_view_shows_three_numbers>
2026-10-07T01:21:01.0187402Z       <Coroutine test_rule_view_counts_global_direction_reserve_once_across_warehouses>
2026-10-07T01:21:01.0187620Z       <Coroutine test_rule_view_keeps_single_warehouse_direction_math>
2026-10-07T01:21:01.0187814Z       <Coroutine test_bulk_rule_views_match_single_rule_math>
2026-10-07T01:21:01.0188107Z       <Coroutine test_bulk_rule_rejects_mixed_sellers>
2026-10-07T01:21:01.0188278Z       <Coroutine test_publish_takes_number_from_rule>
2026-10-07T01:21:01.0188564Z       <Coroutine test_disabled_rule_save_does_not_enable_bindings_or_schedule_publish>
2026-10-07T01:21:01.0188778Z       <Coroutine test_product_without_rule_ignores_old_stored_number>
2026-10-07T01:21:01.0188973Z       <Coroutine test_units_mode_publishes_numbers_as_given>
2026-10-07T01:21:01.0189190Z       <Coroutine test_units_quota_is_eaten_only_by_its_own_warehouse>
2026-10-07T01:21:01.0189386Z       <Coroutine test_cancelled_before_handover_returns_quota>
2026-10-07T01:21:01.0189596Z       <Coroutine test_cancelled_after_handover_keeps_quota_spent>
2026-10-07T01:21:01.0189921Z       <Coroutine test_old_orders_do_not_eat_a_freshly_set_number>
2026-10-07T01:21:01.0190205Z       <Coroutine test_inventory_deducts_allocation_and_receiving_does_not_restore_it>
2026-10-07T01:21:01.0190419Z       <Coroutine test_units_caps_are_independent_between_bindings>
2026-10-07T01:21:01.0190614Z       <Coroutine test_receiving_does_not_raise_units_quota>
2026-10-07T01:21:01.0190857Z       <Coroutine test_zero_edit_cancel_and_repeated_events_preserve_reserve>
2026-10-07T01:21:01.0191051Z       <Coroutine test_inventory_uses_ordinary_stock_then_fbs>
2026-10-07T01:21:01.0191230Z       <Coroutine test_switching_modes_preserves_reserves>
2026-10-07T01:21:01.0191439Z       <Coroutine test_ozon_reserves_product_quantities_atomically>
2026-10-07T01:21:01.0191667Z       <Coroutine test_available_stock_migration_keeps_current_remainder>
2026-10-07T01:21:01.0191899Z       <Coroutine test_share_rule_keeps_allocation_the_rule_does_not_reach>
2026-10-07T01:21:01.0192122Z       <Coroutine test_percent_rules_are_independent_for_wb_and_ozon>
2026-10-07T01:21:01.0192389Z       <Coroutine test_same_everywhere_may_publish_full_share_to_each_marketplace>
2026-10-07T01:21:01.0192654Z       <Coroutine test_one_physical_unit_is_never_promised_to_both_marketplaces>
2026-10-07T01:21:01.0192922Z       <Coroutine test_rule_refuses_when_two_marketplaces_share_a_warehouse_number>
2026-10-07T01:21:01.0193303Z       <Coroutine test_existing_pools_do_not_alias_when_another_marketplace_uses_same_warehouse_id[True-True]>
2026-10-07T01:21:01.0193793Z       <Coroutine test_existing_pools_do_not_alias_when_another_marketplace_uses_same_warehouse_id[True-False]>
2026-10-07T01:21:01.0194179Z       <Coroutine test_existing_pools_do_not_alias_when_another_marketplace_uses_same_warehouse_id[False-True]>
2026-10-07T01:21:01.0194562Z       <Coroutine test_existing_pools_do_not_alias_when_another_marketplace_uses_same_warehouse_id[False-False]>
2026-10-07T01:21:01.0194865Z       <Function test_units_publication_caps_each_marketplace_after_outbound[0-expected0]>
2026-10-07T01:21:01.0195165Z       <Function test_units_publication_caps_each_marketplace_after_outbound[10-expected1]>
2026-10-07T01:21:01.0195460Z       <Function test_units_publication_caps_each_marketplace_after_outbound[20-expected2]>
2026-10-07T01:21:01.0195744Z       <Coroutine test_named_direction_never_exposes_existing_fbs_reservations_to_fbo[0]>
2026-10-07T01:21:01.0196037Z       <Coroutine test_named_direction_never_exposes_existing_fbs_reservations_to_fbo[25]>
2026-10-07T01:21:01.0196329Z       <Coroutine test_named_direction_never_exposes_existing_fbs_reservations_to_fbo[100]>
2026-10-07T01:21:01.0196706Z       <Coroutine test_qualified_warehouse_keys_round_trip_both_marketplaces_and_keep_combined_limit[False]>
2026-10-07T01:21:01.0197073Z       <Coroutine test_qualified_warehouse_keys_round_trip_both_marketplaces_and_keep_combined_limit[True]>
2026-10-07T01:21:01.0197341Z       <Function test_remaining_units_respect_the_supplied_binding_filter[False]>
2026-10-07T01:21:01.0197601Z       <Function test_remaining_units_respect_the_supplied_binding_filter[True]>
2026-10-07T01:21:01.0198027Z       <Coroutine test_unused_mode_warehouse_keys_do_not_block_saving_the_active_rule[False]>
2026-10-07T01:21:01.0198333Z       <Coroutine test_unused_mode_warehouse_keys_do_not_block_saving_the_active_rule[True]>
2026-10-07T01:21:01.0198539Z       <Coroutine test_manual_cap_is_preserved_when_stock_falls>
2026-10-07T01:21:01.0198770Z       <Coroutine test_bulk_legacy_save_remains_atomic_for_each_product>
2026-10-07T01:21:01.0198964Z       <Coroutine test_cap_is_not_fbo_reservation_but_order_is>
2026-10-07T01:21:01.0199195Z       <Coroutine test_disabled_publication_still_clamps_manual_value>
2026-10-07T01:21:01.0199417Z       <Coroutine test_manual_cap_endpoint_keeps_marketplace_identity>
2026-10-07T01:21:01.0199647Z       <Coroutine test_old_session_cap_is_refreshed_before_clamping_save>
2026-10-07T01:21:01.0199792Z     <Module test_fbs_stock_share_wave2.py>
2026-10-07T01:21:01.0200120Z       <Coroutine test_fbs_seller_warehouses_contract_get_and_put>
2026-10-07T01:21:01.0200349Z       <Coroutine test_fbs_import_skips_unserved_and_unknown_warehouses>
2026-10-07T01:21:01.0200553Z       <Coroutine test_fbs_assembly_time_period_and_seller_filter>
2026-10-07T01:21:01.0200728Z       <Coroutine test_fbs_assembly_time_empty_period>
2026-10-07T01:21:01.0200916Z       <Coroutine test_fbs_wave2_routes_are_tenant_isolated>
2026-10-07T01:21:01.0201198Z       <Coroutine test_fbs_legacy_limits_reset_requires_rule_and_preserves_operator_cap>
2026-10-07T01:21:01.0201334Z     <Module test_fbs_stock_sync.py>
2026-10-07T01:21:01.0201599Z       <Coroutine test_disabled_product_gets_one_farewell_zero_and_then_silence>
2026-10-07T01:21:01.0201839Z       <Function test_build_publish_plan_reads_amounts_directly_from_pool>
2026-10-07T01:21:01.0202151Z       <Function test_build_publish_plan_sends_zero_only_when_something_was_published>
2026-10-07T01:21:01.0202430Z       <Coroutine test_sync_does_not_zero_disabled_product_from_stale_confirmed_item>
2026-10-07T01:21:01.0202690Z       <Coroutine test_sync_skips_product_without_percent_despite_old_pool_number>
2026-10-07T01:21:01.0202926Z       <Coroutine test_zero_percent_means_no_rule_and_nothing_is_published>
2026-10-07T01:21:01.0203154Z       <Coroutine test_units_mode_publishes_even_though_percent_is_zero>
2026-10-07T01:21:01.0203420Z       <Coroutine test_unserved_binding_still_publishes_when_its_own_switch_is_on>
2026-10-07T01:21:01.0203648Z       <Coroutine test_sync_skips_binding_with_publication_switched_off>
2026-10-07T01:21:01.0204016Z       <Coroutine test_rule_failure_marks_binding_error_without_old_pool_fallback>
2026-10-07T01:21:01.0204206Z       <Coroutine test_sync_confirms_when_readback_matches>
2026-10-07T01:21:01.0204521Z       <Coroutine test_repair_subset_publishes_only_selected_and_keeps_duplicate_guard[False]>
2026-10-07T01:21:01.0204837Z       <Coroutine test_repair_subset_publishes_only_selected_and_keeps_duplicate_guard[True]>
2026-10-07T01:21:01.0205045Z       <Coroutine test_sync_publishes_amount_calculated_by_rule>
2026-10-07T01:21:01.0205238Z       <Coroutine test_sync_publishes_rule_amounts_per_binding>
2026-10-07T01:21:01.0205548Z       <Coroutine test_seller_catalog_prefers_active_confirmed_readback_over_irrelevant_error>
2026-10-07T01:21:01.0205836Z       <Coroutine test_seller_catalog_keeps_active_safe_error_without_confirmed_readback>
2026-10-07T01:21:01.0206028Z       <Coroutine test_sync_marks_error_on_readback_mismatch>
2026-10-07T01:21:01.0206309Z       <Coroutine test_sync_skips_previously_published_absent_product_without_zeroing>
2026-10-07T01:21:01.0206542Z       <Coroutine test_sync_skips_missing_chrt_and_conflicts_duplicates>
2026-10-07T01:21:01.0206729Z       <Coroutine test_sync_splits_1001_items_into_two_batches>
2026-10-07T01:21:01.0206938Z       <Coroutine test_sync_upstream_error_marks_batch_error[401]>
2026-10-07T01:21:01.0207143Z       <Coroutine test_sync_upstream_error_marks_batch_error[409]>
2026-10-07T01:21:01.0207377Z       <Coroutine test_sync_429_after_retry_marks_binding_upstream_error>
2026-10-07T01:21:01.0207632Z       <Coroutine test_sync_transport_error_marks_binding_not_readback_mismatch>
2026-10-07T01:21:01.0207806Z       <Coroutine test_sync_429_retries_once_then_succeeds>
2026-10-07T01:21:01.0208104Z       <Coroutine test_default_rate_limiter_paces_wb_calls>
2026-10-07T01:21:01.0208334Z       <Coroutine test_sync_429_honors_retry_after_on_production_limiter>
2026-10-07T01:21:01.0208499Z       <Coroutine test_sync_skips_when_lease_active>
2026-10-07T01:21:01.0208732Z       <Coroutine test_try_acquire_lease_handles_naive_loaded_lease_until>
2026-10-07T01:21:01.0208949Z       <Coroutine test_partial_batch_failure_leaves_confirmed_batch>
2026-10-07T01:21:01.0209157Z       <Coroutine test_try_acquire_lease_atomic_under_concurrency>
2026-10-07T01:21:01.0209372Z       <Coroutine test_farewell_zero_skips_cards_we_never_published>
2026-10-07T01:21:01.0209641Z     <Module test_fbs_supply_assembly.py>
2026-10-07T01:21:01.0209788Z       <Coroutine test_fbs_supply_create_ok>
2026-10-07T01:21:01.0209971Z       <Coroutine test_fbs_supply_create_wb_error_no_db_row>
2026-10-07T01:21:01.0210123Z       <Coroutine test_fbs_supply_add_order_ok>
2026-10-07T01:21:01.0210352Z       <Coroutine test_fbs_supply_deliver_in_supply_goes_without_boxes>
2026-10-07T01:21:01.0210555Z       <Coroutine test_fbs_supply_add_order_already_in_other_supply>
2026-10-07T01:21:01.0210735Z       <Coroutine test_fbs_supply_add_order_concurrent_race>
2026-10-07T01:21:01.0210927Z       <Coroutine test_fbs_supply_add_order_warehouse_mismatch>
2026-10-07T01:21:01.0211154Z       <Coroutine test_fbs_supply_add_order_wb_error_leaves_order_new>
2026-10-07T01:21:01.0211333Z       <Coroutine test_fbs_supply_picking_list_grouping>
2026-10-07T01:21:01.0211499Z       <Coroutine test_fbs_supply_stickers_cached>
2026-10-07T01:21:01.0211661Z       <Coroutine test_fbs_supply_stickers_wb_error>
2026-10-07T01:21:01.0211832Z       <Coroutine test_fbs_supply_stickers_incomplete>
2026-10-07T01:21:01.0212002Z       <Coroutine test_fbs_supply_add_order_bad_status>
2026-10-07T01:21:01.0212169Z     <Module test_fbs_supply_composition_service.py>
2026-10-07T01:21:01.0212374Z       <Coroutine test_packed_supply_absorbs_late_known_wb_order>
2026-10-07T01:21:01.0212636Z       <Coroutine test_actual_composition_never_moves_order_from_another_supply>
2026-10-07T01:21:01.0212776Z     <Module test_fbs_supply_from_orders.py>
2026-10-07T01:21:01.0212937Z       <Coroutine test_tc01_from_orders_per_seller>
2026-10-07T01:21:01.0213130Z       <Coroutine test_tc02_preflight_different_wb_warehouses>
2026-10-07T01:21:01.0213429Z       <Coroutine test_tc03_preflight_b2c_b2b_incompatible>
2026-10-07T01:21:01.0213620Z       <Coroutine test_tc04_preflight_different_cargo_types>
2026-10-07T01:21:01.0213839Z       <Coroutine test_tc05_preflight_pvz_ignores_legacy_can_pvz_gate>
2026-10-07T01:21:01.0214018Z       <Coroutine test_tc06_atomic_from_orders_workspace>
2026-10-07T01:21:01.0214271Z       <Coroutine test_fbs_cutoff_autoplans_supply_manual_date_and_calendar>
2026-10-07T01:21:01.0214556Z       <Coroutine test_supplier_processed_order_hidden_from_new_and_rejected_by_create>
2026-10-07T01:21:01.0214734Z       <Coroutine test_from_orders_idempotency_same_key>
2026-10-07T01:21:01.0214938Z       <Coroutine test_parallel_from_orders_one_order_one_supply>
2026-10-07T01:21:01.0215179Z       <Coroutine test_batch_timeout_pending_confirmation_no_false_success>
2026-10-07T01:21:01.0215378Z       <Coroutine test_add_failure_no_false_success_legacy_path>
2026-10-07T01:21:01.0215628Z       <Coroutine test_from_orders_add_failure_persists_wb_supply_reference>
2026-10-07T01:21:01.0215884Z       <Coroutine test_from_orders_partial_readback_binds_only_confirmed_orders>
2026-10-07T01:21:01.0216105Z       <Coroutine test_supply_worklist_groups_active_orders_by_supply>
2026-10-07T01:21:01.0216389Z       <Coroutine test_existing_supply_add_orders_partial_readback_binds_only_confirmed>
2026-10-07T01:21:01.0216651Z       <Coroutine test_wms683_existing_add_waits_for_wb_without_resending[True]>
2026-10-07T01:21:01.0216910Z       <Coroutine test_wms683_existing_add_waits_for_wb_without_resending[False]>
2026-10-07T01:21:01.0217093Z       <Coroutine test_start_work_idempotent_packaging_task>
2026-10-07T01:21:01.0217232Z     <Module test_fbs_supply_history.py>
2026-10-07T01:21:01.0217480Z       <Coroutine test_cancelled_order_keeps_its_number_in_the_supply_history>
2026-10-07T01:21:01.0217640Z     <Module test_fbs_supply_honest_sign_skip.py>
2026-10-07T01:21:01.0217851Z       <Coroutine test_honest_sign_skip_sets_flag_and_is_idempotent>
2026-10-07T01:21:01.0218345Z       <Coroutine test_honest_sign_skip_blocks_code_release_on_print>
2026-10-07T01:21:01.0218562Z       <Coroutine test_honest_sign_skip_preserves_existing_codes>
2026-10-07T01:21:01.0218771Z       <Coroutine test_honest_sign_skip_blocked_on_submitted_supply>
2026-10-07T01:21:01.0218949Z       <Coroutine test_honest_sign_skipped_in_workspace>
2026-10-07T01:21:01.0219239Z     <Module test_fbs_supply_repair_from_wb.py>
2026-10-07T01:21:01.0219411Z       <Coroutine test_readback_lag_keeps_composition>
2026-10-07T01:21:01.0219611Z       <Coroutine test_partial_readback_binds_confirmed_orders>
2026-10-07T01:21:01.0219795Z       <Coroutine test_repair_endpoint_restores_composition>
2026-10-07T01:21:01.0219960Z       <Coroutine test_repair_skips_cancelled_order>
2026-10-07T01:21:01.0220128Z       <Coroutine test_repair_rejects_shipped_supply>
2026-10-07T01:21:01.0220302Z       <Coroutine test_autopoll_repairs_pending_supply>
2026-10-07T01:21:01.0220567Z       <Coroutine test_composition_repair_only_confirms_its_own_operation_kind>
2026-10-07T01:21:01.0220765Z     <Module test_fbs_supply_transfer.py>
2026-10-07T01:21:01.0221162Z       <Coroutine test_transfer_preserves_kiz_packing_and_replays_once>
2026-10-07T01:21:01.0221571Z       <Coroutine test_unknown_patch_partial_then_reconcile_without_replay>
2026-10-07T01:21:01.0222043Z       <Coroutine test_unknown_create_recovers_named_supply_without_second_post>
2026-10-07T01:21:01.0222339Z       <Coroutine test_known_rejection_is_failed_not_unknown>
2026-10-07T01:21:01.0222557Z       <Coroutine test_targets_and_mutations_enforce_scope_and_draft>
2026-10-07T01:21:01.0222830Z       <Coroutine test_packed_transfer_can_start_target_without_second_fulfillment>
2026-10-07T01:21:01.0223056Z       <Coroutine test_crash_between_batches_resumes_only_unsent_batch>
2026-10-07T01:21:01.0223313Z       <Coroutine test_target_started_during_wb_wait_receives_incoming_task_line>
2026-10-07T01:21:01.0223487Z     <Module test_fbs_tape_background_concurrency.py>
2026-10-07T01:21:01.0223974Z       <Coroutine test_postgres_background_status_http_overlaps_tape_with_reverse_uuid_dates[False]>
2026-10-07T01:21:01.0224314Z       <Coroutine test_postgres_background_status_http_overlaps_tape_with_reverse_uuid_dates[True]>
2026-10-07T01:21:01.0224566Z       <Coroutine test_postgres_slow_tape_http_allows_other_product_work[qr]>
2026-10-07T01:21:01.0224820Z       <Coroutine test_postgres_slow_tape_http_allows_other_product_work[cz]>
2026-10-07T01:21:01.0225106Z       <Coroutine test_tape_uncertain_wb_write_keeps_code_and_retries_get_only[put]>
2026-10-07T01:21:01.0225376Z       <Coroutine test_tape_uncertain_wb_write_keeps_code_and_retries_get_only[get]>
2026-10-07T01:21:01.0225631Z       <Coroutine test_postgres_metadata_poll_and_tape_use_same_order_lock_order>
2026-10-07T01:21:01.0225913Z       <Coroutine test_metadata_get_does_not_overwrite_a_new_binding_after_http[False]>
2026-10-07T01:21:01.0226189Z       <Coroutine test_metadata_get_does_not_overwrite_a_new_binding_after_http[True]>
2026-10-07T01:21:01.0226458Z       <Coroutine test_ozon_delayed_status_preserves_replacement[ship_available]>
2026-10-07T01:21:01.0226744Z       <Coroutine test_ozon_delayed_status_preserves_replacement[validation_in_process]>
2026-10-07T01:21:01.0226877Z     <Module test_fbs_tracking.py>
2026-10-07T01:21:01.0227107Z       <Coroutine test_tc22_partial_acceptance_mixed_orders_preserved>
2026-10-07T01:21:01.0227312Z       <Coroutine test_tc22_sync_tracking_api_updates_workspace>
2026-10-07T01:21:01.0227550Z       <Coroutine test_tc22_autopoll_sync_in_delivery_supplies_per_seller>
2026-10-07T01:21:01.0227812Z       <Coroutine test_wb_done_is_authoritative_for_assembling_supply[True-done]>
2026-10-07T01:21:01.0228246Z       <Coroutine test_wb_done_is_authoritative_for_assembling_supply[False-assembling]>
2026-10-07T01:21:01.0228465Z       <Coroutine test_supply_details_error_keeps_order_sync_working>
2026-10-07T01:21:01.0228677Z       <Coroutine test_tc22_stale_sync_warning_when_last_sync_old>
2026-10-07T01:21:01.0228868Z     <Module test_fbs_tracking_supply_done_rate_limit.py>
2026-10-07T01:21:01.0229177Z       <Coroutine test_supply_closes_from_list_even_when_per_supply_endpoint_is_rate_limited>
2026-10-07T01:21:01.0229467Z       <Coroutine test_list_unavailable_and_detail_429_twice_leaves_supply_and_logs_skip>
2026-10-07T01:21:01.0229735Z       <Coroutine test_wb_not_done_but_all_local_orders_terminal_for_in_delivery_supply>
2026-10-07T01:21:01.0230145Z       <Coroutine test_seller_without_marketplace_token_makes_no_wb_calls_and_warns_once>
2026-10-07T01:21:01.0230439Z       <Coroutine test_eight_open_supplies_cost_one_list_request_and_zero_detail_requests>
2026-10-07T01:21:01.0230670Z       <Coroutine test_wb_request_count_does_not_grow_with_supply_count>
2026-10-07T01:21:01.0230947Z       <Coroutine test_zero_cursor_on_non_empty_page_causes_repeated_identical_requests>
2026-10-07T01:21:01.0231225Z       <Coroutine test_in_delivery_supply_with_done_hint_closes_and_still_syncs_orders>
2026-10-07T01:21:01.0231486Z       <Coroutine test_empty_wb_supply_id_is_not_closed_by_list_endpoint_response>
2026-10-07T01:21:01.0231691Z       <Coroutine test_not_done_supply_with_all_orders_cancelled>
2026-10-07T01:21:01.0231905Z       <Coroutine test_same_wb_supply_id_in_two_tenants_is_isolated>
2026-10-07T01:21:01.0232125Z       <Coroutine test_retry_after_is_capped_so_one_pass_cannot_stall>
2026-10-07T01:21:01.0232331Z       <Function test_retry_after_seconds_never_exceeds_the_cap>
2026-10-07T01:21:01.0232595Z       <Coroutine test_list_429_recovers_on_retry_and_keeps_per_supply_calls_at_zero>
2026-10-07T01:21:01.0232841Z       <Coroutine test_token_is_resolved_once_per_supply_not_once_per_seller>
2026-10-07T01:21:01.0233110Z       <Coroutine test_done_hint_closes_supply_even_when_order_status_endpoint_fails>
2026-10-07T01:21:01.0233253Z     <Module test_fbs_warehouse_binding.py>
2026-10-07T01:21:01.0233441Z       <Coroutine test_fbs_warehouse_binding_crud_happy_path>
2026-10-07T01:21:01.0233619Z       <Coroutine test_fbs_warehouse_binding_two_wb_two_wms>
2026-10-07T01:21:01.0233929Z       <Coroutine test_fbs_warehouse_binding_cross_tenant_404>
2026-10-07T01:21:01.0234180Z       <Coroutine test_fbs_warehouse_binding_wms_shared_across_wb_warehouses>
2026-10-07T01:21:01.0234442Z       <Coroutine test_fbs_warehouse_binding_blocked_by_active_reservations_409>
2026-10-07T01:21:01.0234729Z       <Coroutine test_fbs_warehouse_binding_disable_blocked_by_active_reservations_409>
2026-10-07T01:21:01.0234919Z       <Coroutine test_fbs_warehouse_binding_invalid_wb_id_400>
2026-10-07T01:21:01.0235140Z       <Coroutine test_fbs_warehouse_binding_reactivate_after_disable>
2026-10-07T01:21:01.0235317Z       <Coroutine test_fbs_manual_stock_sync_inline_200>
2026-10-07T01:21:01.0235488Z       <Coroutine test_fbs_manual_stock_sync_celery_202>
2026-10-07T01:21:01.0235648Z       <Coroutine test_fbs_stock_sync_status_read>
2026-10-07T01:21:01.0235814Z       <Coroutine test_fbs_stock_sync_cross_tenant_404>
2026-10-07T01:21:01.0236043Z       <Coroutine test_fbs_stock_sync_ignores_auto_technical_warehouse>
2026-10-07T01:21:01.0236254Z       <Coroutine test_wb_stock_sync_does_not_publish_ozon_binding>
2026-10-07T01:21:01.0236530Z       <Coroutine test_ozon_warehouse_binding_can_be_created_and_found_by_a_posting>
2026-10-07T01:21:01.0236813Z       <Coroutine test_binding_marketplace_defaults_to_wb_and_keeps_external_id_empty>
2026-10-07T01:21:01.0237067Z       <Coroutine test_unknown_marketplace_is_refused_with_a_readable_error>
2026-10-07T01:21:01.0237307Z       <Coroutine test_ozon_binding_is_addressed_separately_from_the_wb_one>
2026-10-07T01:21:01.0237620Z       <Coroutine test_configure_seller_warehouse_takes_the_marketplace_and_makes_no_wb_twin>
2026-10-07T01:21:01.0238044Z       <Coroutine test_ozon_warehouse_directory_says_why_it_is_empty_while_the_switch_is_off>
2026-10-07T01:21:01.0238387Z       <Coroutine test_ozon_warehouse_directory_offers_the_cabinet_list_with_entrusted_acceptance>
2026-10-07T01:21:01.0238665Z       <Coroutine test_ozon_warehouse_directory_refuses_a_seller_without_a_cabinet>
2026-10-07T01:21:01.0238922Z       <Coroutine test_unserving_a_warehouse_keeps_stock_publication_untouched>
2026-10-07T01:21:01.0239192Z       <Coroutine test_serving_a_new_warehouse_does_not_start_publishing_by_itself>
2026-10-07T01:21:01.0239450Z       <Coroutine test_operator_can_switch_publication_off_on_the_live_endpoint>
2026-10-07T01:21:01.0239863Z       <Coroutine test_serving_a_new_warehouse_still_does_not_start_publishing>
2026-10-07T01:21:01.0240036Z     <Module test_fbs_wb_exact_kiz_confirmation.py>
2026-10-07T01:21:01.0240368Z       <Coroutine test_optional_without_value_keeps_binding_and_recovers_exact_value[resend-tape]>
2026-10-07T01:21:01.0240691Z       <Coroutine test_optional_without_value_keeps_binding_and_recovers_exact_value[resend-scan]>
2026-10-07T01:21:01.0241041Z       <Coroutine test_optional_without_value_keeps_binding_and_recovers_exact_value[empty_kind-tape]>
2026-10-07T01:21:01.0241386Z       <Coroutine test_optional_without_value_keeps_binding_and_recovers_exact_value[empty_kind-scan]>
2026-10-07T01:21:01.0241721Z       <Coroutine test_optional_without_value_keeps_binding_and_recovers_exact_value[delayed-tape]>
2026-10-07T01:21:01.0242048Z       <Coroutine test_optional_without_value_keeps_binding_and_recovers_exact_value[delayed-scan]>
2026-10-07T01:21:01.0242376Z       <Coroutine test_optional_without_value_keeps_binding_and_recovers_exact_value[pending-tape]>
2026-10-07T01:21:01.0242700Z       <Coroutine test_optional_without_value_keeps_binding_and_recovers_exact_value[pending-scan]>
2026-10-07T01:21:01.0243050Z       <Coroutine test_optional_without_value_keeps_binding_and_recovers_exact_value[other_order-tape]>
2026-10-07T01:21:01.0243390Z       <Coroutine test_optional_without_value_keeps_binding_and_recovers_exact_value[other_order-scan]>
2026-10-07T01:21:01.0243727Z       <Coroutine test_optional_without_value_keeps_binding_and_recovers_exact_value[read_error-tape]>
2026-10-07T01:21:01.0244175Z       <Coroutine test_optional_without_value_keeps_binding_and_recovers_exact_value[read_error-scan]>
2026-10-07T01:21:01.0244518Z       <Coroutine test_optional_without_value_keeps_binding_and_recovers_exact_value[retry_lost-tape]>
2026-10-07T01:21:01.0244847Z       <Coroutine test_optional_without_value_keeps_binding_and_recovers_exact_value[retry_lost-scan]>
2026-10-07T01:21:01.0245110Z       <Coroutine test_initial_put_without_echo_keeps_pending_operation[empty]>
2026-10-07T01:21:01.0245389Z       <Coroutine test_initial_put_without_echo_keeps_pending_operation[absent_kind]>
2026-10-07T01:21:01.0245663Z       <Coroutine test_initial_put_without_echo_keeps_pending_operation[absent_row]>
2026-10-07T01:21:01.0245875Z       <Coroutine test_normal_exact_echo_keeps_single_put_and_get>
2026-10-07T01:21:01.0246142Z       <Coroutine test_concurrent_same_scan_recovery_uses_one_binding_and_one_resend>
2026-10-07T01:21:01.0246322Z     <Module test_fbs_worklist_marketplace_identity.py>
2026-10-07T01:21:01.0246632Z       <Function test_worklist_identifiers_stay_with_order_marketplace[OZON-BARCODE-ozon]>
2026-10-07T01:21:01.0246924Z       <Function test_worklist_identifiers_stay_with_order_marketplace[OZON-BARCODE-wb]>
2026-10-07T01:21:01.0247194Z       <Function test_worklist_identifiers_stay_with_order_marketplace[None-ozon]>
2026-10-07T01:21:01.0247457Z       <Function test_worklist_identifiers_stay_with_order_marketplace[None-wb]>
2026-10-07T01:21:01.0247701Z       <Function test_ozon_positions_keep_own_catalog_metadata_and_identity>
2026-10-07T01:21:01.0247853Z     <Module test_fbs_worklist_query_count.py>
2026-10-07T01:21:01.0248153Z       <Coroutine test_fbs_worklist_happy_path[False]>
2026-10-07T01:21:01.0248325Z       <Coroutine test_fbs_worklist_happy_path[True]>
2026-10-07T01:21:01.0248588Z       <Coroutine test_fbs_worklist_hides_locations_when_address_storage_disabled>
2026-10-07T01:21:01.0248793Z       <Coroutine test_fbs_worklist_searches_operator_identifiers>
2026-10-07T01:21:01.0248989Z       <Coroutine test_fbs_worklist_delivery_and_done_groups>
2026-10-07T01:21:01.0249303Z       <Coroutine test_tsd_working_worklist_includes_only_actionable_statuses_and_paginates>
2026-10-07T01:21:01.0249575Z       <Coroutine test_tsd_working_worklist_keeps_tenant_and_served_warehouse_scope>
2026-10-07T01:21:01.0249819Z       <Coroutine test_fbs_worklist_new_and_expired_groups_split_by_deadline>
2026-10-07T01:21:01.0250152Z       <Coroutine test_fbs_worklist_filters_new_orders_by_warehouse>
2026-10-07T01:21:01.0250382Z       <Coroutine test_fbs_worklist_hides_orders_from_unserved_warehouse>
2026-10-07T01:21:01.0250554Z       <Coroutine test_fbs_worklist_query_count_bounded>
2026-10-07T01:21:01.0250694Z     <Module test_fbs_worklist_search.py>
2026-10-07T01:21:01.0250940Z       <Coroutine test_search_finds_order_after_500_and_counts_before_cursor>
2026-10-07T01:21:01.0251173Z       <Coroutine test_supply_search_numbers_members_duplicates_and_scope>
2026-10-07T01:21:01.0251359Z     <Module test_fbs_writeoff_sold_and_reversal_guard.py>
2026-10-07T01:21:01.0251606Z       <Coroutine test_sold_status_without_our_handover_does_not_touch_stock>
2026-10-07T01:21:01.0251924Z       <Coroutine test_cancellation_never_receives_previously_written_off_goods[cancel-True]>
2026-10-07T01:21:01.0252243Z       <Coroutine test_cancellation_never_receives_previously_written_off_goods[cancel-False]>
2026-10-07T01:21:01.0252556Z       <Coroutine test_cancellation_never_receives_previously_written_off_goods[cancel-None]>
2026-10-07T01:21:01.0252872Z       <Coroutine test_cancellation_never_receives_previously_written_off_goods[complete-None]>
2026-10-07T01:21:01.0253173Z       <Coroutine test_cancellation_never_receives_previously_written_off_goods[new-False]>
2026-10-07T01:21:01.0253486Z       <Coroutine test_cancellation_never_receives_previously_written_off_goods[confirm-False]>
2026-10-07T01:21:01.0253808Z       <Coroutine test_cancellation_never_receives_previously_written_off_goods[assembly-False]>
2026-10-07T01:21:01.0253947Z     <Module test_fbs_zero_refresh.py>
2026-10-07T01:21:01.0254387Z       <Coroutine test_zero_without_history_refreshes_after_ten_minutes_and_stops_on_restock[False]>
2026-10-07T01:21:01.0254724Z       <Coroutine test_zero_without_history_refreshes_after_ten_minutes_and_stops_on_restock[True]>
2026-10-07T01:21:01.0254999Z       <Coroutine test_by_binding_zero_clear_and_reenable_resets_confirmed_item_once>
2026-10-07T01:21:01.0255304Z       <Coroutine test_unmanaged_and_rounding_zero_never_enter_refresh[disabled_product]>
2026-10-07T01:21:01.0255584Z       <Coroutine test_unmanaged_and_rounding_zero_never_enter_refresh[zero_percent]>
2026-10-07T01:21:01.0255844Z       <Coroutine test_unmanaged_and_rounding_zero_never_enter_refresh[no_rule]>
2026-10-07T01:21:01.0256114Z       <Coroutine test_unmanaged_and_rounding_zero_never_enter_refresh[missing_units]>
2026-10-07T01:21:01.0256386Z       <Coroutine test_unmanaged_and_rounding_zero_never_enter_refresh[binding_off]>
2026-10-07T01:21:01.0256677Z       <Coroutine test_unmanaged_and_rounding_zero_never_enter_refresh[binding_inactive]>
2026-10-07T01:21:01.0256947Z       <Coroutine test_unmanaged_and_rounding_zero_never_enter_refresh[rounding]>
2026-10-07T01:21:01.0257252Z       <Coroutine test_unmanaged_and_rounding_zero_never_enter_refresh[zero_binding_percent]>
2026-10-07T01:21:01.0257564Z       <Coroutine test_unmanaged_and_rounding_zero_never_enter_refresh[missing_binding_percent]>
2026-10-07T01:21:01.0257813Z       <Coroutine test_zero_failure_readback_and_next_cycle_retry[refused]>
2026-10-07T01:21:01.0258337Z       <Coroutine test_zero_failure_readback_and_next_cycle_retry[mismatch]>
2026-10-07T01:21:01.0258611Z       <Coroutine test_zero_failure_readback_and_next_cycle_retry[lost_response]>
2026-10-07T01:21:01.0258776Z       <Coroutine test_zero_eligibility_is_wb_only>
2026-10-07T01:21:01.0259039Z       <Coroutine test_committed_events_publish_first_zero_immediately[movement]>
2026-10-07T01:21:01.0259293Z       <Coroutine test_committed_events_publish_first_zero_immediately[reserve]>
2026-10-07T01:21:01.0259583Z       <Coroutine test_committed_events_publish_first_zero_immediately[operator_zero]>
2026-10-07T01:21:01.0259793Z       <Coroutine test_concurrent_zero_refresh_uses_binding_lease>
2026-10-07T01:21:01.0260026Z       <Coroutine test_same_chrt_in_other_seller_targets_only_its_binding>
2026-10-07T01:21:01.0260337Z       <Coroutine test_eta_refresh_at_ten_minutes_after_off_phase_event_and_duplicate_delivery>
2026-10-07T01:21:01.0260630Z       <Function test_zero_scheduler_uses_broker_eta>
2026-10-07T01:21:01.0260925Z       <Coroutine test_delayed_worker_recalculates_current_rules_and_publishes_only_zero>
2026-10-07T01:21:01.0261299Z       <Coroutine test_stale_eta_preserves_binding_summary_and_ignores_unrelated_conflicts[confirmed-None]>
2026-10-07T01:21:01.0261704Z       <Coroutine test_stale_eta_preserves_binding_summary_and_ignores_unrelated_conflicts[error-wb_http_error_500]>
2026-10-07T01:21:01.0262018Z       <Coroutine test_percentage_to_units_clears_omitted_units_and_preserves_percentages[wb]>
2026-10-07T01:21:01.0262347Z       <Coroutine test_percentage_to_units_clears_omitted_units_and_preserves_percentages[ozon]>
2026-10-07T01:21:01.0262659Z       <Coroutine test_historical_zero_does_not_prove_operator_intent_but_explicit_save_does[0]>
2026-10-07T01:21:01.0262973Z       <Coroutine test_historical_zero_does_not_prove_operator_intent_but_explicit_save_does[5]>
2026-10-07T01:21:01.0263214Z       <Function test_units_intent_migration_preserves_legacy_quantities>
2026-10-07T01:21:01.0263497Z       <Coroutine test_legacy_zero_keeps_one_time_transition_but_never_starts_refresh>
2026-10-07T01:21:01.0263822Z       <Coroutine test_successful_nonempty_zero_refresh_preserves_another_products_error_summary>
2026-10-07T01:21:01.0264096Z       <Coroutine test_reentering_explicit_zero_after_unset_publishes_immediately>
2026-10-07T01:21:01.0264433Z       <Coroutine test_release_zero_only_preserves_production_publication_boundary[disabled_product]>
2026-10-07T01:21:01.0264876Z       <Coroutine test_release_zero_only_preserves_production_publication_boundary[no_rule]>
2026-10-07T01:21:01.0265197Z       <Coroutine test_release_zero_only_preserves_production_publication_boundary[positive]>
2026-10-07T01:21:01.0265541Z       <Coroutine test_release_zero_only_preserves_production_publication_boundary[disabled_binding]>
2026-10-07T01:21:01.0265808Z       <Coroutine test_explicit_zero_survives_percentage_mode_and_resumes_refresh>
2026-10-07T01:21:01.0266086Z       <Coroutine test_delayed_worker_stops_after_binding_moves_to_auto_fbs_warehouse>
2026-10-07T01:21:01.0266203Z     <Module test_health.py>
2026-10-07T01:21:01.0266331Z       <Function test_health_ok>
2026-10-07T01:21:01.0266478Z     <Module test_inbound_acceptance_act.py>
2026-10-07T01:21:01.0266713Z       <Coroutine test_wms586_acceptance_act_has_plan_fact_and_difference>
2026-10-07T01:21:01.0266965Z       <Coroutine test_wms586_acceptance_act_refused_before_reception_is_closed>
2026-10-07T01:21:01.0267116Z     <Module test_inbound_box_acceptance.py>
2026-10-07T01:21:01.0267324Z       <Coroutine test_inbound_box_plan_vs_actual_discrepancy>
2026-10-07T01:21:01.0267496Z       <Coroutine test_on_demand_boxes_and_mark_label>
2026-10-07T01:21:01.0267696Z       <Coroutine test_patch_rejects_invalid_planned_box_count>
2026-10-07T01:21:01.0267834Z     <Module test_inbound_box_import_api.py>
2026-10-07T01:21:01.0268156Z       <Coroutine test_inbound_import_boxes_preview_and_apply>
2026-10-07T01:21:01.0268354Z       <Coroutine test_inbound_import_boxes_bad_file_no_boxes>
2026-10-07T01:21:01.0268492Z     <Module test_inbound_box_intake.py>
2026-10-07T01:21:01.0268693Z       <Coroutine test_inbound_box_intake_manual_qty_and_verify>
2026-10-07T01:21:01.0268876Z       <Coroutine test_inbound_box_zero_qty_sets_actual_zero>
2026-10-07T01:21:01.0269052Z       <Coroutine test_inbound_box_over_receive_allowed>
2026-10-07T01:21:01.0269232Z       <Coroutine test_inbound_box_line_qty_auto_opens_box>
2026-10-07T01:21:01.0269458Z       <Coroutine test_inbound_manual_actual_allowed_when_boxes_exist>
2026-10-07T01:21:01.0269625Z       <Coroutine test_inbound_unknown_inb_barcode>
2026-10-07T01:21:01.0269842Z       <Coroutine test_inbound_box_line_quantity_accepts_up_to_999999>
2026-10-07T01:21:01.0270073Z       <Coroutine test_inbound_box_clear_removes_units_and_allows_delete>
2026-10-07T01:21:01.0270234Z     <Module test_inbound_box_reconciliation.py>
2026-10-07T01:21:01.0270659Z       <Coroutine test_reconciliation_caps_by_current_stock_and_preserves_original_boxes>
2026-10-07T01:21:01.0270812Z     <Module test_inbound_cargo_place_api.py>
2026-10-07T01:21:01.0271051Z       <Coroutine test_cargo_place_quantity_scan_update_and_remove_one_line>
2026-10-07T01:21:01.0271307Z       <Coroutine test_cargo_place_scan_increases_accepted_qty_and_posts_stock>
2026-10-07T01:21:01.0271539Z       <Coroutine test_box_and_cargo_place_are_counted_once_across_reopen>
2026-10-07T01:21:01.0271746Z       <Coroutine test_cargo_place_rejects_product_not_on_request>
2026-10-07T01:21:01.0271972Z       <Coroutine test_cargo_place_scan_resolves_ozon_external_barcode>
2026-10-07T01:21:01.0272200Z       <Coroutine test_cargo_place_quantity_cannot_drop_below_posted>
2026-10-07T01:21:01.0272410Z       <Coroutine test_foreign_tenant_cannot_see_or_edit_cargo_place>
2026-10-07T01:21:01.0272556Z     <Module test_inbound_distribution.py>
2026-10-07T01:21:01.0272798Z       <Coroutine test_inbound_distribution_lines_validate_limits_and_lock>
2026-10-07T01:21:01.0273057Z       <Coroutine test_whole_box_putaway_moves_every_product_to_one_location>
2026-10-07T01:21:01.0273274Z       <Coroutine test_concurrent_same_box_putaway_is_applied_once>
2026-10-07T01:21:01.0273443Z       <Coroutine test_resync_sorting_stock_idempotent>
2026-10-07T01:21:01.0273634Z       <Coroutine test_empty_distribution_complete_rejected>
2026-10-07T01:21:01.0273865Z       <Coroutine test_distribution_scan_cell_then_product_and_complete>
2026-10-07T01:21:01.0274118Z       <Coroutine test_delete_location_with_stock_requires_move_and_hides_cell>
2026-10-07T01:21:01.0274419Z       <Coroutine test_distribution_reopen_after_stuck_lock>
2026-10-07T01:21:01.0274555Z     <Module test_inbound_intake.py>
2026-10-07T01:21:01.0274721Z       <Coroutine test_inbound_intake_flow_post_all>
2026-10-07T01:21:01.0274985Z       <Coroutine test_ff_created_request_begins_receiving_and_reads_cargo_places>
2026-10-07T01:21:01.0275293Z       <Coroutine test_rec03_seller_created_requires_submit_but_ff_created_receives_directly>
2026-10-07T01:21:01.0275492Z       <Coroutine test_inbound_partial_receive_then_complete>
2026-10-07T01:21:01.0275683Z       <Coroutine test_inbound_patch_storage_after_line_create>
2026-10-07T01:21:01.0275867Z       <Coroutine test_inbound_post_missing_storage_on_line>
2026-10-07T01:21:01.0276051Z       <Coroutine test_inbound_duplicate_line_while_draft>
2026-10-07T01:21:01.0276312Z       <Coroutine test_ff_created_inbound_summary_keeps_seller_and_product_terms>
2026-10-07T01:21:01.0276460Z       <Coroutine test_inbound_requires_auth>
2026-10-07T01:21:01.0276653Z       <Coroutine test_inbound_patch_wrong_warehouse_location>
2026-10-07T01:21:01.0276829Z       <Coroutine test_inbound_create_unknown_warehouse>
2026-10-07T01:21:01.0277052Z       <Coroutine test_inbound_draft_patch_qty_delete_patch_planned>
2026-10-07T01:21:01.0277356Z       <Coroutine test_inbound_receiving_scan_accepts_planned_local_product_without_wb_ids>
2026-10-07T01:21:01.0277644Z       <Coroutine test_inbound_scan_rejects_catalog_product_not_on_request_until_added>
2026-10-07T01:21:01.0278035Z       <Coroutine test_inbound_receiving_accepts_seller_catalog_product_as_discrepancy>
2026-10-07T01:21:01.0278315Z       <Coroutine test_inbound_receiving_lines_accepts_same_seller_catalog_product>
2026-10-07T01:21:01.0278604Z       <Coroutine test_inbound_receiving_lines_accepts_local_same_seller_catalog_product>
2026-10-07T01:21:01.0278861Z       <Coroutine test_inbound_receiving_lines_rejects_foreign_seller_product>
2026-10-07T01:21:01.0279009Z     <Module test_inbound_intake_api_be03.py>
2026-10-07T01:21:01.0279188Z       <Coroutine test_primary_accept_endpoint_removed>
2026-10-07T01:21:01.0279349Z       <Coroutine test_loose_scan_increments_actual>
2026-10-07T01:21:01.0279620Z       <Coroutine test_loose_scan_mutation_id_replays_without_duplicate_increment>
2026-10-07T01:21:01.0279813Z       <Coroutine test_two_boxes_manual_qty_effective_in_get>
2026-10-07T01:21:01.0280108Z       <Coroutine test_loose_scan_unknown_barcode_422>
2026-10-07T01:21:01.0280268Z       <Coroutine test_manual_actual_qty_absolute>
2026-10-07T01:21:01.0280429Z       <Coroutine test_create_box_and_scan_into_box>
2026-10-07T01:21:01.0280613Z       <Coroutine test_complete_receiving_with_discrepancy>
2026-10-07T01:21:01.0280830Z       <Coroutine test_complete_receiving_mixed_box_then_loose_api>
2026-10-07T01:21:01.0281095Z       <Coroutine test_complete_receiving_matched_goods_still_reports_missing_box>
2026-10-07T01:21:01.0281354Z       <Coroutine test_reopen_receiving_reverses_sorting_and_allows_recomplete>
2026-10-07T01:21:01.0281587Z       <Coroutine test_complete_receiving_reports_box_count_discrepancy>
2026-10-07T01:21:01.0281758Z       <Coroutine test_inbound_box_damaged_flag_toggle>
2026-10-07T01:21:01.0281975Z       <Coroutine test_inbound_box_damaged_flag_rejects_unknown_box>
2026-10-07T01:21:01.0282202Z       <Coroutine test_complete_receiving_zero_boxes_compares_with_plan>
2026-10-07T01:21:01.0282474Z       <Coroutine test_ff_list_hides_only_seller_drafts_and_preserves_seller_scope>
2026-10-07T01:21:01.0282631Z     <Module test_inbound_intake_box_ondemand.py>
2026-10-07T01:21:01.0282835Z       <Coroutine test_create_three_boxes_on_demand_are_distinct>
2026-10-07T01:21:01.0282989Z       <Coroutine test_box_two_scans_only_box_two>
2026-10-07T01:21:01.0283181Z       <Coroutine test_box_scan_resolves_ozon_external_barcode>
2026-10-07T01:21:01.0283458Z       <Coroutine test_ambiguous_external_barcode_does_not_change_box_or_cargo_place>
2026-10-07T01:21:01.0283715Z       <Coroutine test_receiving_scans_limit_catalog_lookup_to_request_products>
2026-10-07T01:21:01.0284093Z       <Coroutine test_product_hint_skips_catalog_and_updates_only_requested_line>
2026-10-07T01:21:01.0284416Z       <Coroutine test_box_total_validation_keeps_zero_quantity_box_line_membership>
2026-10-07T01:21:01.0284628Z       <Coroutine test_loose_scan_api_does_not_reload_full_request>
2026-10-07T01:21:01.0284781Z       <Coroutine test_delete_empty_box_on_demand>
2026-10-07T01:21:01.0285062Z       <Coroutine test_loose_scan_stays_loose_and_completion_does_not_require_close>
2026-10-07T01:21:01.0285199Z     <Module test_inbound_intake_excel.py>
2026-10-07T01:21:01.0285460Z       <Coroutine test_seller_intake_excel_import_is_atomic_scoped_and_repeatable>
2026-10-07T01:21:01.0285616Z     <Module test_inbound_intake_service_be01.py>
2026-10-07T01:21:01.0285837Z       <Coroutine test_loose_only_receiving_flags_missing_planned_box>
2026-10-07T01:21:01.0286010Z       <Coroutine test_mixed_box_then_loose_fact_is_sum>
2026-10-07T01:21:01.0286174Z       <Coroutine test_mixed_loose_then_box_fact_is_sum>
2026-10-07T01:21:01.0286411Z       <Coroutine test_under_receive_sets_has_discrepancy_but_completes>
2026-10-07T01:21:01.0286591Z       <Coroutine test_over_receive_sets_has_discrepancy>
2026-10-07T01:21:01.0286773Z       <Coroutine test_status_transitions_collapsed_chain>
2026-10-07T01:21:01.0286970Z       <Coroutine test_box_only_under_receive_sets_discrepancy>
2026-10-07T01:21:01.0287155Z       <Coroutine test_primary_accept_does_not_create_boxes>
2026-10-07T01:21:01.0287323Z     <Module test_inbound_intake_service_sort_be01.py>
2026-10-07T01:21:01.0287549Z       <Coroutine test_complete_receiving_exposes_sorting_remaining_qty>
2026-10-07T01:21:01.0287741Z       <Coroutine test_mixed_distribution_lines_across_cells>
2026-10-07T01:21:01.0288059Z       <Coroutine test_mixed_distribution_rejects_over_accepted>
2026-10-07T01:21:01.0288269Z       <Coroutine test_mixed_distribution_rejects_loose_over_pool>
2026-10-07T01:21:01.0288475Z       <Coroutine test_complete_distribution_mixed_box_and_loose>
2026-10-07T01:21:01.0288710Z       <Coroutine test_billing_overflow_does_not_block_completed_inbound>
2026-10-07T01:21:01.0288973Z       <Coroutine test_zero_actual_intake_closes_and_charges_document_tariff_once>
2026-10-07T01:21:01.0289222Z       <Coroutine test_zero_actual_intake_closes_with_zero_item_tariff_amount>
2026-10-07T01:21:01.0289351Z     <Module test_inbound_marking.py>
2026-10-07T01:21:01.0289696Z       <Coroutine test_attach_preserves_full_code_qty_and_idempotency>
2026-10-07T01:21:01.0289941Z       <Coroutine test_capacity_and_existing_lifecycle_are_not_overwritten>
2026-10-07T01:21:01.0290226Z       <Coroutine test_background_check_is_idempotent_and_has_no_stock_effect[applied]>
2026-10-07T01:21:01.0290523Z       <Coroutine test_background_check_is_idempotent_and_has_no_stock_effect[introduced]>
2026-10-07T01:21:01.0290798Z       <Coroutine test_background_check_is_idempotent_and_has_no_stock_effect[http451]>
2026-10-07T01:21:01.0291077Z       <Coroutine test_background_check_is_idempotent_and_has_no_stock_effect[offline]>
2026-10-07T01:21:01.0291270Z       <Function test_xlsx_only_problems_keeps_codes_as_text>
2026-10-07T01:21:01.0291456Z       <Coroutine test_wb_only_admits_unbound_received_code>
2026-10-07T01:21:01.0291741Z       <Coroutine test_failed_check_scheduling_cannot_undo_posting_or_successful_replay>
2026-10-07T01:21:01.0292056Z       <Coroutine test_receiving_code_binds_as_external_once_and_cannot_be_printed[False-wb]>
2026-10-07T01:21:01.0292366Z       <Coroutine test_receiving_code_binds_as_external_once_and_cannot_be_printed[False-ozon]>
2026-10-07T01:21:01.0292668Z       <Coroutine test_receiving_code_binds_as_external_once_and_cannot_be_printed[True-wb]>
2026-10-07T01:21:01.0292979Z       <Coroutine test_receiving_code_binds_as_external_once_and_cannot_be_printed[True-ozon]>
2026-10-07T01:21:01.0293408Z       <Coroutine test_existing_lifecycle_is_rejected_without_silent_reassignment[pool-available-marking_code_in_pool]>
2026-10-07T01:21:01.0293989Z       <Coroutine test_existing_lifecycle_is_rejected_without_silent_reassignment[external_fbs-applied-marking_code_already_used]>
2026-10-07T01:21:01.0294457Z       <Coroutine test_existing_lifecycle_is_rejected_without_silent_reassignment[external_fbs-shipped-marking_code_already_used]>
2026-10-07T01:21:01.0294900Z       <Coroutine test_existing_lifecycle_is_rejected_without_silent_reassignment[external_fbs-void-marking_code_already_used]>
2026-10-07T01:21:01.0295199Z       <Coroutine test_concurrent_receipt_scan_serializes_capacity_and_duplicate[True]>
2026-10-07T01:21:01.0295488Z       <Coroutine test_concurrent_receipt_scan_serializes_capacity_and_duplicate[False]>
2026-10-07T01:21:01.0295718Z       <Coroutine test_failed_job_is_persisted_when_receipt_was_deleted>
2026-10-07T01:21:01.0296003Z       <Coroutine test_automatic_check_preserves_finished_answers_manual_check_rechecks>
2026-10-07T01:21:01.0296281Z       <Coroutine test_delete_wrong_input_releases_capacity_and_allows_correct_product>
2026-10-07T01:21:01.0296555Z       <Coroutine test_deletion_during_check_and_rescan_are_drained_without_stuck_job>
2026-10-07T01:21:01.0296806Z       <Coroutine test_delete_preserves_existing_history_and_scope[history]>
2026-10-07T01:21:01.0297049Z       <Coroutine test_delete_preserves_existing_history_and_scope[printed]>
2026-10-07T01:21:01.0297295Z       <Coroutine test_delete_preserves_existing_history_and_scope[shipped]>
2026-10-07T01:21:01.0297566Z       <Coroutine test_delete_preserves_existing_history_and_scope[other_receipt]>
2026-10-07T01:21:01.0297803Z       <Coroutine test_delete_preserves_existing_history_and_scope[posted]>
2026-10-07T01:21:01.0298390Z       <Coroutine test_printed_pool_inspection_and_removal_preserve_original_code_and_history>
2026-10-07T01:21:01.0298630Z       <Coroutine test_delete_never_erases_code_referenced_by_fbs_order>
2026-10-07T01:21:01.0298871Z       <Coroutine test_delete_api_is_authenticated_and_returns_no_content>
2026-10-07T01:21:01.0299149Z       <Coroutine test_expired_check_cannot_overwrite_replacement_pending_snapshot>
2026-10-07T01:21:01.0299302Z     <Module test_inbound_package_catalog.py>
2026-10-07T01:21:01.0299544Z       <Coroutine test_catalog_list_and_lookup_are_tenant_scoped_read_only>
2026-10-07T01:21:01.0299824Z       <Coroutine test_catalog_list_keeps_original_package_numbers_after_distribution>
2026-10-07T01:21:01.0300061Z       <Coroutine test_catalog_box_lookup_has_bounded_read_only_query_path>
2026-10-07T01:21:01.0300454Z       <Coroutine test_catalog_package_access_matches_catalog_read_permissions>
2026-10-07T01:21:01.0300629Z     <Module test_inbound_receiving_concurrency.py>
2026-10-07T01:21:01.0300832Z       <Coroutine test_concurrent_completion_posts_once[commit]>
2026-10-07T01:21:01.0301048Z       <Coroutine test_concurrent_completion_posts_once[rollback]>
2026-10-07T01:21:01.0301216Z     <Module test_inbound_sorting_object_putaway.py>
2026-10-07T01:21:01.0301456Z       <Coroutine test_sorting_object_place_moves_inbound_box_stock_to_cell>
2026-10-07T01:21:01.0301613Z     <Module test_inventory_atomic_increment.py>
2026-10-07T01:21:01.0301836Z       <Function test_positive_balance_upsert_compiles_for_postgresql>
2026-10-07T01:21:01.0302106Z       <Coroutine test_concurrent_positive_movements_do_not_lose_balance>
2026-10-07T01:21:01.0302342Z       <Coroutine test_import_and_pack_overlap_without_lost_bucket_update>
2026-10-07T01:21:01.0302587Z       <Coroutine test_import_and_deduct_overlap_without_lost_bucket_update>
2026-10-07T01:21:01.0302743Z     <Module test_inventory_balances_summary.py>
2026-10-07T01:21:01.0302937Z       <Coroutine test_inventory_balances_summary_seller_scope>
2026-10-07T01:21:01.0303174Z       <Coroutine test_available_includes_sorting_before_and_after_putaway>
2026-10-07T01:21:01.0303332Z     <Module test_inventory_count_print_sheet.py>
2026-10-07T01:21:01.0303539Z       <Coroutine test_print_sheet_header_matches_document_screen>
2026-10-07T01:21:01.0303776Z       <Coroutine test_print_sheet_prints_only_the_filters_set_at_creation>
2026-10-07T01:21:01.0304110Z       <Coroutine test_print_sheet_object_source_prints_only_by_object>
2026-10-07T01:21:01.0304352Z       <Coroutine test_print_sheet_selected_products_persist_after_reopen>
2026-10-07T01:21:01.0304584Z       <Coroutine test_print_sheet_without_selection_has_no_products_line>
2026-10-07T01:21:01.0304809Z       <Coroutine test_print_sheet_one_row_per_product_across_locations>
2026-10-07T01:21:01.0305089Z       <Coroutine test_print_sheet_totals_match_balances_summary_with_reservations>
2026-10-07T01:21:01.0305347Z       <Coroutine test_print_sheet_movement_after_creation_shows_current_numbers>
2026-10-07T01:21:01.0305610Z       <Coroutine test_print_sheet_ozon_only_product_uses_link_barcode_and_offer_id>
2026-10-07T01:21:01.0305869Z       <Coroutine test_print_sheet_product_without_any_article_falls_back_to_sku>
2026-10-07T01:21:01.0306074Z       <Coroutine test_print_sheet_negative_balance_prints_as_is>
2026-10-07T01:21:01.0306265Z       <Coroutine test_print_sheet_works_for_posted_document>
2026-10-07T01:21:01.0306473Z       <Coroutine test_print_sheet_works_for_cancelled_document>
2026-10-07T01:21:01.0306620Z       <Coroutine test_print_sheet_is_read_only>
2026-10-07T01:21:01.0306822Z       <Coroutine test_print_sheet_requires_inventory_permission>
2026-10-07T01:21:01.0306989Z       <Coroutine test_print_sheet_is_tenant_scoped>
2026-10-07T01:21:01.0307129Z     <Module test_inventory_counts.py>
2026-10-07T01:21:01.0307390Z       <Coroutine test_inventory_count_shows_actual_wb_alias_and_ozon_barcodes>
2026-10-07T01:21:01.0307700Z       <Coroutine test_inventory_count_seller_and_category_filters_do_not_leak_other_products>
2026-10-07T01:21:01.0308082Z       <Coroutine test_inventory_count_selected_products_narrow_existing_scope>
2026-10-07T01:21:01.0308384Z       <Coroutine test_inventory_count_object_keeps_existing_location_and_product_scopes>
2026-10-07T01:21:01.0308632Z       <Coroutine test_inventory_count_uses_human_label_for_sorting_location>
2026-10-07T01:21:01.0308851Z       <Coroutine test_inventory_count_by_box_uses_exact_box_balances>
2026-10-07T01:21:01.0309126Z       <Coroutine test_inventory_count_by_cargo_place_uses_exact_cargo_place_balances>
2026-10-07T01:21:01.0309401Z       <Coroutine test_inventory_count_by_pallet_includes_nested_container_balances>
2026-10-07T01:21:01.0309688Z       <Coroutine test_inventory_count_by_empty_container_is_visible_before_confirmation>
2026-10-07T01:21:01.0310063Z       <Coroutine test_inventory_count_is_tenant_scoped_for_list_get_and_post>
2026-10-07T01:21:01.0310366Z       <Coroutine test_inventory_count_zero_blank_match_and_mismatch_create_exact_movements>
2026-10-07T01:21:01.0310651Z       <Coroutine test_inventory_count_posts_against_current_balance_and_returns_warning>
2026-10-07T01:21:01.0310950Z       <Coroutine test_inventory_count_empty_document_is_rejected_and_draft_can_be_cancelled>
2026-10-07T01:21:01.0311269Z       <Coroutine test_inventory_count_without_address_storage_hides_and_does_not_require_cell>
2026-10-07T01:21:01.0311542Z       <Coroutine test_inventory_count_includes_negative_balance_and_skips_zero>
2026-10-07T01:21:01.0311817Z       <Coroutine test_inventory_count_found_creates_line_and_second_scan_increments>
2026-10-07T01:21:01.0312079Z       <Coroutine test_inventory_count_found_survives_scanner_layout_and_case>
2026-10-07T01:21:01.0312347Z       <Coroutine test_inventory_count_found_rejects_container_from_another_warehouse>
2026-10-07T01:21:01.0312611Z       <Coroutine test_inventory_count_found_without_place_goes_to_sorting_zone>
2026-10-07T01:21:01.0312831Z       <Coroutine test_inventory_count_found_is_idempotent_per_scan>
2026-10-07T01:21:01.0313137Z       <Coroutine test_inventory_count_scan_of_expected_line_increments_without_found_notice>
2026-10-07T01:21:01.0313443Z       <Coroutine test_inventory_count_scan_with_line_id_resolves_same_barcode_across_sellers>
2026-10-07T01:21:01.0313714Z       <Coroutine test_inventory_count_drops_empty_places_but_keeps_them_scannable>
2026-10-07T01:21:01.0314153Z       <Coroutine test_inventory_count_create_container_keeps_it_visible_but_not_other_empty_boxes>
2026-10-07T01:21:01.0314452Z       <Coroutine test_inventory_count_container_and_document_link_commit_together[box]>
2026-10-07T01:21:01.0314776Z       <Coroutine test_inventory_count_container_and_document_link_commit_together[cargo_place]>
2026-10-07T01:21:01.0315082Z       <Coroutine test_inventory_count_container_and_document_link_commit_together[pallet]>
2026-10-07T01:21:01.0315356Z       <Coroutine test_inventory_count_create_container_rejects_posted_document>
2026-10-07T01:21:01.0315633Z       <Coroutine test_inventory_count_records_found_into_container_dropped_as_empty>
2026-10-07T01:21:01.0315915Z       <Coroutine test_inventory_count_reports_physical_shortage_without_consuming_cap>
2026-10-07T01:21:01.0316195Z       <Coroutine test_inventory_count_manual_line_without_selection_uses_sorting_zone>
2026-10-07T01:21:01.0316510Z       <Coroutine test_inventory_count_manual_line_into_selected_container_binds_its_location>
2026-10-07T01:21:01.0316741Z       <Coroutine test_inventory_count_manual_line_into_selected_cell>
2026-10-07T01:21:01.0317040Z       <Coroutine test_inventory_count_manual_line_merges_into_existing_line_at_same_place>
2026-10-07T01:21:01.0317309Z       <Coroutine test_inventory_count_manual_line_rejects_product_from_other_seller>
2026-10-07T01:21:01.0317549Z       <Coroutine test_inventory_count_manual_line_rejects_posted_document>
2026-10-07T01:21:01.0317816Z       <Coroutine test_inventory_count_manual_line_rejects_non_positive_quantity>
2026-10-07T01:21:01.0318225Z       <Coroutine test_inventory_count_create_container_places_into_selected_cell[box]>
2026-10-07T01:21:01.0318548Z       <Coroutine test_inventory_count_create_container_places_into_selected_cell[cargo_place]>
2026-10-07T01:21:01.0318846Z       <Coroutine test_inventory_count_create_container_places_into_selected_cell[pallet]>
2026-10-07T01:21:01.0319093Z       <Coroutine test_inventory_count_create_container_rejects_foreign_cell>
2026-10-07T01:21:01.0319360Z       <Coroutine test_inventory_count_create_container_without_cell_still_works>
2026-10-07T01:21:01.0319613Z       <Coroutine test_inventory_count_lines_put_preserves_comment_by_default>
2026-10-07T01:21:01.0319869Z       <Coroutine test_inventory_count_lines_put_updates_comment_when_flag_set>
2026-10-07T01:21:01.0320138Z       <Coroutine test_inventory_count_lines_put_clears_comment_with_empty_string>
2026-10-07T01:21:01.0320564Z       <Coroutine test_inventory_count_move_line_transfers_balance_and_line_address>
2026-10-07T01:21:01.0320809Z       <Coroutine test_inventory_count_move_line_rejects_when_already_there>
2026-10-07T01:21:01.0321096Z       <Coroutine test_inventory_count_move_line_rejects_product_already_at_destination>
2026-10-07T01:21:01.0321325Z       <Coroutine test_inventory_count_move_line_rejects_empty_source>
2026-10-07T01:21:01.0321557Z       <Coroutine test_inventory_count_move_line_rejects_posted_document>
2026-10-07T01:21:01.0321794Z       <Coroutine test_inventory_count_delete_container_removes_empty_box>
2026-10-07T01:21:01.0322038Z       <Coroutine test_inventory_count_delete_container_removes_empty_pallet>
2026-10-07T01:21:01.0322277Z       <Coroutine test_inventory_count_delete_container_rejects_non_empty>
2026-10-07T01:21:01.0322555Z       <Coroutine test_inventory_count_delete_container_rejects_pallet_with_children>
2026-10-07T01:21:01.0322816Z       <Coroutine test_inventory_count_delete_container_rejects_inbound_linked>
2026-10-07T01:21:01.0323074Z       <Coroutine test_inventory_count_delete_container_rejects_posted_document>
2026-10-07T01:21:01.0323406Z       <Coroutine test_empty_container_without_goods_is_confirmed_reloaded_and_removed_on_post[box]>
2026-10-07T01:21:01.0323776Z       <Coroutine test_empty_container_without_goods_is_confirmed_reloaded_and_removed_on_post[cargo_place]>
2026-10-07T01:21:01.0324124Z       <Coroutine test_empty_container_without_goods_is_confirmed_reloaded_and_removed_on_post[pallet]>
2026-10-07T01:21:01.0324420Z       <Coroutine test_confirm_empty_zeros_previously_counted_goods_and_removes_container>
2026-10-07T01:21:01.0324778Z       <Coroutine test_stale_comment_update_preserves_other_operators_edit>
2026-10-07T01:21:01.0325018Z       <Coroutine test_recount_after_empty_confirmation_keeps_container>
2026-10-07T01:21:01.0325295Z       <Coroutine test_new_stock_in_confirmed_empty_container_blocks_removal_atomically>
2026-10-07T01:21:01.0325474Z       <Coroutine test_save_rereads_stale_count_status>
2026-10-07T01:21:01.0325801Z       <Coroutine test_truly_empty_cell_confirmation_survives_reload_and_posts_without_movements>
2026-10-07T01:21:01.0326029Z       <Coroutine test_move_rejects_destination_stock_missing_from_count>
2026-10-07T01:21:01.0326286Z       <Coroutine test_empty_cell_does_not_schedule_inbound_container_deletion>
2026-10-07T01:21:01.0326606Z       <Coroutine test_confirmed_empty_container_deleted_by_other_count_is_idempotent[False-box]>
2026-10-07T01:21:01.0326968Z       <Coroutine test_confirmed_empty_container_deleted_by_other_count_is_idempotent[False-cargo_place]>
2026-10-07T01:21:01.0327310Z       <Coroutine test_confirmed_empty_container_deleted_by_other_count_is_idempotent[False-pallet]>
2026-10-07T01:21:01.0327632Z       <Coroutine test_confirmed_empty_container_deleted_by_other_count_is_idempotent[True-box]>
2026-10-07T01:21:01.0328103Z       <Coroutine test_confirmed_empty_container_deleted_by_other_count_is_idempotent[True-cargo_place]>
2026-10-07T01:21:01.0328443Z       <Coroutine test_confirmed_empty_container_deleted_by_other_count_is_idempotent[True-pallet]>
2026-10-07T01:21:01.0328750Z       <Coroutine test_stale_empty_confirmation_does_not_hide_foreign_container[save-tenant]>
2026-10-07T01:21:01.0329073Z       <Coroutine test_stale_empty_confirmation_does_not_hide_foreign_container[save-warehouse]>
2026-10-07T01:21:01.0329377Z       <Coroutine test_stale_empty_confirmation_does_not_hide_foreign_container[save-kind]>
2026-10-07T01:21:01.0329682Z       <Coroutine test_stale_empty_confirmation_does_not_hide_foreign_container[post-tenant]>
2026-10-07T01:21:01.0330006Z       <Coroutine test_stale_empty_confirmation_does_not_hide_foreign_container[post-warehouse]>
2026-10-07T01:21:01.0330306Z       <Coroutine test_stale_empty_confirmation_does_not_hide_foreign_container[post-kind]>
2026-10-07T01:21:01.0330630Z       <Coroutine test_stale_empty_confirmation_keeps_missing_and_nonempty_errors_distinct[False]>
2026-10-07T01:21:01.0331072Z       <Coroutine test_stale_empty_confirmation_keeps_missing_and_nonempty_errors_distinct[True]>
2026-10-07T01:21:01.0331236Z     <Module test_inventory_movement_actor.py>
2026-10-07T01:21:01.0331559Z       <Coroutine test_inbound_post_records_authenticated_actor_and_returns_it_from_movement_api>
2026-10-07T01:21:01.0331879Z       <Coroutine test_transfer_uses_authenticated_actor_on_both_legs_and_ignores_spoofed_actor>
2026-10-07T01:21:01.0332147Z       <Coroutine test_inventory_movement_api_returns_null_actor_for_historical_row>
2026-10-07T01:21:01.0332428Z       <Function test_inventory_movement_actor_schema_and_additive_migration_contract>
2026-10-07T01:21:01.0332603Z     <Module test_inventory_movement_actor_flows.py>
2026-10-07T01:21:01.0332866Z       <Coroutine test_outbound_post_records_actor_in_row_and_both_movement_apis>
2026-10-07T01:21:01.0333130Z       <Coroutine test_discrepancy_act_approval_records_approving_user_as_actor>
2026-10-07T01:21:01.0333365Z       <Coroutine test_ozon_packaging_write_off_records_operator_actor>
2026-10-07T01:21:01.0333655Z       <Coroutine test_fbs_cancellation_preserves_shipment_actor_without_returning_stock>
2026-10-07T01:21:01.0333894Z       <Coroutine test_marketplace_unload_box_add_and_remove_record_actor>
2026-10-07T01:21:01.0334142Z       <Coroutine test_system_cancellation_does_not_create_a_return_movement>
2026-10-07T01:21:01.0334345Z     <Module test_inventory_movement_reporting_dimensions.py>
2026-10-07T01:21:01.0334593Z       <Function test_inventory_movement_has_immutable_reporting_dimensions>
2026-10-07T01:21:01.0335014Z       <Function test_reporting_dimensions_migration_backfills_as_legacy_and_creates_indexes>
2026-10-07T01:21:01.0335188Z     <Module test_inventory_movements_report.py>
2026-10-07T01:21:01.0335437Z       <Coroutine test_inventory_movements_summary_groups_and_period_filter>
2026-10-07T01:21:01.0335691Z       <Coroutine test_inventory_movements_summary_seller_scope_forbidden>
2026-10-07T01:21:01.0335847Z     <Module test_inventory_reservation.py>
2026-10-07T01:21:01.0336104Z       <Coroutine test_second_outbound_line_blocks_when_reserved_exceeds_on_hand>
2026-10-07T01:21:01.0336332Z       <Coroutine test_stock_transfer_blocked_by_outbound_reservation>
2026-10-07T01:21:01.0336566Z       <Coroutine test_inventory_balances_include_reserved_and_available>
2026-10-07T01:21:01.0336763Z     <Module test_inventory_service_reporting_dimensions.py>
2026-10-07T01:21:01.0336996Z       <Coroutine test_movement_keeps_seller_and_warehouse_at_write_time>
2026-10-07T01:21:01.0337156Z     <Module test_inventory_stock_cap_wms338.py>
2026-10-07T01:21:01.0337374Z       <Coroutine test_reservation_does_not_change_operator_cap>
2026-10-07T01:21:01.0337619Z       <Coroutine test_cancel_before_transfer_does_not_change_operator_cap>
2026-10-07T01:21:01.0337848Z       <Coroutine test_inventory_shortage_does_not_change_operator_cap>
2026-10-07T01:21:01.0338395Z       <Coroutine test_transfer_without_reserve_does_not_change_operator_cap[True]>
2026-10-07T01:21:01.0338696Z       <Coroutine test_transfer_without_reserve_does_not_change_operator_cap[False]>
2026-10-07T01:21:01.0338955Z       <Coroutine test_apply_fbs_supply_write_off_still_rejects_foreign_order>
2026-10-07T01:21:01.0339150Z       <Coroutine test_publication_is_min_cap_and_free_stock>
2026-10-07T01:21:01.0339352Z       <Coroutine test_concurrent_orders_reserve_last_unit_once>
2026-10-07T01:21:01.0339518Z     <Module test_marketplace_account_service.py>
2026-10-07T01:21:01.0339785Z       <Coroutine test_tc_s32_ozon_009_adapter_allows_only_one_read_only_empty_post>
2026-10-07T01:21:01.0340053Z       <Coroutine test_tc_s32_ozon_004_adapter_preserves_provider_failure_class[401]>
2026-10-07T01:21:01.0340318Z       <Coroutine test_tc_s32_ozon_004_adapter_preserves_provider_failure_class[403]>
2026-10-07T01:21:01.0340578Z       <Coroutine test_tc_s32_ozon_004_adapter_preserves_provider_failure_class[429]>
2026-10-07T01:21:01.0340837Z       <Coroutine test_tc_s32_ozon_004_adapter_preserves_provider_failure_class[500]>
2026-10-07T01:21:01.0341232Z       <Coroutine test_tc_s32_ozon_004_adapter_preserves_provider_failure_class[502]>
2026-10-07T01:21:01.0341487Z       <Coroutine test_tc_s32_ozon_004_adapter_preserves_provider_failure_class[418]>
2026-10-07T01:21:01.0341730Z       <Coroutine test_tc_s32_ozon_005_real_db_equal_replay_keeps_one_primary>
2026-10-07T01:21:01.0341980Z       <Coroutine test_tc_s32_ozon_007_real_db_cross_tenant_scope_is_fail_closed>
2026-10-07T01:21:01.0342318Z       <Coroutine test_tc_s32_ozon_008_real_db_disconnect_erases_ciphertext_and_public_status_is_safe>
2026-10-07T01:21:01.0342490Z     <Module test_marketplace_accounts_migration.py>
2026-10-07T01:21:01.0342768Z       <Function test_tc_s32_ozon_013_revision_is_additive_and_has_the_required_parent>
2026-10-07T01:21:01.0343044Z       <Function test_tc_s32_ozon_013_migration_contains_no_wb_backfill_or_provider_code>
2026-10-07T01:21:01.0343345Z       <Function test_tc_s32_ozon_013_upgrade_and_downgrade_are_limited_to_new_account_table>
2026-10-07T01:21:01.0343501Z     <Module test_marketplace_foundation.py>
2026-10-07T01:21:01.0343754Z       <Coroutine test_autopoll_failure_is_isolated_by_seller_and_marketplace>
2026-10-07T01:21:01.0343995Z       <Coroutine test_autopoll_429_backoff_skips_only_limited_marketplace>
2026-10-07T01:21:01.0344257Z       <Coroutine test_movement_publish_attempts_each_marketplace_independently>
2026-10-07T01:21:01.0344568Z       <Function test_marketplace_entities_keep_wb_as_backward_compatible_default[FbsOrder]>
2026-10-07T01:21:01.0344878Z       <Function test_marketplace_entities_keep_wb_as_backward_compatible_default[FbsSupply]>
2026-10-07T01:21:01.0345344Z       <Function test_marketplace_entities_keep_wb_as_backward_compatible_default[FbsWarehouseBinding]>
2026-10-07T01:21:01.0345725Z       <Function test_marketplace_entities_keep_wb_as_backward_compatible_default[MarketplaceUnloadRequest]>
2026-10-07T01:21:01.0345976Z       <Function test_product_marketplace_link_is_generic_and_multi_provider>
2026-10-07T01:21:01.0346190Z       <Function test_lock_key_is_scoped_by_seller_and_marketplace>
2026-10-07T01:21:01.0346403Z       <Function test_backoff_is_independent_for_each_marketplace>
2026-10-07T01:21:01.0347516Z       <Function test_ozon_errors_have_operator_safe_messages[403-payload0-\u041a\u0430\u0431\u0438\u043d\u0435\u0442 Ozon \u0437\u0430\u0431\u043b\u043e\u043a\u0438\u0440\u043e\u0432\u0430\u043d. \u041e\u0431\u0440\u0430\u0442\u0438\u0442\u0435\u0441\u044c \u0432 \u043f\u043e\u0434\u0434\u0435\u0440\u0436\u043a\u0443 Ozon.]>
2026-10-07T01:21:01.0348458Z       <Function test_ozon_errors_have_operator_safe_messages[401-payload1-Ozon \u043e\u0442\u043a\u043b\u043e\u043d\u0438\u043b \u0434\u0430\u043d\u043d\u044b\u0435 \u043f\u043e\u0434\u043a\u043b\u044e\u0447\u0435\u043d\u0438\u044f.]>
2026-10-07T01:21:01.0349407Z       <Function test_ozon_errors_have_operator_safe_messages[429-payload2-Ozon \u0432\u0440\u0435\u043c\u0435\u043d\u043d\u043e \u043e\u0433\u0440\u0430\u043d\u0438\u0447\u0438\u043b \u0447\u0430\u0441\u0442\u043e\u0442\u0443 \u0437\u0430\u043f\u0440\u043e\u0441\u043e\u0432.]>
2026-10-07T01:21:01.0350072Z       <Function test_ozon_errors_have_operator_safe_messages[503-payload3-Ozon \u0432\u0440\u0435\u043c\u0435\u043d\u043d\u043e \u043d\u0435\u0434\u043e\u0441\u0442\u0443\u043f\u0435\u043d.]>
2026-10-07T01:21:01.0350304Z       <Coroutine test_ozon_provider_uses_injected_fake_transport_only>
2026-10-07T01:21:01.0350562Z       <Coroutine test_ozon_order_labels_use_dedicated_fake_transport_contract>
2026-10-07T01:21:01.0350792Z       <Coroutine test_ozon_blocked_response_stops_remaining_cycle_calls>
2026-10-07T01:21:01.0350953Z     <Module test_marketplace_scope_guards.py>
2026-10-07T01:21:01.0351114Z       <Function test_wildberries_document_passes>
2026-10-07T01:21:01.0351290Z       <Function test_ozon_document_is_not_wildberries>
2026-10-07T01:21:01.0351471Z       <Function test_missing_document_is_not_wildberries>
2026-10-07T01:21:01.0351691Z       <Function test_message_names_the_marketplace_and_the_operation>
2026-10-07T01:21:01.0352103Z       <Coroutine test_cancel_refuses_an_unknown_marketplace_before_touching_wildberries>
2026-10-07T01:21:01.0352349Z       <Coroutine test_cancel_of_an_ozon_order_never_runs_on_the_local_fake>
2026-10-07T01:21:01.0352594Z       <Function test_ozon_order_shows_its_own_number_not_the_synthetic_hash>
2026-10-07T01:21:01.0352796Z       <Function test_status_labels_name_the_right_marketplace>
2026-10-07T01:21:01.0352974Z     <Module test_marketplace_unload_address_storage.py>
2026-10-07T01:21:01.0353207Z       <Coroutine test_collect_without_location_when_address_storage_off>
2026-10-07T01:21:01.0353439Z       <Coroutine test_collect_requires_location_when_address_storage_on>
2026-10-07T01:21:01.0353638Z     <Module test_marketplace_unload_and_discrepancy_acts.py>
2026-10-07T01:21:01.0353870Z       <Coroutine test_marketplace_unload_and_discrepancy_act_crud_smoke>
2026-10-07T01:21:01.0354060Z       <Coroutine test_marketplace_unload_unknown_warehouse>
2026-10-07T01:21:01.0354223Z       <Coroutine test_discrepancy_act_bad_inbound>
2026-10-07T01:21:01.0354418Z       <Coroutine test_marketplace_unload_add_line_and_detail>
2026-10-07T01:21:01.0354574Z       <Coroutine test_discrepancy_act_add_line>
2026-10-07T01:21:01.0354787Z       <Coroutine test_marketplace_unload_submit_delete_and_blocks>
2026-10-07T01:21:01.0355144Z       <Coroutine test_marketplace_unload_allows_draft_without_wb_warehouse_and_requires_it_on_submit>
2026-10-07T01:21:01.0355361Z       <Coroutine test_discrepancy_act_submit_and_inbound_line_rules>
2026-10-07T01:21:01.0355599Z       <Coroutine test_discrepancy_act_approve_reject_moves_sorting_stock>
2026-10-07T01:21:01.0355968Z       <Coroutine test_marketplace_unload_ship_deducts_stock_by_pick_and_scan>
2026-10-07T01:21:01.0356254Z       <Coroutine test_marketplace_unload_pick_set_allocation_increase_decrease_zero>
2026-10-07T01:21:01.0356501Z       <Coroutine test_marketplace_unload_ship_no_double_inventory_movement>
2026-10-07T01:21:01.0356757Z       <Coroutine test_marketplace_unload_concurrent_collect_same_location>
2026-10-07T01:21:01.0356973Z       <Coroutine test_marketplace_unload_ship_deletes_empty_boxes>
2026-10-07T01:21:01.0357258Z       <Coroutine test_marketplace_unload_ship_blocked_when_distribution_incomplete>
2026-10-07T01:21:01.0357490Z       <Coroutine test_marketplace_unload_packaging_task_only_on_confirm>
2026-10-07T01:21:01.0357714Z       <Coroutine test_marketplace_unload_pick_allocations_admin_only>
2026-10-07T01:21:01.0358101Z       <Coroutine test_marketplace_unload_packaging_one_row_per_product_across_cells>
2026-10-07T01:21:01.0358304Z       <Coroutine test_marketplace_unload_create_boxes_batch>
2026-10-07T01:21:01.0358540Z       <Coroutine test_marketplace_unload_create_boxes_batch_one_by_one>
2026-10-07T01:21:01.0358746Z       <Coroutine test_marketplace_unload_attach_allow_over_plan>
2026-10-07T01:21:01.0358953Z       <Coroutine test_marketplace_unload_box_remove_copy_delete>
2026-10-07T01:21:01.0359214Z       <Coroutine test_marketplace_unload_box_ops_allowed_before_packaging_done>
2026-10-07T01:21:01.0359443Z       <Coroutine test_marketplace_unload_ship_rejects_empty_boxes_only>
2026-10-07T01:21:01.0359744Z       <Coroutine test_marketplace_unload_cancel_partial_distribution_restores_inventory>
2026-10-07T01:21:01.0359922Z     <Module test_marketplace_unload_availability.py>
2026-10-07T01:21:01.0360180Z       <Coroutine test_mp_availability_includes_sorting_reserves_and_isolation>
2026-10-07T01:21:01.0360471Z       <Coroutine test_mp_availability_uses_free_fbo_after_directions_and_active_reserves>
2026-10-07T01:21:01.0360631Z     <Module test_marketplace_unload_box_source.py>
2026-10-07T01:21:01.0360894Z       <Coroutine test_box_scan_keeps_container_and_loose_allocations_separate>
2026-10-07T01:21:01.0361146Z       <Coroutine test_box_scan_places_previously_picked_without_new_inventory>
2026-10-07T01:21:01.0361416Z       <Coroutine test_box_scan_rejects_invalid_or_exhausted_source_without_fallback>
2026-10-07T01:21:01.0361779Z       <Coroutine test_mixed_box_scan_failure_does_not_commit_placement>
2026-10-07T01:21:01.0361941Z     <Module test_marketplace_unload_completion.py>
2026-10-07T01:21:01.0362132Z       <Coroutine test_ship_unload_without_discrepancy_http>
2026-10-07T01:21:01.0362379Z       <Coroutine test_ship_unload_with_discrepancy_rejects_without_ack_http>
2026-10-07T01:21:01.0362618Z       <Coroutine test_ship_unload_with_discrepancy_succeeds_with_ack_http>
2026-10-07T01:21:01.0362807Z       <Coroutine test_complete_unload_without_discrepancy>
2026-10-07T01:21:01.0363053Z       <Coroutine test_ozon_unload_completes_locally_exactly_like_wildberries>
2026-10-07T01:21:01.0363339Z       <Coroutine test_billing_overflow_does_not_block_completed_unload_and_is_visible>
2026-10-07T01:21:01.0363560Z       <Coroutine test_complete_unload_with_discrepancy_requires_ack>
2026-10-07T01:21:01.0363777Z       <Coroutine test_scan_barcode_into_box_service_wrapper_parity>
2026-10-07T01:21:01.0363971Z       <Coroutine test_loose_pick_still_allows_filling_a_box>
2026-10-07T01:21:01.0364169Z     <Module test_marketplace_unload_pick_from_container.py>
2026-10-07T01:21:01.0364378Z       <Coroutine test_pick_set_takes_stock_from_the_named_container>
2026-10-07T01:21:01.0364564Z     <Module test_marketplace_unload_tsd_scan_contract.py>
2026-10-07T01:21:01.0364776Z       <Coroutine test_tsd_box_scan_location_then_product_sequence>
2026-10-07T01:21:01.0365083Z       <Coroutine test_tsd_box_scan_mutation_id_replays_original_result_without_second_debit>
2026-10-07T01:21:01.0365271Z       <Coroutine test_tsd_box_scan_error_codes_contract>
2026-10-07T01:21:01.0365592Z       <Coroutine test_tsd_box_create_allowed_before_packaging_done>
2026-10-07T01:21:01.0365774Z       <Coroutine test_pick_scan_deprecated_still_works>
2026-10-07T01:21:01.0365965Z       <Coroutine test_box_scan_product_after_location_mp018>
2026-10-07T01:21:01.0366162Z       <Coroutine test_box_scan_ready_box_into_open_box_mp018>
2026-10-07T01:21:01.0366327Z     <Module test_marking_catalog_product_print.py>
2026-10-07T01:21:01.0366512Z       <Coroutine test_catalog_print_write_off_personal_pool>
2026-10-07T01:21:01.0366740Z       <Coroutine test_catalog_print_shared_basket_product_b_gets_next>
2026-10-07T01:21:01.0366995Z       <Coroutine test_catalog_print_shortage_without_allow_partial_rolls_back>
2026-10-07T01:21:01.0367177Z       <Coroutine test_catalog_print_records_printed_event>
2026-10-07T01:21:01.0367320Z     <Module test_marking_cis_restore.py>
2026-10-07T01:21:01.0367575Z       <Coroutine test_restore_dry_run_apply_and_repeat_keep_every_other_column>
2026-10-07T01:21:01.0367869Z       <Coroutine test_restore_refuses_unproven_or_used_sources[printed-not_available]>
2026-10-07T01:21:01.0368317Z       <Coroutine test_restore_refuses_unproven_or_used_sources[linked-linked_code]>
2026-10-07T01:21:01.0368639Z       <Coroutine test_restore_refuses_unproven_or_used_sources[binding_value-target_conflict]>
2026-10-07T01:21:01.0368929Z       <Coroutine test_restore_refuses_unproven_or_used_sources[prefix-prefix_mismatch]>
2026-10-07T01:21:01.0369250Z       <Coroutine test_restore_refuses_unproven_or_used_sources[ambiguous-ambiguous_artifact]>
2026-10-07T01:21:01.0369540Z       <Coroutine test_restore_refuses_unproven_or_used_sources[conflict-target_conflict]>
2026-10-07T01:21:01.0369834Z       <Coroutine test_restore_refuses_unproven_or_used_sources[product-product_mismatch]>
2026-10-07T01:21:01.0370116Z       <Coroutine test_restore_refuses_unproven_or_used_sources[owner-owner_mismatch]>
2026-10-07T01:21:01.0370377Z       <Coroutine test_restore_refuses_unproven_or_used_sources[same-unchanged]>
2026-10-07T01:21:01.0370673Z       <Coroutine test_restore_refuses_unproven_or_used_sources[no_pdf-missing_artifact]>
2026-10-07T01:21:01.0371024Z       <Coroutine test_decode_does_not_hold_lock_and_apply_rereads_source[status-printed-not_available]>
2026-10-07T01:21:01.0371522Z       <Coroutine test_decode_does_not_hold_lock_and_apply_rereads_source[cis_code-010460000000000121SYNTHETIC0961CHANGED-source_changed]>
2026-10-07T01:21:01.0371804Z     <Module test_marking_code_batch_counts.py>
2026-10-07T01:21:01.0372030Z       <Coroutine test_large_catalog_uses_bounded_postgres_parameters>
2026-10-07T01:21:01.0372286Z       <Coroutine test_batched_counts_keep_pool_direct_seller_and_tenant_rules>
2026-10-07T01:21:01.0372429Z     <Module test_marking_code_events.py>
2026-10-07T01:21:01.0372602Z       <Coroutine test_import_records_imported_events>
2026-10-07T01:21:01.0372849Z       <Coroutine test_wb_orphaned_event_is_recorded_without_releasing_code>
2026-10-07T01:21:01.0373093Z       <Coroutine test_print_records_printed_and_reprint_records_reprinted>
2026-10-07T01:21:01.0373233Z     <Module test_marking_codes.py>
2026-10-07T01:21:01.0373418Z       <Coroutine test_marking_import_and_packaging_print>
2026-10-07T01:21:01.0373571Z       <Coroutine test_marking_insufficient_codes>
2026-10-07T01:21:01.0373769Z       <Coroutine test_marking_pdf_import_links_by_gtin_ean13>
2026-10-07T01:21:01.0373969Z       <Coroutine test_marking_import_with_pool_product_link>
2026-10-07T01:21:01.0374150Z       <Coroutine test_marking_import_requires_pools_json>
2026-10-07T01:21:01.0374304Z     <Module test_marking_credentials_api.py>
2026-10-07T01:21:01.0374487Z       <Coroutine test_marking_credentials_get_requires_auth>
2026-10-07T01:21:01.0374708Z       <Coroutine test_marking_credentials_forbidden_for_ff_on_self>
2026-10-07T01:21:01.0375009Z       <Coroutine test_marking_credentials_patch_get_roundtrip_and_no_secrets_in_response>
2026-10-07T01:21:01.0375222Z       <Coroutine test_marking_credentials_patch_validation>
2026-10-07T01:21:01.0375388Z     <Module test_marking_deprecated_openapi.py>
2026-10-07T01:21:01.0375700Z       <Function test_deprecated_marking_endpoints_in_openapi>
2026-10-07T01:21:01.0375847Z     <Module test_marking_forecast.py>
2026-10-07T01:21:01.0376006Z       <Coroutine test_compute_forecast_days_unit>
2026-10-07T01:21:01.0376204Z       <Coroutine test_pool_list_includes_forecast_from_events>
2026-10-07T01:21:01.0376358Z       <Coroutine test_set_pool_threshold_api>
2026-10-07T01:21:01.0376517Z       <Coroutine test_low_stock_job_notifies_seller>
2026-10-07T01:21:01.0376672Z     <Module test_marking_import_datamatrix.py>
2026-10-07T01:21:01.0376922Z       <Function test_decoder_keeps_pixel_buffer_alive_during_native_read[1]>
2026-10-07T01:21:01.0377167Z       <Function test_decoder_keeps_pixel_buffer_alive_during_native_read[3]>
2026-10-07T01:21:01.0377426Z       <Coroutine test_pdf_preview_import_and_artifact_keep_decoded_bytes[True]>
2026-10-07T01:21:01.0377680Z       <Coroutine test_pdf_preview_import_and_artifact_keep_decoded_bytes[False]>
2026-10-07T01:21:01.0378146Z       <Function test_pdf_caption_without_datamatrix_cannot_create_a_code>
2026-10-07T01:21:01.0378647Z       <Function test_text_import_keeps_gs_inside_each_record[010460000000000121SYNTHETIC0831\x1d91ABCD\x1d92SYNTHETIC+/=CRYPTO083]>
2026-10-07T01:21:01.0379314Z       <Function test_text_import_keeps_gs_inside_each_record[010460000000000121SYNTHETIC0831\x1d91ABCD\x1d92SYNTHETIC+/=CRYPTO083\r\n010460000000000121SECOND083\x1d93OTHER+/=TAIL]>
2026-10-07T01:21:01.0379795Z       <Function test_text_import_keeps_gs_inside_each_record[cis\n010460000000000121SYNTHETIC0831\x1d91ABCD\x1d92SYNTHETIC+/=CRYPTO083]>
2026-10-07T01:21:01.0380043Z       <Function test_grid_import_artifacts_each_retain_one_whole_datamatrix>
2026-10-07T01:21:01.0380184Z     <Module test_marking_import_pools.py>
2026-10-07T01:21:01.0380455Z       <Coroutine test_import_rejects_all_empty_product_assignments_before_writes>
2026-10-07T01:21:01.0380735Z       <Coroutine test_import_rejects_mixed_covered_and_uncovered_gtins_before_writes>
2026-10-07T01:21:01.0381060Z       <Coroutine test_import_rejects_explicit_empty_mixed_spec_without_changing_existing_data>
2026-10-07T01:21:01.0381334Z       <Coroutine test_existing_cis_lookup_chunks_above_postgresql_parameter_limit>
2026-10-07T01:21:01.0381565Z       <Coroutine test_import_single_gtin_creates_pool_and_links_products>
2026-10-07T01:21:01.0381879Z       <Coroutine test_import_two_gtins_creates_two_pools>
2026-10-07T01:21:01.0382050Z       <Coroutine test_import_duplicates_and_invalid>
2026-10-07T01:21:01.0382248Z       <Coroutine test_import_assigns_document_number_on_batch>
2026-10-07T01:21:01.0382412Z       <Coroutine test_import_preview_groups_by_gtin>
2026-10-07T01:21:01.0382699Z       <Coroutine test_import_preview_ignores_existing_same_gtin_pools_without_mutation>
2026-10-07T01:21:01.0382971Z       <Coroutine test_import_creates_fresh_pool_and_leaves_same_gtin_pools_untouched>
2026-10-07T01:21:01.0383203Z       <Coroutine test_fresh_import_pool_is_isolated_by_tenant_and_seller>
2026-10-07T01:21:01.0383384Z       <Coroutine test_import_same_cis_twice_idempotent>
2026-10-07T01:21:01.0383529Z     <Module test_marking_inventory_api.py>
2026-10-07T01:21:01.0383728Z       <Coroutine test_inventory_api_personal_and_shared_shape>
2026-10-07T01:21:01.0383907Z       <Coroutine test_marking_overview_personal_and_shared>
2026-10-07T01:21:01.0384103Z       <Coroutine test_marking_overview_tenant_isolation_404>
2026-10-07T01:21:01.0384282Z       <Coroutine test_marking_overview_seller_scope_403>
2026-10-07T01:21:01.0384441Z     <Module test_marking_inventory_cz_filter.py>
2026-10-07T01:21:01.0384677Z       <Coroutine test_inventory_excludes_regular_product_without_pools>
2026-10-07T01:21:01.0384900Z       <Coroutine test_inventory_includes_product_with_honest_sign_flag>
2026-10-07T01:21:01.0385142Z       <Coroutine test_inventory_includes_product_with_linked_pool_no_flag>
2026-10-07T01:21:01.0385367Z       <Coroutine test_inventory_tenant_isolation_same_sku_pool_title>
2026-10-07T01:21:01.0385711Z       <Coroutine test_inventory_seller_isolation_same_sku_pool_title>
2026-10-07T01:21:01.0385941Z     <Module test_marking_inventory_personal_shared.py>
2026-10-07T01:21:01.0386160Z       <Coroutine test_inventory_personal_and_shared_no_double_count>
2026-10-07T01:21:01.0386320Z       <Coroutine test_inventory_only_shared_pool>
2026-10-07T01:21:01.0386503Z       <Coroutine test_inventory_two_personal_pools_sum>
2026-10-07T01:21:01.0386737Z       <Coroutine test_inventory_counts_available_codes_in_unlinked_pool>
2026-10-07T01:21:01.0386887Z       <Coroutine test_inventory_empty_seller>
2026-10-07T01:21:01.0387030Z     <Module test_marking_ledger_external.py>
2026-10-07T01:21:01.0387344Z       <Coroutine test_ledger_and_export_include_external_events_with_existing_scope_filters>
2026-10-07T01:21:01.0387515Z     <Module test_marking_ledger_import_aggregate.py>
2026-10-07T01:21:01.0387731Z       <Coroutine test_ledger_collapses_import_batch_to_single_row>
2026-10-07T01:21:01.0388038Z       <Coroutine test_ledger_printed_events_stay_separate>
2026-10-07T01:21:01.0388230Z       <Coroutine test_ledger_pagination_on_collapsed_rows>
2026-10-07T01:21:01.0388462Z       <Coroutine test_ledger_honest_total_and_pagination_under_raw_cap>
2026-10-07T01:21:01.0388732Z       <Coroutine test_ledger_rejects_raw_events_beyond_cap_instead_of_wrong_total>
2026-10-07T01:21:01.0388896Z     <Module test_marking_pdf_label_artifact.py>
2026-10-07T01:21:01.0389103Z       <Coroutine test_pdf_import_stores_label_artifact_per_cis>
2026-10-07T01:21:01.0389323Z       <Coroutine test_pdf_import_succeeds_when_source_storage_disabled>
2026-10-07T01:21:01.0389512Z       <Coroutine test_csv_import_does_not_store_source_pdf>
2026-10-07T01:21:01.0389809Z       <Coroutine test_pdf_import_stores_artifact_when_page_has_product_text_plus_one_cis>
2026-10-07T01:21:01.0390074Z       <Coroutine test_pdf_import_parses_cis_wrapped_in_parens_across_two_lines>
2026-10-07T01:21:01.0390326Z       <Coroutine test_pdf_import_does_not_reuse_multi_label_page_as_artifact>
2026-10-07T01:21:01.0390506Z       <Coroutine test_csv_import_has_no_label_artifact>
2026-10-07T01:21:01.0390701Z       <Function test_pdf_bytes_to_png_trims_whitespace_margins>
2026-10-07T01:21:01.0390900Z       <Coroutine test_label_artifact_tape_merges_pdfs_in_order>
2026-10-07T01:21:01.0391152Z       <Coroutine test_label_artifact_tape_merges_outside_event_loop_thread>
2026-10-07T01:21:01.0391469Z       <Function test_merge_label_artifact_pdfs_empty_raises>
2026-10-07T01:21:01.0391703Z       <Function test_fit_label_artifact_pdf_to_page_sets_tall_page_size>
2026-10-07T01:21:01.0392033Z       <Function test_native_artifact_print_repairs_anisotropic_modules_and_preserves_cis[short]>
2026-10-07T01:21:01.0392406Z       <Function test_native_artifact_print_repairs_anisotropic_modules_and_preserves_cis[long-with-gs]>
2026-10-07T01:21:01.0392708Z       <Coroutine test_png_artifact_retrieval_repairs_distortion_without_mutating_storage>
2026-10-07T01:21:01.0392956Z       <Function test_png_artifact_retrieval_keeps_healthy_render_byte_exact>
2026-10-07T01:21:01.0393185Z       <Function test_native_artifact_tape_repairs_each_page_in_order>
2026-10-07T01:21:01.0393445Z       <Function test_native_artifact_keeps_valid_rectangular_datamatrix_modules>
2026-10-07T01:21:01.0393719Z       <Function test_native_artifact_repair_preserves_supported_page_sizes[58-40]>
2026-10-07T01:21:01.0393996Z       <Function test_native_artifact_repair_preserves_supported_page_sizes[60-40]>
2026-10-07T01:21:01.0394261Z       <Function test_native_artifact_repair_preserves_supported_page_sizes[60-80]>
2026-10-07T01:21:01.0394534Z       <Function test_native_artifact_repair_preserves_supported_page_sizes[70-120]>
2026-10-07T01:21:01.0394749Z       <Function test_fit_label_artifact_pdf_all_label_sizes[58-40]>
2026-10-07T01:21:01.0394951Z       <Function test_fit_label_artifact_pdf_all_label_sizes[60-40]>
2026-10-07T01:21:01.0395159Z       <Function test_fit_label_artifact_pdf_all_label_sizes[60-80]>
2026-10-07T01:21:01.0395524Z       <Function test_fit_label_artifact_pdf_all_label_sizes[70-120]>
2026-10-07T01:21:01.0395735Z       <Function test_fit_label_artifact_pdf_all_label_sizes[80-60]>
2026-10-07T01:21:01.0395940Z       <Function test_fit_label_artifact_pdf_all_label_sizes[40-58]>
2026-10-07T01:21:01.0396075Z     <Module test_marking_pending.py>
2026-10-07T01:21:01.0396272Z       <Coroutine test_pending_marking_lists_unprinted_lines>
2026-10-07T01:21:01.0396477Z       <Coroutine test_pending_marking_pagination_and_available>
2026-10-07T01:21:01.0396643Z     <Module test_marking_pool_linked_products.py>
2026-10-07T01:21:01.0396882Z       <Coroutine test_pool_list_and_detail_linked_products_flags[0-False]>
2026-10-07T01:21:01.0397112Z       <Coroutine test_pool_list_and_detail_linked_products_flags[1-False]>
2026-10-07T01:21:01.0397346Z       <Coroutine test_pool_list_and_detail_linked_products_flags[2-True]>
2026-10-07T01:21:01.0397545Z       <Coroutine test_api_pool_list_personal_and_shared_flags>
2026-10-07T01:21:01.0397748Z       <Coroutine test_api_pool_detail_shared_with_composition>
2026-10-07T01:21:01.0398005Z     <Module test_marking_pool_products.py>
2026-10-07T01:21:01.0398179Z       <Coroutine test_set_pool_products_replaces_list>
2026-10-07T01:21:01.0398415Z       <Coroutine test_set_pool_products_foreign_seller_product_rejected>
2026-10-07T01:21:01.0398578Z       <Coroutine test_add_and_remove_pool_products>
2026-10-07T01:21:01.0398714Z     <Module test_marking_pools.py>
2026-10-07T01:21:01.0398893Z       <Coroutine test_create_pool_link_product_and_code>
2026-10-07T01:21:01.0399116Z       <Coroutine test_migration_backfill_creates_pool_for_legacy_code>
2026-10-07T01:21:01.0399326Z       <Coroutine test_list_inventory_does_not_auto_link_by_gtin>
2026-10-07T01:21:01.0399463Z     <Module test_marking_pools_read.py>
2026-10-07T01:21:01.0399626Z       <Coroutine test_list_pools_status_aggregates>
2026-10-07T01:21:01.0399771Z       <Coroutine test_pool_detail_and_codes>
2026-10-07T01:21:01.0399946Z       <Coroutine test_pool_codes_foreign_pool_returns_404>
2026-10-07T01:21:01.0400085Z       <Coroutine test_ledger_filters>
2026-10-07T01:21:01.0400299Z       <Coroutine test_ledger_includes_external_fbs_registry_events>
2026-10-07T01:21:01.0400452Z       <Coroutine test_ledger_date_range_filter>
2026-10-07T01:21:01.0400597Z       <Coroutine test_ledger_cis_mask_filter>
2026-10-07T01:21:01.0400858Z       <Coroutine test_ledger_export_csv>
2026-10-07T01:21:01.0401005Z       <Coroutine test_code_history_timeline>
2026-10-07T01:21:01.0401143Z     <Module test_marking_print_all.py>
2026-10-07T01:21:01.0401289Z       <Coroutine test_print_all_returns_410>
2026-10-07T01:21:01.0401421Z     <Module test_marking_print_pool.py>
2026-10-07T01:21:01.0401590Z       <Coroutine test_print_from_pool_full_quantity>
2026-10-07T01:21:01.0401780Z       <Coroutine test_sequential_print_does_not_reuse_codes>
2026-10-07T01:21:01.0401993Z       <Coroutine test_concurrent_print_from_pool_no_double_issue>
2026-10-07T01:21:01.0402325Z       <Coroutine test_postgres_same_line_print_waits_and_refreshes_remaining_need[None]>
2026-10-07T01:21:01.0402609Z       <Coroutine test_postgres_same_line_print_waits_and_refreshes_remaining_need[1]>
2026-10-07T01:21:01.0402751Z     <Module test_marking_product_binding.py>
2026-10-07T01:21:01.0403025Z       <Coroutine test_print_does_not_reassign_code_bound_to_other_product[catalog]>
2026-10-07T01:21:01.0403307Z       <Coroutine test_print_does_not_reassign_code_bound_to_other_product[packaging]>
2026-10-07T01:21:01.0403548Z       <Coroutine test_replacement_does_not_reassign_other_product_code>
2026-10-07T01:21:01.0403759Z       <Coroutine test_ledger_and_csv_are_not_available_to_seller>
2026-10-07T01:21:01.0404093Z       <Coroutine test_ledger_keeps_print_context_without_attributing_mixed_import_to_one_product>
2026-10-07T01:21:01.0404274Z     <Module test_marking_product_codes_pool_filter.py>
2026-10-07T01:21:01.0404542Z       <Coroutine test_list_product_codes_includes_pool_import_without_product_id>
2026-10-07T01:21:01.0404918Z       <Coroutine test_list_product_codes_excludes_external_fbs_registry_code>
2026-10-07T01:21:01.0405158Z       <Coroutine test_list_product_codes_tenant_isolation_same_sku_pool>
2026-10-07T01:21:01.0405389Z       <Coroutine test_list_product_codes_seller_isolation_same_sku_pool>
2026-10-07T01:21:01.0405539Z     <Module test_marking_reprint_defect.py>
2026-10-07T01:21:01.0405767Z       <Coroutine test_defect_creates_pending_reprint_request[False]>
2026-10-07T01:21:01.0405984Z       <Coroutine test_defect_creates_pending_reprint_request[True]>
2026-10-07T01:21:01.0406160Z       <Coroutine test_defect_requires_packaging_access>
2026-10-07T01:21:01.0406372Z       <Coroutine test_replace_reprint_request_clears_queue[False]>
2026-10-07T01:21:01.0465247Z       <Coroutine test_replace_reprint_request_clears_queue[True]>
2026-10-07T01:21:01.0465684Z       <Coroutine test_approve_reprint_rejects_non_printed_code>
2026-10-07T01:21:01.0466063Z       <Coroutine test_defect_does_not_include_unprinted_external_code>
2026-10-07T01:21:01.0466307Z     <Module test_marking_scan_print.py>
2026-10-07T01:21:01.0466572Z       <Coroutine test_scan_print_one_unit_per_scan>
2026-10-07T01:21:01.0467001Z       <Coroutine test_completed_task_reprints_without_allocating_new_code>
2026-10-07T01:21:01.0467168Z     <Module test_marking_state_value_tail.py>
2026-10-07T01:21:01.0467364Z       <Function test_value_tail_survives_serialization>
2026-10-07T01:21:01.0467562Z       <Function test_state_without_code_keeps_empty_tail>
2026-10-07T01:21:01.0467706Z     <Module test_marking_verify_pair.py>
2026-10-07T01:21:01.0467874Z       <Coroutine test_verify_pair_match_applies_code>
2026-10-07T01:21:01.0468332Z       <Coroutine test_verify_pair_mismatch_does_not_apply>
2026-10-07T01:21:01.0468563Z       <Coroutine test_verify_pair_second_apply_is_idempotent_no_event>
2026-10-07T01:21:01.0468728Z     <Module test_marking_write_off_invariants.py>
2026-10-07T01:21:01.0468931Z       <Coroutine test_packaging_line_print_write_off_invariant>
2026-10-07T01:21:01.0469137Z       <Coroutine test_catalog_product_print_write_off_invariant>
2026-10-07T01:21:01.0469346Z       <Coroutine test_reprint_does_not_change_available_count>
2026-10-07T01:21:01.0469494Z     <Module test_notification_triggers.py>
2026-10-07T01:21:01.0469649Z       <Coroutine test_inbound_create_notifies_ff>
2026-10-07T01:21:01.0469839Z       <Coroutine test_marketplace_unload_create_notifies_ff>
2026-10-07T01:21:01.0470189Z     <Module test_notifications.py>
2026-10-07T01:21:01.0470382Z       <Coroutine test_notifications_user_scope_isolated>
2026-10-07T01:21:01.0470565Z       <Coroutine test_notifications_seller_scope_isolated>
2026-10-07T01:21:01.0470808Z       <Coroutine test_notifications_ff_portal_visible_to_admin_not_seller>
2026-10-07T01:21:01.0470992Z       <Coroutine test_notifications_mark_read_and_read_all>
2026-10-07T01:21:01.0471198Z       <Coroutine test_notifications_mark_read_foreign_returns_404>
2026-10-07T01:21:01.0471350Z     <Module test_operation_fact_recovery.py>
2026-10-07T01:21:01.0471605Z       <Coroutine test_recovery_preflight_counts_only_requested_tenant_facts>
2026-10-07T01:21:01.0471849Z       <Coroutine test_retry_key_cannot_be_reused_for_another_source_tuple>
2026-10-07T01:21:01.0472102Z       <Coroutine test_wb_fbs_pick_undo_and_redo_write_three_real_source_facts>
2026-10-07T01:21:01.0472422Z       <Coroutine test_recovery_scopes_durable_unload_and_system_cancel_to_period_and_sources>
2026-10-07T01:21:01.0472560Z     <Module test_operation_facts.py>
2026-10-07T01:21:01.0472780Z       <Coroutine test_writer_creates_immutable_fact_with_item_lines>
2026-10-07T01:21:01.0473033Z       <Coroutine test_writer_returns_existing_source_tuple_without_duplicate>
2026-10-07T01:21:01.0473312Z       <Coroutine test_writer_rejects_user_source_without_actor_and_mismatched_lines>
2026-10-07T01:21:01.0473612Z       <Coroutine test_marketplace_cancel_retry_returns_same_reversal_and_preserves_actor>
2026-10-07T01:21:01.0473858Z       <Coroutine test_packaging_event_source_tuple_does_not_create_duplicate>
2026-10-07T01:21:01.0474256Z       <Function test_correction_schema_exposes_tenant_lines_and_durable_unload_markers>
2026-10-07T01:21:01.0474573Z       <Coroutine test_writer_rejects_foreign_relations_and_keeps_actor_snapshot_after_rename>
2026-10-07T01:21:01.0474717Z     <Module test_outbound_delete_line.py>
2026-10-07T01:21:01.0474919Z       <Coroutine test_delete_draft_line_releases_reservation>
2026-10-07T01:21:01.0475092Z       <Coroutine test_delete_line_not_draft_returns_409>
2026-10-07T01:21:01.0475230Z     <Module test_outbound_shipment.py>
2026-10-07T01:21:01.0475418Z       <Coroutine test_outbound_shipment_decrements_stock>
2026-10-07T01:21:01.0475604Z       <Coroutine test_outbound_partial_ship_then_post_rest>
2026-10-07T01:21:01.0475860Z       <Coroutine test_outbound_post_duplicate_after_fully_shipped_returns_409>
2026-10-07T01:21:01.0476093Z       <Coroutine test_outbound_shipment_summary_has_no_marketplace_label>
2026-10-07T01:21:01.0476240Z     <Module test_outbound_submit_storage.py>
2026-10-07T01:21:01.0476467Z       <Coroutine test_outbound_submit_warehouse_reserve_without_cell>
2026-10-07T01:21:01.0476630Z     <Module test_ownership_transfer_service.py>
2026-10-07T01:21:01.0476921Z       <Coroutine test_transfer_is_atomic_keeps_cell_receives_shortage_and_is_idempotent>
2026-10-07T01:21:01.0477129Z       <Coroutine test_stale_dry_run_token_does_not_write_anything>
2026-10-07T01:21:01.0477336Z       <Coroutine test_missing_target_product_blocks_whole_plan>
2026-10-07T01:21:01.0477576Z       <Function test_workbook_parser_excludes_all_j308_and_corrects_row_69>
2026-10-07T01:21:01.0477711Z     <Module test_ozon_box_assembly.py>
2026-10-07T01:21:01.0478141Z       <Coroutine test_qr_sends_every_box_and_repeat_never_ships_again>
2026-10-07T01:21:01.0478399Z       <Coroutine test_partial_assignment_fails_before_any_external_request>
2026-10-07T01:21:01.0478609Z       <Coroutine test_timeout_retries_readback_without_resending>
2026-10-07T01:21:01.0478826Z       <Coroutine test_packages_take_live_quantity_only_from_position>
2026-10-07T01:21:01.0479024Z       <Function test_pdf_contains_every_result_posting_label>
2026-10-07T01:21:01.0479269Z       <Function test_one_missing_split_label_never_yields_partial_ready_pdf>
2026-10-07T01:21:01.0479464Z       <Coroutine test_partial_ship_result_cannot_be_handed_off>
2026-10-07T01:21:01.0479811Z       <Coroutine test_handoff_revalidates_the_complete_position_set>
2026-10-07T01:21:01.0480081Z       <Coroutine test_confirmed_ship_failure_unfreezes_contents_and_allows_retry>
2026-10-07T01:21:01.0480322Z       <Coroutine test_retry_qr_surfaces_ozon_label_error_and_keeps_assembly>
2026-10-07T01:21:01.0480624Z       <Coroutine test_label_error_persists_on_every_box_of_the_order_until_a_label_succeeds>
2026-10-07T01:21:01.0480927Z       <Coroutine test_assembly_failure_with_a_real_session_user_returns_the_original_error>
2026-10-07T01:21:01.0481131Z       <Coroutine test_wb_box_rows_never_carry_an_ozon_label_error>
2026-10-07T01:21:01.0481343Z       <Coroutine test_ready_label_hides_a_stale_remembered_error>
2026-10-07T01:21:01.0481643Z       <Coroutine test_label_error_write_never_clobbers_a_concurrently_saved_assembly_marker>
2026-10-07T01:21:01.0481874Z       <Coroutine test_error_is_never_saved_to_a_different_supplys_order>
2026-10-07T01:21:01.0482156Z       <Coroutine test_error_follows_the_order_actually_locked_after_box_contents_change>
2026-10-07T01:21:01.0482436Z       <Coroutine test_error_on_a_box_assigned_after_being_empty_follows_the_new_order>
2026-10-07T01:21:01.0482574Z     <Module test_ozon_box_positions.py>
2026-10-07T01:21:01.0482926Z       <Coroutine test_whole_positions_distribute_independently_and_readiness_requires_every_position>
2026-10-07T01:21:01.0483201Z       <Coroutine test_ozon_box_rejects_other_orders_and_positions_outside_its_supply>
2026-10-07T01:21:01.0483425Z       <Coroutine test_assembled_ozon_order_freezes_all_box_membership>
2026-10-07T01:21:01.0483676Z       <Coroutine test_database_prevents_duplicate_whole_position_assignments>
2026-10-07T01:21:01.0484082Z       <Function test_migration_preserves_wb_uniqueness_and_allows_distinct_ozon_positions>
2026-10-07T01:21:01.0484227Z     <Module test_ozon_cancel_posting.py>
2026-10-07T01:21:01.0484497Z       <Coroutine test_cancel_asks_for_reasons_then_cancels_with_the_out_of_stock_one>
2026-10-07T01:21:01.0484760Z       <Coroutine test_a_buyer_reason_is_not_a_permission_for_the_seller_to_cancel>
2026-10-07T01:21:01.0485022Z       <Coroutine test_a_reason_ozon_does_not_offer_is_refused_before_the_mutation>
2026-10-07T01:21:01.0485269Z       <Coroutine test_reason_other_without_a_message_never_leaves_the_process>
2026-10-07T01:21:01.0485494Z       <Coroutine test_reason_other_with_a_message_carries_it_to_ozon>
2026-10-07T01:21:01.0485731Z       <Coroutine test_an_answer_without_result_true_is_not_a_cancellation>
2026-10-07T01:21:01.0485935Z       <Coroutine test_an_empty_posting_number_never_reaches_ozon>
2026-10-07T01:21:01.0486194Z       <Coroutine test_a_blocked_cabinet_surfaces_as_itself_and_stops_the_mutation>
2026-10-07T01:21:01.0486363Z     <Module test_ozon_delivery_confirmation.py>
2026-10-07T01:21:01.0486727Z       <Coroutine test_ozon_known_shortage_requires_confirmation_and_uses_staged_or_sorting_source[False]>
2026-10-07T01:21:01.0487098Z       <Coroutine test_ozon_known_shortage_requires_confirmation_and_uses_staged_or_sorting_source[True]>
2026-10-07T01:21:01.0487397Z       <Coroutine test_ozon_shortage_appearing_after_preflight_requires_new_confirmation>
2026-10-07T01:21:01.0487601Z       <Coroutine test_ozon_stock_polling_is_not_another_delivery>
2026-10-07T01:21:01.0488163Z       <Coroutine test_ozon_known_external_handoff_recovers_without_a_new_minus_confirmation>
2026-10-07T01:21:01.0488328Z     <Module test_ozon_fbs_openapi_models.py>
2026-10-07T01:21:01.0488570Z       <Function test_generated_module_is_current_with_checked_in_openapi>
2026-10-07T01:21:01.0488848Z       <Function test_all_openapi_components_have_exact_model_fields_and_requiredness>
2026-10-07T01:21:01.0489083Z       <Function test_requirement_sku_lists_accept_numbers_from_live_ozon>
2026-10-07T01:21:01.0489234Z     <Module test_ozon_fbs_process_contract.py>
2026-10-07T01:21:01.0489514Z       <Coroutine test_exemplar_set_carries_every_code_of_the_posting_not_only_the_last>
2026-10-07T01:21:01.0489739Z       <Coroutine test_rejected_codes_are_not_resent_with_the_full_set>
2026-10-07T01:21:01.0490103Z       <Coroutine test_empty_exemplar_answer_is_a_typed_error_not_a_crash>
2026-10-07T01:21:01.0490378Z       <Function test_restrictions_of_a_real_drop_off_point_are_limits_not_violations>
2026-10-07T01:21:01.0490642Z       <Function test_restrictions_still_stop_a_posting_that_really_exceeds_them>
2026-10-07T01:21:01.0490839Z       <Coroutine test_posting_weight_is_summed_over_positions>
2026-10-07T01:21:01.0491053Z       <Function test_shipping_list_uses_the_method_ozon_still_serves>
2026-10-07T01:21:01.0491290Z       <Coroutine test_handoff_asks_for_the_shipping_list_by_the_live_path>
2026-10-07T01:21:01.0491432Z     <Module test_ozon_integration_api.py>
2026-10-07T01:21:01.0491782Z       <Coroutine test_wms506_save_and_recheck_use_roles_without_additional_permission_gate[roles_body0]>
2026-10-07T01:21:01.0492125Z       <Coroutine test_wms506_save_and_recheck_use_roles_without_additional_permission_gate[roles_body1]>
2026-10-07T01:21:01.0492462Z       <Coroutine test_wms506_save_and_recheck_use_roles_without_additional_permission_gate[roles_body2]>
2026-10-07T01:21:01.0492724Z       <Coroutine test_wms615_catalog_job_reports_failure_and_retry_clears_error>
2026-10-07T01:21:01.0493238Z       <Coroutine test_wms506_roles_failure_preserves_credentials_and_allows_retry[401-None-422-ozon_credentials_invalid-credentials_invalid]>
2026-10-07T01:21:01.0493737Z       <Coroutine test_wms506_roles_failure_preserves_credentials_and_allows_retry[403-None-422-ozon_credentials_invalid-credentials_invalid]>
2026-10-07T01:21:01.0494329Z       <Coroutine test_wms506_roles_failure_preserves_credentials_and_allows_retry[429-None-503-ozon_validation_unavailable-rate_limited]>
2026-10-07T01:21:01.0494856Z       <Coroutine test_wms506_roles_failure_preserves_credentials_and_allows_retry[500-None-503-ozon_validation_unavailable-provider_unavailable]>
2026-10-07T01:21:01.0495334Z       <Coroutine test_wms506_roles_failure_preserves_credentials_and_allows_retry[302-None-502-ozon_validation_failed-unexpected_status]>
2026-10-07T01:21:01.0495807Z       <Coroutine test_wms506_roles_failure_preserves_credentials_and_allows_retry[418-None-502-ozon_validation_failed-unexpected_status]>
2026-10-07T01:21:01.0496315Z       <Coroutine test_wms506_roles_failure_preserves_credentials_and_allows_retry[200-error6-503-ozon_validation_unavailable-transport_error]>
2026-10-07T01:21:01.0496820Z       <Coroutine test_wms506_roles_failure_preserves_credentials_and_allows_retry[200-error7-503-ozon_validation_unavailable-transport_error]>
2026-10-07T01:21:01.0497024Z       <Coroutine test_tc_s32_ozon_006_self_account_requires_auth>
2026-10-07T01:21:01.0497389Z       <Coroutine test_tc_s32_ozon_002_invalid_payload_never_reaches_provider[payload0-client_id_required]>
2026-10-07T01:21:01.0497743Z       <Coroutine test_tc_s32_ozon_002_invalid_payload_never_reaches_provider[payload1-client_id_required]>
2026-10-07T01:21:01.0498360Z       <Coroutine test_tc_s32_ozon_002_invalid_payload_never_reaches_provider[payload2-client_id_required]>
2026-10-07T01:21:01.0498720Z       <Coroutine test_tc_s32_ozon_002_invalid_payload_never_reaches_provider[payload3-api_key_required]>
2026-10-07T01:21:01.0499058Z       <Coroutine test_tc_s32_ozon_002_invalid_payload_never_reaches_provider[payload4-api_key_required]>
2026-10-07T01:21:01.0499396Z       <Coroutine test_tc_s32_ozon_002_invalid_payload_never_reaches_provider[payload5-api_key_required]>
2026-10-07T01:21:01.0499700Z       <Coroutine test_tc_s32_ozon_002_invalid_payload_never_reaches_provider[payload6-None]>
2026-10-07T01:21:01.0499996Z       <Coroutine test_tc_s32_ozon_002_invalid_payload_never_reaches_provider[payload7-None]>
2026-10-07T01:21:01.0500284Z       <Coroutine test_tc_s32_ozon_002_invalid_payload_never_reaches_provider[payload8-None]>
2026-10-07T01:21:01.0500544Z       <Coroutine test_tc_s32_ozon_002_put_request_schema_is_strict_and_documented>
2026-10-07T01:21:01.0500796Z       <Coroutine test_tc_s32_ozon_009_ordinary_validator_path_uses_the_adapter>
2026-10-07T01:21:01.0501206Z       <Coroutine test_tc_s32_ozon_003_004_provider_failure_contract[result0-200-None]>
2026-10-07T01:21:01.0501563Z       <Coroutine test_tc_s32_ozon_003_004_provider_failure_contract[result1-422-ozon_credentials_invalid]>
2026-10-07T01:21:01.0501910Z       <Coroutine test_tc_s32_ozon_003_004_provider_failure_contract[result2-422-ozon_credentials_invalid]>
2026-10-07T01:21:01.0502308Z       <Coroutine test_tc_s32_ozon_003_004_provider_failure_contract[result3-503-ozon_validation_unavailable]>
2026-10-07T01:21:01.0502666Z       <Coroutine test_tc_s32_ozon_003_004_provider_failure_contract[result4-503-ozon_validation_unavailable]>
2026-10-07T01:21:01.0503024Z       <Coroutine test_tc_s32_ozon_003_004_provider_failure_contract[result5-503-ozon_validation_unavailable]>
2026-10-07T01:21:01.0503362Z       <Coroutine test_tc_s32_ozon_003_004_provider_failure_contract[result6-502-ozon_validation_failed]>
2026-10-07T01:21:01.0503622Z       <Coroutine test_tc_s32_ozon_003_invalid_candidate_keeps_disconnected_status>
2026-10-07T01:21:01.0503918Z       <Coroutine test_tc_s32_ozon_003_invalid_replacement_preserves_working_public_status>
2026-10-07T01:21:01.0504237Z       <Coroutine test_tc_s32_ozon_005_parallel_equal_puts_are_both_successful_and_leave_one_status>
2026-10-07T01:21:01.0504468Z       <Coroutine test_tc_s32_ozon_010_manual_check_uses_safe_status_only>
2026-10-07T01:21:01.0504698Z       <Coroutine test_tc_s32_ozon_009_no_body_is_allowed_for_manual_check>
2026-10-07T01:21:01.0504991Z       <Coroutine test_tc_s32_ozon_014_public_schema_hides_account_identity_and_future_facts>
2026-10-07T01:21:01.0505234Z       <Coroutine test_public_status_reports_actual_exchange_setting[False]>
2026-10-07T01:21:01.0505577Z       <Coroutine test_public_status_reports_actual_exchange_setting[True]>
2026-10-07T01:21:01.0505723Z     <Module test_ozon_live_contract.py>
2026-10-07T01:21:01.0505947Z       <Function test_new_orders_request_can_be_built_with_a_real_date>
2026-10-07T01:21:01.0506175Z       <Function test_posting_list_request_can_be_built_with_a_real_date>
2026-10-07T01:21:01.0506397Z       <Function test_posting_with_scheduled_tariff_change_is_parsed>
2026-10-07T01:21:01.0506558Z     <Module test_ozon_marketplace_transport.py>
2026-10-07T01:21:01.0506791Z       <Coroutine test_json_call_sends_credentials_and_returns_parsed_body>
2026-10-07T01:21:01.0507009Z       <Coroutine test_obsolete_method_becomes_a_typed_provider_error>
2026-10-07T01:21:01.0507284Z       <Coroutine test_account_blocked_stays_recognisable_through_the_live_transport>
2026-10-07T01:21:01.0507528Z       <Coroutine test_rate_limit_carries_retry_after_for_the_shared_backoff>
2026-10-07T01:21:01.0507772Z       <Coroutine test_network_failure_is_the_retryable_transport_error_code>
2026-10-07T01:21:01.0508230Z       <Coroutine test_binary_answer_is_normalised_into_the_same_file_envelope>
2026-10-07T01:21:01.0508547Z       <Coroutine test_warehouses_are_walked_page_by_page_and_carry_entrusted_acceptance>
2026-10-07T01:21:01.0508813Z       <Coroutine test_warehouse_walk_stops_when_ozon_says_there_is_no_next_page>
2026-10-07T01:21:01.0509116Z       <Coroutine test_unfulfilled_orders_are_walked_page_by_page_with_barcodes_asked_for>
2026-10-07T01:21:01.0509393Z       <Coroutine test_statuses_are_read_back_per_posting_and_a_vanished_one_is_skipped>
2026-10-07T01:21:01.0509642Z       <Coroutine test_supply_qr_is_the_carriage_barcode_and_comes_back_as_bytes>
2026-10-07T01:21:01.0509849Z       <Coroutine test_supply_qr_refuses_a_placeholder_supply_id>
2026-10-07T01:21:01.0510129Z       <Coroutine test_stocks_go_out_signed_by_product_id_without_the_removed_quant_size>
2026-10-07T01:21:01.0510415Z       <Coroutine test_stocks_fall_back_to_the_seller_article_when_there_is_no_product_id>
2026-10-07T01:21:01.0510670Z       <Coroutine test_stocks_are_split_into_batches_of_the_hundred_ozon_allows>
2026-10-07T01:21:01.0510935Z       <Coroutine test_a_rejected_stock_row_is_an_error_and_carries_ozons_own_code>
2026-10-07T01:21:01.0511233Z       <Coroutine test_failed_first_stock_batch_does_not_starve_the_remaining_fifty[row-149]>
2026-10-07T01:21:01.0511675Z       <Coroutine test_failed_first_stock_batch_does_not_starve_the_remaining_fifty[empty-50]>
2026-10-07T01:21:01.0511972Z       <Coroutine test_failed_first_stock_batch_does_not_starve_the_remaining_fifty[http-50]>
2026-10-07T01:21:01.0512229Z       <Coroutine test_one_invalid_stock_identity_does_not_prevent_valid_batches>
2026-10-07T01:21:01.0512569Z       <Coroutine test_account_wide_refusal_preserves_earlier_confirmations_and_stops_requests[403]>
2026-10-07T01:21:01.0512901Z       <Coroutine test_account_wide_refusal_preserves_earlier_confirmations_and_stops_requests[429]>
2026-10-07T01:21:01.0513138Z       <Coroutine test_a_silently_skipped_stock_row_is_not_a_confirmation>
2026-10-07T01:21:01.0513395Z       <Coroutine test_a_confirmation_for_another_product_does_not_confirm_ours>
2026-10-07T01:21:01.0513658Z       <Coroutine test_a_confirmation_for_another_warehouse_does_not_confirm_ours>
2026-10-07T01:21:01.0513880Z       <Coroutine test_a_full_confirmation_reports_every_sent_row>
2026-10-07T01:21:01.0514157Z       <Coroutine test_an_answer_without_result_rows_is_not_treated_as_a_confirmation>
2026-10-07T01:21:01.0514439Z       <Coroutine test_a_stock_without_warehouse_or_identifier_never_reaches_the_network>
2026-10-07T01:21:01.0514674Z       <Coroutine test_publishing_an_empty_list_makes_no_request_at_all>
2026-10-07T01:21:01.0514945Z       <Function test_factory_keeps_the_local_fake_until_the_setting_is_switched_on>
2026-10-07T01:21:01.0515216Z       <Function test_factory_keeps_the_blocked_operation_semantics_of_the_local_fake>
2026-10-07T01:21:01.0515529Z       <Coroutine test_labels_are_asked_one_posting_at_a_time>
2026-10-07T01:21:01.0515760Z       <Coroutine test_one_unready_posting_does_not_take_the_others_down>
2026-10-07T01:21:01.0515972Z       <Coroutine test_a_blocked_account_stops_the_whole_label_run>
2026-10-07T01:21:01.0516123Z     <Module test_ozon_marketplace_unload.py>
2026-10-07T01:21:01.0516386Z       <Coroutine test_ozon_unload_keeps_marketplace_scope_without_wb_warehouse>
2026-10-07T01:21:01.0516529Z     <Module test_ozon_operator_surfaces.py>
2026-10-07T01:21:01.0516805Z       <Function test_operator_gate_shows_the_number_a_person_can_find_in_the_cabinet>
2026-10-07T01:21:01.0517008Z       <Function test_operator_gate_keeps_the_wb_number_untouched>
2026-10-07T01:21:01.0517242Z       <Function test_ozon_error_code_has_a_human_fallback_like_the_wb_one>
2026-10-07T01:21:01.0517474Z       <Function test_marketplace_dictionary_is_one_at_the_fact_boundary>
2026-10-07T01:21:01.0517616Z     <Module test_ozon_posting_contract.py>
2026-10-07T01:21:01.0518145Z       <Coroutine test_explicit_posting_intake_without_publication_keeps_warehouse_scope[True]>
2026-10-07T01:21:01.0518486Z       <Coroutine test_explicit_posting_intake_without_publication_keeps_warehouse_scope[False]>
2026-10-07T01:21:01.0518855Z       <Coroutine test_automatic_intake_without_publication_preserves_settings_and_repeats[publication0]>
2026-10-07T01:21:01.0519218Z       <Coroutine test_automatic_intake_without_publication_preserves_settings_and_repeats[publication1]>
2026-10-07T01:21:01.0519577Z       <Coroutine test_automatic_intake_without_publication_preserves_settings_and_repeats[publication2]>
2026-10-07T01:21:01.0519884Z       <Coroutine test_automatic_intake_rejects_warehouses_outside_served_mapping[unserved]>
2026-10-07T01:21:01.0520183Z       <Coroutine test_automatic_intake_rejects_warehouses_outside_served_mapping[inactive]>
2026-10-07T01:21:01.0520475Z       <Coroutine test_automatic_intake_rejects_warehouses_outside_served_mapping[missing]>
2026-10-07T01:21:01.0520774Z       <Coroutine test_automatic_intake_rejects_warehouses_outside_served_mapping[seller]>
2026-10-07T01:21:01.0521064Z       <Coroutine test_automatic_intake_rejects_warehouses_outside_served_mapping[tenant]>
2026-10-07T01:21:01.0521381Z       <Coroutine test_automatic_intake_rejects_warehouses_outside_served_mapping[marketplace]>
2026-10-07T01:21:01.0521655Z       <Coroutine test_warehouse_is_read_from_delivery_method_not_from_the_top_level>
2026-10-07T01:21:01.0522084Z       <Coroutine test_binding_created_through_the_normal_path_matches_a_real_posting>
2026-10-07T01:21:01.0522372Z       <Coroutine test_posting_barcode_price_and_creation_date_come_from_the_real_fields>
2026-10-07T01:21:01.0522626Z       <Coroutine test_assembled_posting_is_not_offered_to_the_operator_as_new>
2026-10-07T01:21:01.0522822Z       <Coroutine test_delivered_substatus_finishes_the_order>
2026-10-07T01:21:01.0523049Z       <Coroutine test_poll_never_drags_an_order_out_of_our_own_workflow>
2026-10-07T01:21:01.0523339Z       <Coroutine test_marking_requirement_arrives_from_ozon_and_opens_the_gate_honestly>
2026-10-07T01:21:01.0523574Z       <Coroutine test_empty_requirements_from_ozon_mean_no_marking_needed>
2026-10-07T01:21:01.0523844Z       <Coroutine test_markable_product_requires_marking_even_when_ozon_stays_silent>
2026-10-07T01:21:01.0524112Z       <Coroutine test_unknown_requirement_is_not_an_answer_and_never_a_permission>
2026-10-07T01:21:01.0524361Z       <Coroutine test_delivery_method_id_is_stored_for_the_future_carriage>
2026-10-07T01:21:01.0524607Z       <Coroutine test_accepted_posting_is_charged_like_a_confirmed_wb_order>
2026-10-07T01:21:01.0524921Z       <Function test_status_dictionary_matches_the_official_list[awaiting_packaging-None-new]>
2026-10-07T01:21:01.0525276Z       <Function test_status_dictionary_matches_the_official_list[acceptance_in_progress-None-sorted]>
2026-10-07T01:21:01.0525725Z       <Function test_status_dictionary_matches_the_official_list[awaiting_deliver-posting_in_carriage-external_processing]>
2026-10-07T01:21:01.0526236Z       <Function test_status_dictionary_matches_the_official_list[awaiting_approve-None-external_processing]>
2026-10-07T01:21:01.0526651Z       <Function test_status_dictionary_matches_the_official_list[awaiting_verification-None-external_processing]>
2026-10-07T01:21:01.0526969Z       <Function test_status_dictionary_matches_the_official_list[delivering-None-in_delivery]>
2026-10-07T01:21:01.0527311Z       <Function test_status_dictionary_matches_the_official_list[delivering-posting_received-done]>
2026-10-07T01:21:01.0527598Z       <Function test_status_dictionary_matches_the_official_list[delivered-None-done]>
2026-10-07T01:21:01.0528099Z       <Function test_status_dictionary_matches_the_official_list[cancelled-None-cancelled]>
2026-10-07T01:21:01.0528506Z       <Function test_status_dictionary_matches_the_official_list[cancelled_from_split_pending-None-cancelled]>
2026-10-07T01:21:01.0528889Z       <Function test_status_dictionary_matches_the_official_list[client_arbitration-None-external_processing]>
2026-10-07T01:21:01.0529253Z       <Function test_status_dictionary_matches_the_official_list[arbitration-None-external_processing]>
2026-10-07T01:21:01.0529515Z       <Coroutine test_repeat_sync_metadata_preserves_position_and_box_assignment>
2026-10-07T01:21:01.0529775Z       <Coroutine test_repeat_sync_after_assembly_preserves_original_composition>
2026-10-07T01:21:01.0530056Z       <Function test_repeat_sync_reordered_metadata_matches_the_product_not_the_index>
2026-10-07T01:21:01.0530353Z       <Coroutine test_import_absent_requirements_does_not_claim_complete_knowledge[False]>
2026-10-07T01:21:01.0530645Z       <Coroutine test_import_absent_requirements_does_not_claim_complete_knowledge[True]>
2026-10-07T01:21:01.0530887Z       <Coroutine test_status_refresh_preserves_catalog_marking_requirement>
2026-10-07T01:21:01.0531142Z       <Coroutine test_mixed_posting_requires_codes_only_for_the_marked_sku[ozon]>
2026-10-07T01:21:01.0531412Z       <Coroutine test_mixed_posting_requires_codes_only_for_the_marked_sku[catalog]>
2026-10-07T01:21:01.0531693Z       <Coroutine test_requirement_for_sku_missing_from_saved_composition_is_not_ready>
2026-10-07T01:21:01.0531835Z     <Module test_ozon_product_import.py>
2026-10-07T01:21:01.0532118Z       <Coroutine test_fetch_product_cards_reads_all_fifteen_thousand_without_silent_cap>
2026-10-07T01:21:01.0532555Z       <Coroutine test_fetch_product_cards_rejects_repeated_cursor_instead_of_partial_success>
2026-10-07T01:21:01.0532788Z       <Coroutine test_import_fills_dimensions_so_storage_can_be_charged>
2026-10-07T01:21:01.0533043Z       <Coroutine test_import_fills_the_product_id_that_stock_publishing_needs>
2026-10-07T01:21:01.0533281Z       <Coroutine test_import_never_overwrites_a_measurement_a_human_chose>
2026-10-07T01:21:01.0533499Z       <Coroutine test_unknown_units_are_skipped_rather_than_guessed>
2026-10-07T01:21:01.0533732Z       <Coroutine test_sync_never_creates_a_product_for_an_unmatched_card>
2026-10-07T01:21:01.0534010Z       <Coroutine test_second_sync_of_an_unmatched_card_does_not_duplicate_the_snapshot>
2026-10-07T01:21:01.0534262Z       <Coroutine test_empty_complete_catalog_clears_only_that_seller_snapshot>
2026-10-07T01:21:01.0534477Z       <Coroutine test_scanner_finds_the_product_by_the_ozon_barcode>
2026-10-07T01:21:01.0534699Z       <Coroutine test_scanner_still_finds_nothing_for_an_unknown_code>
2026-10-07T01:21:01.0534971Z       <Coroutine test_link_is_computed_from_the_article_assembled_by_the_transfer>
2026-10-07T01:21:01.0535168Z       <Coroutine test_link_is_computed_from_the_seller_article>
2026-10-07T01:21:01.0535396Z       <Coroutine test_barcode_picks_the_right_size_out_of_a_dozen_cards>
2026-10-07T01:21:01.0535636Z       <Coroutine test_ambiguous_article_links_nothing_and_creates_nothing>
2026-10-07T01:21:01.0535908Z       <Coroutine test_ozon_own_barcode_never_matches_and_never_blocks_the_next_signal>
2026-10-07T01:21:01.0536141Z       <Coroutine test_photo_from_the_ozon_card_is_readable_by_the_screens>
2026-10-07T01:21:01.0536466Z       <Coroutine test_photo_falls_back_to_the_first_image_of_the_card>
2026-10-07T01:21:01.0536668Z       <Coroutine test_last_free_size_is_not_a_disambiguation>
2026-10-07T01:21:01.0536806Z     <Module test_ozon_return_service.py>
2026-10-07T01:21:01.0537048Z       <Coroutine test_preview_reports_manual_path_when_giveout_is_disabled>
2026-10-07T01:21:01.0537317Z       <Coroutine test_preview_imports_one_selected_giveout_after_full_pagination>
2026-10-07T01:21:01.0537548Z       <Coroutine test_imported_giveouts_are_isolated_by_request_and_tenant>
2026-10-07T01:21:01.0537797Z       <Coroutine test_same_product_from_two_giveouts_keeps_both_source_groups>
2026-10-07T01:21:01.0538339Z       <Coroutine test_return_rate_limit_blocks_follow_up_calls_without_hitting_provider>
2026-10-07T01:21:01.0538550Z       <Coroutine test_giveout_pass_pdf_decodes_base64_payload>
2026-10-07T01:21:01.0538778Z       <Coroutine test_provider_failure_does_not_create_import_records>
2026-10-07T01:21:01.0538916Z     <Module test_ozon_returns_api.py>
2026-10-07T01:21:01.0539232Z       <Coroutine test_ozon_return_endpoints_use_all_return_operations_through_fake_transport>
2026-10-07T01:21:01.0539472Z       <Coroutine test_marketplace_is_return_only_and_is_in_request_output>
2026-10-07T01:21:01.0539749Z       <Coroutine test_return_defective_quantity_uses_the_inbound_service_constraint>
2026-10-07T01:21:01.0540046Z       <Coroutine test_empty_ozon_answer_gives_a_readable_error_instead_of_a_five_hundred>
2026-10-07T01:21:01.0540326Z       <Coroutine test_posted_ozon_return_refresh_is_best_effort_and_uses_fake_provider>
2026-10-07T01:21:01.0540482Z     <Module test_ozon_returns_openapi_models.py>
2026-10-07T01:21:01.0540718Z       <Function test_generated_module_is_current_with_checked_in_openapi>
2026-10-07T01:21:01.0540995Z       <Function test_all_openapi_components_have_exact_model_fields_and_requiredness>
2026-10-07T01:21:01.0541139Z     <Module test_ozon_shipment_sources.py>
2026-10-07T01:21:01.0541476Z       <Coroutine test_ozon_without_fulfillment_snapshots_stock_before_handoff_and_writes_off_once>
2026-10-07T01:21:01.0541722Z       <Coroutine test_ozon_missing_product_fails_before_any_provider_handoff>
2026-10-07T01:21:01.0542010Z       <Coroutine test_ozon_legacy_packing_fact_cannot_override_sorting_container_source>
2026-10-07T01:21:01.0542244Z       <Coroutine test_ozon_shortage_uses_existing_negative_source_policy>
2026-10-07T01:21:01.0542761Z       <Coroutine test_ozon_staged_recipe_updates_quantity_if_an_earlier_attempt_preceded_assembly>
2026-10-07T01:21:01.0542999Z       <Coroutine test_ozon_packaging_fact_does_not_choose_shipment_source>
2026-10-07T01:21:01.0543159Z     <Module test_ozon_stock_binding_cleanup.py>
2026-10-07T01:21:01.0543430Z       <Coroutine test_ozon_binding_cleanup_preserves_target_until_confirmed[disable]>
2026-10-07T01:21:01.0543708Z       <Coroutine test_ozon_binding_cleanup_preserves_target_until_confirmed[replace]>
2026-10-07T01:21:01.0543980Z       <Coroutine test_ozon_binding_cleanup_preserves_target_until_confirmed[reject]>
2026-10-07T01:21:01.0544278Z       <Coroutine test_ozon_binding_cleanup_preserves_target_until_confirmed[invalid_new]>
2026-10-07T01:21:01.0544555Z       <Coroutine test_ozon_binding_cleanup_preserves_target_until_confirmed[unserved]>
2026-10-07T01:21:01.0544852Z       <Coroutine test_ozon_warehouse_off_keeps_enabled_until_zero_and_retries[http_error]>
2026-10-07T01:21:01.0545134Z       <Coroutine test_ozon_warehouse_off_keeps_enabled_until_zero_and_retries[partial]>
2026-10-07T01:21:01.0545294Z     <Module test_pack_progress_idempotency.py>
2026-10-07T01:21:01.0545489Z       <Coroutine test_lost_response_replay_then_new_attempt>
2026-10-07T01:21:01.0545720Z       <Coroutine test_blank_key_preserves_independent_operations[None]>
2026-10-07T01:21:01.0545942Z       <Coroutine test_blank_key_preserves_independent_operations[]>
2026-10-07T01:21:01.0546175Z       <Coroutine test_blank_key_preserves_independent_operations[ \t\r\n]>
2026-10-07T01:21:01.0546411Z       <Coroutine test_blank_key_preserves_independent_operations[\xa0]>
2026-10-07T01:21:01.0546743Z       <Coroutine test_nonblank_keys_are_opaque_and_uuid_replays>
2026-10-07T01:21:01.0546943Z       <Coroutine test_payload_conflicts_and_tenant_boundary>
2026-10-07T01:21:01.0547148Z       <Coroutine test_replay_after_completion_and_legacy_no_key>
2026-10-07T01:21:01.0547368Z       <Coroutine test_replay_after_undo_does_not_restore_reversed_work>
2026-10-07T01:21:01.0547597Z       <Coroutine test_concurrent_deliveries_do_not_exceed_plan[True]>
2026-10-07T01:21:01.0547820Z       <Coroutine test_concurrent_deliveries_do_not_exceed_plan[False]>
2026-10-07T01:21:01.0548276Z       <Coroutine test_concurrent_key_reused_across_documents_is_conflict>
2026-10-07T01:21:01.0548494Z       <Coroutine test_failure_rolls_back_quantity_event_and_fact>
2026-10-07T01:21:01.0548639Z     <Module test_packaging_fact_contract.py>
2026-10-07T01:21:01.0548893Z       <Coroutine test_manual_pack_scan_undo_and_confirm_leave_stock_untouched>
2026-10-07T01:21:01.0549172Z       <Coroutine test_ozon_single_repeat_and_mass_pack_are_facts_before_picking[0]>
2026-10-07T01:21:01.0549436Z       <Coroutine test_ozon_single_repeat_and_mass_pack_are_facts_before_picking[3]>
2026-10-07T01:21:01.0549712Z       <Coroutine test_unload_marking_requirement_does_not_depend_on_packing_progress>
2026-10-07T01:21:01.0549841Z     <Module test_packaging_tasks.py>
2026-10-07T01:21:01.0550099Z       <Coroutine test_mp_box_packaging_uses_source_captured_in_box[0-3-3-0-0]>
2026-10-07T01:21:01.0550346Z       <Coroutine test_mp_box_packaging_uses_source_captured_in_box[2-1-3-0-0]>
2026-10-07T01:21:01.0550588Z       <Coroutine test_mp_box_packaging_uses_source_captured_in_box[3-0-3-0-0]>
2026-10-07T01:21:01.0550829Z       <Coroutine test_mp_box_packaging_uses_source_captured_in_box[0-2-2-1-0]>
2026-10-07T01:21:01.0551097Z       <Coroutine test_packaging_task_manual_records_fact_without_inventory_convert>
2026-10-07T01:21:01.0551337Z       <Coroutine test_packaging_create_rejects_mixed_seller_and_decimal_qty>
2026-10-07T01:21:01.0551556Z       <Coroutine test_packaging_scan_manual_undo_and_done_history>
2026-10-07T01:21:01.0551765Z       <Coroutine test_packaging_does_not_block_mp_ship_until_done>
2026-10-07T01:21:01.0551978Z       <Coroutine test_mp_unload_detail_includes_packaging_progress>
2026-10-07T01:21:01.0552147Z       <Coroutine test_cancel_manual_packaging_task>
2026-10-07T01:21:01.0552464Z       <Coroutine test_cancel_linked_packaging_task_rejected>
2026-10-07T01:21:01.0552751Z       <Coroutine test_packaging_done_unload_plan_stays_done_when_line_delete_rejected>
2026-10-07T01:21:01.0552914Z       <Coroutine test_complete_packaging_explicit>
2026-10-07T01:21:01.0553098Z       <Coroutine test_complete_packaging_marking_not_done>
2026-10-07T01:21:01.0553320Z       <Coroutine test_mark_prepacked_external_satisfies_marking_gate>
2026-10-07T01:21:01.0553552Z       <Coroutine test_pack_without_prepacked_leaves_marking_external_zero>
2026-10-07T01:21:01.0553755Z       <Coroutine test_box_create_allowed_before_packaging_done>
2026-10-07T01:21:01.0553957Z       <Coroutine test_mp_unload_pack_counter_without_inventory>
2026-10-07T01:21:01.0554098Z     <Module test_pallet_combine_api.py>
2026-10-07T01:21:01.0554396Z       <Coroutine test_combine_inbound_boxes_creates_one_pallet_and_returns_it_in_document>
2026-10-07T01:21:01.0554654Z       <Coroutine test_reception_only_staff_can_list_and_combine_inbound_pallets>
2026-10-07T01:21:01.0554893Z       <Coroutine test_empty_new_pallet_combine_rolls_back_created_pallet>
2026-10-07T01:21:01.0555155Z       <Coroutine test_combine_rejects_box_from_another_receipt_on_same_warehouse>
2026-10-07T01:21:01.0555336Z       <Coroutine test_combine_rejects_completed_receipt>
2026-10-07T01:21:01.0555508Z     <Module test_pick_option_container_sources.py>
2026-10-07T01:21:01.0555792Z       <Coroutine test_shared_pick_locations_keep_totals_and_expose_physical_paths>
2026-10-07T01:21:01.0556049Z       <Coroutine test_container_paths_fail_closed_outside_tenant_and_warehouse>
2026-10-07T01:21:01.0556304Z     <Module test_print_templates.py>
2026-10-07T01:21:01.0556569Z       <Coroutine test_resolve_default_template_product_over_seller_over_system>
2026-10-07T01:21:01.0556714Z       <Coroutine test_print_template_crud>
2026-10-07T01:21:01.0556887Z       <Coroutine test_is_default_clears_previous_flag>
2026-10-07T01:21:01.0557113Z       <Coroutine test_user_last_layout_preferred_over_seller_default>
2026-10-07T01:21:01.0557304Z       <Coroutine test_two_users_get_different_last_layouts>
2026-10-07T01:21:01.0557483Z       <Coroutine test_print_auto_saves_user_last_layout>
2026-10-07T01:21:01.0557665Z       <Coroutine test_label_options_survive_save_and_read>
2026-10-07T01:21:01.0558067Z       <Coroutine test_old_template_without_options_prints_everything>
2026-10-07T01:21:01.0558364Z       <Coroutine test_seller_template_is_visible_to_every_operator>
2026-10-07T01:21:01.0558636Z       <Coroutine test_operator_layout_does_not_carry_label_options_across_sellers>
2026-10-07T01:21:01.0558877Z       <Coroutine test_seller_label_options_do_not_change_the_print_tape>
2026-10-07T01:21:01.0559112Z       <Coroutine test_seller_label_options_keep_an_existing_seller_tape>
2026-10-07T01:21:01.0559368Z       <Coroutine test_label_options_do_not_reach_a_seller_without_a_template>
2026-10-07T01:21:01.0559624Z       <Coroutine test_old_seller_template_keeps_its_tape_even_with_the_same_name>
2026-10-07T01:21:01.0559837Z       <Coroutine test_composition_template_never_owns_the_tape>
2026-10-07T01:21:01.0560046Z       <Coroutine test_second_save_of_label_options_is_persisted>
2026-10-07T01:21:01.0560276Z       <Coroutine test_label_template_switch_off_keeps_the_old_printing>
2026-10-07T01:21:01.0560414Z     <Module test_prod_deploy_backup.py>
2026-10-07T01:21:01.0560637Z       <Function test_deploy_requires_verified_backup_before_migration[]>
2026-10-07T01:21:01.0560888Z       <Function test_deploy_requires_verified_backup_before_migration[dump]>
2026-10-07T01:21:01.0561153Z       <Function test_deploy_requires_verified_backup_before_migration[archive]>
2026-10-07T01:21:01.0561411Z       <Function test_deploy_requires_verified_backup_before_migration[listing]>
2026-10-07T01:21:01.0561661Z       <Function test_deploy_requires_verified_backup_before_migration[empty]>
2026-10-07T01:21:01.0561912Z       <Function test_deploy_requires_verified_backup_before_migration[network]>
2026-10-07T01:21:01.0562289Z       <Function test_deploy_requires_verified_backup_before_migration[retry]>
2026-10-07T01:21:01.0562543Z       <Function test_workflow_bootstrap_checks_git_and_separates_stdin[False]>
2026-10-07T01:21:01.0562790Z       <Function test_workflow_bootstrap_checks_git_and_separates_stdin[True]>
2026-10-07T01:21:01.0562967Z     <Module test_prod_deploy_backup_gate_boundary.py>
2026-10-07T01:21:01.0563251Z       <Function test_all_seven_backup_variants_and_original_assertions_are_preserved>
2026-10-07T01:21:01.0563564Z       <Function test_backup_fixture_server_ci_boundary_precedes_every_docker_action[accepted]>
2026-10-07T01:21:01.0563871Z       <Function test_backup_fixture_server_ci_boundary_precedes_every_docker_action[failed]>
2026-10-07T01:21:01.0564193Z       <Function test_backup_fixture_server_ci_boundary_precedes_every_docker_action[unavailable]>
2026-10-07T01:21:01.0564513Z       <Function test_backup_fixture_server_ci_boundary_precedes_every_docker_action[wrong-sha]>
2026-10-07T01:21:01.0564826Z       <Function test_backup_fixture_server_ci_boundary_precedes_every_docker_action[missing]>
2026-10-07T01:21:01.0564965Z     <Module test_product_categories.py>
2026-10-07T01:21:01.0565300Z       <Coroutine test_wb_subject_category_is_trimmed_for_every_variant_and_blank_resync_preserves_it>
2026-10-07T01:21:01.0565593Z       <Coroutine test_product_categories_are_unique_sorted_nonempty_and_tenant_isolated>
2026-10-07T01:21:01.0565880Z       <Coroutine test_product_categories_follow_effective_seller_scope_and_empty_state>
2026-10-07T01:21:01.0566211Z       <Coroutine test_categories_trim_duplicate_values_keep_exact_distinct_names_and_static_route>
2026-10-07T01:21:01.0566638Z       <Coroutine test_categories_follow_switched_effective_seller_but_admin_sees_tenant_scope>
2026-10-07T01:21:01.0566894Z       <Function test_product_category_migration_is_additive_and_the_only_head>
2026-10-07T01:21:01.0567053Z     <Module test_product_dimension_history.py>
2026-10-07T01:21:01.0567343Z       <Coroutine test_manual_measurement_and_container_override_create_active_versions>
2026-10-07T01:21:01.0567704Z       <Coroutine test_wb_observation_does_not_replace_manual_measurement_and_restore_makes_new_active_wb>
2026-10-07T01:21:01.0568159Z       <Coroutine test_repeated_manual_measurement_keeps_both_immutable_observations>
2026-10-07T01:21:01.0568331Z     <Module test_product_fbs_rule_bulk_read_api.py>
2026-10-07T01:21:01.0568546Z       <Coroutine test_bulk_read_returns_rules_for_multiple_products>
2026-10-07T01:21:01.0568749Z       <Coroutine test_bulk_read_hides_product_from_other_tenant>
2026-10-07T01:21:01.0568967Z       <Coroutine test_bulk_read_rejects_product_from_other_seller>
2026-10-07T01:21:01.0569194Z       <Coroutine test_bulk_read_rejects_more_than_two_hundred_products>
2026-10-07T01:21:01.0569352Z     <Module test_product_fbs_stock_sync_api.py>
2026-10-07T01:21:01.0569602Z       <Coroutine test_fbs_stock_sync_bulk_does_not_touch_other_seller_products>
2026-10-07T01:21:01.0569820Z       <Coroutine test_fbs_stock_sync_bulk_keeps_per_product_limits>
2026-10-07T01:21:01.0570037Z       <Coroutine test_enabling_fbs_sync_publishes_stock_immediately>
2026-10-07T01:21:01.0570185Z     <Module test_product_location_hints.py>
2026-10-07T01:21:01.0570398Z       <Coroutine test_locations_by_product_returns_cells_with_stock>
2026-10-07T01:21:01.0570556Z     <Module test_product_merge_service_wms349.py>
2026-10-07T01:21:01.0570855Z       <Coroutine test_postgres_merge_refuses_busy_order_without_deadlocking_cancellation>
2026-10-07T01:21:01.0571131Z       <Coroutine test_merge_reports_stock_cap_collision_before_changing_any_balance>
2026-10-07T01:21:01.0571442Z       <Coroutine test_postgres_merge_replays_committed_movement_with_stale_balances[source]>
2026-10-07T01:21:01.0571745Z       <Coroutine test_postgres_merge_replays_committed_movement_with_stale_balances[target]>
2026-10-07T01:21:01.0572012Z       <Coroutine test_merge_takes_product_locks_in_ascending_id_order_input_forward>
2026-10-07T01:21:01.0572416Z       <Coroutine test_merge_takes_product_locks_in_ascending_id_order_input_reversed>
2026-10-07T01:21:01.0572628Z       <Coroutine test_merge_reads_balances_under_for_update_lock>
2026-10-07T01:21:01.0572863Z       <Coroutine test_merge_still_sums_stock_end_to_end_after_lock_change>
2026-10-07T01:21:01.0573114Z       <Coroutine test_merge_reports_missing_product_before_touching_balances>
2026-10-07T01:21:01.0573283Z     <Module test_product_packaging_instructions.py>
2026-10-07T01:21:01.0573473Z       <Coroutine test_seller_patches_packaging_instructions>
2026-10-07T01:21:01.0573710Z       <Coroutine test_bulk_requires_honest_sign_updates_selected_products>
2026-10-07T01:21:01.0573979Z       <Coroutine test_seller_bulk_requires_honest_sign_updates_only_own_products>
2026-10-07T01:21:01.0574201Z       <Coroutine test_mp_plan_allowed_without_packaging_instructions>
2026-10-07T01:21:01.0574415Z       <Coroutine test_packaging_task_defaults_to_sorting_location>
2026-10-07T01:21:01.0574616Z       <Coroutine test_ff_catalog_includes_packaging_instructions>
2026-10-07T01:21:01.0574781Z     <Module test_product_tz_declared_quantity.py>
2026-10-07T01:21:01.0575068Z       <Function test_parse_ignores_quantity_columns_and_uses_first_matching_sheet_once>
2026-10-07T01:21:01.0575301Z       <Coroutine test_quantity_columns_do_not_create_inventory_movements>
2026-10-07T01:21:01.0575534Z       <Coroutine test_invalid_quantity_values_are_not_catalog_row_errors>
2026-10-07T01:21:01.0575750Z       <Coroutine test_quantity_columns_do_not_require_warehouse[0]>
2026-10-07T01:21:01.0575961Z       <Coroutine test_quantity_columns_do_not_require_warehouse[2]>
2026-10-07T01:21:01.0576223Z     <Module test_product_tz_idempotency.py>
2026-10-07T01:21:01.0576480Z       <Function test_only_named_import_unique_error_is_idempotency_conflict>
2026-10-07T01:21:01.0576685Z       <Coroutine test_concurrent_same_file_applies_catalog_once>
2026-10-07T01:21:01.0576896Z       <Coroutine test_same_file_hash_is_scoped_by_tenant_and_seller>
2026-10-07T01:21:01.0577047Z     <Module test_product_tz_import.py>
2026-10-07T01:21:01.0577281Z       <Function test_parse_product_tz_xlsx_expands_merged_tz_and_vendor>
2026-10-07T01:21:01.0577498Z       <Function test_parse_product_tz_xlsx_sheet_name_is_irrelevant>
2026-10-07T01:21:01.0577729Z       <Function test_parse_product_tz_xlsx_reads_clean_name_and_wb_nm_id>
2026-10-07T01:21:01.0578239Z       <Function test_parse_product_tz_xlsx_picks_matching_sheet_among_others>
2026-10-07T01:21:01.0578493Z       <Function test_parse_product_tz_xlsx_missing_column_in_every_sheet>
2026-10-07T01:21:01.0578684Z       <Coroutine test_product_tz_import_preview_and_apply>
2026-10-07T01:21:01.0578857Z       <Coroutine test_product_tz_template_download>
2026-10-07T01:21:01.0579040Z       <Coroutine test_create_product_null_dims_and_fields>
2026-10-07T01:21:01.0579245Z       <Coroutine test_tz_import_cross_seller_barcode_in_preview>
2026-10-07T01:21:01.0579380Z     <Module test_products_api.py>
2026-10-07T01:21:01.0579662Z       <Coroutine test_inventory_staff_saves_both_measurements_and_reads_ui_history>
2026-10-07T01:21:01.0579936Z       <Coroutine test_invalid_measurements_and_foreign_tenant_do_not_write_history>
2026-10-07T01:21:01.0580147Z       <Coroutine test_only_admin_can_restore_latest_wb_dimensions>
2026-10-07T01:21:01.0580321Z     <Module test_products_fbs_stock_from_balance.py>
2026-10-07T01:21:01.0580534Z       <Coroutine test_apply_from_balance_sets_limit_to_actual_stock>
2026-10-07T01:21:01.0580730Z       <Coroutine test_apply_from_balance_subtracts_reserved>
2026-10-07T01:21:01.0580984Z       <Coroutine test_apply_from_balance_resets_pool_to_zero_without_deleting>
2026-10-07T01:21:01.0581218Z       <Coroutine test_apply_from_balance_reports_reset_warehouses_count>
2026-10-07T01:21:01.0581465Z       <Coroutine test_apply_from_balance_does_not_touch_other_tenant_product>
2026-10-07T01:21:01.0581662Z       <Coroutine test_apply_from_balance_sums_across_warehouses>
2026-10-07T01:21:01.0581876Z       <Coroutine test_apply_from_balance_rejects_empty_product_ids>
2026-10-07T01:21:01.0582167Z     <Module test_products_ozon_catalog.py>
2026-10-07T01:21:01.0582439Z       <Coroutine test_products_search_and_marketplace_filter_include_ozon_links>
2026-10-07T01:21:01.0582660Z       <Coroutine test_ff_catalog_page_searches_ozon_sku_and_offer_id>
2026-10-07T01:21:01.0582903Z       <Coroutine test_ff_catalog_page_ozon_search_keeps_unique_rows_and_total>
2026-10-07T01:21:01.0583173Z       <Coroutine test_ozon_catalog_links_do_not_cross_seller_or_tenant_boundaries>
2026-10-07T01:21:01.0583420Z       <Coroutine test_warehouse_ozon_link_requires_seller_with_explicit_422>
2026-10-07T01:21:01.0583739Z       <Coroutine test_existing_product_ozon_link_update_is_warehouse_only_and_tenant_scoped>
2026-10-07T01:21:01.0583941Z       <Coroutine test_ozon_sku_cannot_be_linked_to_two_products>
2026-10-07T01:21:01.0584206Z       <Coroutine test_seller_catalog_keeps_ozon_marker_without_connected_account>
2026-10-07T01:21:01.0584451Z       <Coroutine test_seller_catalog_status_marks_only_connected_ozon_account>
2026-10-07T01:21:01.0584657Z       <Coroutine test_ff_catalog_row_reports_own_marketplaces>
2026-10-07T01:21:01.0584883Z       <Coroutine test_merge_two_products_sums_stock_and_keeps_wb_card>
2026-10-07T01:21:01.0585094Z       <Coroutine test_merge_rejects_three_cards_and_foreign_seller>
2026-10-07T01:21:01.0585314Z       <Coroutine test_merge_survives_dimension_history_on_both_cards>
2026-10-07T01:21:01.0585589Z       <Coroutine test_catalog_print_exposes_imported_ozon_codes_without_replacing_wb>
2026-10-07T01:21:01.0585737Z     <Module test_products_wb_catalog.py>
2026-10-07T01:21:01.0586062Z       <Coroutine test_seller_wb_catalog_enriched_from_imported_card>
2026-10-07T01:21:01.0586241Z       <Coroutine test_wb_catalog_forbidden_for_admin>
2026-10-07T01:21:01.0586429Z       <Coroutine test_ff_catalog_lists_all_tenant_products>
2026-10-07T01:21:01.0586620Z       <Coroutine test_linked_wb_catalog_before_stock_movement>
2026-10-07T01:21:01.0586796Z       <Coroutine test_ff_catalog_forbidden_for_seller>
2026-10-07T01:21:01.0586939Z     <Module test_public_marking_check.py>
2026-10-07T01:21:01.0587186Z       <Function test_recorded_semantic_response_fields[payload0-problem]>
2026-10-07T01:21:01.0587436Z       <Function test_recorded_semantic_response_fields[payload1-introduced]>
2026-10-07T01:21:01.0587730Z       <Function test_malformed_or_nonpositive_result_never_turns_green[checkResult-true]>
2026-10-07T01:21:01.0588142Z       <Function test_malformed_or_nonpositive_result_never_turns_green[checkResult-1]>
2026-10-07T01:21:01.0588443Z       <Function test_malformed_or_nonpositive_result_never_turns_green[checkResult-None]>
2026-10-07T01:21:01.0588757Z       <Function test_malformed_or_nonpositive_result_never_turns_green[checkResult-False]>
2026-10-07T01:21:01.0589067Z       <Function test_malformed_or_nonpositive_result_never_turns_green[outerStatus-value4]>
2026-10-07T01:21:01.0589376Z       <Function test_malformed_or_nonpositive_result_never_turns_green[outerStatus-UNKNOWN]>
2026-10-07T01:21:01.0589664Z       <Function test_malformed_or_nonpositive_result_never_turns_green[codeFounded-true]>
2026-10-07T01:21:01.0589938Z       <Function test_malformed_or_nonpositive_result_never_turns_green[status-wrong]>
2026-10-07T01:21:01.0590249Z       <Function test_malformed_or_nonpositive_result_never_turns_green[warning-not_verified]>
2026-10-07T01:21:01.0590483Z       <Function test_malformed_resolved_flags_are_unknown[verified-true]>
2026-10-07T01:21:01.0590707Z       <Function test_malformed_resolved_flags_are_unknown[verified-1]>
2026-10-07T01:21:01.0590934Z       <Function test_malformed_resolved_flags_are_unknown[verified-None]>
2026-10-07T01:21:01.0591185Z       <Function test_malformed_resolved_flags_are_unknown[isBlocked-false]>
2026-10-07T01:21:01.0591414Z       <Function test_malformed_resolved_flags_are_unknown[isBlocked-0]>
2026-10-07T01:21:01.0591653Z       <Function test_malformed_resolved_flags_are_unknown[isBlocked-None]>
2026-10-07T01:21:01.0591957Z       <Function test_missing_evidence_is_unknown[None]>
2026-10-07T01:21:01.0592143Z       <Function test_missing_evidence_is_unknown[payload1]>
2026-10-07T01:21:01.0592313Z       <Function test_missing_evidence_is_unknown[bad]>
2026-10-07T01:21:01.0592494Z       <Function test_missing_evidence_is_unknown[payload3]>
2026-10-07T01:21:01.0592673Z       <Function test_missing_evidence_is_unknown[payload4]>
2026-10-07T01:21:01.0592853Z       <Function test_missing_evidence_is_unknown[payload5]>
2026-10-07T01:21:01.0593215Z       <Function test_explicit_negative_results[not_found-\u043d\u0435 \u043d\u0430\u0439\u0434\u0435\u043d]>
2026-10-07T01:21:01.0593689Z       <Function test_explicit_negative_results[unverified-\u041a\u0440\u0438\u043f\u0442\u043e\u043f\u043e\u0434\u043f\u0438\u0441\u044c]>
2026-10-07T01:21:01.0594126Z       <Function test_explicit_negative_results[blocked-\u0437\u0430\u0431\u043b\u043e\u043a\u0438\u0440\u043e\u0432\u0430\u043d]>
2026-10-07T01:21:01.0594842Z       <Coroutine test_no_token_full_gs_request_and_raw_response[200-{"outerStatus": "INTRODUCED", "checkResult": true, "status": "ok", "warning": "ok", "codeResolveData": {"verified": true}}-introduced]>
2026-10-07T01:21:01.0595148Z       <Coroutine test_no_token_full_gs_request_and_raw_response[200-not-json-unavailable]>
2026-10-07T01:21:01.0595415Z       <Coroutine test_no_token_full_gs_request_and_raw_response[451--unavailable]>
2026-10-07T01:21:01.0595702Z       <Coroutine test_no_token_full_gs_request_and_raw_response[401-denied-unavailable]>
2026-10-07T01:21:01.0595992Z       <Coroutine test_no_token_full_gs_request_and_raw_response[429-rate limit-unavailable]>
2026-10-07T01:21:01.0596802Z       <Coroutine test_no_token_full_gs_request_and_raw_response[503-{"outerStatus": "INTRODUCED", "checkResult": true, "status": "ok", "warning": "ok", "codeResolveData": {"verified": true}}-unavailable]>
2026-10-07T01:21:01.0596994Z       <Coroutine test_pause_before_next_single_code_query>
2026-10-07T01:21:01.0597172Z     <Module test_reconcile_fbs_unlinked_shipments.py>
2026-10-07T01:21:01.0597452Z       <Coroutine test_reconcile_unlinked_delivered_order_is_guarded_and_idempotent>
2026-10-07T01:21:01.0597591Z     <Module test_reports_inventory.py>
2026-10-07T01:21:01.0597860Z       <Coroutine test_reports_require_inventory_for_ff_staff_but_keep_allowed_roles>
2026-10-07T01:21:01.0598294Z       <Coroutine test_reports_inventory_paginates_aggregates_and_searches_all_product_fields>
2026-10-07T01:21:01.0598571Z       <Coroutine test_reports_inventory_uses_only_whitelisted_sorting_and_groupings>
2026-10-07T01:21:01.0598868Z       <Coroutine test_reports_inventory_interprets_offsetless_boundaries_as_moscow_time>
2026-10-07T01:21:01.0599180Z       <Coroutine test_reports_inventory_never_counts_transfers_even_for_selected_warehouse>
2026-10-07T01:21:01.0599446Z       <Coroutine test_reports_inventory_counts_stock_documents_not_location_moves>
2026-10-07T01:21:01.0599717Z       <Coroutine test_reports_inventory_groups_by_seller_with_products_and_balance>
2026-10-07T01:21:01.0599976Z       <Coroutine test_return_document_is_a_separate_operation_in_the_report>
2026-10-07T01:21:01.0600114Z     <Module test_reports_movements.py>
2026-10-07T01:21:01.0600341Z       <Coroutine test_movements_of_one_product_carry_name_and_document>
2026-10-07T01:21:01.0600548Z       <Coroutine test_movements_can_be_opened_by_operation_group>
2026-10-07T01:21:01.0600771Z       <Coroutine test_movements_of_a_return_are_not_filed_under_intake>
2026-10-07T01:21:01.0600953Z       <Coroutine test_movements_say_when_the_list_is_cut>
2026-10-07T01:21:01.0601170Z       <Coroutine test_movements_require_a_product_or_an_operation>
2026-10-07T01:21:01.0601424Z       <Coroutine test_ozon_report_links_exact_recipe_movement_ids_only[True]>
2026-10-07T01:21:01.0601679Z       <Coroutine test_ozon_report_links_exact_recipe_movement_ids_only[False]>
2026-10-07T01:21:01.0602018Z       <Coroutine test_ozon_identity_search_has_one_scope_for_rows_overview_and_csv[OZON-ONLY-OFFER]>
2026-10-07T01:21:01.0602510Z       <Coroutine test_ozon_identity_search_has_one_scope_for_rows_overview_and_csv[OZON-ONLY-SKU]>
2026-10-07T01:21:01.0602652Z     <Module test_reports_overview.py>
2026-10-07T01:21:01.0602896Z       <Coroutine test_reports_overview_rejects_period_longer_than_366_days>
2026-10-07T01:21:01.0603104Z       <Coroutine test_reports_overview_requires_authentication>
2026-10-07T01:21:01.0603387Z       <Coroutine test_reports_overview_uses_moscow_half_open_dates_and_fills_daily_gaps>
2026-10-07T01:21:01.0603635Z       <Coroutine test_reports_overview_never_counts_location_moves_as_stock>
2026-10-07T01:21:01.0603897Z       <Coroutine test_reports_overview_seller_scope_overrides_requested_seller>
2026-10-07T01:21:01.0604142Z       <Coroutine test_overview_opening_balance_is_the_stock_at_period_start>
2026-10-07T01:21:01.0604281Z     <Module test_reports_wms531.py>
2026-10-07T01:21:01.0604525Z       <Coroutine test_all_movement_types_get_correct_label_document_and_group>
2026-10-07T01:21:01.0604791Z       <Coroutine test_equation_holds_across_periods_products_seller_and_overview>
2026-10-07T01:21:01.0605001Z       <Coroutine test_product_with_balance_never_moved_is_shown>
2026-10-07T01:21:01.0605168Z       <Coroutine test_warehouse_id_is_fully_ignored>
2026-10-07T01:21:01.0605400Z       <Coroutine test_load_more_reaches_every_product_and_every_movement>
2026-10-07T01:21:01.0605656Z       <Coroutine test_split_fbs_writeoff_is_not_flagged_as_incomplete_transfer>
2026-10-07T01:21:01.0605934Z       <Coroutine test_incomplete_location_pair_marks_product_without_warehouse_filter>
2026-10-07T01:21:01.0606184Z       <Coroutine test_ozon_positions_lookup_is_scoped_to_the_requested_period>
2026-10-07T01:21:01.0606571Z       <Coroutine test_excel_export_by_product_matches_screen_with_outline_and_totals>
2026-10-07T01:21:01.0606919Z       <Coroutine test_excel_export_by_operation_fills_product_column_on_movement_rows>
2026-10-07T01:21:01.0607189Z       <Coroutine test_excel_export_for_seller_cabinet_has_no_seller_column_or_level>
2026-10-07T01:21:01.0607368Z       <Coroutine test_excel_export_rejects_empty_period>
2026-10-07T01:21:01.0607532Z     <Module test_reports_wms531_review_fixes.py>
2026-10-07T01:21:01.0607756Z       <Coroutine test_f1_excel_builds_in_roughly_linear_time_at_scale>
2026-10-07T01:21:01.0608166Z       <Coroutine test_f2_second_ozon_position_document_found_when_ledger_predates_period>
2026-10-07T01:21:01.0608420Z       <Coroutine test_f3_split_second_position_inherits_document_via_group>
2026-10-07T01:21:01.0608615Z       <Coroutine test_f4_movements_expansion_respects_search>
2026-10-07T01:21:01.0608907Z       <Coroutine test_f5_overview_daily_series_uses_current_seller_not_movement_snapshot>
2026-10-07T01:21:01.0609168Z       <Coroutine test_f6_ungrouped_location_movement_flags_incomplete_transfer>
2026-10-07T01:21:01.0609399Z       <Coroutine test_f7_seller_cabinet_excel_has_no_unnamed_totals_row>
2026-10-07T01:21:01.0609646Z       <Coroutine test_f9_excel_document_text_carries_the_document_kind_prefix>
2026-10-07T01:21:01.0609877Z       <Coroutine test_f10_text_fields_are_not_written_as_excel_formulas>
2026-10-07T01:21:01.0610097Z       <Coroutine test_f1_round4_ozon_position_index_scoped_per_seller>
2026-10-07T01:21:01.0610324Z       <Coroutine test_f8_round2_reversal_label_requires_confirmed_link>
2026-10-07T01:21:01.0610548Z       <Coroutine test_f8_round2_confirmed_reversal_still_gets_the_label>
2026-10-07T01:21:01.0610819Z       <Coroutine test_f11_multi_product_box_move_does_not_flag_incomplete_transfer>
2026-10-07T01:21:01.0611080Z       <Coroutine test_f8_round3_reversal_confirmation_not_leaked_to_ozon_sibling>
2026-10-07T01:21:01.0611336Z       <Coroutine test_f12_pallet_multi_box_same_product_not_flagged_incomplete>
2026-10-07T01:21:01.0611588Z       <Coroutine test_f1_round3_operation_grouping_streams_without_full_buffer>
2026-10-07T01:21:01.0611768Z     <Module test_return_intake_shortcut_and_defects.py>
2026-10-07T01:21:01.0612010Z       <Coroutine test_manual_and_wb_returns_skip_separate_receiving[None]>
2026-10-07T01:21:01.0612401Z       <Coroutine test_manual_and_wb_returns_skip_separate_receiving[wildberries]>
2026-10-07T01:21:01.0612647Z       <Coroutine test_ff_inbound_draft_shows_plan_then_starts_a_fresh_recount>
2026-10-07T01:21:01.0612878Z       <Coroutine test_seller_inbound_draft_keeps_plan_and_fact_separate>
2026-10-07T01:21:01.0613139Z       <Coroutine test_return_defects_are_posted_to_one_non_operational_warehouse>
2026-10-07T01:21:01.0613285Z     <Module test_scan_resolver_api.py>
2026-10-07T01:21:01.0613540Z       <Coroutine test_scan_resolve_route_returns_match_and_structured_failures>
2026-10-07T01:21:01.0613684Z     <Module test_scan_resolver_service.py>
2026-10-07T01:21:01.0613900Z       <Coroutine test_each_supported_type_is_found_by_its_scan_code>
2026-10-07T01:21:01.0614115Z       <Coroutine test_tenant_cannot_resolve_another_tenants_object>
2026-10-07T01:21:01.0614351Z       <Coroutine test_ambiguous_code_returns_all_matches_instead_of_first>
2026-10-07T01:21:01.0614535Z       <Coroutine test_unknown_code_returns_clear_failure>
2026-10-07T01:21:01.0614819Z       <Coroutine test_cell_code_normalization_removes_controls_trims_and_ignores_case>
2026-10-07T01:21:01.0615092Z       <Coroutine test_warehouse_filter_narrows_matches_and_rejects_another_warehouse>
2026-10-07T01:21:01.0615253Z     <Module test_seller_inbound_draft.py>
2026-10-07T01:21:01.0615507Z       <Coroutine test_seller_inbound_draft_visible_and_own_product_line_only>
2026-10-07T01:21:01.0615654Z     <Module test_seller_isolation.py>
2026-10-07T01:21:01.0615883Z       <Coroutine test_inbound_rejects_second_line_from_different_seller>
2026-10-07T01:21:01.0616296Z       <Coroutine test_outbound_rejects_second_line_from_different_seller>
2026-10-07T01:21:01.0616540Z       <Coroutine test_seller_does_not_see_inbound_with_other_seller_lines>
2026-10-07T01:21:01.0616712Z     <Module test_seller_marketplace_requisites.py>
2026-10-07T01:21:01.0616925Z       <Coroutine test_c1_wb_valid_response_keeps_only_inn_and_name>
2026-10-07T01:21:01.0617227Z       <Coroutine test_c1_wb_missing_or_invalid_tin_yields_none_without_exception[missing]>
2026-10-07T01:21:01.0617501Z       <Coroutine test_c1_wb_missing_or_invalid_tin_yields_none_without_exception[null]>
2026-10-07T01:21:01.0617783Z       <Coroutine test_c1_wb_missing_or_invalid_tin_yields_none_without_exception[empty]>
2026-10-07T01:21:01.0618362Z       <Coroutine test_c1_wb_missing_or_invalid_tin_yields_none_without_exception[bad_checksum]>
2026-10-07T01:21:01.0618552Z       <Coroutine test_c1_wb_e2e_mock_flag_skips_network>
2026-10-07T01:21:01.0618742Z       <Coroutine test_c2_ozon_uses_legal_name_when_present>
2026-10-07T01:21:01.0618977Z       <Coroutine test_c2_ozon_falls_back_to_name_when_legal_name_empty>
2026-10-07T01:21:01.0619308Z       <Coroutine test_c2_ozon_missing_company_or_inn_yields_none_without_exception[no_company_key]>
2026-10-07T01:21:01.0619629Z       <Coroutine test_c2_ozon_missing_company_or_inn_yields_none_without_exception[company_null]>
2026-10-07T01:21:01.0619975Z       <Coroutine test_c2_ozon_missing_company_or_inn_yields_none_without_exception[company_not_dict]>
2026-10-07T01:21:01.0620325Z       <Coroutine test_c2_ozon_missing_company_or_inn_yields_none_without_exception[company_without_inn]>
2026-10-07T01:21:01.0620518Z       <Coroutine test_c2_ozon_account_blocked_is_recognized>
2026-10-07T01:21:01.0620731Z       <Coroutine test_c3_dadata_overlay_replaces_name_and_fills_kpp>
2026-10-07T01:21:01.0621061Z       <Coroutine test_c3_dadata_failure_keeps_marketplace_data_without_kpp[dadata_not_configured]>
2026-10-07T01:21:01.0621353Z       <Coroutine test_c3_dadata_failure_keeps_marketplace_data_without_kpp[inn_invalid]>
2026-10-07T01:21:01.0621662Z       <Coroutine test_c3_dadata_failure_keeps_marketplace_data_without_kpp[dadata_rejected]>
2026-10-07T01:21:01.0621983Z       <Coroutine test_c3_dadata_failure_keeps_marketplace_data_without_kpp[dadata_unavailable]>
2026-10-07T01:21:01.0622283Z       <Coroutine test_c3_dadata_failure_keeps_marketplace_data_without_kpp[party_not_found]>
2026-10-07T01:21:01.0622742Z       <Coroutine test_c3_malformed_dadata_response_via_real_client_keeps_marketplace_data[null]>
2026-10-07T01:21:01.0623088Z       <Coroutine test_c3_malformed_dadata_response_via_real_client_keeps_marketplace_data[empty-list]>
2026-10-07T01:21:01.0623416Z       <Coroutine test_c3_malformed_dadata_response_via_real_client_keeps_marketplace_data[string]>
2026-10-07T01:21:01.0623622Z       <Coroutine test_endpoint_wb_success_with_dadata_overlay>
2026-10-07T01:21:01.0623887Z       <Coroutine test_endpoint_wb_success_without_dadata_keeps_marketplace_name>
2026-10-07T01:21:01.0624107Z       <Coroutine test_endpoint_wb_without_usable_inn_is_inn_missing>
2026-10-07T01:21:01.0624258Z       <Coroutine test_endpoint_wb_rate_limited>
2026-10-07T01:21:01.0624424Z       <Coroutine test_endpoint_ozon_account_blocked>
2026-10-07T01:21:01.0624635Z       <Coroutine test_c12_wrong_tenant_and_missing_seller_are_404>
2026-10-07T01:21:01.0624810Z       <Coroutine test_c12_seller_role_user_is_forbidden>
2026-10-07T01:21:01.0625027Z       <Coroutine test_c12_key_not_connected_never_calls_marketplace>
2026-10-07T01:21:01.0625246Z       <Coroutine test_c12_no_secret_values_leak_into_response_or_logs>
2026-10-07T01:21:01.0625402Z     <Module test_seller_marketplace_unload.py>
2026-10-07T01:21:01.0625625Z       <Coroutine test_seller_mp_unload_plan_reserves_and_ff_confirms>
2026-10-07T01:21:01.0625836Z       <Coroutine test_seller_cannot_see_other_seller_mp_unload>
2026-10-07T01:21:01.0626010Z       <Coroutine test_seller_can_read_wb_mp_warehouses>
2026-10-07T01:21:01.0626146Z     <Module test_seller_outbound_draft.py>
2026-10-07T01:21:01.0626494Z       <Coroutine test_seller_outbound_draft_create_and_line_own_sku_only>
2026-10-07T01:21:01.0626659Z     <Module test_seller_outbound_list_filter.py>
2026-10-07T01:21:01.0626876Z       <Coroutine test_seller_outbound_list_only_own_seller_requests>
2026-10-07T01:21:01.0627029Z     <Module test_seller_products_sync_job.py>
2026-10-07T01:21:01.0627210Z       <Coroutine test_seller_can_start_wb_cards_sync_self>
2026-10-07T01:21:01.0627344Z     <Module test_seller_rbac.py>
2026-10-07T01:21:01.0627582Z       <Coroutine test_seller_sees_only_own_products_and_filtered_inbound>
2026-10-07T01:21:01.0627778Z       <Coroutine test_non_admin_cannot_create_seller_account>
2026-10-07T01:21:01.0628063Z     <Module test_seller_requisites_autofill.py>
2026-10-07T01:21:01.0628383Z       <Coroutine test_c4_wb_self_service_creates_requisites_with_single_call_and_journal_event>
2026-10-07T01:21:01.0628594Z       <Coroutine test_c5_admin_patch_wb_token_creates_requisites>
2026-10-07T01:21:01.0628794Z       <Coroutine test_c5_ozon_self_service_creates_requisites>
2026-10-07T01:21:01.0629005Z       <Coroutine test_c6_full_manual_profile_untouched_by_wb_key>
2026-10-07T01:21:01.0629287Z       <Coroutine test_c6_manual_profile_with_matching_inn_and_empty_kpp_untouched>
2026-10-07T01:21:01.0629567Z       <Coroutine test_c7_wb_seller_info_failure_does_not_affect_key_save_response[401]>
2026-10-07T01:21:01.0629867Z       <Coroutine test_c7_wb_seller_info_failure_does_not_affect_key_save_response[429]>
2026-10-07T01:21:01.0630155Z       <Coroutine test_c7_wb_seller_info_failure_does_not_affect_key_save_response[500]>
2026-10-07T01:21:01.0630458Z       <Coroutine test_c7_wb_seller_info_failure_does_not_affect_key_save_response[bad_json]>
2026-10-07T01:21:01.0630760Z       <Coroutine test_c7_wb_seller_info_failure_does_not_affect_key_save_response[timeout]>
2026-10-07T01:21:01.0631027Z       <Coroutine test_c7_ozon_account_blocked_does_not_affect_key_save_response>
2026-10-07T01:21:01.0631292Z       <Coroutine test_c8_manual_save_via_http_wins_when_committed_before_autofill>
2026-10-07T01:21:01.0631566Z       <Coroutine test_f1_manual_save_via_http_wins_even_when_autofill_inserts_first>
2026-10-07T01:21:01.0631719Z     <Module test_seller_shop_allowlist.py>
2026-10-07T01:21:01.0631986Z       <Function test_email_markers_do_not_grant_shop_management[vitalik@mail.ru]>
2026-10-07T01:21:01.0632424Z       <Function test_email_markers_do_not_grant_shop_management[shop.vitaliy@example.com]>
2026-10-07T01:21:01.0632814Z       <Function test_email_markers_do_not_grant_shop_management[\u0432\u0438\u0442\u0430\u043b\u0438\u0439@mail.ru]>
2026-10-07T01:21:01.0633084Z       <Function test_email_markers_do_not_grant_shop_management[denmarks@mail.ru]>
2026-10-07T01:21:01.0633379Z       <Function test_email_markers_do_not_grant_shop_management[owner.denmark@company.ru]>
2026-10-07T01:21:01.0633596Z       <Function test_regular_seller_email_denied[regular@mail.ru]>
2026-10-07T01:21:01.0633830Z       <Function test_regular_seller_email_denied[seller123@company.ru]>
2026-10-07T01:21:01.0634048Z       <Function test_regular_seller_email_denied[admin@example.com]>
2026-10-07T01:21:01.0634222Z       <Function test_db_flag_allows_any_seller_email>
2026-10-07T01:21:01.0634415Z       <Function test_non_seller_role_denied_even_with_marker>
2026-10-07T01:21:01.0634656Z       <Function test_environment_allowlist_does_not_grant_shop_management>
2026-10-07T01:21:01.0634805Z     <Module test_seller_shop_scope.py>
2026-10-07T01:21:01.0635075Z       <Coroutine test_shop_manager_scope_requires_enabled_delegation_for_products>
2026-10-07T01:21:01.0635209Z     <Module test_seller_shop_switch.py>
2026-10-07T01:21:01.0635423Z       <Coroutine test_seller_shop_switch_acts_as_delegated_seller>
2026-10-07T01:21:01.0635618Z       <Coroutine test_seller_cannot_switch_without_delegation>
2026-10-07T01:21:01.0635805Z       <Coroutine test_regular_seller_cannot_manage_shops>
2026-10-07T01:21:01.0635975Z     <Module test_seller_staff_and_delete_drafts.py>
2026-10-07T01:21:01.0636342Z       <Coroutine test_seller_owner_creates_staff_user_and_updates_permissions>
2026-10-07T01:21:01.0636528Z       <Coroutine test_seller_delete_only_draft_documents>
2026-10-07T01:21:01.0636689Z     <Module test_seller_staff_invites_wms463.py>
2026-10-07T01:21:01.0636925Z       <Coroutine test_email_invitation_resend_activation_and_permissions>
2026-10-07T01:21:01.0637147Z       <Coroutine test_creation_validation_duplicate_and_concurrency>
2026-10-07T01:21:01.0637374Z       <Coroutine test_mail_failure_preserves_account_and_resend_recovers>
2026-10-07T01:21:01.0637593Z       <Coroutine test_legacy_email_transition_and_foreign_isolation>
2026-10-07T01:21:01.0637749Z     <Module test_seller_wb_catalog_isolation.py>
2026-10-07T01:21:01.0638089Z       <Coroutine test_seller_wb_catalog_only_own_seller_products>
2026-10-07T01:21:01.0638297Z       <Coroutine test_regular_seller_ignores_jwt_seller_override>
2026-10-07T01:21:01.0638407Z     <Module test_sellers.py>
2026-10-07T01:21:01.0638585Z       <Coroutine test_create_seller_with_account_atomic>
2026-10-07T01:21:01.0638823Z       <Coroutine test_create_seller_with_account_email_taken_no_orphan>
2026-10-07T01:21:01.0639016Z       <Coroutine test_create_seller_and_product_with_seller>
2026-10-07T01:21:01.0639166Z       <Coroutine test_product_unknown_seller>
2026-10-07T01:21:01.0639298Z     <Module test_sellers_wb_status.py>
2026-10-07T01:21:01.0639559Z       <Coroutine test_seller_list_reports_saved_wb_states_without_decryption>
2026-10-07T01:21:01.0639696Z     <Module test_settings_prod_gate.py>
2026-10-07T01:21:01.0639849Z       <Function test_prod_requires_fernet_key>
2026-10-07T01:21:01.0640168Z       <Function test_prod_rejects_default_jwt_secret>
2026-10-07T01:21:01.0640450Z       <Function test_prod_accepts_explicit_secrets>
2026-10-07T01:21:01.0640652Z       <Function test_development_allows_missing_fernet_key>
2026-10-07T01:21:01.0640865Z       <Function test_plain_postgresql_database_url_is_normalized>
2026-10-07T01:21:01.0641083Z       <Function test_async_postgresql_database_url_stays_unchanged>
2026-10-07T01:21:01.0641263Z       <Function test_cors_origins_adds_staging_entries>
2026-10-07T01:21:01.0641391Z     <Module test_shift_lead.py>
2026-10-07T01:21:01.0641575Z       <Coroutine test_reprint_requests_require_shift_lead>
2026-10-07T01:21:01.0641760Z       <Coroutine test_reprint_mutations_require_shift_lead>
2026-10-07T01:21:01.0642064Z     <Module test_sorting_object_creation_api.py>
2026-10-07T01:21:01.0642432Z       <Coroutine test_created_sorting_object_is_unassigned_on_map_and_resolvable_by_barcode[pallet]>
2026-10-07T01:21:01.0642757Z       <Coroutine test_created_sorting_object_is_unassigned_on_map_and_resolvable_by_barcode[box]>
2026-10-07T01:21:01.0643123Z       <Coroutine test_created_sorting_object_is_unassigned_on_map_and_resolvable_by_barcode[cargo_place]>
2026-10-07T01:21:01.0643375Z       <Coroutine test_sorting_object_creation_and_listing_are_tenant_scoped>
2026-10-07T01:21:01.0643604Z       <Coroutine test_sorting_object_creation_rejects_missing_warehouse>
2026-10-07T01:21:01.0643903Z       <Coroutine test_created_sorting_object_can_be_bound_to_one_inbound_request[pallet]>
2026-10-07T01:21:01.0644179Z       <Coroutine test_created_sorting_object_can_be_bound_to_one_inbound_request[box]>
2026-10-07T01:21:01.0644495Z       <Coroutine test_created_sorting_object_can_be_bound_to_one_inbound_request[cargo_place]>
2026-10-07T01:21:01.0644661Z     <Module test_sorting_objects_by_document.py>
2026-10-07T01:21:01.0644870Z       <Coroutine test_without_parameter_returns_whole_warehouse>
2026-10-07T01:21:01.0645121Z       <Coroutine test_with_parameter_returns_only_selected_document_contents>
2026-10-07T01:21:01.0645329Z       <Coroutine test_other_document_containers_are_not_returned>
2026-10-07T01:21:01.0645551Z       <Coroutine test_accepted_counter_is_limited_to_selected_document>
2026-10-07T01:21:01.0645698Z     <Module test_sorting_objects_cells.py>
2026-10-07T01:21:01.0645922Z       <Coroutine test_object_in_cell_is_returned_with_cell_holder>
2026-10-07T01:21:01.0646457Z       <Coroutine test_empty_target_returns_object_to_unassigned>
2026-10-07T01:21:01.0646667Z       <Coroutine test_to_id_places_box_inside_pallet>
2026-10-07T01:21:01.0646874Z       <Coroutine test_product_in_cell_is_returned_with_quantity>
2026-10-07T01:21:01.0647023Z     <Module test_sorting_print_wms442.py>
2026-10-07T01:21:01.0647297Z       <Coroutine test_windows_pairing_accepts_real_unicode_queue_name[asyncio]>
2026-10-07T01:21:01.0647550Z       <Coroutine test_pairing_rejects_blank_or_control_queue_name[asyncio- ]>
2026-10-07T01:21:01.0647846Z       <Coroutine test_pairing_rejects_blank_or_control_queue_name[asyncio-Printer\n58]>
2026-10-07T01:21:01.0648314Z       <Coroutine test_sorting_labels_marketplace_location_immutable_replay_and_no_stock_effects>
2026-10-07T01:21:01.0648564Z       <Coroutine test_real_http_concurrent_intent_claim_and_conflicting_ack>
2026-10-07T01:21:01.0648888Z       <Coroutine test_opaque_credentials_cannot_access_employee_api_and_scope_cannot_be_forged>
2026-10-07T01:21:01.0649172Z       <Coroutine test_missing_codes_and_changed_destination_do_not_create_empty_jobs>
2026-10-07T01:21:01.0649435Z       <Coroutine test_lost_claim_response_is_unknown_never_returned_to_pending>
2026-10-07T01:21:01.0649768Z       <Coroutine test_fbs_ready_png_and_operator_pdf_use_same_agent_snapshot_without_state_changes>
2026-10-07T01:21:01.0650002Z       <Coroutine test_unpaired_expired_and_foreign_pairing_are_rejected>
2026-10-07T01:21:01.0650316Z       <Function test_print_migration_after_identity_upgrade_downgrade_in_isolated_pg_schema>
2026-10-07T01:21:01.0650473Z     <Module test_staff_packaging_billing.py>
2026-10-07T01:21:01.0650718Z       <Coroutine test_staff_packaging_billing_counts_only_packed_in_task>
2026-10-07T01:21:01.0650973Z       <Coroutine test_staff_without_packaging_permission_cannot_create_task>
2026-10-07T01:21:01.0651176Z       <Coroutine test_wb_billing_credits_each_fulfillment_actor>
2026-10-07T01:21:01.0651350Z     <Module test_staff_reception_inbound_draft.py>
2026-10-07T01:21:01.0651661Z       <Coroutine test_staff_with_reception_permission_can_create_and_submit_inbound_draft>
2026-10-07T01:21:01.0651942Z       <Coroutine test_staff_without_reception_permission_cannot_create_inbound_draft>
2026-10-07T01:21:01.0652075Z     <Module test_staff_users.py>
2026-10-07T01:21:01.0652321Z       <Coroutine test_admin_creates_staff_user_first_login_and_permissions>
2026-10-07T01:21:01.0652654Z       <Coroutine test_ff_staff_rights_fail_closed_by_work_block>
2026-10-07T01:21:01.0652796Z     <Module test_stock_directions.py>
2026-10-07T01:21:01.0653029Z       <Function test_current_snapshot_month_uses_moscow_business_month>
2026-10-07T01:21:01.0653271Z       <Coroutine test_seller_stock_directions_summary_and_scope>
2026-10-07T01:21:01.0653488Z       <Coroutine test_directions_reserve_from_stock_and_mp_free_fbo>
2026-10-07T01:21:01.0653706Z       <Coroutine test_monthly_stock_snapshot_captures_distribution>
2026-10-07T01:21:01.0653967Z       <Coroutine test_monthly_stock_snapshot_get_requires_ff_inventory_access>
2026-10-07T01:21:01.0654269Z       <Coroutine test_monthly_stock_snapshot_concurrent_first_run_returns_persisted_slice>
2026-10-07T01:21:01.0654561Z       <Coroutine test_monthly_stock_snapshot_historical_month_without_rows_fails_closed>
2026-10-07T01:21:01.0654821Z       <Coroutine test_monthly_stock_snapshot_empty_current_month_can_run_later>
2026-10-07T01:21:01.0654961Z     <Module test_stock_transfer.py>
2026-10-07T01:21:01.0655177Z       <Coroutine test_stock_transfer_moves_balance_and_journal>
2026-10-07T01:21:01.0655340Z       <Coroutine test_stock_transfer_insufficient>
2026-10-07T01:21:01.0655482Z     <Module test_storage_daily_charge.py>
2026-10-07T01:21:01.0655747Z       <Coroutine test_nightly_run_charges_one_row_per_product_and_repeats_safely>
2026-10-07T01:21:01.0655919Z       <Coroutine test_seller_rate_beats_the_common_one>
2026-10-07T01:21:01.0656140Z       <Coroutine test_missing_rate_leaves_a_visible_unpriced_row>
2026-10-07T01:21:01.0656483Z       <Coroutine test_tenant_without_billing_start_date_is_not_charged>
2026-10-07T01:21:01.0656709Z       <Coroutine test_report_takes_storage_from_the_nightly_charges>
2026-10-07T01:21:01.0656909Z       <Coroutine test_missed_night_is_charged_on_the_next_run>
2026-10-07T01:21:01.0657180Z       <Coroutine test_product_measured_later_is_charged_for_the_days_it_was_missed>
2026-10-07T01:21:01.0657459Z       <Coroutine test_partially_measured_day_is_topped_up_after_later_measurement>
2026-10-07T01:21:01.0657675Z       <Coroutine test_repeat_pass_never_reduces_an_existing_charge>
2026-10-07T01:21:01.0658097Z       <Coroutine test_invoiced_day_is_topped_up_by_a_separate_line>
2026-10-07T01:21:01.0658325Z     <Module test_storage_measurement_service.py>
2026-10-07T01:21:01.0658566Z       <Function test_previous_month_defaults_to_completed_calendar_month>
2026-10-07T01:21:01.0658753Z       <Function test_month_bounds_rejects_invalid_month>
2026-10-07T01:21:01.0658968Z       <Function test_stock_segments_keep_fractional_day_boundaries>
2026-10-07T01:21:01.0659212Z       <Function test_stock_segments_reject_negative_reconstructed_stock>
2026-10-07T01:21:01.0659455Z       <Function test_stock_segments_net_same_timestamp_internal_movements>
2026-10-07T01:21:01.0659659Z       <Function test_current_month_stops_at_current_moscow_instant>
2026-10-07T01:21:01.0659929Z       <Function test_volume_segments_split_continuous_stock_at_dimension_change>
2026-10-07T01:21:01.0660211Z       <Function test_volume_segments_do_not_apply_later_measurement_to_earlier_stock>
2026-10-07T01:21:01.0660523Z       <Function test_wb_observation_after_manual_measurement_does_not_change_storage_volume>
2026-10-07T01:21:01.0660826Z       <Function test_wb_restore_changes_open_timeline_without_recalculating_closed_period>
2026-10-07T01:21:01.0661365Z       <Coroutine test_rebuild_and_list_cover_fractional_missing_zero_idempotency_and_scope>
2026-10-07T01:21:01.0661676Z       <Coroutine test_storage_api_rejects_future_month>
2026-10-07T01:21:01.0661912Z     <Module test_storage_models.py>
2026-10-07T01:21:01.0662395Z       <Function test_statement_is_unique_for_tenant_seller_warehouse_and_month>
2026-10-07T01:21:01.0662776Z       <Function test_measurement_is_unique_for_tenant_seller_warehouse_sku_and_month>
2026-10-07T01:21:01.0663006Z       <Function test_storage_rows_reject_negative_accumulated_values>
2026-10-07T01:21:01.0663419Z       <Function test_measurement_keeps_immutable_movement_boundary_references>
2026-10-07T01:21:01.0663623Z       <Function test_storage_models_have_no_financial_columns>
2026-10-07T01:21:01.0663773Z     <Module test_storage_movement_scope.py>
2026-10-07T01:21:01.0664006Z       <Function test_inventory_movement_has_frozen_storage_dimensions>
2026-10-07T01:21:01.0664285Z       <Function test_migrations_backfill_movements_and_exclude_technical_warehouses>
2026-10-07T01:21:01.0664519Z       <Coroutine test_movement_freezes_seller_and_warehouse_at_write_time>
2026-10-07T01:21:01.0664673Z     <Module test_storage_report_unmapped.py>
2026-10-07T01:21:01.0664942Z       <Coroutine test_missing_card_keeps_money_but_is_not_assigned_to_a_category>
2026-10-07T01:21:01.0665093Z     <Module test_storage_statement_matrix.py>
2026-10-07T01:21:01.0665344Z       <Coroutine test_storage_facade_writes_only_common_and_seller_v2_rates>
2026-10-07T01:21:01.0665598Z       <Coroutine test_stale_storage_submit_rolls_back_the_common_seller_pair>
2026-10-07T01:21:01.0665855Z       <Coroutine test_common_storage_rate_covers_every_operational_warehouse>
2026-10-07T01:21:01.0666201Z       <Coroutine test_statement_report_and_invoice_use_seller_matrix_rate_not_legacy_warehouse_rate>
2026-10-07T01:21:01.0666499Z       <Coroutine test_tariff_starting_at_moscow_midnight_does_not_pay_for_the_day_before>
2026-10-07T01:21:01.0666824Z       <Coroutine test_fractional_measurements_keep_statement_report_and_invoice_at_one_kopeck>
2026-10-07T01:21:01.0667113Z       <Coroutine test_fractional_warehouse_statements_sum_to_seller_report_and_invoice>
2026-10-07T01:21:01.0667506Z       <Coroutine test_warehouse_filter_preserves_cross_warehouse_fractional_allocation>
2026-10-07T01:21:01.0667767Z       <Coroutine test_storage_statement_list_loads_night_charges_in_one_query>
2026-10-07T01:21:01.0668189Z       <Coroutine test_cross_dated_tariff_history_returns_the_new_common_seller_pair>
2026-10-07T01:21:01.0668352Z     <Module test_storage_statement_service.py>
2026-10-07T01:21:01.0668621Z       <Function test_zero_statement_uses_its_own_id_as_the_single_ledger_source>
2026-10-07T01:21:01.0668898Z       <Function test_measurement_statement_uses_each_measurement_as_its_ledger_source>
2026-10-07T01:21:01.0669174Z       <Function test_print_rows_do_not_pair_a_zero_ledger_entry_with_a_missing_sku>
2026-10-07T01:21:01.0669495Z       <Function test_print_row_uses_charged_ledger_quantity_instead_of_full_month_measurement>
2026-10-07T01:21:01.0669761Z       <Function test_night_rate_snapshot_does_not_expose_decimal_division_noise>
2026-10-07T01:21:01.0670025Z       <Function test_night_charge_without_a_rate_shows_liter_days_but_no_money>
2026-10-07T01:21:01.0670242Z       <Function test_product_without_night_charges_keeps_the_dash>
2026-10-07T01:21:01.0670486Z       <Function test_storage_ledger_quantity_is_rounded_within_numeric_14_4>
2026-10-07T01:21:01.0670900Z       <Function test_storage_ledger_quantity_rejects_values_outside_numeric_14_4[quantity0]>
2026-10-07T01:21:01.0671214Z       <Function test_storage_ledger_quantity_rejects_values_outside_numeric_14_4[quantity1]>
2026-10-07T01:21:01.0671515Z       <Function test_storage_ledger_quantity_rejects_values_outside_numeric_14_4[quantity2]>
2026-10-07T01:21:01.0671813Z       <Function test_storage_ledger_quantity_rejects_values_outside_numeric_14_4[quantity3]>
2026-10-07T01:21:01.0672050Z       <Coroutine test_draft_calculation_prints_and_lists_the_same_numbers>
2026-10-07T01:21:01.0672282Z       <Coroutine test_screen_shows_no_money_until_the_night_has_charged>
2026-10-07T01:21:01.0672546Z       <Coroutine test_screen_and_report_show_the_same_seller_rate_from_the_night>
2026-10-07T01:21:01.0672691Z     <Module test_storage_tariff_api.py>
2026-10-07T01:21:01.0672868Z       <Coroutine test_admin_creates_warehouse_tariff>
2026-10-07T01:21:01.0673078Z       <Coroutine test_admin_creates_tariff_with_seller_exception>
2026-10-07T01:21:01.0673262Z       <Coroutine test_staff_inventory_cannot_set_tariff>
2026-10-07T01:21:01.0673611Z       <Coroutine test_tariff_amount_must_be_positive[warehouse-0]>
2026-10-07T01:21:01.0673848Z       <Coroutine test_tariff_amount_must_be_positive[warehouse--0.01]>
2026-10-07T01:21:01.0674079Z       <Coroutine test_tariff_amount_must_be_positive[warehouse-0.001]>
2026-10-07T01:21:01.0674321Z       <Coroutine test_tariff_amount_must_be_positive[seller_exception-0]>
2026-10-07T01:21:01.0674573Z       <Coroutine test_tariff_amount_must_be_positive[seller_exception--0.01]>
2026-10-07T01:21:01.0674829Z       <Coroutine test_tariff_amount_must_be_positive[seller_exception-0.001]>
2026-10-07T01:21:01.0675126Z       <Coroutine test_storage_tariff_service_rejects_amount_rounding_to_zero[warehouse]>
2026-10-07T01:21:01.0675454Z       <Coroutine test_storage_tariff_service_rejects_amount_rounding_to_zero[seller_exception]>
2026-10-07T01:21:01.0675707Z       <Coroutine test_tariff_amount_rounding_that_stays_positive_is_saved>
2026-10-07T01:21:01.0675940Z       <Coroutine test_tariff_valid_from_cannot_be_in_the_past[warehouse]>
2026-10-07T01:21:01.0676213Z       <Coroutine test_tariff_valid_from_cannot_be_in_the_past[seller_exception]>
2026-10-07T01:21:01.0676492Z       <Coroutine test_tariff_scope_must_belong_to_tenant_and_operational_warehouse>
2026-10-07T01:21:01.0676761Z       <Coroutine test_new_tariff_does_not_rewrite_what_the_night_already_charged>
2026-10-07T01:21:01.0677049Z       <Coroutine test_tariff_rejects_rubles_above_postgres_kopeck_limit_without_write>
2026-10-07T01:21:01.0677187Z     <Module test_subscription.py>
2026-10-07T01:21:01.0677363Z       <Function test_state_without_date_never_blocks>
2026-10-07T01:21:01.0677692Z       <Function test_state_counts_days_and_blocks_after_last_day>
2026-10-07T01:21:01.0678017Z       <Coroutine test_subscription_endpoint_reports_days_left>
2026-10-07T01:21:01.0678252Z       <Coroutine test_expired_subscription_blocks_work_but_not_login>
2026-10-07T01:21:01.0678487Z       <Coroutine test_subscription_of_one_tenant_does_not_touch_another>
2026-10-07T01:21:01.0678637Z     <Module test_subscription_payment.py>
2026-10-07T01:21:01.0678812Z       <Function test_extension_never_burns_paid_days>
2026-10-07T01:21:01.0678993Z       <Coroutine test_pay_without_keys_reports_conflict>
2026-10-07T01:21:01.0679226Z       <Coroutine test_payment_creates_link_and_activates_after_success>
2026-10-07T01:21:01.0679396Z       <Coroutine test_one_payment_extends_only_once>
2026-10-07T01:21:01.0679638Z       <Coroutine test_overlapping_payment_sync_preserves_both_paid_months>
2026-10-07T01:21:01.0679804Z       <Coroutine test_blocked_tenant_can_still_pay>
2026-10-07T01:21:01.0679978Z       <Coroutine test_payment_is_scoped_to_its_tenant>
2026-10-07T01:21:01.0680210Z       <Coroutine test_paid_invoice_counts_even_when_a_newer_one_hangs>
2026-10-07T01:21:01.0680376Z       <Coroutine test_seller_cannot_start_payment>
2026-10-07T01:21:01.0680511Z     <Module test_support_agent_api.py>
2026-10-07T01:21:01.0680750Z       <Coroutine test_agent_reads_requests_of_all_clients_with_all_fields>
2026-10-07T01:21:01.0680981Z       <Coroutine test_cursor_returns_only_newer_records_oldest_first>
2026-10-07T01:21:01.0681234Z       <Coroutine test_key_is_required_wrong_key_rejected_and_off_without_key>
2026-10-07T01:21:01.0681468Z       <Coroutine test_key_does_not_open_user_endpoints_and_cannot_write>
2026-10-07T01:21:01.0681729Z       <Coroutine test_seller_author_record_carries_server_side_seller_and_tenant>
2026-10-07T01:21:01.0681867Z     <Module test_tenant_settings.py>
2026-10-07T01:21:01.0682098Z       <Coroutine test_me_includes_address_storage_enabled_default_true>
2026-10-07T01:21:01.0682365Z       <Coroutine test_me_includes_separate_marking_print_enabled_default_false>
2026-10-07T01:21:01.0682535Z       <Coroutine test_tenant_settings_get_and_patch>
2026-10-07T01:21:01.0682751Z       <Coroutine test_tenant_settings_patch_separate_marking_print>
2026-10-07T01:21:01.0682976Z       <Coroutine test_tenant_settings_patch_no_fields_returns_422>
2026-10-07T01:21:01.0683290Z       <Coroutine test_tenant_settings_forbidden_for_staff>
2026-10-07T01:21:01.0683523Z       <Coroutine test_disable_address_storage_migrates_stock_to_sorting>
2026-10-07T01:21:01.0683636Z     <Module test_tokens.py>
2026-10-07T01:21:01.0683801Z       <Function test_access_token_has_no_expiration>
2026-10-07T01:21:01.0683985Z       <Function test_expired_access_tokens_are_rejected>
2026-10-07T01:21:01.0684221Z       <Function test_signed_session_without_expiration_remains_valid[0]>
2026-10-07T01:21:01.0684472Z       <Function test_signed_session_without_expiration_remains_valid[3650]>
2026-10-07T01:21:01.0684694Z       <Function test_access_token_still_rejects_a_foreign_signature>
2026-10-07T01:21:01.0684846Z     <Module test_true_api_marking_check.py>
2026-10-07T01:21:01.0685184Z       <Function test_crypto_aggregate_requires_complete_unambiguous_answer[payload0-expected0]>
2026-10-07T01:21:01.0685509Z       <Function test_crypto_aggregate_requires_complete_unambiguous_answer[payload1-expected1]>
2026-10-07T01:21:01.0685838Z       <Function test_crypto_aggregate_requires_complete_unambiguous_answer[payload2-expected2]>
2026-10-07T01:21:01.0686161Z       <Function test_crypto_aggregate_requires_complete_unambiguous_answer[payload3-expected3]>
2026-10-07T01:21:01.0686483Z       <Function test_crypto_aggregate_requires_complete_unambiguous_answer[payload4-expected4]>
2026-10-07T01:21:01.0686799Z       <Function test_crypto_aggregate_requires_complete_unambiguous_answer[payload5-expected5]>
2026-10-07T01:21:01.0687121Z       <Function test_crypto_aggregate_requires_complete_unambiguous_answer[payload6-expected6]>
2026-10-07T01:21:01.0687552Z       <Function test_crypto_aggregate_requires_complete_unambiguous_answer[payload7-expected7]>
2026-10-07T01:21:01.0687998Z       <Function test_crypto_aggregate_requires_complete_unambiguous_answer[payload8-expected8]>
2026-10-07T01:21:01.0688328Z       <Function test_crypto_aggregate_requires_complete_unambiguous_answer[payload9-expected9]>
2026-10-07T01:21:01.0688671Z       <Function test_crypto_aggregate_requires_complete_unambiguous_answer[payload10-expected10]>
2026-10-07T01:21:01.0688998Z       <Function test_crypto_aggregate_requires_complete_unambiguous_answer[payload11-expected11]>
2026-10-07T01:21:01.0689350Z       <Function test_crypto_aggregate_requires_complete_unambiguous_answer[payload12-expected12]>
2026-10-07T01:21:01.0689651Z       <Function test_crypto_short_invalid_code_cannot_identify_two_different_signatures>
2026-10-07T01:21:01.0690017Z       <Function test_status_and_crypto_are_separate_required_confirmations[INTRODUCED-True-introduced]>
2026-10-07T01:21:01.0690387Z       <Function test_status_and_crypto_are_separate_required_confirmations[INTRODUCED-None-unavailable]>
2026-10-07T01:21:01.0690731Z       <Function test_status_and_crypto_are_separate_required_confirmations[INTRODUCED-1-unavailable]>
2026-10-07T01:21:01.0691077Z       <Function test_status_and_crypto_are_separate_required_confirmations[INTRODUCED-False-problem]>
2026-10-07T01:21:01.0691415Z       <Function test_status_and_crypto_are_separate_required_confirmations[None-True-unavailable]>
2026-10-07T01:21:01.0691790Z       <Function test_status_and_crypto_are_separate_required_confirmations[FUTURE_STATUS-True-unavailable]>
2026-10-07T01:21:01.0692121Z       <Function test_status_and_crypto_are_separate_required_confirmations[RETIRED-True-problem]>
2026-10-07T01:21:01.0692447Z       <Function test_status_and_crypto_are_separate_required_confirmations[APPLIED-True-problem]>
2026-10-07T01:21:01.0692696Z       <Function test_info_reordering_duplicates_unknown_and_per_code_errors>
2026-10-07T01:21:01.0692984Z       <Coroutine test_http_short_info_full_crypto_and_truthful_unavailability[None]>
2026-10-07T01:21:01.0693261Z       <Coroutine test_http_short_info_full_crypto_and_truthful_unavailability[401]>
2026-10-07T01:21:01.0693532Z       <Coroutine test_http_short_info_full_crypto_and_truthful_unavailability[429]>
2026-10-07T01:21:01.0693801Z       <Coroutine test_http_short_info_full_crypto_and_truthful_unavailability[451]>
2026-10-07T01:21:01.0694214Z       <Coroutine test_http_short_info_full_crypto_and_truthful_unavailability[offline]>
2026-10-07T01:21:01.0694503Z       <Coroutine test_http_short_info_full_crypto_and_truthful_unavailability[malformed]>
2026-10-07T01:21:01.0695083Z       <Coroutine test_http_short_info_full_crypto_and_truthful_unavailability[missing]>
2026-10-07T01:21:01.0695461Z       <Coroutine test_missing_token_or_unprojectable_code_never_calls_http>
2026-10-07T01:21:01.0695752Z       <Coroutine test_pacing_reserves_two_seconds_between_requests>
2026-10-07T01:21:01.0695989Z       <Coroutine test_credential_scope_and_only_cz_is_decrypted>
2026-10-07T01:21:01.0696376Z       <Coroutine test_receiving_checks_two_pending_codes_without_token_and_preserves_full_values>
2026-10-07T01:21:01.0696786Z       <Coroutine test_expired_worker_cannot_overwrite_retry_while_saving_response>
2026-10-07T01:21:01.0696994Z     <Module test_true_api_withdrawal.py>
2026-10-07T01:21:01.0697320Z       <Coroutine test_exact_auth_contract_uuid_field_expiry_and_no_secret_repr[2]>
2026-10-07T01:21:01.0697676Z       <Coroutine test_exact_auth_contract_uuid_field_expiry_and_no_secret_repr[12]>
2026-10-07T01:21:01.0698356Z       <Coroutine test_auth_does_not_accept_legacy_token_or_leak_auth_body[response0]>
2026-10-07T01:21:01.0698748Z       <Coroutine test_auth_does_not_accept_legacy_token_or_leak_auth_body[response1]>
2026-10-07T01:21:01.0699148Z       <Coroutine test_create_sends_original_bytes_exact_four_fields_and_returns_only_id[200-True]>
2026-10-07T01:21:01.0699550Z       <Coroutine test_create_sends_original_bytes_exact_four_fields_and_returns_only_id[200-False]>
2026-10-07T01:21:01.0700107Z       <Coroutine test_create_sends_original_bytes_exact_four_fields_and_returns_only_id[201-True]>
2026-10-07T01:21:01.0700533Z       <Coroutine test_create_sends_original_bytes_exact_four_fields_and_returns_only_id[201-False]>
2026-10-07T01:21:01.0700859Z       <Coroutine test_create_preserves_error_bytes_and_never_retries_or_redirects[400]>
2026-10-07T01:21:01.0701251Z       <Coroutine test_create_preserves_error_bytes_and_never_retries_or_redirects[401]>
2026-10-07T01:21:01.0701582Z       <Coroutine test_create_preserves_error_bytes_and_never_retries_or_redirects[403]>
2026-10-07T01:21:01.0701989Z       <Coroutine test_create_preserves_error_bytes_and_never_retries_or_redirects[422]>
2026-10-07T01:21:01.0702377Z       <Coroutine test_create_preserves_error_bytes_and_never_retries_or_redirects[429]>
2026-10-07T01:21:01.0702726Z       <Coroutine test_create_preserves_error_bytes_and_never_retries_or_redirects[500]>
2026-10-07T01:21:01.0703040Z       <Coroutine test_create_preserves_error_bytes_and_never_retries_or_redirects[502]>
2026-10-07T01:21:01.0703422Z       <Coroutine test_create_preserves_error_bytes_and_never_retries_or_redirects[503]>
2026-10-07T01:21:01.0703784Z       <Coroutine test_create_preserves_error_bytes_and_never_retries_or_redirects[302]>
2026-10-07T01:21:01.0704124Z       <Coroutine test_uncertain_create_never_performs_second_post[timeout]>
2026-10-07T01:21:01.0704449Z       <Coroutine test_uncertain_create_never_performs_second_post[disconnect]>
2026-10-07T01:21:01.0704702Z       <Coroutine test_uncertain_create_never_performs_second_post[connect]>
2026-10-07T01:21:01.0705081Z       <Coroutine test_uncertain_create_never_performs_second_post[bad_json]>
2026-10-07T01:21:01.0705386Z       <Coroutine test_uncertain_create_never_performs_second_post[fake_id]>
2026-10-07T01:21:01.0705743Z       <Coroutine test_cises_official_batch_preserves_nullable_facts_and_per_code_errors>
2026-10-07T01:21:01.0706044Z       <Coroutine test_cises_404_is_a_per_code_answer_not_transport_exception>
2026-10-07T01:21:01.0706518Z       <Coroutine test_v4_info_array_exact_query_errors_and_withdrawal_statuses[CHECKED_OK-succeeded]>
2026-10-07T01:21:01.0706889Z       <Coroutine test_v4_info_array_exact_query_errors_and_withdrawal_statuses[CHECKED_NOT_OK-failed]>
2026-10-07T01:21:01.0707323Z       <Coroutine test_v4_info_array_exact_query_errors_and_withdrawal_statuses[PARSE_ERROR-failed]>
2026-10-07T01:21:01.0707868Z       <Coroutine test_v4_info_array_exact_query_errors_and_withdrawal_statuses[PROCESSING_ERROR-failed]>
2026-10-07T01:21:01.0708475Z       <Coroutine test_v4_info_array_exact_query_errors_and_withdrawal_statuses[IN_PROGRESS-pending]>
2026-10-07T01:21:01.0708940Z       <Coroutine test_v4_info_array_exact_query_errors_and_withdrawal_statuses[WAIT_FOR_CONTINUATION-pending]>
2026-10-07T01:21:01.0709332Z       <Coroutine test_v4_info_array_exact_query_errors_and_withdrawal_statuses[UNDEFINED-unknown]>
2026-10-07T01:21:01.0709687Z       <Coroutine test_v4_info_array_exact_query_errors_and_withdrawal_statuses[ACCEPTED-unknown]>
2026-10-07T01:21:01.0710064Z       <Coroutine test_v4_info_array_exact_query_errors_and_withdrawal_statuses[NEW_STATUS-unknown]>
2026-10-07T01:21:01.0710500Z       <Coroutine test_v4_info_array_exact_query_errors_and_withdrawal_statuses[None-unknown]>
2026-10-07T01:21:01.0710828Z       <Coroutine test_v4_list_exact_reconciliation_filters_and_cursor>
2026-10-07T01:21:01.0711234Z       <Coroutine test_cross_environment_participant_expired_or_jwt_auth_never_leaves_server[auth0]>
2026-10-07T01:21:01.0711613Z       <Coroutine test_cross_environment_participant_expired_or_jwt_auth_never_leaves_server[auth1]>
2026-10-07T01:21:01.0712019Z       <Coroutine test_cross_environment_participant_expired_or_jwt_auth_never_leaves_server[auth2]>
2026-10-07T01:21:01.0712428Z       <Coroutine test_cross_environment_participant_expired_or_jwt_auth_never_leaves_server[auth3]>
2026-10-07T01:21:01.0712753Z       <Coroutine test_limiter_failure_prevents_outbound_and_does_not_fallback>
2026-10-07T01:21:01.0713176Z       <Coroutine test_limiter_waits_then_reacquires_same_participant_key>
2026-10-07T01:21:01.0713538Z       <Coroutine test_create_boundary_failures_happen_before_http[count]>
2026-10-07T01:21:01.0713888Z       <Coroutine test_create_boundary_failures_happen_before_http[bytes]>
2026-10-07T01:21:01.0714172Z       <Coroutine test_create_boundary_failures_happen_before_http[duplicate]>
2026-10-07T01:21:01.0714494Z       <Coroutine test_create_boundary_failures_happen_before_http[signature]>
2026-10-07T01:21:01.0714800Z       <Function test_environment_selects_an_inseparable_pair_of_official_urls>
2026-10-07T01:21:01.0715170Z       <Function test_document_from_different_type_cannot_succeed>
2026-10-07T01:21:01.0715523Z       <Coroutine test_atomic_lua_limiter_across_three_clients_with_real_isolated_redis>
2026-10-07T01:21:01.0715802Z       <Coroutine test_actual_document_code_count_boundary[30000]>
2026-10-07T01:21:01.0716034Z       <Coroutine test_actual_document_code_count_boundary[30001]>
2026-10-07T01:21:01.0716450Z       <Function test_cis_parser_never_discards_facts_required_by_business_preflight[change0]>
2026-10-07T01:21:01.0716873Z       <Function test_cis_parser_never_discards_facts_required_by_business_preflight[change1]>
2026-10-07T01:21:01.0717243Z       <Function test_cis_parser_never_discards_facts_required_by_business_preflight[change2]>
2026-10-07T01:21:01.0717612Z       <Function test_cis_parser_never_discards_facts_required_by_business_preflight[change3]>
2026-10-07T01:21:01.0718162Z       <Function test_cis_parser_never_discards_facts_required_by_business_preflight[change4]>
2026-10-07T01:21:01.0718525Z       <Function test_cis_parser_never_discards_facts_required_by_business_preflight[change5]>
2026-10-07T01:21:01.0718825Z       <Coroutine test_info_contract_mismatch_is_not_success[wrong_id]>
2026-10-07T01:21:01.0719124Z       <Coroutine test_info_contract_mismatch_is_not_success[wrong_group]>
2026-10-07T01:21:01.0719389Z       <Coroutine test_info_contract_mismatch_is_not_success[object]>
2026-10-07T01:21:01.0719770Z       <Coroutine test_info_contract_mismatch_is_not_success[multiple]>
2026-10-07T01:21:01.0720136Z       <Coroutine test_production_create_gate_does_not_block_auth_or_sandbox[False-sign_in-sandbox]>
2026-10-07T01:21:01.0720554Z       <Coroutine test_production_create_gate_does_not_block_auth_or_sandbox[False-sign_in-production]>
2026-10-07T01:21:01.0721119Z       <Coroutine test_production_create_gate_does_not_block_auth_or_sandbox[False-create_document-sandbox]>
2026-10-07T01:21:01.0721652Z       <Coroutine test_production_create_gate_does_not_block_auth_or_sandbox[False-create_document-production]>
2026-10-07T01:21:01.0722063Z       <Coroutine test_production_create_gate_does_not_block_auth_or_sandbox[True-sign_in-sandbox]>
2026-10-07T01:21:01.0722467Z       <Coroutine test_production_create_gate_does_not_block_auth_or_sandbox[True-sign_in-production]>
2026-10-07T01:21:01.0722857Z       <Coroutine test_production_create_gate_does_not_block_auth_or_sandbox[True-create_document-sandbox]>
2026-10-07T01:21:01.0723317Z       <Coroutine test_production_create_gate_does_not_block_auth_or_sandbox[True-create_document-production]>
2026-10-07T01:21:01.0723750Z       <Coroutine test_invalid_or_missing_action_date_rejected_before_limiter_and_http[None]>
2026-10-07T01:21:01.0724137Z       <Coroutine test_invalid_or_missing_action_date_rejected_before_limiter_and_http[20260923_0]>
2026-10-07T01:21:01.0724509Z       <Coroutine test_invalid_or_missing_action_date_rejected_before_limiter_and_http[True]>
2026-10-07T01:21:01.0724847Z       <Coroutine test_invalid_or_missing_action_date_rejected_before_limiter_and_http[]>
2026-10-07T01:21:01.0725289Z       <Coroutine test_invalid_or_missing_action_date_rejected_before_limiter_and_http[20260923_1]>
2026-10-07T01:21:01.0725641Z       <Coroutine test_invalid_or_missing_action_date_rejected_before_limiter_and_http[2026-9-23]>
2026-10-07T01:21:01.0726036Z       <Coroutine test_invalid_or_missing_action_date_rejected_before_limiter_and_http[2026-02-30]>
2026-10-07T01:21:01.0726636Z       <Coroutine test_invalid_or_missing_action_date_rejected_before_limiter_and_http[2026-09-23T00:00:00Z]>
2026-10-07T01:21:01.0727063Z       <Coroutine test_invalid_or_missing_action_date_rejected_before_limiter_and_http[2026-09-24]>
2026-10-07T01:21:01.0727461Z       <Coroutine test_invalid_or_missing_action_date_rejected_before_limiter_and_http[2021-09-22]>
2026-10-07T01:21:01.0727825Z       <Coroutine test_malformed_product_rows_or_invalid_cost_rejected_before_http[None]>
2026-10-07T01:21:01.0728297Z       <Coroutine test_malformed_product_rows_or_invalid_cost_rejected_before_http[product1]>
2026-10-07T01:21:01.0728657Z       <Coroutine test_malformed_product_rows_or_invalid_cost_rejected_before_http[invalid]>
2026-10-07T01:21:01.0729077Z       <Coroutine test_malformed_product_rows_or_invalid_cost_rejected_before_http[1]>
2026-10-07T01:21:01.0729448Z       <Coroutine test_malformed_product_rows_or_invalid_cost_rejected_before_http[product4]>
2026-10-07T01:21:01.0729852Z       <Coroutine test_malformed_product_rows_or_invalid_cost_rejected_before_http[product5]>
2026-10-07T01:21:01.0730202Z       <Coroutine test_malformed_product_rows_or_invalid_cost_rejected_before_http[product6]>
2026-10-07T01:21:01.0730575Z       <Coroutine test_malformed_product_rows_or_invalid_cost_rejected_before_http[product7]>
2026-10-07T01:21:01.0730961Z       <Coroutine test_malformed_product_rows_or_invalid_cost_rejected_before_http[product8]>
2026-10-07T01:21:01.0731326Z       <Coroutine test_malformed_product_rows_or_invalid_cost_rejected_before_http[product9]>
2026-10-07T01:21:01.0731698Z       <Coroutine test_malformed_product_rows_or_invalid_cost_rejected_before_http[product10]>
2026-10-07T01:21:01.0732098Z       <Coroutine test_malformed_product_rows_or_invalid_cost_rejected_before_http[product11]>
2026-10-07T01:21:01.0732484Z       <Coroutine test_malformed_product_rows_or_invalid_cost_rejected_before_http[product12]>
2026-10-07T01:21:01.0732871Z       <Coroutine test_inclusive_date_and_cost_boundaries_preserve_original_payload_bytes[2021-09-23-0]>
2026-10-07T01:21:01.0733377Z       <Coroutine test_inclusive_date_and_cost_boundaries_preserve_original_payload_bytes[2021-09-23-99999999999999999]>
2026-10-07T01:21:01.0733790Z       <Coroutine test_inclusive_date_and_cost_boundaries_preserve_original_payload_bytes[2026-09-23-0]>
2026-10-07T01:21:01.0734449Z       <Coroutine test_inclusive_date_and_cost_boundaries_preserve_original_payload_bytes[2026-09-23-99999999999999999]>
2026-10-07T01:21:01.0734714Z       <Function test_five_calendar_year_boundary_on_leap_day>
2026-10-07T01:21:01.0735097Z       <Function test_action_date_uses_moscow_calendar_at_utc_day_boundary>
2026-10-07T01:21:01.0735299Z     <Module test_user_identity_migration_wms443.py>
2026-10-07T01:21:01.0735614Z       <Function test_existing_accounts_survive_identity_migration>
2026-10-07T01:21:01.0735871Z     <Module test_user_identity_wms443.py>
2026-10-07T01:21:01.0736224Z       <Coroutine test_cold_legacy_admin_fills_self_and_keeps_old_token_and_password>
2026-10-07T01:21:01.0736549Z       <Coroutine test_homonyms_same_and_other_organization_never_select_first>
2026-10-07T01:21:01.0736801Z       <Coroutine test_profile_permissions_scope_and_immutable_identity>
2026-10-07T01:21:01.0737133Z       <Coroutine test_name_login_rate_limit_and_invalid_creation>
2026-10-07T01:21:01.0737475Z       <Coroutine test_historical_display_preserves_real_name_and_neutral_system>
2026-10-07T01:21:01.0737786Z       <Coroutine test_seller_named_staff_create_edit_and_other_seller_scope>
2026-10-07T01:21:01.0738194Z     <Module test_warehouse_map_api.py>
2026-10-07T01:21:01.0738594Z       <Coroutine test_map_totals_moves_sorting_disband_and_tenant_scope>
2026-10-07T01:21:01.0738916Z       <Coroutine test_address_storage_disabled_hides_cells_and_rejects_place>
2026-10-07T01:21:01.0739247Z       <Coroutine test_empty_inbound_container_keeps_cell_after_map_reload[box]>
2026-10-07T01:21:01.0739598Z       <Coroutine test_empty_inbound_container_keeps_cell_after_map_reload[cargo_place]>
2026-10-07T01:21:01.0740089Z       <Coroutine test_map_shows_unposted_contents_of_unfinished_inbound_containers>
2026-10-07T01:21:01.0740458Z       <Coroutine test_map_shows_legacy_label_for_system_generated_inbound_box_barcode>
2026-10-07T01:21:01.0740708Z       <Function test_numbered_inbound_box_labels_only_for_imperiya>
2026-10-07T01:21:01.0741179Z       <Coroutine test_empty_container_can_be_taken_off_a_cell>
2026-10-07T01:21:01.0741461Z     <Module test_warehouse_structure_wave1.py>
2026-10-07T01:21:01.0741911Z       <Coroutine test_tenant_b_cannot_add_product_to_tenant_a_pallet_or_list_it>
2026-10-07T01:21:01.0742211Z       <Coroutine test_parallel_pallet_creation_reserves_distinct_codes>
2026-10-07T01:21:01.0742515Z       <Coroutine test_pallet_counter_continues_after_existing_legacy_code>
2026-10-07T01:21:01.0742812Z       <Coroutine test_same_product_same_cell_in_two_boxes_keeps_both_balance_rows>
2026-10-07T01:21:01.0743170Z       <Coroutine test_duplicate_loose_product_balance_in_one_cell_is_rejected>
2026-10-07T01:21:01.0743521Z       <Coroutine test_container_reference_requires_kind_and_id_together[box-None]>
2026-10-07T01:21:01.0743898Z       <Coroutine test_container_reference_requires_kind_and_id_together[None-container_id1]>
2026-10-07T01:21:01.0744164Z       <Coroutine test_service_refuses_to_take_stock_below_zero>
2026-10-07T01:21:01.0744408Z       <Coroutine test_confirmed_fbs_delivery_is_allowed_to_go_negative>
2026-10-07T01:21:01.0744819Z       <Coroutine test_two_concurrent_deductions_of_30_from_40_write_off_only_30>
2026-10-07T01:21:01.0745173Z       <Coroutine test_combine_and_disband_pallet_moves_contents_to_sorting_without_loss>
2026-10-07T01:21:01.0745490Z       <Coroutine test_warehouse_cargo_place_is_not_accepted_as_warehouse_box>
2026-10-07T01:21:01.0745798Z       <Coroutine test_cargo_place_accepts_products_and_returns_its_composition>
2026-10-07T01:21:01.0746180Z       <Coroutine test_inbound_document_and_container_free_text_are_persisted>
2026-10-07T01:21:01.0746349Z     <Module test_warehouses.py>
2026-10-07T01:21:01.0746676Z       <Function test_migration_does_not_promote_tenant_only_technical_warehouse>
2026-10-07T01:21:01.0746966Z       <Coroutine test_operational_warehouse_list_and_scan_resolver>
2026-10-07T01:21:01.0747239Z     <Module test_wb_card_enrichment.py>
2026-10-07T01:21:01.0747608Z       <Function test_subject_name_from_card>
2026-10-07T01:21:01.0747801Z       <Function test_collect_skus_from_card_sizes>
2026-10-07T01:21:01.0748165Z       <Function test_first_photo_url_priority>
2026-10-07T01:21:01.0748358Z       <Function test_primary_sku_display>
2026-10-07T01:21:01.0748630Z       <Function test_brand_from_card>
2026-10-07T01:21:01.0748840Z       <Function test_color_from_card_by_name>
2026-10-07T01:21:01.0749013Z       <Function test_composition_from_card>
2026-10-07T01:21:01.0749294Z       <Function test_country_of_origin_from_card_by_name>
2026-10-07T01:21:01.0749574Z       <Function test_country_of_origin_from_card_missing>
2026-10-07T01:21:01.0749814Z       <Function test_shelf_life_from_card_by_name>
2026-10-07T01:21:01.0750031Z       <Function test_shelf_life_from_card_missing>
2026-10-07T01:21:01.0750211Z       <Function test_size_from_card_for_barcode>
2026-10-07T01:21:01.0750418Z     <Module test_wb_card_enrichment_variants.py>
2026-10-07T01:21:01.0750710Z       <Function test_iter_size_variants_one_per_size>
2026-10-07T01:21:01.0751055Z       <Function test_iter_size_variants_keeps_all_barcodes_and_groups_same_chrt_id>
2026-10-07T01:21:01.0751320Z       <Function test_sku_code_suffix_for_multi_variant>
2026-10-07T01:21:01.0751494Z     <Module test_wb_catalog_schedule.py>
2026-10-07T01:21:01.0751797Z       <Function test_hourly_schedule_uses_existing_task_executor>
2026-10-07T01:21:01.0752150Z       <Coroutine test_connected_sellers_isolated_and_http_has_no_open_read_session>
2026-10-07T01:21:01.0752511Z       <Coroutine test_active_manual_job_skipped_then_terminal_job_allows_import[pending]>
2026-10-07T01:21:01.0752981Z       <Coroutine test_active_manual_job_skipped_then_terminal_job_allows_import[running]>
2026-10-07T01:21:01.0753295Z       <Coroutine test_disconnect_during_http_discards_response>
2026-10-07T01:21:01.0753659Z       <Coroutine test_scheduled_old_generation_cannot_overwrite_new_foreground_job>
2026-10-07T01:21:01.0753886Z     <Module test_wb_import_country_shelf_life.py>
2026-10-07T01:21:01.0754212Z       <Coroutine test_country_and_shelf_life_filled_when_card_has_them>
2026-10-07T01:21:01.0754516Z       <Coroutine test_country_and_shelf_life_stay_empty_when_card_lacks_them>
2026-10-07T01:21:01.0754879Z       <Coroutine test_reimport_does_not_overwrite_manually_entered_value>
2026-10-07T01:21:01.0755053Z     <Module test_wb_import_dimensions.py>
2026-10-07T01:21:01.0755391Z       <Coroutine test_import_leaves_dimensions_empty_when_card_has_no_dimensions>
2026-10-07T01:21:01.0755656Z       <Coroutine test_reimport_pulls_real_dimensions_over_stub>
2026-10-07T01:21:01.0756150Z       <Coroutine test_reimport_does_not_overwrite_real_dimensions>
2026-10-07T01:21:01.0756493Z       <Coroutine test_wb_import_preserves_manual_and_container_override_volume>
2026-10-07T01:21:01.0756865Z       <Coroutine test_dimension_history_keeps_one_active_version_with_audit_context>
2026-10-07T01:21:01.0757062Z     <Module test_wb_import_same_sku_two_sellers.py>
2026-10-07T01:21:01.0757341Z       <Coroutine test_same_vendor_and_size_imports_for_both_sellers>
2026-10-07T01:21:01.0757667Z       <Coroutine test_same_seller_same_sku_still_deduplicated>
2026-10-07T01:21:01.0758021Z     <Module test_wb_import_seller_isolation.py>
2026-10-07T01:21:01.0758318Z       <Coroutine test_wb_import_does_not_claim_orphan_product_by_sku>
2026-10-07T01:21:01.0758511Z     <Module test_wb_marketplace_orders_service.py>
2026-10-07T01:21:01.0758807Z       <Coroutine test_adoption_with_supplies_list_done_true>
2026-10-07T01:21:01.0759116Z       <Coroutine test_adoption_uses_supplies_dict_no_individual_fetch>
2026-10-07T01:21:01.0759432Z       <Coroutine test_supplies_list_failure_fallback_no_exception>
2026-10-07T01:21:01.0759688Z       <Coroutine test_supplies_pagination_merged_into_dict>
2026-10-07T01:21:01.0759895Z       <Coroutine test_supplies_page_always_sends_next_param>
2026-10-07T01:21:01.0760220Z       <Coroutine test_supplies_pagination_stops_on_empty_page>
2026-10-07T01:21:01.0760423Z     <Module test_wb_mp_warehouses.py>
2026-10-07T01:21:01.0760864Z       <Coroutine test_wb_mp_warehouses_lazy_sync_from_seller_content_token>
2026-10-07T01:21:01.0761151Z       <Coroutine test_wb_mp_warehouses_tries_content_after_supplies_fails>
2026-10-07T01:21:01.0761549Z       <Coroutine test_wb_mp_warehouses_tries_supplies_when_content_fails>
2026-10-07T01:21:01.0761731Z     <Module test_wb_order_price_snapshot.py>
2026-10-07T01:21:01.0761973Z       <Function test_exact_rub_kopecks[fields0-12345]>
2026-10-07T01:21:01.0762197Z       <Function test_exact_rub_kopecks[fields1-0]>
2026-10-07T01:21:01.0762503Z       <Function test_exact_rub_kopecks[fields2-99999999999999999]>
2026-10-07T01:21:01.0762754Z       <Function test_exact_rub_kopecks[fields3-12345]>
2026-10-07T01:21:01.0762950Z       <Function test_exact_rub_kopecks[fields4-12345]>
2026-10-07T01:21:01.0763180Z       <Function test_exact_rub_kopecks[fields5-12345]>
2026-10-07T01:21:01.0763509Z       <Function test_invalid_price_is_a_typed_error[fields0-missing_rub_final_price]>
2026-10-07T01:21:01.0763942Z       <Function test_invalid_price_is_a_typed_error[fields1-missing_rub_final_price]>
2026-10-07T01:21:01.0764279Z       <Function test_invalid_price_is_a_typed_error[fields2-missing_rub_final_price]>
2026-10-07T01:21:01.0764579Z       <Function test_invalid_price_is_a_typed_error[fields3-missing_rub_final_price]>
2026-10-07T01:21:01.0764914Z       <Function test_invalid_price_is_a_typed_error[fields4-rub_price_out_of_range]>
2026-10-07T01:21:01.0765274Z       <Function test_invalid_price_is_a_typed_error[fields5-rub_price_out_of_range]>
2026-10-07T01:21:01.0765611Z       <Function test_invalid_price_is_a_typed_error[fields6-invalid_rub_price]>
2026-10-07T01:21:01.0766038Z       <Function test_invalid_price_is_a_typed_error[fields7-invalid_rub_price]>
2026-10-07T01:21:01.0766361Z       <Function test_invalid_price_is_a_typed_error[fields8-invalid_rub_price]>
2026-10-07T01:21:01.0766653Z       <Function test_invalid_price_is_a_typed_error[fields9-conflicting_rub_prices]>
2026-10-07T01:21:01.0767089Z       <Function test_invalid_price_is_a_typed_error[fields10-rub_price_out_of_range]>
2026-10-07T01:21:01.0767389Z       <Coroutine test_import_update_persists_versions_and_deduplicates>
2026-10-07T01:21:01.0767610Z       <Coroutine test_orm_cannot_delete_snapshot>
2026-10-07T01:21:01.0768061Z       <Function test_migrated_database_retains_snapshot_and_parent_until_downgrade>
2026-10-07T01:21:01.0768369Z       <Coroutine test_missing_and_bad_fields_never_use_legacy_price>
2026-10-07T01:21:01.0768670Z       <Coroutine test_partial_new_feed_preserves_snapshot_and_scope>
2026-10-07T01:21:01.0769041Z       <Coroutine test_imported_price_cases_survive_reload[fields0-99999999999999999-None]>
2026-10-07T01:21:01.0769345Z       <Coroutine test_imported_price_cases_survive_reload[fields1-0-None]>
2026-10-07T01:21:01.0769723Z       <Coroutine test_imported_price_cases_survive_reload[fields2-16005-None]>
2026-10-07T01:21:01.0770130Z       <Coroutine test_imported_price_cases_survive_reload[fields3-None-missing_rub_final_price]>
2026-10-07T01:21:01.0770491Z       <Coroutine test_imported_price_cases_survive_reload[fields4-None-conflicting_rub_prices]>
2026-10-07T01:21:01.0770768Z       <Coroutine test_concurrent_capture_serializes_one_revision>
2026-10-07T01:21:01.0771075Z       <Coroutine test_existing_orders_backfill_uses_real_paginated_30_day_feed>
2026-10-07T01:21:01.0771356Z     <Module test_wildberries_cards_sync_job.py>
2026-10-07T01:21:01.0771590Z       <Coroutine test_wb_cards_sync_job_happy_path[0]>
2026-10-07T01:21:01.0771785Z       <Coroutine test_wb_cards_sync_job_happy_path[2]>
2026-10-07T01:21:01.0772058Z       <Coroutine test_wb_cards_sync_job_happy_path[200]>
2026-10-07T01:21:01.0772330Z       <Coroutine test_wb_cards_sync_job_happy_path[205]>
2026-10-07T01:21:01.0772671Z       <Coroutine test_wb_cards_sync_job_fails_without_content_token>
2026-10-07T01:21:01.0772912Z       <Coroutine test_wb_cards_sync_start_validation>
2026-10-07T01:21:01.0773330Z       <Coroutine test_wb_full_import_does_not_save_incomplete_fetch[cards-repeat-wb_pagination_stalled]>
2026-10-07T01:21:01.0773849Z       <Coroutine test_wb_full_import_does_not_save_incomplete_fetch[cards-missing_cursor-wb_invalid_response]>
2026-10-07T01:21:01.0774321Z       <Coroutine test_wb_full_import_does_not_save_incomplete_fetch[cards-http-wb_upstream_error_429]>
2026-10-07T01:21:01.0774757Z       <Coroutine test_wb_full_import_does_not_save_incomplete_fetch[supplies-repeat-wb_pagination_stalled]>
2026-10-07T01:21:01.0775212Z       <Coroutine test_wb_full_import_does_not_save_incomplete_fetch[supplies-http-wb_upstream_error_429]>
2026-10-07T01:21:01.0775405Z     <Module test_wildberries_client.py>
2026-10-07T01:21:01.0775753Z       <Coroutine test_fetch_cards_list_uses_post_and_returns_json>
2026-10-07T01:21:01.0775954Z       <Coroutine test_fetch_cards_list_upstream_error>
2026-10-07T01:21:01.0776188Z       <Coroutine test_fetch_cards_list_invalid_json[]>
2026-10-07T01:21:01.0776494Z       <Coroutine test_fetch_cards_list_invalid_json[<html>not json</html>]>
2026-10-07T01:21:01.0776759Z       <Coroutine test_fetch_supplies_list_e2e_stub>
2026-10-07T01:21:01.0776992Z       <Coroutine test_fetch_cards_list_e2e_stub>
2026-10-07T01:21:01.0777294Z       <Coroutine test_fetch_marketplace_orders_page_first_request_sends_next_zero>
2026-10-07T01:21:01.0777634Z       <Function test_build_marketplace_order_meta_put_body_official_shapes>
2026-10-07T01:21:01.0778154Z       <Coroutine test_put_marketplace_order_meta_uses_kind_specific_payload>
2026-10-07T01:21:01.0786668Z     <Module test_wildberries_client_trbx_delete_mock.py>
2026-10-07T01:21:01.0786912Z       <Coroutine test_mock_trbx_delete_removes_only_requested_ids>
2026-10-07T01:21:01.0787264Z     <Module test_wildberries_imported_cards_api.py>
2026-10-07T01:21:01.0787471Z       <Coroutine test_wb_imported_cards_get_requires_auth>
2026-10-07T01:21:01.0787657Z       <Coroutine test_wb_imported_cards_not_found_seller>
2026-10-07T01:21:01.0787847Z       <Coroutine test_wb_imported_cards_empty_for_new_seller>
2026-10-07T01:21:01.0788245Z     <Module test_wildberries_legacy_old_mark.py>
2026-10-07T01:21:01.0788464Z       <Coroutine test_multi_size_sync_marks_legacy_product_old>
2026-10-07T01:21:01.0788652Z     <Module test_wildberries_marketplace_fbs_client.py>
2026-10-07T01:21:01.0788816Z       <Function test_openapi_reference_date_is_set>
2026-10-07T01:21:01.0789475Z       <Function test_known_wb_operator_messages_are_translated[Supply not found-\u043d\u0435 \u043d\u0430\u0448\u0451\u043b \u044d\u0442\u0443 \u043f\u043e\u0441\u0442\u0430\u0432\u043a\u0443]>
2026-10-07T01:21:01.0790107Z       <Function test_known_wb_operator_messages_are_translated[fix them to dispatch items-\u043f\u0440\u043e\u0441\u0438\u0442 \u0438\u0441\u043f\u0440\u0430\u0432\u0438\u0442\u044c]>
2026-10-07T01:21:01.0790979Z       <Function test_known_wb_operator_messages_are_translated[MetaValidationFail: uinBadStatus-\u043e\u0442\u043a\u043b\u043e\u043d\u0438\u043b \u0434\u0430\u043d\u043d\u044b\u0435 \u043c\u0430\u0440\u043a\u0438\u0440\u043e\u0432\u043a\u0438]>
2026-10-07T01:21:01.0791908Z       <Function test_known_wb_operator_messages_are_translated[mandatory mark is required-\u0442\u0440\u0435\u0431\u0443\u0435\u0442 \u043e\u0431\u044f\u0437\u0430\u0442\u0435\u043b\u044c\u043d\u0443\u044e \u043c\u0430\u0440\u043a\u0438\u0440\u043e\u0432\u043a\u0443]>
2026-10-07T01:21:01.0792174Z       <Function test_wb_response_body_uses_translation_instead_of_raw_english>
2026-10-07T01:21:01.0792409Z       <Coroutine test_add_orders_to_supply_batch_exact_contract_and_204>
2026-10-07T01:21:01.0792637Z       <Coroutine test_fetch_supply_order_ids_exact_contract_and_parse>
2026-10-07T01:21:01.0792866Z       <Coroutine test_fetch_orders_meta_batch_exact_contract_and_parse>
2026-10-07T01:21:01.0793135Z       <Coroutine test_fetch_orders_meta_batch_retries_429_once_after_retry_after>
2026-10-07T01:21:01.0793381Z       <Coroutine test_fetch_orders_meta_batch_honors_retry_after_http_date>
2026-10-07T01:21:01.0793613Z       <Coroutine test_fetch_orders_meta_batch_mock_returns_meta_details>
2026-10-07T01:21:01.0794004Z       <Coroutine test_fetch_orders_meta_batch_does_not_retry_other_errors[400]>
2026-10-07T01:21:01.0794251Z       <Coroutine test_fetch_orders_meta_batch_does_not_retry_other_errors[500]>
2026-10-07T01:21:01.0794580Z       <Coroutine test_fetch_orders_meta_batch_rejects_malformed_response_after_single_429_retry>
2026-10-07T01:21:01.0794783Z       <Coroutine test_delete_order_meta_exact_contract_and_204>
2026-10-07T01:21:01.0794978Z       <Coroutine test_fetch_trbx_list_and_delete_trbx_contract>
2026-10-07T01:21:01.0795141Z       <Coroutine test_fetch_supply_details_parse>
2026-10-07T01:21:01.0795359Z       <Function test_split_marketplace_order_id_batches_101_items>
2026-10-07T01:21:01.0795562Z       <Coroutine test_add_orders_rejects_101_items_before_network>
2026-10-07T01:21:01.0795790Z       <Coroutine test_deliver_supply_parses_meta_validation_fail_409>
2026-10-07T01:21:01.0795963Z       <Coroutine test_deliver_supply_transport_error>
2026-10-07T01:21:01.0796174Z       <Coroutine test_deliver_supply_429_single_request_no_retry>
2026-10-07T01:21:01.0796417Z       <Coroutine test_deliver_supply_409_meta_fail_single_request_no_retry>
2026-10-07T01:21:01.0796663Z       <Function test_wb_meta_validation_is_parsed_from_nested_data_envelope>
2026-10-07T01:21:01.0796870Z     <Module test_wildberries_marketplace_stocks_client.py>
2026-10-07T01:21:01.0797121Z       <Coroutine test_put_marketplace_stocks_exact_contract_and_204_empty>
2026-10-07T01:21:01.0797354Z       <Coroutine test_fetch_marketplace_stocks_exact_contract_and_parse>
2026-10-07T01:21:01.0797564Z       <Function test_split_marketplace_stocks_batches_1001_items>
2026-10-07T01:21:01.0798056Z       <Coroutine test_put_marketplace_stocks_rejects_1001_items_before_network>
2026-10-07T01:21:01.0798287Z       <Coroutine test_put_then_readback_returns_matching_amounts>
2026-10-07T01:21:01.0798633Z       <Coroutine test_fetch_marketplace_stocks_malformed_readback_fails[response_json0-duplicate]>
2026-10-07T01:21:01.0798973Z       <Coroutine test_fetch_marketplace_stocks_malformed_readback_fails[response_json1-string_id]>
2026-10-07T01:21:01.0799327Z       <Coroutine test_fetch_marketplace_stocks_malformed_readback_fails[response_json2-string_amount]>
2026-10-07T01:21:01.0799654Z       <Coroutine test_fetch_marketplace_stocks_malformed_readback_fails[response_json3-zero_id]>
2026-10-07T01:21:01.0800010Z       <Coroutine test_fetch_marketplace_stocks_malformed_readback_fails[response_json4-negative_amount]>
2026-10-07T01:21:01.0800388Z       <Coroutine test_fetch_marketplace_stocks_malformed_readback_fails[response_json5-missing_stocks_key]>
2026-10-07T01:21:01.0800751Z       <Coroutine test_fetch_marketplace_stocks_malformed_readback_fails[response_json6-stocks_not_list]>
2026-10-07T01:21:01.0800964Z       <Coroutine test_put_marketplace_stocks_upstream_error[401]>
2026-10-07T01:21:01.0801172Z       <Coroutine test_put_marketplace_stocks_upstream_error[409]>
2026-10-07T01:21:01.0801376Z       <Coroutine test_put_marketplace_stocks_upstream_error[429]>
2026-10-07T01:21:01.0801575Z       <Coroutine test_fetch_marketplace_stocks_transport_error>
2026-10-07T01:21:01.0801912Z       <Coroutine test_marketplace_stocks_validation_before_network[stocks0-None-invalid_request]>
2026-10-07T01:21:01.0802296Z       <Coroutine test_marketplace_stocks_validation_before_network[None-chrt_ids1-invalid_request]>
2026-10-07T01:21:01.0802627Z       <Coroutine test_marketplace_stocks_validation_before_network[stocks2-None-invalid_request]>
2026-10-07T01:21:01.0802954Z       <Coroutine test_marketplace_stocks_validation_before_network[stocks3-None-invalid_request]>
2026-10-07T01:21:01.0803277Z       <Coroutine test_marketplace_stocks_validation_before_network[stocks4-None-invalid_request]>
2026-10-07T01:21:01.0803613Z       <Coroutine test_marketplace_stocks_validation_before_network[None-chrt_ids5-invalid_request]>
2026-10-07T01:21:01.0803951Z       <Coroutine test_marketplace_stocks_validation_before_network[None-chrt_ids6-invalid_request]>
2026-10-07T01:21:01.0804257Z     <Module test_wildberries_product_import_sizes.py>
2026-10-07T01:21:01.0804445Z       <Coroutine test_self_sync_creates_product_per_size>
2026-10-07T01:21:01.0804805Z       <Coroutine test_self_content_token_skips_packhub_duplicate_sku_conflict_idempotently[merged_size]>
2026-10-07T01:21:01.0805167Z       <Coroutine test_self_content_token_skips_packhub_duplicate_sku_conflict_idempotently[swapped_sizes]>
2026-10-07T01:21:01.0805332Z     <Module test_wildberries_product_link_api.py>
2026-10-07T01:21:01.0805488Z       <Coroutine test_link_product_to_wb_card>
2026-10-07T01:21:01.0805667Z       <Coroutine test_link_product_wb_card_not_found>
2026-10-07T01:21:01.0805843Z     <Module test_wildberries_products_full_sync.py>
2026-10-07T01:21:01.0806146Z       <Coroutine test_products_import_all_pages_then_existing_order_maps_and_reserves_once>
2026-10-07T01:21:01.0806356Z       <Coroutine test_products_sync_rejects_partial_page_fetch>
2026-10-07T01:21:01.0806510Z     <Module test_wildberries_status_api.py>
2026-10-07T01:21:01.0806687Z       <Coroutine test_wildberries_status_requires_auth>
2026-10-07T01:21:01.0806891Z       <Coroutine test_wildberries_status_forbidden_for_seller>
2026-10-07T01:21:01.0807058Z       <Coroutine test_wildberries_status_returns_bases>
2026-10-07T01:21:01.0807229Z     <Module test_wildberries_supplies_sync_job.py>
2026-10-07T01:21:01.0807413Z       <Coroutine test_wb_supplies_sync_job_happy_path[0]>
2026-10-07T01:21:01.0807591Z       <Coroutine test_wb_supplies_sync_job_happy_path[2]>
2026-10-07T01:21:01.0807776Z       <Coroutine test_wb_supplies_sync_job_happy_path[200]>
2026-10-07T01:21:01.0808201Z       <Coroutine test_wb_supplies_sync_job_happy_path[205]>
2026-10-07T01:21:01.0808399Z       <Coroutine test_wb_supplies_sync_fails_without_token>
2026-10-07T01:21:01.0808551Z     <Module test_wildberries_tokens_api.py>
2026-10-07T01:21:01.0808712Z       <Coroutine test_wb_tokens_get_requires_auth>
2026-10-07T01:21:01.0808887Z       <Coroutine test_wb_tokens_forbidden_for_seller>
2026-10-07T01:21:01.0809081Z       <Coroutine test_wb_tokens_patch_get_roundtrip_and_clear>
2026-10-07T01:21:01.0809330Z       <Coroutine test_seller_single_wb_key_also_enables_marketplace_token>
2026-10-07T01:21:01.0809610Z       <Coroutine test_self_content_token_does_not_enable_marketplace_without_scope>
2026-10-07T01:21:01.0809919Z       <Coroutine test_self_content_token_keeps_200_when_marketplace_validation_unavailable>
2026-10-07T01:21:01.0810215Z       <Coroutine test_self_content_token_returns_failed_job_when_task_registration_fails>
2026-10-07T01:21:01.0810461Z       <Coroutine test_self_content_token_reports_background_import_failure>
2026-10-07T01:21:01.0810716Z       <Coroutine test_self_content_token_maps_invalid_wb_json_to_bad_gateway>
2026-10-07T01:21:01.0810876Z       <Coroutine test_wb_tokens_patch_validation>
2026-10-07T01:21:01.0811033Z       <Coroutine test_wb_tokens_seller_not_found>
2026-10-07T01:21:01.0811392Z       <Coroutine test_self_content_token_failed_marketplace_check_preserves_existing_marketplace_token>
2026-10-07T01:21:01.0811675Z       <Coroutine test_legacy_content_only_credentials_still_serve_marketplace_calls>
2026-10-07T01:21:01.0811810Z     <Module test_withdrawal_access.py>
2026-10-07T01:21:01.0812032Z       <Function test_c1_invalid_configuration_closes_entire_list[]>
2026-10-07T01:21:01.0812254Z       <Function test_c1_invalid_configuration_closes_entire_list[,]>
2026-10-07T01:21:01.0812512Z       <Function test_c1_invalid_configuration_closes_entire_list[,not-a-uuid]>
2026-10-07T01:21:01.0812734Z       <Function test_c1_invalid_configuration_closes_entire_list[,*]>
2026-10-07T01:21:01.0812949Z       <Function test_c1_invalid_configuration_closes_entire_list[, ]>
2026-10-07T01:21:01.0813184Z       <Function test_c1_invalid_configuration_closes_entire_list[,null]>
2026-10-07T01:21:01.0813399Z       <Function test_c2_exact_uuid_only_and_settings_default_closed>
2026-10-07T01:21:01.0813639Z       <Coroutine test_c1_c3_every_endpoint_denies_before_runtime_or_ledger>
2026-10-07T01:21:01.0814008Z       <Coroutine test_c2_c4_capability_follows_real_delegated_seller_switch>
2026-10-07T01:21:01.0814217Z       <Coroutine test_c2_c5_allowed_registry_and_idempotent_create>
2026-10-07T01:21:01.0814502Z       <Coroutine test_c6_denied_documents_never_claimed_or_mutated[pending_signature]>
2026-10-07T01:21:01.0814770Z       <Coroutine test_c6_denied_documents_never_claimed_or_mutated[submitting]>
2026-10-07T01:21:01.0815036Z       <Coroutine test_c6_denied_documents_never_claimed_or_mutated[reconciling]>
2026-10-07T01:21:01.0815295Z       <Coroutine test_c6_denied_documents_never_claimed_or_mutated[submitted]>
2026-10-07T01:21:01.0815543Z       <Coroutine test_c6_revoked_seller_cannot_execute_or_apply_held_recovery>
2026-10-07T01:21:01.0815759Z       <Coroutine test_c7_master_gate_blocks_create_retry_and_worker>
2026-10-07T01:21:01.0816005Z       <Function test_c10_frontend_contains_no_rollout_identity_or_allowlist>
2026-10-07T01:21:01.0816251Z       <Function test_c10_compose_processes_share_default_closed_allowlist>
2026-10-07T01:21:01.0816391Z     <Module test_withdrawal_ledger.py>
2026-10-07T01:21:01.0816588Z       <Coroutine test_registry_server_scope_and_moscow_date>
2026-10-07T01:21:01.0816822Z       <Coroutine test_create_reload_and_overlap_resume_without_duplicate>
2026-10-07T01:21:01.0817039Z       <Coroutine test_unshipped_and_forged_selection_is_rejected>
2026-10-07T01:21:01.0817284Z       <Coroutine test_price_less_order_feed_keeps_price_sent_with_new_order>
2026-10-07T01:21:01.0817512Z       <Coroutine test_registry_missing_price_is_an_actual_local_error>
2026-10-07T01:21:01.0817842Z       <Coroutine test_partial_success_survives_neighbour_failure_and_retry>
2026-10-07T01:21:01.0818398Z       <Coroutine test_possible_duplicate_incident_cannot_disappear_on_later_read>
2026-10-07T01:21:01.0818620Z       <Coroutine test_retry_retains_old_price_error_and_new_attempt>
2026-10-07T01:21:01.0818950Z       <Coroutine test_only_checked_ok_is_success_and_errors_survive_reload[CHECKED_OK-succeeded]>
2026-10-07T01:21:01.0819283Z       <Coroutine test_only_checked_ok_is_success_and_errors_survive_reload[CHECKED_NOT_OK-failed]>
2026-10-07T01:21:01.0819602Z       <Coroutine test_only_checked_ok_is_success_and_errors_survive_reload[PARSE_ERROR-failed]>
2026-10-07T01:21:01.0819940Z       <Coroutine test_only_checked_ok_is_success_and_errors_survive_reload[PROCESSING_ERROR-failed]>
2026-10-07T01:21:01.0820260Z       <Coroutine test_only_checked_ok_is_success_and_errors_survive_reload[IN_PROGRESS-submitted]>
2026-10-07T01:21:01.0820642Z       <Coroutine test_only_checked_ok_is_success_and_errors_survive_reload[WAIT_FOR_CONTINUATION-submitted]>
2026-10-07T01:21:01.0820970Z       <Coroutine test_only_checked_ok_is_success_and_errors_survive_reload[UNDEFINED-reconciling]>
2026-10-07T01:21:01.0821296Z       <Coroutine test_only_checked_ok_is_success_and_errors_survive_reload[ACCEPTED-reconciling]>
2026-10-07T01:21:01.0821623Z       <Coroutine test_only_checked_ok_is_success_and_errors_survive_reload[NEW_STATUS-reconciling]>
2026-10-07T01:21:01.0821854Z       <Coroutine test_create_reject_vs_uncertain_keeps_exact_body[400]>
2026-10-07T01:21:01.0822082Z       <Coroutine test_create_reject_vs_uncertain_keeps_exact_body[401]>
2026-10-07T01:21:01.0822307Z       <Coroutine test_create_reject_vs_uncertain_keeps_exact_body[403]>
2026-10-07T01:21:01.0822529Z       <Coroutine test_create_reject_vs_uncertain_keeps_exact_body[422]>
2026-10-07T01:21:01.0822749Z       <Coroutine test_create_reject_vs_uncertain_keeps_exact_body[500]>
2026-10-07T01:21:01.0822971Z       <Coroutine test_create_reject_vs_uncertain_keeps_exact_body[503]>
2026-10-07T01:21:01.0823201Z       <Coroutine test_create_reject_vs_uncertain_keeps_exact_body[None]>
2026-10-07T01:21:01.0823426Z       <Coroutine test_lost_create_read_reconciliation_never_posts[0]>
2026-10-07T01:21:01.0823647Z       <Coroutine test_lost_create_read_reconciliation_never_posts[1]>
2026-10-07T01:21:01.0823869Z       <Coroutine test_lost_create_read_reconciliation_never_posts[2]>
2026-10-07T01:21:01.0824189Z       <Coroutine test_lease_fencing_and_restart_recovery>
2026-10-07T01:21:01.0824448Z       <Coroutine test_token_expiry_invalidates_secret_without_terminal_failure>
2026-10-07T01:21:01.0824705Z       <Function test_semantic_reconciliation_requires_exact_cis_cost_and_mod>
2026-10-07T01:21:01.0824869Z       <Coroutine test_payload_cannot_be_replaced>
2026-10-07T01:21:01.0825043Z       <Coroutine test_database_prevents_second_claim>
2026-10-07T01:21:01.0825273Z       <Coroutine test_database_rejects_cross_seller_document_item_link>
2026-10-07T01:21:01.0825521Z       <Coroutine test_fk_session_stays_enabled_after_commits_and_pool_growth>
2026-10-07T01:21:01.0825771Z       <Coroutine test_api_gates_signatures_scopes_and_never_returns_tokens>
2026-10-07T01:21:01.0826059Z       <Coroutine test_self_boundary_enforces_seller_role_and_honest_sign_permission>
2026-10-07T01:21:01.0826321Z       <Coroutine test_observation_orm_rejects_update_and_delete[response_body]>
2026-10-07T01:21:01.0826574Z       <Coroutine test_observation_orm_rejects_update_and_delete[incident]>
2026-10-07T01:21:01.0826852Z       <Coroutine test_observation_orm_rejects_update_and_delete[reconciliation_ids]>
2026-10-07T01:21:01.0827092Z       <Coroutine test_observation_orm_rejects_update_and_delete[delete]>
2026-10-07T01:21:01.0827332Z       <Function test_migration_upgrade_and_downgrade_match_ledger_schema>
2026-10-07T01:21:01.0827581Z       <Function test_postgresql_migration_renders_audit_guards_and_cleanup>
2026-10-07T01:21:01.0827838Z       <Coroutine test_postgresql_concurrent_clicks_share_one_operation[True]>
2026-10-07T01:21:01.0828340Z       <Coroutine test_postgresql_concurrent_clicks_share_one_operation[False]>
2026-10-07T01:21:01.0828506Z     <Module test_withdrawal_orchestration.py>
2026-10-07T01:21:01.0828774Z       <Function test_external_mod_exact_cardinality[rows0-external_mod_missing]>
2026-10-07T01:21:01.0829035Z       <Function test_external_mod_exact_cardinality[rows1-external_mod_missing]>
2026-10-07T01:21:01.0829300Z       <Function test_external_mod_exact_cardinality[rows2-external_mod_missing]>
2026-10-07T01:21:01.0829555Z       <Function test_external_mod_exact_cardinality[rows3-external_mod_missing]>
2026-10-07T01:21:01.0829820Z       <Function test_external_mod_exact_cardinality[rows4-external_mod_ambiguous]>
2026-10-07T01:21:01.0830084Z       <Function test_external_mod_exact_cardinality[rows5-external_mod_ambiguous]>
2026-10-07T01:21:01.0830302Z       <Function test_external_mod_unique_valid_scope_and_ip_rules>
2026-10-07T01:21:01.0830676Z       <Function test_traceability_requires_explicit_versioned_mode[None-None-traceability_mode_unknown]>
2026-10-07T01:21:01.0830967Z       <Function test_traceability_requires_explicit_versioned_mode[started-None-None]>
2026-10-07T01:21:01.0831286Z       <Function test_traceability_requires_explicit_versioned_mode[started-CONNECT_TAP-None]>
2026-10-07T01:21:01.0831649Z       <Function test_traceability_requires_explicit_versioned_mode[started-OTHER-cis_status_not_allowed]>
2026-10-07T01:21:01.0831967Z       <Function test_traceability_requires_explicit_versioned_mode[not_started-OTHER-None]>
2026-10-07T01:21:01.0832380Z       <Function test_traceability_requires_explicit_versioned_mode[not_started-MOVING_BY_UD-cis_status_not_allowed]>
2026-10-07T01:21:01.0832609Z       <Function test_builder_group_split_exact_bytes_and_moscow_date>
2026-10-07T01:21:01.0832832Z       <Coroutine test_emulator_sign_submit_recover_once[None-False]>
2026-10-07T01:21:01.0833043Z       <Coroutine test_emulator_sign_submit_recover_once[None-True]>
2026-10-07T01:21:01.0833279Z       <Coroutine test_emulator_sign_submit_recover_once[expired-False]>
2026-10-07T01:21:01.0833506Z       <Coroutine test_emulator_sign_submit_recover_once[expired-True]>
2026-10-07T01:21:01.0833717Z       <Coroutine test_emulator_sign_submit_recover_once[401-False]>
2026-10-07T01:21:01.0833929Z       <Coroutine test_emulator_sign_submit_recover_once[401-True]>
2026-10-07T01:21:01.0834241Z       <Coroutine test_missing_mod_retry_and_evidence_scope>
2026-10-07T01:21:01.0834380Z     <Module test_withdrawal_readiness.py>
2026-10-07T01:21:01.0834631Z       <Function test_versioned_official_traceability_has_no_invented_dates>
2026-10-07T01:21:01.0834862Z       <Function test_provider_ki_preserves_original_and_projects_gs1[]>
2026-10-07T01:21:01.0835244Z       <Function test_provider_ki_preserves_original_and_projects_gs1[\x1d91fixture\x1d92cryptographic-data]>
2026-10-07T01:21:01.0835465Z       <Function test_ambiguous_provider_codes_fail_before_http[bad]>
2026-10-07T01:21:01.0835732Z       <Function test_ambiguous_provider_codes_fail_before_http[010460123456789021]>
2026-10-07T01:21:01.0836069Z       <Function test_ambiguous_provider_codes_fail_before_http[010460123456789021abc\x1d10batch]>
2026-10-07T01:21:01.0836370Z       <Function test_ambiguous_provider_codes_fail_before_http[010460123456789021abc\x1d92]>
2026-10-07T01:21:01.0836653Z       <Function test_ambiguous_provider_codes_fail_before_http[010460123456789021abc\n]>
2026-10-07T01:21:01.0836910Z       <Coroutine test_auth_provider_error_fields_survive_without_tokens[200]>
2026-10-07T01:21:01.0837152Z       <Coroutine test_auth_provider_error_fields_survive_without_tokens[400]>
2026-10-07T01:21:01.0837397Z       <Coroutine test_auth_provider_error_fields_survive_without_tokens[401]>
2026-10-07T01:21:01.0837640Z       <Coroutine test_auth_provider_error_fields_survive_without_tokens[403]>
2026-10-07T01:21:01.0837993Z       <Coroutine test_auth_provider_error_fields_survive_without_tokens[422]>
2026-10-07T01:21:01.0838244Z       <Coroutine test_auth_provider_error_fields_survive_without_tokens[429]>
2026-10-07T01:21:01.0838619Z       <Coroutine test_auth_provider_error_fields_survive_without_tokens[500]>
2026-10-07T01:21:01.0838865Z       <Coroutine test_auth_provider_error_fields_survive_without_tokens[503]>
2026-10-07T01:21:01.0839114Z       <Coroutine test_retry_after_defers_shared_participant_without_replay>
2026-10-07T01:21:01.0839370Z       <Function test_postgresql_real_migration_guards_and_downgrade_cleanup>
2026-10-07T01:21:01.0839610Z       <Function test_deployment_roles_share_image_and_safe_configuration>
2026-10-07T01:21:01.0839894Z       <Function test_official_contract_fixture_manifest_is_linked_to_executable_tests>
2026-10-07T01:21:01.0840106Z       <Coroutine test_postgresql_recovery_skips_a_locked_document>
2026-10-07T01:21:01.0840335Z       <Coroutine test_old_401_cannot_clear_new_reauthenticated_session>
2026-10-07T01:21:01.0840619Z       <Coroutine test_sign_in_always_sends_server_inn_and_obeys_crpt_expiry[7701234567]>
2026-10-07T01:21:01.0840916Z       <Coroutine test_sign_in_always_sends_server_inn_and_obeys_crpt_expiry[123456789012]>
2026-10-07T01:21:01.0841213Z       <Coroutine test_same_provider_ki_with_different_crypto_tail_cannot_be_claimed_twice>
2026-10-07T01:21:01.0841368Z     <Module test_withdrawal_review_fixes.py>
2026-10-07T01:21:01.0841643Z       <Coroutine test_production_gate_blocks_submit_but_does_not_block_read_recovery>
2026-10-07T01:21:01.0841834Z       <Function test_no_persistent_mod_registry_or_api>
2026-10-07T01:21:01.0842554Z       <Coroutine test_terminal_reject_projects_provider_fields_and_preserves_raw[errors0-None-E42-\u0424\u0430\u043a\u0442\u0438\u0447\u0435\u0441\u043a\u0430\u044f \u043e\u0448\u0438\u0431\u043a\u0430]>
2026-10-07T01:21:01.0843136Z       <Coroutine test_terminal_reject_projects_provider_fields_and_preserves_raw[errors1-common1-INTRO_ERROR-\u041e\u0448\u0438\u0431\u043a\u0430 \u0427\u0417]>
2026-10-07T01:21:01.0843674Z       <Coroutine test_terminal_reject_projects_provider_fields_and_preserves_raw[errors2-None-29-\u041d\u0435\u0432\u0435\u0440\u043d\u044b\u0439 JSON]>
2026-10-07T01:21:01.0843915Z       <Coroutine test_mod_pages_require_stable_exact_total[pages0-True]>
2026-10-07T01:21:01.0844141Z       <Coroutine test_mod_pages_require_stable_exact_total[pages1-True]>
2026-10-07T01:21:01.0844376Z       <Coroutine test_mod_pages_require_stable_exact_total[pages2-False]>
2026-10-07T01:21:01.0844751Z       <Coroutine test_mod_pages_require_stable_exact_total[pages3-False]>
2026-10-07T01:21:01.0844982Z       <Coroutine test_mod_pages_require_stable_exact_total[pages4-False]>
2026-10-07T01:21:01.0845211Z       <Coroutine test_mod_pages_require_stable_exact_total[pages5-False]>
2026-10-07T01:21:01.0845435Z       <Coroutine test_mod_pages_require_stable_exact_total[pages6-False]>
2026-10-07T01:21:01.0845663Z       <Coroutine test_mod_pages_require_stable_exact_total[pages7-False]>
2026-10-07T01:21:01.0845808Z     <Module test_withdrawal_row_status.py>
2026-10-07T01:21:01.0846167Z       <Function test_project_item_status_covers_the_full_state_machine[None-None-False-not_withdrawn]>
2026-10-07T01:21:01.0846534Z       <Function test_project_item_status_covers_the_full_state_machine[pending-None-False-not_withdrawn]>
2026-10-07T01:21:01.0846954Z       <Function test_project_item_status_covers_the_full_state_machine[pending-pending_signature-False-not_withdrawn]>
2026-10-07T01:21:01.0847363Z       <Function test_project_item_status_covers_the_full_state_machine[pending-pending_signature-True-transferring]>
2026-10-07T01:21:01.0847752Z       <Function test_project_item_status_covers_the_full_state_machine[pending-submitting-True-transferring]>
2026-10-07T01:21:01.0848251Z       <Function test_project_item_status_covers_the_full_state_machine[pending-submitted-True-awaiting_crpt]>
2026-10-07T01:21:01.0848646Z       <Function test_project_item_status_covers_the_full_state_machine[pending-reconciling-True-awaiting_crpt]>
2026-10-07T01:21:01.0849022Z       <Function test_project_item_status_covers_the_full_state_machine[pending-succeeded-True-transferring]>
2026-10-07T01:21:01.0849535Z       <Function test_project_item_status_covers_the_full_state_machine[pending-failed-True-transferring]>
2026-10-07T01:21:01.0849924Z       <Function test_project_item_status_covers_the_full_state_machine[succeeded-succeeded-True-withdrawn]>
2026-10-07T01:21:01.0850265Z       <Function test_project_item_status_covers_the_full_state_machine[failed-failed-True-error]>
2026-10-07T01:21:01.0850506Z       <Coroutine test_registry_projects_signed_pending_as_transferring>
2026-10-07T01:21:01.0850798Z       <Coroutine test_registry_marks_in_flight_row_as_resumable_only_when_token_expired>
2026-10-07T01:21:01.0851075Z       <Coroutine test_registry_sql_does_not_select_exact_payload_or_signature_value>
2026-10-07T01:21:01.0851216Z     <Module test_withdrawal_wms563.py>
2026-10-07T01:21:01.0851428Z       <Coroutine test_registry_accepts_page_size_from_query_string>
2026-10-07T01:21:01.0851647Z       <Coroutine test_create_accepts_selection_larger_than_one_page>
2026-10-07T01:21:01.0851811Z     <Module test_wms056_receiving_tare_audit.py>
2026-10-07T01:21:01.0852097Z       <Coroutine test_box_line_removal_writes_audit_row_with_actor_and_qty_before_after>
2026-10-07T01:21:01.0852304Z       <Coroutine test_cargo_place_line_removal_writes_audit_row>
2026-10-07T01:21:01.0852452Z     <Module test_wms058_pick_availability.py>
2026-10-07T01:21:01.0852711Z       <Coroutine test_two_wb_supplies_cannot_assign_same_physical_unit[loose]>
2026-10-07T01:21:01.0852958Z       <Coroutine test_two_wb_supplies_cannot_assign_same_physical_unit[box]>
2026-10-07T01:21:01.0853216Z       <Coroutine test_two_wb_supplies_cannot_assign_same_physical_unit[sorting]>
2026-10-07T01:21:01.0853483Z       <Coroutine test_ozon_undo_returns_to_original_box_and_repeat_pick_is_single>
2026-10-07T01:21:01.0853747Z       <Coroutine test_mp_collection_cannot_spend_fbs_reservation_across_locations>
2026-10-07T01:21:01.0853974Z       <Coroutine test_ozon_set_quantity_undo_targets_selected_box[box]>
2026-10-07T01:21:01.0854237Z       <Coroutine test_ozon_set_quantity_undo_targets_selected_box[sorting_box]>
2026-10-07T01:21:01.0854491Z       <Coroutine test_ozon_sorting_box_set_is_final_quantity_without_movements>
2026-10-07T01:21:01.0854743Z       <Coroutine test_ozon_sorting_box_scan_response_matches_get_and_set_undo>
2026-10-07T01:21:01.0855043Z       <Coroutine test_ozon_old_null_pick_stays_at_place_without_invented_container[False]>
2026-10-07T01:21:01.0855484Z       <Coroutine test_ozon_old_null_pick_stays_at_place_without_invented_container[True]>
2026-10-07T01:21:01.0855632Z     <Module test_wms121_selection_reset.py>
2026-10-07T01:21:01.0855838Z       <Coroutine test_wms121_cross_seller_selection_is_rejected>
2026-10-07T01:21:01.0856063Z       <Coroutine test_wms121_cross_marketplace_selection_is_rejected>
2026-10-07T01:21:01.0856237Z     <Module test_wms153_count_post_concurrency.py>
2026-10-07T01:21:01.0856508Z       <Coroutine test_two_filtered_counts_do_not_upgrade_shared_container_locks[box]>
2026-10-07T01:21:01.0856843Z       <Coroutine test_two_filtered_counts_do_not_upgrade_shared_container_locks[cargo_place]>
2026-10-07T01:21:01.0857133Z       <Coroutine test_two_filtered_counts_do_not_upgrade_shared_container_locks[pallet]>
2026-10-07T01:21:01.0857472Z       <Coroutine test_post_does_not_wait_on_reverse_container_or_balance_to_product_order[container]>
2026-10-07T01:21:01.0857806Z       <Coroutine test_post_does_not_wait_on_reverse_container_or_balance_to_product_order[balance]>
2026-10-07T01:21:01.0858377Z       <Coroutine test_normal_nonempty_refusal_rolls_back_before_returning_to_service_caller>
2026-10-07T01:21:01.0858688Z       <Coroutine test_full_count_posts_both_products_and_removes_confirmed_container[box]>
2026-10-07T01:21:01.0859026Z       <Coroutine test_full_count_posts_both_products_and_removes_confirmed_container[cargo_place]>
2026-10-07T01:21:01.0859339Z       <Coroutine test_full_count_posts_both_products_and_removes_confirmed_container[pallet]>
2026-10-07T01:21:01.0859512Z     <Module test_wms156_discrepancy_concurrency.py>
2026-10-07T01:21:01.0859843Z       <Coroutine test_postgres_two_approvals_reread_stale_act>
2026-10-07T01:21:01.0860089Z       <Coroutine test_postgres_approve_rereads_balance_after_product_wait>
2026-10-07T01:21:01.0860343Z       <Coroutine test_postgres_empty_container_delete_waits_for_stock_writer>
2026-10-07T01:21:01.0860487Z     <Module test_wms270_login_leak.py>
2026-10-07T01:21:01.0860679Z       <Coroutine test_login_wrong_email_returns_unified_401>
2026-10-07T01:21:01.0860882Z       <Coroutine test_login_wrong_password_returns_unified_401>
2026-10-07T01:21:01.0861075Z       <Coroutine test_login_correct_credentials_returns_token>
2026-10-07T01:21:01.0861290Z       <Coroutine test_login_pending_password_setup_hidden_as_401>
2026-10-07T01:21:01.0861506Z       <Coroutine test_login_missing_vs_wrong_password_timing_close>
2026-10-07T01:21:01.0861658Z     <Module test_wms270_login_rate_limit.py>
2026-10-07T01:21:01.0861889Z       <Coroutine test_sixth_failed_attempt_returns_429_with_retry_after>
2026-10-07T01:21:01.0862112Z       <Coroutine test_successful_login_releases_only_its_own_attempt>
2026-10-07T01:21:01.0862315Z       <Coroutine test_rate_limit_scope_is_per_ip_across_emails>
2026-10-07T01:21:01.0862493Z       <Coroutine test_rate_limit_configurable_window>
2026-10-07T01:21:01.0862742Z       <Coroutine test_spoofed_forwarding_headers_do_not_reset_client_limit>
2026-10-07T01:21:01.0862994Z       <Function test_concurrent_attempts_are_charged_before_password_check>
2026-10-07T01:21:01.0863228Z       <Function test_limiter_bounds_memory_and_reclaims_expired_clients>
2026-10-07T01:21:01.0863523Z       <Coroutine test_concurrent_http_logins_are_limited_while_authentication_is_pending>
2026-10-07T01:21:01.0863812Z       <Coroutine test_asgi_trusted_proxy_preserves_clients_and_ignores_spoofed_prefix>
2026-10-07T01:21:01.0864043Z       <Coroutine test_password_reset_limits_work_before_scheduling_mail>
2026-10-07T01:21:01.0864202Z     <Module test_wms325_document_mutations.py>
2026-10-07T01:21:01.0864431Z       <Coroutine test_outbound_http_auth_mutations_noop_and_snapshot>
2026-10-07T01:21:01.0864652Z       <Coroutine test_outbound_delete_last_line_preserves_composition>
2026-10-07T01:21:01.0864889Z       <Coroutine test_discrepancy_lifecycle_and_line_deletion[approve]>
2026-10-07T01:21:01.0865114Z       <Coroutine test_discrepancy_lifecycle_and_line_deletion[reject]>
2026-10-07T01:21:01.0865454Z       <Coroutine test_boxes_removal_clear_delete_actor_and_rollback>
2026-10-07T01:21:01.0865652Z       <Coroutine test_distribution_both_directions_and_noop>
2026-10-07T01:21:01.0865875Z       <Coroutine test_print_first_open_http_identity_noop_and_rollback>
2026-10-07T01:21:01.0866104Z       <Coroutine test_confirm_packed_http_quantity_status_no_extra_work>
2026-10-07T01:21:01.0866324Z       <Coroutine test_box_pack_recalculation_system_even_with_viewer>
2026-10-07T01:21:01.0866547Z       <Coroutine test_history_storage_failure_does_not_block_outbound>
2026-10-07T01:21:01.0866828Z       <Coroutine test_creation_audit_rolls_back_with_document[outbound_shipment]>
2026-10-07T01:21:01.0867090Z       <Coroutine test_creation_audit_rolls_back_with_document[discrepancy_act]>
2026-10-07T01:21:01.0867265Z     <Module test_wms325_inbound_unload_mutations.py>
2026-10-07T01:21:01.0867581Z       <Coroutine test_inbound_fields_noop_storage_actor_snapshot_and_no_observer_duplicates>
2026-10-07T01:21:01.0867850Z       <Coroutine test_inbound_box_damage_close_print_delete_and_tenant_boundary>
2026-10-07T01:21:01.0868337Z       <Coroutine test_cargo_and_precreated_boxes_survive_document_delete_and_creation_retry>
2026-10-07T01:21:01.0868544Z       <Coroutine test_unload_box_lifecycle_and_document_cascade>
2026-10-07T01:21:01.0868798Z       <Coroutine test_unload_automatic_empty_box_cleanup_records_system_context>
2026-10-07T01:21:01.0869072Z       <Coroutine test_failed_business_commit_rolls_back_new_box_and_audit[inbound]>
2026-10-07T01:21:01.0869337Z       <Coroutine test_failed_business_commit_rolls_back_new_box_and_audit[unload]>
2026-10-07T01:21:01.0869761Z       <Coroutine test_postgres_audit_insert_failure_does_not_abort_document_create[inbound]>
2026-10-07T01:21:01.0870071Z       <Coroutine test_postgres_audit_insert_failure_does_not_abort_document_create[unload]>
2026-10-07T01:21:01.0870323Z       <Coroutine test_unload_ready_box_writers_audit_once_after_success[attach]>
2026-10-07T01:21:01.0870585Z       <Coroutine test_unload_ready_box_writers_audit_once_after_success[copy]>
2026-10-07T01:21:01.0870845Z       <Coroutine test_coordinator_zero_box_discrepancy_still_allows_receiving>
2026-10-07T01:21:01.0871025Z     <Module test_wms325_invoice_cancel_concurrency.py>
2026-10-07T01:21:01.0871351Z       <Coroutine test_cancel_two_authenticated_requests_one_committed_transition[False-legacy]>
2026-10-07T01:21:01.0871658Z       <Coroutine test_cancel_two_authenticated_requests_one_committed_transition[False-v2]>
2026-10-07T01:21:01.0871969Z       <Coroutine test_cancel_two_authenticated_requests_one_committed_transition[True-legacy]>
2026-10-07T01:21:01.0872271Z       <Coroutine test_cancel_two_authenticated_requests_one_committed_transition[True-v2]>
2026-10-07T01:21:01.0872467Z       <Coroutine test_missing_invoice_has_no_history[legacy]>
2026-10-07T01:21:01.0872649Z       <Coroutine test_missing_invoice_has_no_history[v2]>
2026-10-07T01:21:01.0872827Z     <Module test_wms325_marking_template_mutations.py>
2026-10-07T01:21:01.0873052Z       <Coroutine test_pool_http_actor_noop_rejection_and_admin_history>
2026-10-07T01:21:01.0873305Z       <Coroutine test_template_http_default_peers_owner_and_deleted_identity>
2026-10-07T01:21:01.0873596Z       <Coroutine test_mutation_rollback_and_real_audit_sql_failure[rollback-threshold]>
2026-10-07T01:21:01.0873882Z       <Coroutine test_mutation_rollback_and_real_audit_sql_failure[rollback-products]>
2026-10-07T01:21:01.0874159Z       <Coroutine test_mutation_rollback_and_real_audit_sql_failure[rollback-create]>
2026-10-07T01:21:01.0874436Z       <Coroutine test_mutation_rollback_and_real_audit_sql_failure[rollback-update]>
2026-10-07T01:21:01.0874700Z       <Coroutine test_mutation_rollback_and_real_audit_sql_failure[rollback-delete]>
2026-10-07T01:21:01.0875008Z       <Coroutine test_mutation_rollback_and_real_audit_sql_failure[audit_failure-threshold]>
2026-10-07T01:21:01.0875310Z       <Coroutine test_mutation_rollback_and_real_audit_sql_failure[audit_failure-products]>
2026-10-07T01:21:01.0875739Z       <Coroutine test_mutation_rollback_and_real_audit_sql_failure[audit_failure-create]>
2026-10-07T01:21:01.0876032Z       <Coroutine test_mutation_rollback_and_real_audit_sql_failure[audit_failure-update]>
2026-10-07T01:21:01.0876322Z       <Coroutine test_mutation_rollback_and_real_audit_sql_failure[audit_failure-delete]>
2026-10-07T01:21:01.0876653Z       <Coroutine test_concurrent_repeated_mutation_one_event_and_fresh_identity[False-threshold]>
2026-10-07T01:21:01.0876976Z       <Coroutine test_concurrent_repeated_mutation_one_event_and_fresh_identity[False-products]>
2026-10-07T01:21:01.0877300Z       <Coroutine test_concurrent_repeated_mutation_one_event_and_fresh_identity[False-update]>
2026-10-07T01:21:01.0877622Z       <Coroutine test_concurrent_repeated_mutation_one_event_and_fresh_identity[True-threshold]>
2026-10-07T01:21:01.0878067Z       <Coroutine test_concurrent_repeated_mutation_one_event_and_fresh_identity[True-products]>
2026-10-07T01:21:01.0878386Z       <Coroutine test_concurrent_repeated_mutation_one_event_and_fresh_identity[True-update]>
2026-10-07T01:21:01.0878634Z       <Coroutine test_detach_retains_operation_ids_without_cis[none-False]>
2026-10-07T01:21:01.0878876Z       <Coroutine test_detach_retains_operation_ids_without_cis[none-True]>
2026-10-07T01:21:01.0879135Z       <Coroutine test_detach_retains_operation_ids_without_cis[rollback-False]>
2026-10-07T01:21:01.0879394Z       <Coroutine test_detach_retains_operation_ids_without_cis[rollback-True]>
2026-10-07T01:21:01.0879668Z       <Coroutine test_detach_retains_operation_ids_without_cis[audit_failure-False]>
2026-10-07T01:21:01.0880054Z       <Coroutine test_detach_retains_operation_ids_without_cis[audit_failure-True]>
2026-10-07T01:21:01.0880402Z       <Coroutine test_concurrent_default_changes_serialize_scope_without_stale_peer_audits[switch]>
2026-10-07T01:21:01.0880771Z       <Coroutine test_concurrent_default_changes_serialize_scope_without_stale_peer_audits[create_empty]>
2026-10-07T01:21:01.0881067Z       <Coroutine test_concurrent_deletion_records_only_persisted_actor[False-template]>
2026-10-07T01:21:01.0881363Z       <Coroutine test_concurrent_deletion_records_only_persisted_actor[False-attachment]>
2026-10-07T01:21:01.0881639Z       <Coroutine test_concurrent_deletion_records_only_persisted_actor[True-template]>
2026-10-07T01:21:01.0881934Z       <Coroutine test_concurrent_deletion_records_only_persisted_actor[True-attachment]>
2026-10-07T01:21:01.0882215Z       <Coroutine test_template_creation_api_uses_authenticated_actor_for_shared_scope>
2026-10-07T01:21:01.0882562Z       <Coroutine test_pool_replacement_races_additive_insert_without_parent_fk_cycle_or_false_actor>
2026-10-07T01:21:01.0882714Z     <Module test_wms325_print_lock_order.py>
2026-10-07T01:21:01.0882940Z       <Coroutine test_open_content_vs_ozon_recovery_has_no_deadlock>
2026-10-07T01:21:01.0883185Z       <Coroutine test_two_first_opens_record_once_with_rollback[False-False]>
2026-10-07T01:21:01.0883435Z       <Coroutine test_two_first_opens_record_once_with_rollback[False-True]>
2026-10-07T01:21:01.0883674Z       <Coroutine test_two_first_opens_record_once_with_rollback[True-False]>
2026-10-07T01:21:01.0883919Z       <Coroutine test_two_first_opens_record_once_with_rollback[True-True]>
2026-10-07T01:21:01.0884156Z       <Coroutine test_unlocked_identity_hint_is_revalidated[False-False]>
2026-10-07T01:21:01.0884381Z       <Coroutine test_unlocked_identity_hint_is_revalidated[True-False]>
2026-10-07T01:21:01.0884611Z       <Coroutine test_unlocked_identity_hint_is_revalidated[False-True]>
2026-10-07T01:21:01.0884818Z       <Coroutine test_content_does_not_read_cross_tenant_order>
2026-10-07T01:21:01.0884995Z     <Module test_wms325_settings_billing_mutations.py>
2026-10-07T01:21:01.0885294Z       <Coroutine test_settings_all_fields_noop_authenticated_actor_and_admin_only_history>
2026-10-07T01:21:01.0885562Z       <Coroutine test_profiles_create_normalize_change_noop_invalid_snapshot[False]>
2026-10-07T01:21:01.0885954Z       <Coroutine test_profiles_create_normalize_change_noop_invalid_snapshot[True]>
2026-10-07T01:21:01.0886274Z       <Coroutine test_legacy_tariff_audits_new_and_closed_versions_without_extra_financial_fact>
2026-10-07T01:21:01.0886526Z       <Coroutine test_matrix_versions_toggle_noop_and_invalid_batch_rollback>
2026-10-07T01:21:01.0886756Z       <Coroutine test_storage_tariff_delegates_one_system_fact_and_noop>
2026-10-07T01:21:01.0887054Z       <Coroutine test_invoice_v2_create_retry_and_distinct_cancel_actor_without_manual_text>
2026-10-07T01:21:01.0887303Z       <Coroutine test_legacy_invoice_create_retry_cancel_and_amount_unchanged>
2026-10-07T01:21:01.0887640Z       <Coroutine test_postgresql_audit_rejection_preserves_existing_business_operation[settings]>
2026-10-07T01:21:01.0888093Z       <Coroutine test_postgresql_audit_rejection_preserves_existing_business_operation[profile]>
2026-10-07T01:21:01.0888421Z       <Coroutine test_postgresql_audit_rejection_preserves_existing_business_operation[tariff]>
2026-10-07T01:21:01.0888746Z       <Coroutine test_postgresql_audit_rejection_preserves_existing_business_operation[matrix]>
2026-10-07T01:21:01.0889065Z       <Coroutine test_postgresql_audit_rejection_preserves_existing_business_operation[invoice]>
2026-10-07T01:21:01.0889305Z       <Coroutine test_outer_rollback_removes_mutation_and_history[profile]>
2026-10-07T01:21:01.0889542Z       <Coroutine test_outer_rollback_removes_mutation_and_history[tariff]>
2026-10-07T01:21:01.0889812Z       <Coroutine test_outer_rollback_removes_mutation_and_history[invoice_cancel]>
2026-10-07T01:21:01.0890176Z       <Coroutine test_outer_rollback_removes_mutation_and_history[settings]>
2026-10-07T01:21:01.0890348Z     <Module test_wms325_staff_permission_audit.py>
2026-10-07T01:21:01.0890644Z       <Coroutine test_ff_staff_permissions_patch_writes_audit_with_before_after_and_actor>
2026-10-07T01:21:01.0890921Z       <Coroutine test_ff_staff_permissions_patch_without_change_writes_no_extra_event>
2026-10-07T01:21:01.0891164Z       <Coroutine test_seller_staff_permission_mutations_write_audit_rows>
2026-10-07T01:21:01.0891429Z       <Coroutine test_staff_history_is_available_over_http_and_keeps_rate_changes>
2026-10-07T01:21:01.0891712Z       <Coroutine test_direct_staff_service_records_verified_actor_without_http_context>
2026-10-07T01:21:01.0891900Z     <Module test_wms338_legacy_quota_migration.py>
2026-10-07T01:21:01.0892184Z       <Coroutine test_retire_legacy_schema_preserves_cap_balance_and_ordinary_direction>
2026-10-07T01:21:01.0892385Z     <Module test_wms351_marketplace_publication_switches.py>
2026-10-07T01:21:01.0892685Z       <Coroutine test_independent_switches_roundtrip_and_publish_scope[True-True-False]>
2026-10-07T01:21:01.0892973Z       <Coroutine test_independent_switches_roundtrip_and_publish_scope[True-False-True]>
2026-10-07T01:21:01.0893259Z       <Coroutine test_independent_switches_roundtrip_and_publish_scope[True-True-True]>
2026-10-07T01:21:01.0893554Z       <Coroutine test_independent_switches_roundtrip_and_publish_scope[True-False-False]>
2026-10-07T01:21:01.0893848Z       <Coroutine test_independent_switches_roundtrip_and_publish_scope[False-True-False]>
2026-10-07T01:21:01.0894138Z       <Coroutine test_independent_switches_roundtrip_and_publish_scope[False-False-True]>
2026-10-07T01:21:01.0894432Z       <Coroutine test_independent_switches_roundtrip_and_publish_scope[False-True-True]>
2026-10-07T01:21:01.0894731Z       <Coroutine test_independent_switches_roundtrip_and_publish_scope[False-False-False]>
2026-10-07T01:21:01.0894919Z       <Coroutine test_failed_final_zero_keeps_old_switches>
2026-10-07T01:21:01.0895147Z       <Coroutine test_old_rule_request_freezes_ozon_before_changing_wb>
2026-10-07T01:21:01.0895481Z       <Coroutine test_disabled_allocation_is_preserved_without_blocking_other_marketplace[False]>
2026-10-07T01:21:01.0895804Z       <Coroutine test_disabled_allocation_is_preserved_without_blocking_other_marketplace[True]>
2026-10-07T01:21:01.0896236Z       <Coroutine test_ozon_final_zero_targets_only_changed_product_and_failure_preserves_rule>
2026-10-07T01:21:01.0896520Z       <Coroutine test_bulk_untouched_marketplace_preserves_each_products_legacy_value>
2026-10-07T01:21:01.0896818Z       <Coroutine test_ozon_order_scope_uses_served_independently_of_publication[True-True]>
2026-10-07T01:21:01.0897125Z       <Coroutine test_ozon_order_scope_uses_served_independently_of_publication[True-False]>
2026-10-07T01:21:01.0897426Z       <Coroutine test_ozon_order_scope_uses_served_independently_of_publication[False-True]>
2026-10-07T01:21:01.0897735Z       <Coroutine test_ozon_order_scope_uses_served_independently_of_publication[False-False]>
2026-10-07T01:21:01.0898128Z     <Module test_wms351_publication_concurrency.py>
2026-10-07T01:21:01.0898402Z       <Coroutine test_final_zero_serializes_wb_writers[manual_sync]>
2026-10-07T01:21:01.0898627Z       <Coroutine test_final_zero_serializes_wb_writers[stale_legacy]>
2026-10-07T01:21:01.0898766Z     <Module test_wms363_ozon_tsd.py>
2026-10-07T01:21:01.0899003Z       <Coroutine test_get_fbs_orders_without_marketplace_returns_both>
2026-10-07T01:21:01.0899202Z       <Coroutine test_get_fbs_orders_marketplace_ozon_filter>
2026-10-07T01:21:01.0899389Z       <Coroutine test_get_fbs_orders_marketplace_wb_filter>
2026-10-07T01:21:01.0899575Z       <Coroutine test_get_fbs_orders_marketplace_unknown_422>
2026-10-07T01:21:01.0899767Z       <Coroutine test_get_fbs_supplies_worklist_ozon_filter>
2026-10-07T01:21:01.0899967Z       <Coroutine test_response_marketplace_field_uses_literal>
2026-10-07T01:21:01.0900264Z       <Coroutine test_mobile_worklist_oldest_paginates_before_deadline_and_scopes_tenant>
2026-10-07T01:21:01.0900598Z       <Coroutine test_mobile_worklist_rejects_non_object_cursor>
2026-10-07T01:21:01.0900743Z     <Module test_wms377_network_guard.py>
2026-10-07T01:21:01.0900888Z       <Function test_host_network_guard[]>
2026-10-07T01:21:01.0901064Z       <Function test_host_network_guard[container-ip]>
2026-10-07T01:21:01.0901240Z       <Function test_host_network_guard[wms-subnet]>
2026-10-07T01:21:01.0901409Z       <Function test_host_network_guard[edge-subnet]>
2026-10-07T01:21:01.0901570Z       <Function test_host_network_guard[detached-api]>
2026-10-07T01:21:01.0901751Z       <Function test_host_network_guard[missing-network]>
2026-10-07T01:21:01.0901913Z       <Function test_host_network_guard[two-edges]>
2026-10-07T01:21:01.0902080Z       <Function test_host_network_guard[stopped-api]>
2026-10-07T01:21:01.0902320Z       <Function test_host_network_guard[stopped-wrong-network]>
2026-10-07T01:21:01.0902461Z     <Module test_wms397_pick_scan_order.py>
2026-10-07T01:21:01.0902764Z       <Coroutine test_explicit_oldest_order_overrides_deadline_and_moves_to_picking_area>
2026-10-07T01:21:01.0903005Z       <Coroutine test_web_without_order_uses_oldest_created_order[body0]>
2026-10-07T01:21:01.0903235Z       <Coroutine test_web_without_order_uses_oldest_created_order[body1]>
2026-10-07T01:21:01.0903517Z       <Coroutine test_replay_keeps_original_order_and_new_key_rejects_already_picked>
2026-10-07T01:21:01.0903837Z       <Coroutine test_explicit_invalid_order_does_not_fall_back_to_another_order[other_supply]>
2026-10-07T01:21:01.0904155Z       <Coroutine test_explicit_invalid_order_does_not_fall_back_to_another_order[other_product]>
2026-10-07T01:21:01.0904460Z       <Coroutine test_explicit_invalid_order_does_not_fall_back_to_another_order[cancelled]>
2026-10-07T01:21:01.0904757Z       <Coroutine test_explicit_invalid_order_does_not_fall_back_to_another_order[missing]>
2026-10-07T01:21:01.0905021Z       <Coroutine test_foreign_tenant_order_product_and_supply_are_not_pickable>
2026-10-07T01:21:01.0905320Z       <Coroutine test_selected_order_moves_exact_container_source_to_picking_area[pallet]>
2026-10-07T01:21:01.0905599Z       <Coroutine test_selected_order_moves_exact_container_source_to_picking_area[box]>
2026-10-07T01:21:01.0905913Z       <Coroutine test_selected_order_moves_exact_container_source_to_picking_area[cargo_place]>
2026-10-07T01:21:01.0906314Z       <Coroutine test_order_selection_does_not_bypass_container_validation[False]>
2026-10-07T01:21:01.0906578Z       <Coroutine test_order_selection_does_not_bypass_container_validation[True]>
2026-10-07T01:21:01.0906846Z       <Coroutine test_explicit_ozon_order_uses_existing_position_pick_and_replay>
2026-10-07T01:21:01.0906998Z     <Module test_wms417_stock_http_contract.py>
2026-10-07T01:21:01.0907247Z       <Coroutine test_actual_frontend_save_preserves_units_through_http[1]>
2026-10-07T01:21:01.0907489Z       <Coroutine test_actual_frontend_save_preserves_units_through_http[2]>
2026-10-07T01:21:01.0907812Z       <Coroutine test_manual_binding_http_uses_physical_stock_and_retains_caps_in_percent_mode>
2026-10-07T01:21:01.0908206Z       <Coroutine test_colliding_wb_ozon_ids_survive_actual_frontend_http_edit[1]>
2026-10-07T01:21:01.0908471Z       <Coroutine test_colliding_wb_ozon_ids_survive_actual_frontend_http_edit[2]>
2026-10-07T01:21:01.0908607Z     <Module test_wms417_stock_review.py>
2026-10-07T01:21:01.0908849Z       <Coroutine test_percent_switch_and_legacy_reset_keep_wb_ozon_caps>
2026-10-07T01:21:01.0909132Z       <Coroutine test_rule_views_match_actual_publication_across_organization[False]>
2026-10-07T01:21:01.0909407Z       <Coroutine test_rule_views_match_actual_publication_across_organization[True]>
2026-10-07T01:21:01.0909661Z       <Coroutine test_legacy_set_and_summary_use_free_stock_not_retired_limit>
2026-10-07T01:21:01.0909884Z       <Coroutine test_wb_clear_wrapper_persists_zero_via_actual_callee>
2026-10-07T01:21:01.0910034Z     <Module test_wms417_unload_lock_order.py>
2026-10-07T01:21:01.0910487Z       <Coroutine test_opposite_product_order_waits_then_completes_without_deadlock[replace_lines]>
2026-10-07T01:21:01.0910821Z       <Coroutine test_opposite_product_order_waits_then_completes_without_deadlock[plan_request]>
2026-10-07T01:21:01.0911163Z       <Coroutine test_opposite_product_order_waits_then_completes_without_deadlock[confirm_request]>
2026-10-07T01:21:01.0911339Z     <Module test_wms418_catalog_publication_filter.py>
2026-10-07T01:21:01.0911653Z       <Coroutine test_publication_filter_combines_flags_scope_search_category_and_pagination>
2026-10-07T01:21:01.0911855Z       <Coroutine test_publication_filter_rejects_unknown_value>
2026-10-07T01:21:01.0911999Z     <Module test_wms435_seller_lock_leak.py>
2026-10-07T01:21:01.0912218Z       <Coroutine test_c1_commit_inside_block_does_not_leak_the_lock>
2026-10-07T01:21:01.0912467Z       <Coroutine test_c2_rollback_and_early_return_and_flush_release_the_lock>
2026-10-07T01:21:01.0912705Z       <Coroutine test_c3_db_error_inside_block_propagates_and_releases_lock>
2026-10-07T01:21:01.0912991Z       <Coroutine test_c4_business_exception_inside_block_propagates_and_releases_lock>
2026-10-07T01:21:01.0913257Z       <Coroutine test_c5_nested_try_lock_under_external_lock_session_does_not_wait>
2026-10-07T01:21:01.0913498Z       <Coroutine test_c6_link_confirmed_orders_to_wb_supplies_does_not_leak>
2026-10-07T01:21:01.0913742Z       <Coroutine test_c7_repair_pending_supplies_for_seller_does_not_leak>
2026-10-07T01:21:01.0913999Z       <Coroutine test_c8_add_orders_waits_then_reports_honest_text_and_no_wb_call>
2026-10-07T01:21:01.0914302Z       <Coroutine test_c9_create_supply_waits_then_reports_honest_text_and_no_operation_row>
2026-10-07T01:21:01.0914537Z       <Coroutine test_c10_waiting_for_the_lock_does_not_starve_the_pool>
2026-10-07T01:21:01.0914681Z     <Module test_wms440_concurrency.py>
2026-10-07T01:21:01.0914903Z       <Coroutine test_create_and_scans_concurrent_attempt_identity>
2026-10-07T01:21:01.0915131Z       <Coroutine test_concurrent_tare_scans_consume_ff_loose_units_once>
2026-10-07T01:21:01.0915269Z     <Module test_wms440_ff_intake.py>
2026-10-07T01:21:01.0915454Z       <Coroutine test_ff_single_fact_and_durable_attempts>
2026-10-07T01:21:01.0915701Z       <Coroutine test_stale_completion_attempt_cannot_complete_after_reopen>
2026-10-07T01:21:01.0915972Z       <Coroutine test_sorting_completion_receipt_survives_marking_schedule_failure>
2026-10-07T01:21:01.0916279Z       <Coroutine test_retry_payload_and_scope_validation>
2026-10-07T01:21:01.0916470Z       <Coroutine test_old_receiving_never_adopts_plan[None]>
2026-10-07T01:21:01.0916650Z       <Coroutine test_old_receiving_never_adopts_plan[8]>
2026-10-07T01:21:01.0916809Z       <Coroutine test_seller_plan_is_not_ff_fact>
2026-10-07T01:21:01.0917021Z       <Coroutine test_reception_catalog_and_creation_permissions>
2026-10-07T01:21:01.0917220Z       <Coroutine test_create_failure_rolls_back_retry_receipt>
2026-10-07T01:21:01.0917467Z       <Coroutine test_ff_container_allocation_and_explicit_correction[boxes]>
2026-10-07T01:21:01.0917752Z       <Coroutine test_ff_container_allocation_and_explicit_correction[cargo-places]>
2026-10-07T01:21:01.0918119Z       <Coroutine test_return_creation_keeps_existing_marketplace_path[None]>
2026-10-07T01:21:01.0918394Z       <Coroutine test_return_creation_keeps_existing_marketplace_path[wildberries]>
2026-10-07T01:21:01.0918645Z       <Coroutine test_return_creation_keeps_existing_marketplace_path[ozon]>
2026-10-07T01:21:01.0918929Z       <Coroutine test_old_ff_draft_displays_entered_fact_and_delete_removes_composition>
2026-10-07T01:21:01.0919172Z       <Coroutine test_new_ff_three_units_reach_cell_with_one_charge_and_fact>
2026-10-07T01:21:01.0919567Z       <Coroutine test_explicit_legacy_recount_keeps_tare_without_duplicating_draft_fact[boxes-begin-receiving]>
2026-10-07T01:21:01.0919919Z       <Coroutine test_explicit_legacy_recount_keeps_tare_without_duplicating_draft_fact[boxes-submit]>
2026-10-07T01:21:01.0920460Z       <Coroutine test_explicit_legacy_recount_keeps_tare_without_duplicating_draft_fact[cargo-places-begin-receiving]>
2026-10-07T01:21:01.0920846Z       <Coroutine test_explicit_legacy_recount_keeps_tare_without_duplicating_draft_fact[cargo-places-submit]>
2026-10-07T01:21:01.0921159Z       <Coroutine test_wms473_scan_of_catalog_product_into_box_creates_line_of_empty_ff_document>
2026-10-07T01:21:01.0921320Z     <Module test_wms441_review_regressions.py>
2026-10-07T01:21:01.0921603Z       <Coroutine test_legacy_distribution_can_place_cargo_without_consuming_boxes[0]>
2026-10-07T01:21:01.0921881Z       <Coroutine test_legacy_distribution_can_place_cargo_without_consuming_boxes[2]>
2026-10-07T01:21:01.0922173Z       <Coroutine test_partial_putaway_then_legacy_edit_scan_preserves_receipt[legacy]>
2026-10-07T01:21:01.0922452Z       <Coroutine test_partial_putaway_then_legacy_edit_scan_preserves_receipt[mobile]>
2026-10-07T01:21:01.0922786Z       <Coroutine test_runtime_reconciles_proven_historical_unlinked_map_without_new_movement[1]>
2026-10-07T01:21:01.0923116Z       <Coroutine test_runtime_reconciles_proven_historical_unlinked_map_without_new_movement[2]>
2026-10-07T01:21:01.0923360Z       <Coroutine test_mobile_receipt_survives_older_same_cell_draft[True]>
2026-10-07T01:21:01.0923608Z       <Coroutine test_mobile_receipt_survives_older_same_cell_draft[False]>
2026-10-07T01:21:01.0923892Z       <Coroutine test_runtime_repair_refuses_ambiguous_source_ownership[mixed_ledger]>
2026-10-07T01:21:01.0924177Z       <Coroutine test_runtime_repair_refuses_ambiguous_source_ownership[missing_ledger]>
2026-10-07T01:21:01.0924453Z       <Coroutine test_historical_group_with_two_products_keeps_document_ownership>
2026-10-07T01:21:01.0924587Z     <Module test_wms441_sorting.py>
2026-10-07T01:21:01.0924781Z       <Coroutine test_split_repeat_new_scan_and_completion>
2026-10-07T01:21:01.0925037Z       <Coroutine test_loose_putaway_keeps_a_b_authors_in_existing_map_journal>
2026-10-07T01:21:01.0925248Z       <Coroutine test_mixed_box_loose_no_double_consumption[False]>
2026-10-07T01:21:01.0925467Z       <Coroutine test_mixed_box_loose_no_double_consumption[True]>
2026-10-07T01:21:01.0925677Z       <Coroutine test_concurrent_last_unit_or_sufficient_units[1]>
2026-10-07T01:21:01.0925883Z       <Coroutine test_concurrent_last_unit_or_sufficient_units[2]>
2026-10-07T01:21:01.0926076Z       <Coroutine test_failure_rollback_and_tenant_isolation>
2026-10-07T01:21:01.0926379Z       <Coroutine test_web_context_two_documents_same_sku>
2026-10-07T01:21:01.0926650Z       <Coroutine test_reconcile_requires_linked_movements_and_does_not_move_again>
2026-10-07T01:21:01.0926805Z       <Coroutine test_defect_fact_and_zero_line>
2026-10-07T01:21:01.0927015Z       <Coroutine test_completion_charge_and_author_once[inbound]>
2026-10-07T01:21:01.0927217Z       <Coroutine test_completion_charge_and_author_once[return]>
2026-10-07T01:21:01.0927466Z       <Coroutine test_cargo_and_pallet_putaway_updates_source_document[False]>
2026-10-07T01:21:01.0927725Z       <Coroutine test_cargo_and_pallet_putaway_updates_source_document[True]>
2026-10-07T01:21:01.0928048Z       <Coroutine test_failure_after_debit_rolls_back_all_effects>
2026-10-07T01:21:01.0928270Z       <Coroutine test_http_contract_and_reopen_after_lost_response>
2026-10-07T01:21:01.0928437Z     <Module test_wms444_historical_provenance.py>
2026-10-07T01:21:01.0928720Z       <Coroutine test_historical_partial_removal_preserves_ready_then_bills_new_work>
2026-10-07T01:21:01.0928977Z       <Coroutine test_historical_removal_to_zero_does_not_revive_on_recollect>
2026-10-07T01:21:01.0929213Z       <Coroutine test_pick_set_trims_only_uncovered_historical_box_units>
2026-10-07T01:21:01.0929457Z       <Coroutine test_pick_set_keeps_boxed_coverage_and_other_known_source>
2026-10-07T01:21:01.0929730Z       <Coroutine test_pick_set_trims_unknown_box_units_not_covered_by_unpacked_pick>
2026-10-07T01:21:01.0930011Z       <Coroutine test_pick_set_removes_boxed_packed_not_covered_by_unboxed_unpacked>
2026-10-07T01:21:01.0930430Z       <Coroutine test_pick_set_keeps_unknown_box_when_only_packed_source_is_removed>
2026-10-07T01:21:01.0930706Z       <Coroutine test_pick_set_removes_boxed_known_unpacked_not_covered_by_unknown>
2026-10-07T01:21:01.0930849Z     <Module test_wms445_fbs_contract.py>
2026-10-07T01:21:01.0931092Z       <Coroutine test_scan_oldest_order_not_nearest_deadline_and_retry[wb]>
2026-10-07T01:21:01.0931344Z       <Coroutine test_scan_oldest_order_not_nearest_deadline_and_retry[ozon]>
2026-10-07T01:21:01.0931588Z       <Coroutine test_ozon_route_and_big_warehouse_survive_public_responses>
2026-10-07T01:21:01.0931866Z       <Coroutine test_ozon_position_packing_counts_reread_retry_without_stock_change>
2026-10-07T01:21:01.0932152Z       <Coroutine test_local_delivery_failure_retains_operation_identity_after_rollback>
2026-10-07T01:21:01.0932301Z     <Module test_wms445_fbs_seller_scope.py>
2026-10-07T01:21:01.0932506Z       <Coroutine test_tsd_worklists_hold_effective_seller_scope>
2026-10-07T01:21:01.0932651Z     <Module test_wms445_local_emulators.py>
2026-10-07T01:21:01.0932911Z       <Coroutine test_http_guard_blocks_external_and_redirect_before_transport>
2026-10-07T01:21:01.0933159Z       <Coroutine test_ozon_fixture_preserves_success_after_lost_approve>
2026-10-07T01:21:01.0933301Z     <Module test_wms456_ozon_card_gate.py>
2026-10-07T01:21:01.0933455Z       <Coroutine test_c1_effective_flag_in_api>
2026-10-07T01:21:01.0933694Z       <Coroutine test_c2_ozon_sync_skips_unlinked_product_without_error>
2026-10-07T01:21:01.0933958Z       <Coroutine test_c3_nothing_to_publish_when_only_the_unlinked_product_exists>
2026-10-07T01:21:01.0934150Z       <Coroutine test_c4_real_mapping_error_still_reported>
2026-10-07T01:21:01.0934398Z       <Coroutine test_c5_ozon_applicability_without_common_percent_ceiling>
2026-10-07T01:21:01.0934687Z       <Coroutine test_c6_explicit_true_without_card_saves_false_and_does_not_touch_ozon>
2026-10-07T01:21:01.0934880Z       <Coroutine test_c7_repeating_the_same_save_is_a_no_op>
2026-10-07T01:21:01.0935043Z       <Coroutine test_c8_amounts_and_published_now>
2026-10-07T01:21:01.0935290Z       <Coroutine test_c9_changing_a_does_not_touch_b_or_the_ozon_binding>
2026-10-07T01:21:01.0935505Z       <Coroutine test_c10_a_later_card_does_not_auto_enable_ozon>
2026-10-07T01:21:01.0935668Z     <Module test_wms469_stock_dialog_backend.py>
2026-10-07T01:21:01.0936055Z       <Coroutine test_c7_c8_c10_c14_binding_rules_clamp_and_publish_independently>
2026-10-07T01:21:01.0936328Z       <Coroutine test_c22_identical_repeat_is_idempotent_without_duplicate_pools>
2026-10-07T01:21:01.0936599Z       <Coroutine test_partial_save_materializes_legacy_same_everywhere_neighbour>
2026-10-07T01:21:01.0936860Z       <Coroutine test_partial_save_materializes_legacy_by_warehouse_neighbour>
2026-10-07T01:21:01.0937151Z       <Coroutine test_partial_save_preserves_explicit_neighbour_while_transport_is_off>
2026-10-07T01:21:01.0937394Z       <Coroutine test_ozon_transport_stays_off_without_applicable_product>
2026-10-07T01:21:01.0937634Z       <Coroutine test_explicit_empty_by_binding_payload_changes_nothing>
2026-10-07T01:21:01.0938135Z       <Coroutine test_wms483_units_configured_distinguishes_blank_from_explicit_zero>
2026-10-07T01:21:01.0938401Z       <Function test_wms469_legacy_units_payload_defaults_to_configured>
2026-10-07T01:21:01.0938640Z       <Coroutine test_c31_off_on_preserves_manual_cap_after_stock_drop>
2026-10-07T01:21:01.0938870Z       <Coroutine test_c24_parallel_complete_saves_never_mix_rules>
2026-10-07T01:21:01.0939095Z       <Coroutine test_c23_parallel_same_binding_create_keeps_one_row>
2026-10-07T01:21:01.0939413Z       <Coroutine test_c16_r20_event_publish_starts_within_five_and_confirms_within_ten_seconds>
2026-10-07T01:21:01.0939645Z       <Coroutine test_c13_unserved_binding_remains_a_publication_target>
2026-10-07T01:21:01.0939913Z       <Coroutine test_c20_c21_busy_provider_retries_while_other_provider_proceeds>
2026-10-07T01:21:01.0940127Z       <Coroutine test_busy_provider_stops_after_bounded_attempts>
2026-10-07T01:21:01.0940481Z       <Coroutine test_five_events_coalesce_into_one_follow_up_publish>
2026-10-07T01:21:01.0940713Z       <Coroutine test_event_during_follow_up_pass_gets_its_own_publish>
2026-10-07T01:21:01.0940981Z       <Coroutine test_cross_process_follow_up_waits_for_long_running_lock_holder>
2026-10-07T01:21:01.0941179Z       <Coroutine test_permanent_publish_error_is_not_retried>
2026-10-07T01:21:01.0941395Z       <Coroutine test_rate_limit_retry_respects_provider_backoff>
2026-10-07T01:21:01.0941633Z       <Coroutine test_c26_seller_reads_own_bindings_but_cannot_write_them>
2026-10-07T01:21:01.0941920Z       <Coroutine test_c25_foreign_seller_and_tenant_cannot_read_any_warehouse_endpoint>
2026-10-07T01:21:01.0942167Z       <Coroutine test_c8_http_bulk_save_returns_saved_clamp_and_binding_state>
2026-10-07T01:21:01.0942328Z     <Module test_wms475_added_order_stickers.py>
2026-10-07T01:21:01.0942513Z       <Coroutine test_added_order_sticker_prefetch[ready]>
2026-10-07T01:21:01.0942737Z       <Coroutine test_added_order_sticker_prefetch[transport_error]>
2026-10-07T01:21:01.0942929Z       <Coroutine test_added_order_sticker_prefetch[missing]>
2026-10-07T01:21:01.0943166Z       <Coroutine test_added_order_sticker_prefetch[partial_confirmation]>
2026-10-07T01:21:01.0943346Z       <Coroutine test_added_order_sticker_prefetch[draft]>
2026-10-07T01:21:01.0943554Z       <Coroutine test_added_order_sticker_prefetch[asset_error]>
2026-10-07T01:21:01.0943764Z       <Coroutine test_added_order_sticker_prefetch[storage_mkdir]>
2026-10-07T01:21:01.0943975Z       <Coroutine test_added_order_sticker_prefetch[storage_write]>
2026-10-07T01:21:01.0944172Z       <Function test_storage_read_error_is_domain_error[error0]>
2026-10-07T01:21:01.0944372Z       <Function test_storage_read_error_is_domain_error[error1]>
2026-10-07T01:21:01.0944531Z     <Module test_wms476_auto_marking_import.py>
2026-10-07T01:21:01.0944802Z       <Function test_artifact_extractor_keeps_only_real_or_damaged_matrix_regions>
2026-10-07T01:21:01.0945103Z       <Function test_artifact_extractor_splits_one_image_page_and_preserves_source_order>
2026-10-07T01:21:01.0945375Z       <Coroutine test_auto_import_fresh_pools_are_counted_and_issued_across_uploads>
2026-10-07T01:21:01.0945644Z       <Coroutine test_assign_unmatched_groups_pools_and_retry_does_not_duplicate>
2026-10-07T01:21:01.0946004Z       <Coroutine test_auto_match_combines_shared_article_with_gtin>
2026-10-07T01:21:01.0946253Z       <Coroutine test_auto_match_treats_one_size_label_as_wb_size_zero_only>
2026-10-07T01:21:01.0946570Z       <Coroutine test_lost_assignment_response_reuses_result_and_residual_is_authoritative>
2026-10-07T01:21:01.0946798Z       <Coroutine test_auto_import_partial_assignment_and_residual_pdf>
2026-10-07T01:21:01.0946955Z     <Module test_wms477_marking_verdicts_sync.py>
2026-10-07T01:21:01.0947184Z       <Coroutine test_markings_sync_endpoint_success_updates_workspace>
2026-10-07T01:21:01.0947518Z       <Coroutine test_markings_sync_endpoint_wb_error_leaves_no_partial_write[upstream_error-429]>
2026-10-07T01:21:01.0947853Z       <Coroutine test_markings_sync_endpoint_wb_error_leaves_no_partial_write[upstream_error-503]>
2026-10-07T01:21:01.0948449Z       <Coroutine test_markings_sync_endpoint_wb_error_leaves_no_partial_write[network_error-None]>
2026-10-07T01:21:01.0948729Z       <Coroutine test_sync_marking_verdicts_batch_no_partial_write_across_two_batches>
2026-10-07T01:21:01.0948953Z       <Coroutine test_markings_sync_endpoint_foreign_supply_is_404>
2026-10-07T01:21:01.0949166Z       <Coroutine test_markings_sync_endpoint_ozon_supply_is_a_noop>
2026-10-07T01:21:01.0949378Z       <Coroutine test_markings_sync_endpoint_missing_token_is_403>
2026-10-07T01:21:01.0949582Z       <Coroutine test_markings_sync_endpoint_no_codes_is_a_noop>
2026-10-07T01:21:01.0949888Z       <Coroutine test_sync_marking_verdicts_for_seller_filters_active_supply_and_open_codes>
2026-10-07T01:21:01.0950161Z       <Coroutine test_sync_fbs_marking_verdicts_all_sellers_isolates_seller_errors>
2026-10-07T01:21:01.0950595Z       <Coroutine test_stale_new_cycle_answer_does_not_revert_a_fresher_general_cycle_verdict>
2026-10-07T01:21:01.0950881Z       <Coroutine test_stale_new_cycle_answer_does_not_revert_a_fresher_button_verdict>
2026-10-07T01:21:01.0951122Z       <Coroutine test_replaced_code_during_http_is_not_counted_as_updated>
2026-10-07T01:21:01.0951363Z       <Coroutine test_minute_cycle_skips_seller_when_wb_backoff_is_active>
2026-10-07T01:21:01.0951606Z       <Coroutine test_minute_cycle_records_wb_backoff_after_persistent_429>
2026-10-07T01:21:01.0951917Z       <Coroutine test_stale_single_order_sync_does_not_revert_a_fresher_minute_cycle_verdict>
2026-10-07T01:21:01.0952199Z       <Coroutine test_stale_single_order_sync_does_not_revert_a_fresher_button_verdict>
2026-10-07T01:21:01.0952532Z       <Coroutine test_stale_get_order_metadata_sync_does_not_revert_a_fresher_minute_cycle_verdict>
2026-10-07T01:21:01.0952799Z       <Coroutine test_stale_single_order_sync_does_not_revert_a_fresher_rejection>
2026-10-07T01:21:01.0953187Z       <Coroutine test_http_single_order_sync_vs_http_button_stale_answer[pending-sgtinIntroduced-accepted]>
2026-10-07T01:21:01.0953584Z       <Coroutine test_http_single_order_sync_vs_http_button_stale_answer[sgtinIntroduced-sgtinNotFound-rejected]>
2026-10-07T01:21:01.0953863Z       <Coroutine test_postgresql_marking_verdicts_cycle_lock_skips_concurrent_cycle>
2026-10-07T01:21:01.0954193Z       <Function test_celery_schedule_has_marking_verdicts_entry_separate_from_statuses_autopoll>
2026-10-07T01:21:01.0954491Z       <Coroutine test_postgresql_real_cycles_skip_overlap_and_recover_after_cancellation>
2026-10-07T01:21:01.0954770Z       <Coroutine test_omitted_wb_order_preserves_saved_verdict_and_next_cycle[manual]>
2026-10-07T01:21:01.0955063Z       <Coroutine test_omitted_wb_order_preserves_saved_verdict_and_next_cycle[background]>
2026-10-07T01:21:01.0955339Z       <Coroutine test_omitted_wb_order_preserves_saved_verdict_and_next_cycle[single]>
2026-10-07T01:21:01.0955489Z     <Module test_wms484_client_errors.py>
2026-10-07T01:21:01.0955655Z       <Coroutine test_report_204_and_log_identity>
2026-10-07T01:21:01.0955837Z       <Coroutine test_long_fields_and_stack_are_trimmed>
2026-10-07T01:21:01.0956049Z       <Coroutine test_oversized_body_keeps_truncated_first_field>
2026-10-07T01:21:01.0956199Z       <Coroutine test_unauthenticated_401>
2026-10-07T01:21:01.0956474Z       <Coroutine test_rate_limit_and_window_reset>
2026-10-07T01:21:01.0956623Z       <Coroutine test_rate_limit_is_per_user>
2026-10-07T01:21:01.0956809Z       <Coroutine test_malformed_input_never_500[not-json]>
2026-10-07T01:21:01.0956969Z       <Coroutine test_malformed_input_never_500[[]]>
2026-10-07T01:21:01.0957232Z       <Coroutine test_malformed_input_never_500[{"message":null,"stack":{}}]>
2026-10-07T01:21:01.0957395Z       <Coroutine test_logging_failure_never_500>
2026-10-07T01:21:01.0957550Z     <Module test_wms488_catalog_isolation.py>
2026-10-07T01:21:01.0957815Z       <Coroutine test_scan_returns_only_own_products_for_each_identifier[SKU]>
2026-10-07T01:21:01.0958186Z       <Coroutine test_scan_returns_only_own_products_for_each_identifier[WB]>
2026-10-07T01:21:01.0958435Z       <Coroutine test_scan_returns_only_own_products_for_each_identifier[OZN]>
2026-10-07T01:21:01.0958686Z       <Coroutine test_scan_returns_only_own_products_for_each_identifier[OZ]>
2026-10-07T01:21:01.0958924Z       <Coroutine test_scan_filters_before_ambiguity_and_ozon_fallback>
2026-10-07T01:21:01.0959150Z       <Coroutine test_seller_does_not_resolve_warehouse_objects[BOX]>
2026-10-07T01:21:01.0959382Z       <Coroutine test_seller_does_not_resolve_warehouse_objects[ORDER]>
2026-10-07T01:21:01.0959597Z       <Coroutine test_seller_does_not_resolve_warehouse_objects[WH]>
2026-10-07T01:21:01.0959832Z       <Coroutine test_authorized_ff_scans_keep_tenant_scope[reception]>
2026-10-07T01:21:01.0960073Z       <Coroutine test_authorized_ff_scans_keep_tenant_scope[mp_shipments]>
2026-10-07T01:21:01.0960416Z       <Coroutine test_authorized_ff_scans_keep_tenant_scope[packaging]>
2026-10-07T01:21:01.0960639Z       <Coroutine test_authorized_ff_scans_keep_tenant_scope[cells]>
2026-10-07T01:21:01.0960865Z       <Coroutine test_authorized_ff_scans_keep_tenant_scope[inventory]>
2026-10-07T01:21:01.0961076Z       <Coroutine test_scan_requires_existing_catalog_permissions>
2026-10-07T01:21:01.0961367Z       <Coroutine test_scan_revalidates_active_shop_and_preserves_explicit_delegation>
2026-10-07T01:21:01.0961692Z       <Coroutine test_bulk_honest_sign_requires_products_permission_and_preserves_foreign_rows>
2026-10-07T01:21:01.0961927Z       <Coroutine test_ozon_link_cannot_bypass_product_owner_or_link_owner>
2026-10-07T01:21:01.0962060Z     <Module test_wms488_home_scope.py>
2026-10-07T01:21:01.0962308Z       <Coroutine test_avpack_delegated_tokens_and_all_grants_stay_unchanged>
2026-10-07T01:21:01.0962652Z       <Coroutine test_jobs_require_proven_active_scope_but_not_seller_initiator[avpack-9uczh-False]>
2026-10-07T01:21:01.0962994Z       <Coroutine test_jobs_require_proven_active_scope_but_not_seller_initiator[avpack-9uczh-True]>
2026-10-07T01:21:01.0963362Z       <Coroutine test_jobs_require_proven_active_scope_but_not_seller_initiator[other-shop-tenant-False]>
2026-10-07T01:21:01.0963718Z       <Coroutine test_jobs_require_proven_active_scope_but_not_seller_initiator[other-shop-tenant-True]>
2026-10-07T01:21:01.0963992Z       <Coroutine test_delegated_token_enqueues_active_and_worker_uses_active[False]>
2026-10-07T01:21:01.0964264Z       <Coroutine test_delegated_token_enqueues_active_and_worker_uses_active[True]>
2026-10-07T01:21:01.0964468Z       <Coroutine test_similar_tenant_keeps_delegation[avpack]>
2026-10-07T01:21:01.0964711Z       <Coroutine test_similar_tenant_keeps_delegation[avpack-9uczh-other]>
2026-10-07T01:21:01.0964949Z       <Coroutine test_similar_tenant_keeps_delegation[other-tenant-name]>
2026-10-07T01:21:01.0965195Z       <Coroutine test_active_token_scan_filters_inactive_and_ambiguity[SKU]>
2026-10-07T01:21:01.0965438Z       <Coroutine test_active_token_scan_filters_inactive_and_ambiguity[WB]>
2026-10-07T01:21:01.0965683Z       <Coroutine test_active_token_scan_filters_inactive_and_ambiguity[OZN]>
2026-10-07T01:21:01.0965923Z       <Coroutine test_active_token_scan_filters_inactive_and_ambiguity[OZ]>
2026-10-07T01:21:01.0966192Z       <Coroutine test_own_job_failure_hides_raw_diagnostics_and_mismatched_result>
2026-10-07T01:21:01.0966503Z       <Coroutine test_direct_marketplace_sync_uses_active>
2026-10-07T01:21:01.0966726Z       <Coroutine test_active_token_marking_reads_print_and_ff_catalog>
2026-10-07T01:21:01.0967003Z       <Coroutine test_active_token_cannot_add_inactive_document_line[inbound-intake]>
2026-10-07T01:21:01.0967294Z       <Coroutine test_active_token_cannot_add_inactive_document_line[outbound-shipment]>
2026-10-07T01:21:01.0967632Z       <Coroutine test_active_token_cannot_add_inactive_document_line[marketplace-unload-requests]>
2026-10-07T01:21:01.0967792Z     <Module test_wms488_product_api_matrix.py>
2026-10-07T01:21:01.0968442Z       <Coroutine test_foreign_product_direct_requests_disclose_nothing_and_write_nothing[ordinary-GET-/products/{pid}/dimensions/history-None-b]>
2026-10-07T01:21:01.0969005Z       <Coroutine test_foreign_product_direct_requests_disclose_nothing_and_write_nothing[ordinary-GET-/products/{pid}/dimensions/history-None-foreign]>
2026-10-07T01:21:01.0969519Z       <Coroutine test_foreign_product_direct_requests_disclose_nothing_and_write_nothing[ordinary-PATCH-/products/{pid}/dimensions-body1-b]>
2026-10-07T01:21:01.0970049Z       <Coroutine test_foreign_product_direct_requests_disclose_nothing_and_write_nothing[ordinary-PATCH-/products/{pid}/dimensions-body1-foreign]>
2026-10-07T01:21:01.0970608Z       <Coroutine test_foreign_product_direct_requests_disclose_nothing_and_write_nothing[ordinary-PATCH-/products/{pid}/packaging-instructions-body2-b]>
2026-10-07T01:21:01.0971310Z       <Coroutine test_foreign_product_direct_requests_disclose_nothing_and_write_nothing[ordinary-PATCH-/products/{pid}/packaging-instructions-body2-foreign]>
2026-10-07T01:21:01.0971835Z       <Coroutine test_foreign_product_direct_requests_disclose_nothing_and_write_nothing[ordinary-GET-/products/{pid}/stock-directions-None-b]>
2026-10-07T01:21:01.0972380Z       <Coroutine test_foreign_product_direct_requests_disclose_nothing_and_write_nothing[ordinary-GET-/products/{pid}/stock-directions-None-foreign]>
2026-10-07T01:21:01.0972905Z       <Coroutine test_foreign_product_direct_requests_disclose_nothing_and_write_nothing[ordinary-POST-/products/{pid}/stock-directions-body4-b]>
2026-10-07T01:21:01.0973457Z       <Coroutine test_foreign_product_direct_requests_disclose_nothing_and_write_nothing[ordinary-POST-/products/{pid}/stock-directions-body4-foreign]>
2026-10-07T01:21:01.0973981Z       <Coroutine test_foreign_product_direct_requests_disclose_nothing_and_write_nothing[ordinary-PATCH-/products/stock-directions/{did}-body5-b]>
2026-10-07T01:21:01.0974532Z       <Coroutine test_foreign_product_direct_requests_disclose_nothing_and_write_nothing[ordinary-PATCH-/products/stock-directions/{did}-body5-foreign]>
2026-10-07T01:21:01.0975053Z       <Coroutine test_foreign_product_direct_requests_disclose_nothing_and_write_nothing[ordinary-DELETE-/products/stock-directions/{did}-None-b]>
2026-10-07T01:21:01.0975608Z       <Coroutine test_foreign_product_direct_requests_disclose_nothing_and_write_nothing[ordinary-DELETE-/products/stock-directions/{did}-None-foreign]>
2026-10-07T01:21:01.0976095Z       <Coroutine test_foreign_product_direct_requests_disclose_nothing_and_write_nothing[ordinary-GET-/products/{pid}/fbs-rule-None-b]>
2026-10-07T01:21:01.0976604Z       <Coroutine test_foreign_product_direct_requests_disclose_nothing_and_write_nothing[ordinary-GET-/products/{pid}/fbs-rule-None-foreign]>
2026-10-07T01:21:01.0977089Z       <Coroutine test_foreign_product_direct_requests_disclose_nothing_and_write_nothing[ordinary-PUT-/products/{pid}/fbs-rule-body8-b]>
2026-10-07T01:21:01.0977604Z       <Coroutine test_foreign_product_direct_requests_disclose_nothing_and_write_nothing[ordinary-PUT-/products/{pid}/fbs-rule-body8-foreign]>
2026-10-07T01:21:01.0978397Z       <Coroutine test_foreign_product_direct_requests_disclose_nothing_and_write_nothing[ordinary-PATCH-/products/{pid}/fbs-stock-sync-body9-b]>
2026-10-07T01:21:01.0978963Z       <Coroutine test_foreign_product_direct_requests_disclose_nothing_and_write_nothing[ordinary-PATCH-/products/{pid}/fbs-stock-sync-body9-foreign]>
2026-10-07T01:21:01.0979702Z       <Coroutine test_foreign_product_direct_requests_disclose_nothing_and_write_nothing[avpack-active-delegation-GET-/products/{pid}/dimensions/history-None-b]>
2026-10-07T01:21:01.0980336Z       <Coroutine test_foreign_product_direct_requests_disclose_nothing_and_write_nothing[avpack-active-delegation-GET-/products/{pid}/dimensions/history-None-foreign]>
2026-10-07T01:21:01.0980919Z       <Coroutine test_foreign_product_direct_requests_disclose_nothing_and_write_nothing[avpack-active-delegation-PATCH-/products/{pid}/dimensions-body1-b]>
2026-10-07T01:21:01.0981528Z       <Coroutine test_foreign_product_direct_requests_disclose_nothing_and_write_nothing[avpack-active-delegation-PATCH-/products/{pid}/dimensions-body1-foreign]>
2026-10-07T01:21:01.0982167Z       <Coroutine test_foreign_product_direct_requests_disclose_nothing_and_write_nothing[avpack-active-delegation-PATCH-/products/{pid}/packaging-instructions-body2-b]>
2026-10-07T01:21:01.0982837Z       <Coroutine test_foreign_product_direct_requests_disclose_nothing_and_write_nothing[avpack-active-delegation-PATCH-/products/{pid}/packaging-instructions-body2-foreign]>
2026-10-07T01:21:01.0983433Z       <Coroutine test_foreign_product_direct_requests_disclose_nothing_and_write_nothing[avpack-active-delegation-GET-/products/{pid}/stock-directions-None-b]>
2026-10-07T01:21:01.0984057Z       <Coroutine test_foreign_product_direct_requests_disclose_nothing_and_write_nothing[avpack-active-delegation-GET-/products/{pid}/stock-directions-None-foreign]>
2026-10-07T01:21:01.0984765Z       <Coroutine test_foreign_product_direct_requests_disclose_nothing_and_write_nothing[avpack-active-delegation-POST-/products/{pid}/stock-directions-body4-b]>
2026-10-07T01:21:01.0985400Z       <Coroutine test_foreign_product_direct_requests_disclose_nothing_and_write_nothing[avpack-active-delegation-POST-/products/{pid}/stock-directions-body4-foreign]>
2026-10-07T01:21:01.0986017Z       <Coroutine test_foreign_product_direct_requests_disclose_nothing_and_write_nothing[avpack-active-delegation-PATCH-/products/stock-directions/{did}-body5-b]>
2026-10-07T01:21:01.0986639Z       <Coroutine test_foreign_product_direct_requests_disclose_nothing_and_write_nothing[avpack-active-delegation-PATCH-/products/stock-directions/{did}-body5-foreign]>
2026-10-07T01:21:01.0987244Z       <Coroutine test_foreign_product_direct_requests_disclose_nothing_and_write_nothing[avpack-active-delegation-DELETE-/products/stock-directions/{did}-None-b]>
2026-10-07T01:21:01.0987878Z       <Coroutine test_foreign_product_direct_requests_disclose_nothing_and_write_nothing[avpack-active-delegation-DELETE-/products/stock-directions/{did}-None-foreign]>
2026-10-07T01:21:01.0988565Z       <Coroutine test_foreign_product_direct_requests_disclose_nothing_and_write_nothing[avpack-active-delegation-GET-/products/{pid}/fbs-rule-None-b]>
2026-10-07T01:21:01.0989150Z       <Coroutine test_foreign_product_direct_requests_disclose_nothing_and_write_nothing[avpack-active-delegation-GET-/products/{pid}/fbs-rule-None-foreign]>
2026-10-07T01:21:01.0989716Z       <Coroutine test_foreign_product_direct_requests_disclose_nothing_and_write_nothing[avpack-active-delegation-PUT-/products/{pid}/fbs-rule-body8-b]>
2026-10-07T01:21:01.0990301Z       <Coroutine test_foreign_product_direct_requests_disclose_nothing_and_write_nothing[avpack-active-delegation-PUT-/products/{pid}/fbs-rule-body8-foreign]>
2026-10-07T01:21:01.0990895Z       <Coroutine test_foreign_product_direct_requests_disclose_nothing_and_write_nothing[avpack-active-delegation-PATCH-/products/{pid}/fbs-stock-sync-body9-b]>
2026-10-07T01:21:01.0991516Z       <Coroutine test_foreign_product_direct_requests_disclose_nothing_and_write_nothing[avpack-active-delegation-PATCH-/products/{pid}/fbs-stock-sync-body9-foreign]>
2026-10-07T01:21:01.0991849Z       <Coroutine test_seller_cannot_use_ff_creation_import_merge_link_or_print_routes[ordinary-a]>
2026-10-07T01:21:01.0992299Z       <Coroutine test_seller_cannot_use_ff_creation_import_merge_link_or_print_routes[ordinary-b]>
2026-10-07T01:21:01.0992655Z       <Coroutine test_seller_cannot_use_ff_creation_import_merge_link_or_print_routes[ordinary-foreign]>
2026-10-07T01:21:01.0993070Z       <Coroutine test_seller_cannot_use_ff_creation_import_merge_link_or_print_routes[avpack-active-delegation-a]>
2026-10-07T01:21:01.0993469Z       <Coroutine test_seller_cannot_use_ff_creation_import_merge_link_or_print_routes[avpack-active-delegation-b]>
2026-10-07T01:21:01.0993894Z       <Coroutine test_seller_cannot_use_ff_creation_import_merge_link_or_print_routes[avpack-active-delegation-foreign]>
2026-10-07T01:21:01.0994179Z       <Coroutine test_mixed_bulk_requests_preserve_foreign_rows[ordinary-rule-read-b]>
2026-10-07T01:21:01.0994495Z       <Coroutine test_mixed_bulk_requests_preserve_foreign_rows[ordinary-rule-read-foreign]>
2026-10-07T01:21:01.0994783Z       <Coroutine test_mixed_bulk_requests_preserve_foreign_rows[ordinary-rule-write-b]>
2026-10-07T01:21:01.0995106Z       <Coroutine test_mixed_bulk_requests_preserve_foreign_rows[ordinary-rule-write-foreign]>
2026-10-07T01:21:01.0995385Z       <Coroutine test_mixed_bulk_requests_preserve_foreign_rows[ordinary-reset-b]>
2026-10-07T01:21:01.0995680Z       <Coroutine test_mixed_bulk_requests_preserve_foreign_rows[ordinary-reset-foreign]>
2026-10-07T01:21:01.0995951Z       <Coroutine test_mixed_bulk_requests_preserve_foreign_rows[ordinary-sync-b]>
2026-10-07T01:21:01.0996239Z       <Coroutine test_mixed_bulk_requests_preserve_foreign_rows[ordinary-sync-foreign]>
2026-10-07T01:21:01.0996516Z       <Coroutine test_mixed_bulk_requests_preserve_foreign_rows[ordinary-balance-b]>
2026-10-07T01:21:01.0996933Z       <Coroutine test_mixed_bulk_requests_preserve_foreign_rows[ordinary-balance-foreign]>
2026-10-07T01:21:01.0997232Z       <Coroutine test_mixed_bulk_requests_preserve_foreign_rows[ordinary-honest-sign-b]>
2026-10-07T01:21:01.0997551Z       <Coroutine test_mixed_bulk_requests_preserve_foreign_rows[ordinary-honest-sign-foreign]>
2026-10-07T01:21:01.0998063Z       <Coroutine test_mixed_bulk_requests_preserve_foreign_rows[avpack-active-delegation-rule-read-b]>
2026-10-07T01:21:01.0998463Z       <Coroutine test_mixed_bulk_requests_preserve_foreign_rows[avpack-active-delegation-rule-read-foreign]>
2026-10-07T01:21:01.0998828Z       <Coroutine test_mixed_bulk_requests_preserve_foreign_rows[avpack-active-delegation-rule-write-b]>
2026-10-07T01:21:01.0999222Z       <Coroutine test_mixed_bulk_requests_preserve_foreign_rows[avpack-active-delegation-rule-write-foreign]>
2026-10-07T01:21:01.0999562Z       <Coroutine test_mixed_bulk_requests_preserve_foreign_rows[avpack-active-delegation-reset-b]>
2026-10-07T01:21:01.0999929Z       <Coroutine test_mixed_bulk_requests_preserve_foreign_rows[avpack-active-delegation-reset-foreign]>
2026-10-07T01:21:01.1000264Z       <Coroutine test_mixed_bulk_requests_preserve_foreign_rows[avpack-active-delegation-sync-b]>
2026-10-07T01:21:01.1000627Z       <Coroutine test_mixed_bulk_requests_preserve_foreign_rows[avpack-active-delegation-sync-foreign]>
2026-10-07T01:21:01.1000985Z       <Coroutine test_mixed_bulk_requests_preserve_foreign_rows[avpack-active-delegation-balance-b]>
2026-10-07T01:21:01.1001366Z       <Coroutine test_mixed_bulk_requests_preserve_foreign_rows[avpack-active-delegation-balance-foreign]>
2026-10-07T01:21:01.1001731Z       <Coroutine test_mixed_bulk_requests_preserve_foreign_rows[avpack-active-delegation-honest-sign-b]>
2026-10-07T01:21:01.1002125Z       <Coroutine test_mixed_bulk_requests_preserve_foreign_rows[avpack-active-delegation-honest-sign-foreign]>
2026-10-07T01:21:01.1002391Z       <Coroutine test_own_product_actions_remain_available[ordinary]>
2026-10-07T01:21:01.1002678Z       <Coroutine test_own_product_actions_remain_available[avpack-active-delegation]>
2026-10-07T01:21:01.1003055Z       <Coroutine test_seller_export_and_report_ignore_foreign_seller_override[ordinary-/reports/inventory-b]>
2026-10-07T01:21:01.1003453Z       <Coroutine test_seller_export_and_report_ignore_foreign_seller_override[ordinary-/reports/inventory-foreign]>
2026-10-07T01:21:01.1004004Z       <Coroutine test_seller_export_and_report_ignore_foreign_seller_override[ordinary-/reports/inventory/export.xlsx-b]>
2026-10-07T01:21:01.1004454Z       <Coroutine test_seller_export_and_report_ignore_foreign_seller_override[ordinary-/reports/inventory/export.xlsx-foreign]>
2026-10-07T01:21:01.1004903Z       <Coroutine test_seller_export_and_report_ignore_foreign_seller_override[avpack-active-delegation-/reports/inventory-b]>
2026-10-07T01:21:01.1005384Z       <Coroutine test_seller_export_and_report_ignore_foreign_seller_override[avpack-active-delegation-/reports/inventory-foreign]>
2026-10-07T01:21:01.1005881Z       <Coroutine test_seller_export_and_report_ignore_foreign_seller_override[avpack-active-delegation-/reports/inventory/export.xlsx-b]>
2026-10-07T01:21:01.1006406Z       <Coroutine test_seller_export_and_report_ignore_foreign_seller_override[avpack-active-delegation-/reports/inventory/export.xlsx-foreign]>
2026-10-07T01:21:01.1006584Z     <Module test_wms488_shop_manager_migration.py>
2026-10-07T01:21:01.1006887Z       <Coroutine test_migration_preserves_only_existing_eligible_delegated_grants[avpack]>
2026-10-07T01:21:01.1007216Z       <Coroutine test_migration_preserves_only_existing_eligible_delegated_grants[avpack-9uczh]>
2026-10-07T01:21:01.1007592Z       <Function test_migration_keeps_legacy_configuration_resolution[environment0--fallback@merchant.ru]>
2026-10-07T01:21:01.1008256Z       <Function test_migration_keeps_legacy_configuration_resolution[environment1-WMS_SHOP_MANAGER_EMAILS=dotenv@merchant.ru\n-dotenv@merchant.ru]>
2026-10-07T01:21:01.1008734Z       <Function test_migration_keeps_legacy_configuration_resolution[environment2--alias@merchant.ru]>
2026-10-07T01:21:01.1009089Z       <Function test_migration_keeps_legacy_configuration_resolution[environment3--lower@merchant.ru]>
2026-10-07T01:21:01.1009451Z       <Function test_migration_keeps_legacy_configuration_resolution[environment4--primary@merchant.ru]>
2026-10-07T01:21:01.1009602Z     <Module test_wms489_kiz_reprints.py>
2026-10-07T01:21:01.1009880Z       <Coroutine test_kiz_reprint_persists_exact_gs_without_touching_marking_pool>
2026-10-07T01:21:01.1010159Z       <Coroutine test_kiz_reprint_accepts_complete_ai93_payload_from_marking_fixture>
2026-10-07T01:21:01.1010442Z       <Coroutine test_kiz_reprint_rejects_incomplete_or_invalid_codes_without_history>
2026-10-07T01:21:01.1010710Z       <Coroutine test_kiz_reprint_retry_after_lost_save_response_claims_one_print>
2026-10-07T01:21:01.1010978Z       <Coroutine test_kiz_reprint_concurrent_print_claims_allow_one_automatic_launch>
2026-10-07T01:21:01.1011310Z       <Coroutine test_kiz_reprint_idempotency_allows_new_manual_rescan_but_not_delivery_replay>
2026-10-07T01:21:01.1011559Z       <Coroutine test_kiz_reprint_concurrent_same_delivery_creates_one_row>
2026-10-07T01:21:01.1011837Z       <Coroutine test_kiz_reprint_scopes_history_to_tenant_and_reception_permission>
2026-10-07T01:21:01.1011994Z     <Module test_wms490_product_card_api.py>
2026-10-07T01:21:01.1012259Z       <Coroutine test_product_card_matches_catalog_row_and_adds_dimensions_wms490>
2026-10-07T01:21:01.1012518Z       <Coroutine test_product_card_manual_product_without_marketplace_wms490>
2026-10-07T01:21:01.1012751Z       <Coroutine test_product_card_requires_catalog_cells_access_wms490>
2026-10-07T01:21:01.1013039Z       <Coroutine test_product_card_foreign_tenant_and_missing_product_return_404_wms490>
2026-10-07T01:21:01.1013321Z       <Coroutine test_warehouse_map_product_filter_keeps_only_matching_rows_wms490>
2026-10-07T01:21:01.1013602Z       <Coroutine test_product_card_location_warehouses_matches_nonempty_maps_wms490>
2026-10-07T01:21:01.1013752Z     <Module test_wms490_product_movements.py>
2026-10-07T01:21:01.1013981Z       <Coroutine test_full_history_matches_report_for_the_same_period>
2026-10-07T01:21:01.1014212Z       <Coroutine test_full_history_includes_movements_older_than_a_year>
2026-10-07T01:21:01.1014586Z       <Coroutine test_full_history_excludes_location_only_movements>
2026-10-07T01:21:01.1014819Z       <Coroutine test_full_history_pagination_has_no_duplicates_or_gaps>
2026-10-07T01:21:01.1015126Z       <Coroutine test_full_history_pagination_is_stable_when_a_movement_lands_between_pages>
2026-10-07T01:21:01.1015374Z       <Coroutine test_full_history_quantity_sum_matches_accumulated_stock>
2026-10-07T01:21:01.1015584Z       <Coroutine test_full_history_is_empty_for_a_foreign_tenant>
2026-10-07T01:21:01.1015819Z       <Coroutine test_full_history_is_empty_for_a_foreign_seller_account>
2026-10-07T01:21:01.1016074Z       <Coroutine test_list_product_movements_full_history_requires_a_product>
2026-10-07T01:21:01.1016296Z       <Coroutine test_list_product_movements_rejects_a_partial_period>
2026-10-07T01:21:01.1016452Z     <Module test_wms507_avpack_delegation.py>
2026-10-07T01:21:01.1016799Z       <Coroutine test_ordinary_avpack_seller_cannot_use_existing_grant_or_signed_active_token[False]>
2026-10-07T01:21:01.1017143Z       <Coroutine test_ordinary_avpack_seller_cannot_use_existing_grant_or_signed_active_token[True]>
2026-10-07T01:21:01.1017434Z       <Coroutine test_avpack_denied_targets_cannot_switch_or_use_signed_token[disabled]>
2026-10-07T01:21:01.1017729Z       <Coroutine test_avpack_denied_targets_cannot_switch_or_use_signed_token[ungranted]>
2026-10-07T01:21:01.1018260Z       <Coroutine test_avpack_denied_targets_cannot_switch_or_use_signed_token[foreign]>
2026-10-07T01:21:01.1018554Z       <Coroutine test_avpack_denied_targets_cannot_switch_or_use_signed_token[test]>
2026-10-07T01:21:01.1019005Z       <Coroutine test_avpack_toggle_existing_delegation_revokes_old_token_and_restores_switch>
2026-10-07T01:21:01.1019303Z       <Coroutine test_marketplace_unload_create_rejects_nonactive_seller_without_writes>
2026-10-07T01:21:01.1019579Z       <Coroutine test_storage_rebuild_uses_active_scope_for_worker_and_poll[False]>
2026-10-07T01:21:01.1019841Z       <Coroutine test_storage_rebuild_uses_active_scope_for_worker_and_poll[True]>
2026-10-07T01:21:01.1020057Z       <Coroutine test_storage_rebuild_ff_remains_unscoped[admin]>
2026-10-07T01:21:01.1020261Z       <Coroutine test_storage_rebuild_ff_remains_unscoped[staff]>
2026-10-07T01:21:01.1020408Z     <Module test_wms514_scan_auto_print.py>
2026-10-07T01:21:01.1020677Z       <Coroutine test_product_scan_selects_one_order_and_replay_does_not_advance>
2026-10-07T01:21:01.1020926Z       <Coroutine test_all_off_scans_are_inert_and_do_not_consume_first_unit>
2026-10-07T01:21:01.1021161Z       <Coroutine test_scan_idempotency_rejects_changed_checkbox_snapshot>
2026-10-07T01:21:01.1021386Z       <Coroutine test_concurrent_replay_returns_one_scan_selection>
2026-10-07T01:21:01.1021616Z       <Coroutine test_concurrent_distinct_scans_select_distinct_units>
2026-10-07T01:21:01.1021768Z       <Coroutine test_product_scan_is_wb_only>
2026-10-07T01:21:01.1022055Z       <Coroutine test_reprint_product_scan_selects_exact_order_without_allocating_code>
2026-10-07T01:21:01.1022326Z       <Coroutine test_successful_product_bind_atomically_prepares_reprint_recovery>
2026-10-07T01:21:01.1022599Z       <Coroutine test_bound_target_event_stays_out_of_target_and_neighbour_history>
2026-10-07T01:21:01.1022849Z       <Coroutine test_reprint_product_recovers_only_released_canonical_kiz>
2026-10-07T01:21:01.1023066Z       <Coroutine test_reprint_product_blocks_unknown_print_outcome>
2026-10-07T01:21:01.1023331Z       <Coroutine test_atomic_reprint_claim_rejects_replaced_or_cancelled_marking>
2026-10-07T01:21:01.1023567Z       <Coroutine test_concurrent_atomic_reprint_recovery_claims_only_once>
2026-10-07T01:21:01.1023842Z       <Coroutine test_atomic_reprint_recovery_is_tenant_supply_and_request_scoped>
2026-10-07T01:21:01.1024103Z       <Coroutine test_print_target_claim_is_durable_and_never_blindly_retries>
2026-10-07T01:21:01.1024370Z       <Coroutine test_print_target_claim_respects_tenant_and_supply_boundaries>
2026-10-07T01:21:01.1024620Z       <Coroutine test_direct_full_kiz_reprint_does_not_touch_marking_pool>
2026-10-07T01:21:01.1025020Z       <Coroutine test_sequential_packing_skips_packed_and_replays_same_selection>
2026-10-07T01:21:01.1025288Z       <Coroutine test_sequential_binding_receipt_recovers_without_reprinting_kiz>
2026-10-07T01:21:01.1025446Z     <Module test_wms516_physical_warehouse.py>
2026-10-07T01:21:01.1025704Z       <Coroutine test_repair_conserves_627_containers_other_seller_and_replays>
2026-10-07T01:21:01.1025967Z       <Coroutine test_multi_source_merges_mutually_referencing_legacy_warehouses>
2026-10-07T01:21:01.1026193Z       <Coroutine test_drift_and_ambiguous_target_are_durable_blockers>
2026-10-07T01:21:01.1026432Z       <Coroutine test_failure_before_commit_leaves_entire_original_graph>
2026-10-07T01:21:01.1026642Z       <Coroutine test_already_repaired_stock_is_not_added_again>
2026-10-07T01:21:01.1026901Z       <Coroutine test_bulk_writes_to_known_legacy_uuid_are_rejected[False-False]>
2026-10-07T01:21:01.1027165Z       <Coroutine test_bulk_writes_to_known_legacy_uuid_are_rejected[False-True]>
2026-10-07T01:21:01.1027430Z       <Coroutine test_bulk_writes_to_known_legacy_uuid_are_rejected[True-False]>
2026-10-07T01:21:01.1027684Z       <Coroutine test_bulk_writes_to_known_legacy_uuid_are_rejected[True-True]>
2026-10-07T01:21:01.1027877Z       <Coroutine test_parallel_same_run_returns_one_result>
2026-10-07T01:21:01.1028250Z       <Coroutine test_every_physical_fk_is_guarded_against_internal_insert>
2026-10-07T01:21:01.1028522Z       <Coroutine test_foreign_tenant_and_historical_unique_collision_block_repair>
2026-10-07T01:21:01.1028798Z       <Coroutine test_publication_is_scoped_and_recoverable_after_provider_failure>
2026-10-07T01:21:01.1029195Z       <Coroutine test_binding_rejects_legacy_and_defect_but_defect_service_works[wb]>
2026-10-07T01:21:01.1029481Z       <Coroutine test_binding_rejects_legacy_and_defect_but_defect_service_works[ozon]>
2026-10-07T01:21:01.1029717Z       <Coroutine test_nested_document_write_is_guarded_without_location>
2026-10-07T01:21:01.1029940Z       <Coroutine test_nested_document_drift_blocks_rollback[False]>
2026-10-07T01:21:01.1030156Z       <Coroutine test_nested_document_drift_blocks_rollback[True]>
2026-10-07T01:21:01.1030389Z       <Coroutine test_legacy_identity_cannot_be_reactivated_or_renamed>
2026-10-07T01:21:01.1030626Z       <Coroutine test_prepare_evaluates_partial_unique_print_index[False]>
2026-10-07T01:21:01.1030865Z       <Coroutine test_prepare_evaluates_partial_unique_print_index[True]>
2026-10-07T01:21:01.1031050Z       <Coroutine test_binding_rule_drift_blocks_rollback>
2026-10-07T01:21:01.1031294Z       <Coroutine test_prepare_evaluates_partial_unique_tariff_index[False]>
2026-10-07T01:21:01.1031538Z       <Coroutine test_prepare_evaluates_partial_unique_tariff_index[True]>
2026-10-07T01:21:01.1031776Z       <Coroutine test_prepare_evaluates_expression_unique_allocation_index>
2026-10-07T01:21:01.1032046Z       <Coroutine test_repair_rejects_foreign_parent_outside_source_target[seller]>
2026-10-07T01:21:01.1032320Z       <Coroutine test_repair_rejects_foreign_parent_outside_source_target[pallet]>
2026-10-07T01:21:01.1032601Z       <Coroutine test_repair_rejects_foreign_parent_outside_source_target[container]>
2026-10-07T01:21:01.1032909Z       <Coroutine test_repair_rejects_foreign_parent_outside_source_target[third_warehouse]>
2026-10-07T01:21:01.1033168Z       <Coroutine test_repair_parent_ownership_drift_between_prepare_and_apply>
2026-10-07T01:21:01.1033384Z       <Coroutine test_repair_checks_all_columns_of_composite_parent>
2026-10-07T01:21:01.1033672Z       <Coroutine test_repair_rejects_box_parent_in_third_same_tenant_warehouse[pallet]>
2026-10-07T01:21:01.1033971Z       <Coroutine test_repair_rejects_box_parent_in_third_same_tenant_warehouse[location]>
2026-10-07T01:21:01.1034297Z       <Coroutine test_repair_rejects_box_parent_in_third_same_tenant_warehouse[pallet_location]>
2026-10-07T01:21:01.1034521Z       <Coroutine test_physical_parent_scope_drift_is_blocked[apply]>
2026-10-07T01:21:01.1034865Z       <Coroutine test_physical_parent_scope_drift_is_blocked[rollback]>
2026-10-07T01:21:01.1035124Z       <Coroutine test_historical_movement_container_is_not_current_placement>
2026-10-07T01:21:01.1035462Z       <Coroutine test_reversal_ledger_container_is_historical_only_after_completion[False-staged]>
2026-10-07T01:21:01.1035819Z       <Coroutine test_reversal_ledger_container_is_historical_only_after_completion[False-written_off]>
2026-10-07T01:21:01.1036164Z       <Coroutine test_reversal_ledger_container_is_historical_only_after_completion[False-reversed]>
2026-10-07T01:21:01.1036504Z       <Coroutine test_reversal_ledger_container_is_historical_only_after_completion[True-staged]>
2026-10-07T01:21:01.1036854Z       <Coroutine test_reversal_ledger_container_is_historical_only_after_completion[True-written_off]>
2026-10-07T01:21:01.1037195Z       <Coroutine test_reversal_ledger_container_is_historical_only_after_completion[True-reversed]>
2026-10-07T01:21:01.1037419Z       <Coroutine test_container_reference_lifecycle[wb_pick-active]>
2026-10-07T01:21:01.1037657Z       <Coroutine test_container_reference_lifecycle[wb_pick-terminal]>
2026-10-07T01:21:01.1038010Z       <Coroutine test_container_reference_lifecycle[wb_pick-cancelled]>
2026-10-07T01:21:01.1038258Z       <Coroutine test_container_reference_lifecycle[wb_pick-written_off]>
2026-10-07T01:21:01.1038481Z       <Coroutine test_container_reference_lifecycle[ozon_pick-active]>
2026-10-07T01:21:01.1038718Z       <Coroutine test_container_reference_lifecycle[ozon_pick-terminal]>
2026-10-07T01:21:01.1038956Z       <Coroutine test_container_reference_lifecycle[ozon_pick-cancelled]>
2026-10-07T01:21:01.1039318Z       <Coroutine test_container_reference_lifecycle[ozon_pick-written_off]>
2026-10-07T01:21:01.1039554Z       <Coroutine test_container_reference_lifecycle[count_line-active]>
2026-10-07T01:21:01.1039782Z       <Coroutine test_container_reference_lifecycle[count_line-terminal]>
2026-10-07T01:21:01.1040023Z       <Coroutine test_container_reference_lifecycle[count_line-cancelled]>
2026-10-07T01:21:01.1040254Z       <Coroutine test_container_reference_lifecycle[count_box-active]>
2026-10-07T01:21:01.1040486Z       <Coroutine test_container_reference_lifecycle[count_box-terminal]>
2026-10-07T01:21:01.1040720Z       <Coroutine test_container_reference_lifecycle[count_box-cancelled]>
2026-10-07T01:21:01.1040942Z       <Coroutine test_container_reference_lifecycle[allocation-active]>
2026-10-07T01:21:01.1041178Z       <Coroutine test_container_reference_lifecycle[allocation-terminal]>
2026-10-07T01:21:01.1041417Z       <Coroutine test_container_reference_lifecycle[allocation-cancelled]>
2026-10-07T01:21:01.1041588Z     <Module test_wms517_backfill_order_prices.py>
2026-10-07T01:21:01.1041860Z       <Coroutine test_backfill_uses_statistics_then_orders_api_and_is_idempotent>
2026-10-07T01:21:01.1042124Z       <Coroutine test_backfill_falls_back_to_orders_api_without_statistics_access>
2026-10-07T01:21:01.1042313Z     <Module test_wms517_legacy_price_source_contract.py>
2026-10-07T01:21:01.1042619Z       <Coroutine test_valid_sale_is_not_blocked_by_missing_or_bad_legacy_snapshot[missing]>
2026-10-07T01:21:01.1042941Z       <Coroutine test_valid_sale_is_not_blocked_by_missing_or_bad_legacy_snapshot[bad_currency]>
2026-10-07T01:21:01.1043095Z     <Module test_wms517_raw_integer_price.py>
2026-10-07T01:21:01.1043405Z       <Coroutine test_raw_integer_finished_price_is_per_item_error[exception-trace-single]>
2026-10-07T01:21:01.1043753Z       <Coroutine test_raw_integer_finished_price_is_per_item_error[exception-trace-healthy-neighbor]>
2026-10-07T01:21:01.1044047Z       <Coroutine test_raw_integer_finished_price_is_per_item_error[http-status-single]>
2026-10-07T01:21:01.1044379Z       <Coroutine test_raw_integer_finished_price_is_per_item_error[http-status-healthy-neighbor]>
2026-10-07T01:21:01.1044530Z     <Module test_wms517_raw_numeric_price.py>
2026-10-07T01:21:01.1044832Z       <Coroutine test_raw_numeric_finished_price_is_per_item_error[exception-trace-single]>
2026-10-07T01:21:01.1045292Z       <Coroutine test_raw_numeric_finished_price_is_per_item_error[exception-trace-healthy-neighbor]>
2026-10-07T01:21:01.1045580Z       <Coroutine test_raw_numeric_finished_price_is_per_item_error[http-status-single]>
2026-10-07T01:21:01.1045910Z       <Coroutine test_raw_numeric_finished_price_is_per_item_error[http-status-healthy-neighbor]>
2026-10-07T01:21:01.1046056Z     <Module test_wms517_sales_contract.py>
2026-10-07T01:21:01.1046269Z       <Coroutine test_sc1_registry_uses_exact_sale_not_wb_status>
2026-10-07T01:21:01.1046449Z       <Coroutine test_sc1_forged_unsold_create_rejected>
2026-10-07T01:21:01.1046655Z       <Coroutine test_sc2_local_scope_and_exact_rid[wb_rid-None]>
2026-10-07T01:21:01.1046859Z       <Coroutine test_sc2_local_scope_and_exact_rid[wb_rid-]>
2026-10-07T01:21:01.1047088Z       <Coroutine test_sc2_local_scope_and_exact_rid[status-cancelled]>
2026-10-07T01:21:01.1047306Z       <Coroutine test_sc2_local_scope_and_exact_rid[status-defect]>
2026-10-07T01:21:01.1047553Z       <Coroutine test_sc2_local_scope_and_exact_rid[pick_status-returned]>
2026-10-07T01:21:01.1047773Z       <Coroutine test_sc2_local_scope_and_exact_rid[marketplace-ozon]>
2026-10-07T01:21:01.1048113Z       <Coroutine test_sc2_local_scope_and_exact_rid[supply_id-None]>
2026-10-07T01:21:01.1048354Z       <Coroutine test_sc2_foreign_seller_sale_does_not_authorize_same_rid>
2026-10-07T01:21:01.1048606Z       <Coroutine test_sc2_foreign_pool_code_is_excluded_even_with_exact_sale>
2026-10-07T01:21:01.1048923Z       <Coroutine test_sc3_returns_unknown_and_conflicts_are_order_independent[return-False]>
2026-10-07T01:21:01.1049418Z       <Coroutine test_sc3_returns_unknown_and_conflicts_are_order_independent[return-True]>
2026-10-07T01:21:01.1049739Z       <Coroutine test_sc3_returns_unknown_and_conflicts_are_order_independent[unknown-False]>
2026-10-07T01:21:01.1050047Z       <Coroutine test_sc3_returns_unknown_and_conflicts_are_order_independent[unknown-True]>
2026-10-07T01:21:01.1050401Z       <Coroutine test_sc3_returns_unknown_and_conflicts_are_order_independent[conflicting_sale-False]>
2026-10-07T01:21:01.1050745Z       <Coroutine test_sc3_returns_unknown_and_conflicts_are_order_independent[conflicting_sale-True]>
2026-10-07T01:21:01.1051082Z       <Coroutine test_sc3_returns_unknown_and_conflicts_are_order_independent[conflicting_rid-False]>
2026-10-07T01:21:01.1051410Z       <Coroutine test_sc3_returns_unknown_and_conflicts_are_order_independent[conflicting_rid-True]>
2026-10-07T01:21:01.1051589Z       <Coroutine test_sc3_same_sale_update_deduplicates>
2026-10-07T01:21:01.1051796Z       <Coroutine test_sc4_return_on_second_page_and_exact_cursor>
2026-10-07T01:21:01.1052038Z       <Coroutine test_sc4_stalled_cursor_is_incomplete_not_empty_success>
2026-10-07T01:21:01.1052331Z       <Coroutine test_sc5_incomplete_transport_cannot_prepare_from_legacy_snapshot[401]>
2026-10-07T01:21:01.1052620Z       <Coroutine test_sc5_incomplete_transport_cannot_prepare_from_legacy_snapshot[403]>
2026-10-07T01:21:01.1052906Z       <Coroutine test_sc5_incomplete_transport_cannot_prepare_from_legacy_snapshot[429]>
2026-10-07T01:21:01.1053212Z       <Coroutine test_sc5_incomplete_transport_cannot_prepare_from_legacy_snapshot[timeout]>
2026-10-07T01:21:01.1053506Z       <Coroutine test_sc5_incomplete_transport_cannot_prepare_from_legacy_snapshot[json]>
2026-10-07T01:21:01.1053834Z       <Coroutine test_sc5_incomplete_transport_cannot_prepare_from_legacy_snapshot[second-page]>
2026-10-07T01:21:01.1054063Z       <Coroutine test_sc6_old_missing_sale_reports_coverage_not_unsold>
2026-10-07T01:21:01.1054292Z       <Coroutine test_sc5_failed_refresh_preserves_prior_useful_attempt>
2026-10-07T01:21:01.1054597Z       <Coroutine test_sc7_return_between_view_and_document_blocks_unsigned_attempt[return]>
2026-10-07T01:21:01.1054903Z       <Coroutine test_sc7_return_between_view_and_document_blocks_unsigned_attempt[binding]>
2026-10-07T01:21:01.1055128Z       <Coroutine test_sc8_moscow_handover_filters_keep_same_sales_set>
2026-10-07T01:21:01.1055533Z       <Coroutine test_sc9_all_pages_and_maximum_selection_keep_every_unique_code[305]>
2026-10-07T01:21:01.1055815Z       <Coroutine test_sc9_all_pages_and_maximum_selection_keep_every_unique_code[10000]>
2026-10-07T01:21:01.1056033Z       <Coroutine test_sc10_invalid_finished_price_never_falls_back[0]>
2026-10-07T01:21:01.1056260Z       <Coroutine test_sc10_invalid_finished_price_never_falls_back[-1]>
2026-10-07T01:21:01.1056501Z       <Coroutine test_sc10_invalid_finished_price_never_falls_back[None]>
2026-10-07T01:21:01.1056728Z       <Coroutine test_sc10_invalid_finished_price_never_falls_back[NaN]>
2026-10-07T01:21:01.1056982Z       <Coroutine test_sc10_invalid_finished_price_never_falls_back[Infinity]>
2026-10-07T01:21:01.1057221Z       <Coroutine test_sc10_invalid_finished_price_never_falls_back[123.456]>
2026-10-07T01:21:01.1057452Z       <Coroutine test_sc10_invalid_finished_price_never_falls_back[True]>
2026-10-07T01:21:01.1057729Z       <Coroutine test_sc10_invalid_finished_price_never_falls_back[1000000000000000.00]>
2026-10-07T01:21:01.1058300Z       <Coroutine test_sc10_exact_cost_and_immutable_source_survive_later_wb_change[123.45_0]>
2026-10-07T01:21:01.1058623Z       <Coroutine test_sc10_exact_cost_and_immutable_source_survive_later_wb_change[123.45_1]>
2026-10-07T01:21:01.1058835Z       <Coroutine test_sc11_certificate_hash_binding_and_reload>
2026-10-07T01:21:01.1059080Z       <Coroutine test_sc11_expired_certificate_and_cancel_never_start_auth>
2026-10-07T01:21:01.1059412Z       <Coroutine test_sc12_submitted_reauth_recovery_ignores_later_return_without_new_post[False]>
2026-10-07T01:21:01.1059869Z       <Coroutine test_sc12_submitted_reauth_recovery_ignores_later_return_without_new_post[True]>
2026-10-07T01:21:01.1060091Z       <Coroutine test_sc12_terminal_retry_rechecks_sale_and_return>
2026-10-07T01:21:01.1060367Z       <Coroutine test_sc1_api_registry_products_and_forged_create_share_sale_scope>
2026-10-07T01:21:01.1060567Z     <Module test_wms517_sales_partial_decimal_regressions.py>
2026-10-07T01:21:01.1060877Z       <Coroutine test_mixed_return_after_create_preserves_selection_and_builds_only_healthy>
2026-10-07T01:21:01.1061159Z       <Coroutine test_old_missing_history_does_not_block_selected_current_sale[create]>
2026-10-07T01:21:01.1061436Z       <Coroutine test_old_missing_history_does_not_block_selected_current_sale[retry]>
2026-10-07T01:21:01.1061711Z       <Coroutine test_old_missing_history_does_not_block_selected_current_sale[build]>
2026-10-07T01:21:01.1062127Z       <Coroutine test_extreme_finished_price_is_per_item_error_and_healthy_continues[1.0000000000000000000000000000000001]>
2026-10-07T01:21:01.1062487Z       <Coroutine test_extreme_finished_price_is_per_item_error_and_healthy_continues[1e999999999999999999]>
2026-10-07T01:21:01.1062785Z       <Coroutine test_extreme_finished_price_is_per_item_error_and_healthy_continues[NaN]>
2026-10-07T01:21:01.1063086Z       <Coroutine test_extreme_finished_price_is_per_item_error_and_healthy_continues[sNaN]>
2026-10-07T01:21:01.1063411Z       <Coroutine test_extreme_finished_price_is_per_item_error_and_healthy_continues[Infinity]>
2026-10-07T01:21:01.1063733Z       <Coroutine test_extreme_finished_price_is_per_item_error_and_healthy_continues[-Infinity]>
2026-10-07T01:21:01.1064022Z       <Coroutine test_extreme_finished_price_is_per_item_error_and_healthy_continues[0]>
2026-10-07T01:21:01.1064319Z       <Coroutine test_extreme_finished_price_is_per_item_error_and_healthy_continues[-0.01]>
2026-10-07T01:21:01.1064672Z       <Coroutine test_extreme_finished_price_is_per_item_error_and_healthy_continues[1000000000000000.00]>
2026-10-07T01:21:01.1064895Z       <Coroutine test_exact_valid_finished_price_boundaries[0.01-1]>
2026-10-07T01:21:01.1065215Z       <Coroutine test_exact_valid_finished_price_boundaries[999999999999999.99-99999999999999999]>
2026-10-07T01:21:01.1065546Z       <Coroutine test_exact_valid_finished_price_boundaries[1.0000000000000000000000000000000000-100]>
2026-10-07T01:21:01.1065979Z       <Coroutine test_api_extreme_price_returns_item_error_without_http_500[1e999999999999999999]>
2026-10-07T01:21:01.1066249Z       <Coroutine test_api_extreme_price_returns_item_error_without_http_500[sNaN]>
2026-10-07T01:21:01.1066405Z     <Module test_wms517_sales_regressions.py>
2026-10-07T01:21:01.1066657Z       <Coroutine test_shared_redis_limits_two_public_callers_and_retry_after>
2026-10-07T01:21:01.1066969Z       <Coroutine test_complete_cache_serves_products_but_failed_fresh_create_preserves_cache>
2026-10-07T01:21:01.1067219Z       <Coroutine test_cursor_seventh_fraction_digit_and_latest_saved_source>
2026-10-07T01:21:01.1067465Z       <Coroutine test_failed_fresh_build_keeps_prior_attempt_exact_document>
2026-10-07T01:21:01.1067741Z       <Coroutine test_new_request_resumes_saved_claim_without_fresh_sales[created]>
2026-10-07T01:21:01.1068152Z       <Coroutine test_new_request_resumes_saved_claim_without_fresh_sales[reconciling]>
2026-10-07T01:21:01.1068313Z     <Module test_wms517_sales_waiting_rate.py>
2026-10-07T01:21:01.1068572Z       <Coroutine test_waiting_reader_rechecks_shared_retry_after_before_http>
2026-10-07T01:21:01.1068713Z     <Module test_wms518_kiz_pool_return.py>
2026-10-07T01:21:01.1069036Z       <Coroutine test_cancel_returns_same_code_with_printed_history_and_replay[False-reserved]>
2026-10-07T01:21:01.1069350Z       <Coroutine test_cancel_returns_same_code_with_printed_history_and_replay[False-printed]>
2026-10-07T01:21:01.1069665Z       <Coroutine test_cancel_returns_same_code_with_printed_history_and_replay[False-applied]>
2026-10-07T01:21:01.1069977Z       <Coroutine test_cancel_returns_same_code_with_printed_history_and_replay[True-reserved]>
2026-10-07T01:21:01.1070404Z       <Coroutine test_cancel_returns_same_code_with_printed_history_and_replay[True-printed]>
2026-10-07T01:21:01.1070709Z       <Coroutine test_cancel_returns_same_code_with_printed_history_and_replay[True-applied]>
2026-10-07T01:21:01.1071009Z       <Coroutine test_cancel_never_releases_external_or_terminal_code[external-reserved]>
2026-10-07T01:21:01.1071322Z       <Coroutine test_cancel_never_releases_external_or_terminal_code[external_fbs-printed]>
2026-10-07T01:21:01.1071629Z       <Coroutine test_cancel_never_releases_external_or_terminal_code[external_fbs-applied]>
2026-10-07T01:21:01.1071911Z       <Coroutine test_cancel_never_releases_external_or_terminal_code[pool-introduced]>
2026-10-07T01:21:01.1072181Z       <Coroutine test_cancel_never_releases_external_or_terminal_code[pool-shipped]>
2026-10-07T01:21:01.1072473Z       <Coroutine test_cancel_never_releases_external_or_terminal_code[pool-transferred]>
2026-10-07T01:21:01.1072758Z       <Coroutine test_cancel_never_releases_external_or_terminal_code[pool-defective]>
2026-10-07T01:21:01.1073036Z       <Coroutine test_cancel_never_releases_external_or_terminal_code[pool-replaced]>
2026-10-07T01:21:01.1073308Z       <Coroutine test_cancel_never_releases_external_or_terminal_code[pool-void]>
2026-10-07T01:21:01.1073624Z       <Coroutine test_cancel_never_releases_external_or_terminal_code[pool-unknown_terminal]>
2026-10-07T01:21:01.1073847Z       <Coroutine test_failed_cancel_is_atomic_and_can_be_retried[wb]>
2026-10-07T01:21:01.1074081Z       <Coroutine test_failed_cancel_is_atomic_and_can_be_retried[local]>
2026-10-07T01:21:01.1074339Z       <Coroutine test_postgres_cancel_serializes_replay_and_new_claim[cancel]>
2026-10-07T01:21:01.1074592Z       <Coroutine test_postgres_cancel_serializes_replay_and_new_claim[claim]>
2026-10-07T01:21:01.1074730Z     <Module test_wms530_single_stock.py>
2026-10-07T01:21:01.1074962Z       <Coroutine test_c1_balance_spread_across_places_matches_everywhere>
2026-10-07T01:21:01.1075210Z       <Coroutine test_c2_reserve_composition_lifecycle_matches_everywhere>
2026-10-07T01:21:01.1075416Z       <Coroutine test_r15_retry_import_does_not_double_reserve>
2026-10-07T01:21:01.1075657Z       <Coroutine test_r15_concurrent_reservations_last_unit_only_one_wins>
2026-10-07T01:21:01.1075885Z       <Coroutine test_f1_new_line_in_confirmed_mp_unload_gets_reserved>
2026-10-07T01:21:01.1076229Z       <Coroutine test_f2_rule_view_shows_negative_available_not_clamped>
2026-10-07T01:21:01.1076466Z       <Coroutine test_f3_worklist_availability_is_per_order_not_per_list>
2026-10-07T01:21:01.1076695Z       <Coroutine test_f4a_count_without_address_storage_includes_defect>
2026-10-07T01:21:01.1076951Z       <Coroutine test_f4b_count_without_address_storage_spans_two_warehouses>
2026-10-07T01:21:01.1077169Z       <Coroutine test_r15_fbs_races_mp_unload_add_line_to_confirmed>
2026-10-07T01:21:01.1077444Z       <Coroutine test_orphan_reserved_product_shows_in_summary_without_balance_row>
2026-10-07T01:21:01.1077590Z     <Module test_wms533_client_movements.py>
2026-10-07T01:21:01.1077808Z       <Coroutine test_client_report_units_filters_cursor_and_excel>
2026-10-07T01:21:01.1078148Z       <Coroutine test_client_report_fbo_document_lifecycle_and_excel>
2026-10-07T01:21:01.1078381Z       <Coroutine test_client_report_return_type_marketplace_and_excel>
2026-10-07T01:21:01.1078596Z       <Coroutine test_client_report_full_page_boundary_and_scope>
2026-10-07T01:21:01.1078734Z     <Module test_wms533_client_openapi.py>
2026-10-07T01:21:01.1078917Z       <Coroutine test_client_swagger_routes_and_schema[]>
2026-10-07T01:21:01.1079115Z       <Coroutine test_client_swagger_routes_and_schema[/api]>
2026-10-07T01:21:01.1079319Z       <Coroutine test_production_has_only_client_documentation>
2026-10-07T01:21:01.1079511Z     <Module test_wms534_ff_intake_container_correction.py>
2026-10-07T01:21:01.1079759Z       <Coroutine test_c1_c4_two_scans_then_correct_to_one_reaches_stock[boxes]>
2026-10-07T01:21:01.1080154Z       <Coroutine test_c1_c4_two_scans_then_correct_to_one_reaches_stock[cargo-places]>
2026-10-07T01:21:01.1080375Z       <Coroutine test_c2_loose_then_scan_into_box_draws_down_first>
2026-10-07T01:21:01.1080629Z       <Coroutine test_c3_c4_reduce_to_zero_keeps_loose_and_drops_the_row[boxes]>
2026-10-07T01:21:01.1080914Z       <Coroutine test_c3_c4_reduce_to_zero_keeps_loose_and_drops_the_row[cargo-places]>
2026-10-07T01:21:01.1081084Z       <Coroutine test_c5_edit_after_reopen_receiving>
2026-10-07T01:21:01.1081284Z       <Coroutine test_c7_excel_box_import_shares_the_same_rule>
2026-10-07T01:21:01.1081499Z       <Coroutine test_c8_duplicate_request_does_not_double_deduct>
2026-10-07T01:21:01.1081761Z       <Coroutine test_c9_concurrent_box_quantity_corrections_apply_exactly_one>
2026-10-07T01:21:01.1082012Z       <Coroutine test_c9_concurrent_scan_and_correction_settle_on_one_order>
2026-10-07T01:21:01.1082212Z       <Coroutine test_c10_seller_created_receiving_unaffected>
2026-10-07T01:21:01.1082384Z       <Coroutine test_c10_return_receiving_unaffected>
2026-10-07T01:21:01.1082590Z       <Coroutine test_c11_move_between_boxes_with_loose_present>
2026-10-07T01:21:01.1082769Z       <Coroutine test_c12_wms440_r12_scenario_still_works>
2026-10-07T01:21:01.1083004Z       <Coroutine test_rest01_p23_clear_box_ff_draft_drops_units_not_loose>
2026-10-07T01:21:01.1083139Z     <Module test_wms535_cli.py>
2026-10-07T01:21:01.1083329Z       <Coroutine test_backfill_retries_429_and_temporary_5xx>
2026-10-07T01:21:01.1083628Z       <Coroutine test_backfill_resumes_from_explicit_cursor_and_reports_unexpected_error>
2026-10-07T01:21:01.1083901Z       <Coroutine test_backfill_page_is_dry_run_by_default_and_apply_is_idempotent>
2026-10-07T01:21:01.1084162Z       <Coroutine test_duplicate_merge_discovers_and_moves_product_foreign_keys>
2026-10-07T01:21:01.1084441Z       <Coroutine test_duplicate_merge_dry_run_reports_same_unique_conflict_as_apply>
2026-10-07T01:21:01.1084586Z     <Module test_wms535_product_barcodes.py>
2026-10-07T01:21:01.1084819Z       <Coroutine test_import_keeps_all_barcodes_on_one_chrt_product>
2026-10-07T01:21:01.1085081Z       <Coroutine test_import_skips_missing_chrt_and_rolls_back_barcode_conflict>
2026-10-07T01:21:01.1085380Z       <Coroutine test_import_preserves_existing_identity_and_fills_empty_primary_barcode>
2026-10-07T01:21:01.1085636Z       <Coroutine test_new_size_primary_barcode_conflict_reports_both_chrt_ids>
2026-10-07T01:21:01.1086039Z       <Coroutine test_manual_relink_replaces_primary_and_releases_wrong_card_barcodes>
2026-10-07T01:21:01.1086274Z       <Coroutine test_catalog_page_search_does_not_mix_sibling_size_skus>
2026-10-07T01:21:01.1086445Z     <Module test_wms537_draft_supply_stickers.py>
2026-10-07T01:21:01.1086716Z       <Coroutine test_prefetch_is_identical_across_editable_supply_statuses[draft]>
2026-10-07T01:21:01.1087009Z       <Coroutine test_prefetch_is_identical_across_editable_supply_statuses[assembling]>
2026-10-07T01:21:01.1087287Z       <Coroutine test_prefetch_is_identical_across_editable_supply_statuses[packed]>
2026-10-07T01:21:01.1087546Z       <Coroutine test_draft_with_retained_packaging_task_prefetches_added_order>
2026-10-07T01:21:01.1088016Z       <Coroutine test_draft_sticker_failure_does_not_break_the_add_and_recovers_later[transport_error]>
2026-10-07T01:21:01.1088345Z       <Coroutine test_draft_sticker_failure_does_not_break_the_add_and_recovers_later[missing]>
2026-10-07T01:21:01.1088690Z       <Coroutine test_draft_sticker_failure_does_not_break_the_add_and_recovers_later[asset_error]>
2026-10-07T01:21:01.1089029Z       <Coroutine test_draft_sticker_failure_does_not_break_the_add_and_recovers_later[storage_write]>
2026-10-07T01:21:01.1089297Z       <Coroutine test_draft_partial_confirmation_requests_only_the_accepted_order>
2026-10-07T01:21:01.1089581Z       <Coroutine test_repeat_add_then_start_work_then_more_orders_only_request_missing>
2026-10-07T01:21:01.1089816Z       <Coroutine test_concurrent_add_of_the_same_order_to_a_draft_supply>
2026-10-07T01:21:01.1090161Z       <Coroutine test_cancelled_order_cannot_be_added_to_a_draft_supply>
2026-10-07T01:21:01.1090475Z       <Coroutine test_cancelled_order_already_in_draft_is_not_requested_when_adding_another>
2026-10-07T01:21:01.1090765Z       <Coroutine test_ozon_draft_add_is_rejected_before_any_marketplace_or_sticker_call>
2026-10-07T01:21:01.1090917Z     <Module test_wms538_ff_catalog_batch.py>
2026-10-07T01:21:01.1091194Z       <Function test_chunked_splits_into_fixed_size_batches_with_trailing_remainder>
2026-10-07T01:21:01.1091462Z       <Coroutine test_ff_catalog_batched_card_lookup_matches_single_query_wms538>
2026-10-07T01:21:01.1091712Z       <Coroutine test_ff_catalog_rejects_huge_unscoped_tenant_with_413_wms538>
2026-10-07T01:21:01.1091891Z     <Module test_wms542_inventory_scan_concurrency.py>
2026-10-07T01:21:01.1092143Z       <Coroutine test_two_concurrent_scans_of_the_same_expected_line_both_count>
2026-10-07T01:21:01.1092289Z     <Module test_wms546_marking_verdicts.py>
2026-10-07T01:21:01.1092507Z       <Coroutine test_c1_selection_matrix_active_supply_open_code>
2026-10-07T01:21:01.1092784Z       <Coroutine test_c2_avpack_like_draft_confirms_pending_confirmation_operations>
2026-10-07T01:21:01.1093011Z       <Coroutine test_c3_empty_unknown_readback_repeats_then_resolves>
2026-10-07T01:21:01.1093292Z       <Coroutine test_p2_required_empty_with_open_operation_stays_unknown_then_resolves>
2026-10-07T01:21:01.1093545Z       <Coroutine test_p2_required_empty_without_open_operation_still_missing>
2026-10-07T01:21:01.1093812Z       <Coroutine test_c4_wb_omits_unknown_order_from_batch_then_next_cycle_applies>
2026-10-07T01:21:01.1094102Z       <Coroutine test_c5_background_cycle_is_read_only_across_wb_answers[exact_success]>
2026-10-07T01:21:01.1094377Z       <Coroutine test_c5_background_cycle_is_read_only_across_wb_answers[pending]>
2026-10-07T01:21:01.1094678Z       <Coroutine test_c5_background_cycle_is_read_only_across_wb_answers[exact_rejection]>
2026-10-07T01:21:01.1094955Z       <Coroutine test_c5_background_cycle_is_read_only_across_wb_answers[other_value]>
2026-10-07T01:21:01.1095244Z       <Coroutine test_c5_background_cycle_is_read_only_across_wb_answers[empty_value]>
2026-10-07T01:21:01.1095524Z       <Coroutine test_c5_background_cycle_is_read_only_across_wb_answers[missing_row]>
2026-10-07T01:21:01.1095831Z       <Coroutine test_c5_background_cycle_error_leaves_no_false_success[upstream_error-429]>
2026-10-07T01:21:01.1096289Z       <Coroutine test_c5_background_cycle_error_leaves_no_false_success[upstream_error-503]>
2026-10-07T01:21:01.1096593Z       <Coroutine test_c5_background_cycle_error_leaves_no_false_success[network_error-None]>
2026-10-07T01:21:01.1096818Z       <Coroutine test_c6_two_batches_no_partial_write_via_minute_cycle>
2026-10-07T01:21:01.1097039Z       <Coroutine test_c9_seller_isolation_with_draft_unknown_orders>
2026-10-07T01:21:01.1097311Z       <Coroutine test_c9_persistent_429_backoff_stops_further_draft_unknown_polling>
2026-10-07T01:21:01.1097538Z       <Coroutine test_c10_long_unknown_wait_limited_to_active_supply>
2026-10-07T01:21:01.1097846Z       <Coroutine test_c8_fresher_button_verdict_wins_over_slow_minute_cycle_draft_unknown>
2026-10-07T01:21:01.1098402Z       <Coroutine test_c7_postgresql_cycle_lock_skips_overlap_with_draft_unknown_seller>
2026-10-07T01:21:01.1098568Z     <Module test_wms548_add_to_fulfillment.py>
2026-10-07T01:21:01.1098852Z       <Coroutine test_add_to_fulfillment_creates_products_only_for_requested_cards>
2026-10-07T01:21:01.1099149Z       <Coroutine test_add_to_fulfillment_repeat_and_concurrent_requests_do_not_duplicate>
2026-10-07T01:21:01.1099398Z       <Coroutine test_add_to_fulfillment_skips_unaddable_cards_with_reasons>
2026-10-07T01:21:01.1099671Z       <Coroutine test_add_to_fulfillment_barcode_conflict_leaves_other_card_untouched>
2026-10-07T01:21:01.1099930Z       <Coroutine test_add_to_fulfillment_adopts_a_manual_product_without_nm_id>
2026-10-07T01:21:01.1100134Z       <Coroutine test_add_to_fulfillment_rejects_over_500_ids>
2026-10-07T01:21:01.1100548Z       <Coroutine test_add_to_fulfillment_requires_seller_role_with_products_permission>
2026-10-07T01:21:01.1100847Z       <Coroutine test_add_to_fulfillment_accepts_ozon_ids_field_and_reports_unknown_ones>
2026-10-07T01:21:01.1101178Z       <Coroutine test_f1_concurrent_different_nm_ids_sharing_a_vendor_code_do_not_steal_identity>
2026-10-07T01:21:01.1101436Z       <Coroutine test_f3_one_failing_wb_card_does_not_crash_the_rest_of_the_batch>
2026-10-07T01:21:01.1101582Z     <Module test_wms548_ozon_selection.py>
2026-10-07T01:21:01.1101847Z       <Coroutine test_ozon_snapshot_is_visible_but_not_on_fulfillment_until_added>
2026-10-07T01:21:01.1102121Z       <Coroutine test_add_to_fulfillment_creates_a_product_and_repeat_is_idempotent>
2026-10-07T01:21:01.1102407Z       <Coroutine test_add_to_fulfillment_concurrent_requests_do_not_duplicate>
2026-10-07T01:21:01.1102585Z       <Coroutine test_add_to_fulfillment_ozon_isolation>
2026-10-07T01:21:01.1102912Z       <Coroutine test_r13_adding_ozon_card_links_to_existing_wb_product_instead_of_duplicating>
2026-10-07T01:21:01.1103160Z       <Coroutine test_r13_adding_wb_card_auto_links_a_preexisting_ozon_twin>
2026-10-07T01:21:01.1103432Z       <Coroutine test_f2_ozon_cards_sharing_an_offer_id_do_not_steal_each_others_link>
2026-10-07T01:21:01.1107645Z       <Coroutine test_f3_one_failing_ozon_card_does_not_crash_the_rest_of_the_batch>
2026-10-07T01:21:01.1108155Z       <Coroutine test_f5_wb_twin_backfill_reads_only_matching_ozon_candidates>
2026-10-07T01:21:01.1108455Z       <Coroutine test_f6_added_ozon_product_is_still_findable_by_its_own_barcode>
2026-10-07T01:21:01.1108623Z     <Module test_wms548_seller_catalog_page.py>
2026-10-07T01:21:01.1108890Z       <Coroutine test_seller_catalog_page_unions_products_and_not_on_ff_cards>
2026-10-07T01:21:01.1109151Z       <Coroutine test_seller_catalog_page_pagination_has_no_gap_or_duplicate>
2026-10-07T01:21:01.1109445Z       <Coroutine test_seller_catalog_page_requires_seller_role_and_products_permission>
2026-10-07T01:21:01.1109754Z       <Coroutine test_seller_catalog_page_ignores_forged_seller_id_without_shop_management>
2026-10-07T01:21:01.1109914Z     <Module test_wms548_wb_sync_selection.py>
2026-10-07T01:21:01.1110212Z       <Coroutine test_self_content_token_save_records_snapshot_without_creating_products>
2026-10-07T01:21:01.1110521Z       <Coroutine test_sync_updates_only_selected_card_adds_new_size_leaves_others_untouched>
2026-10-07T01:21:01.1110942Z       <Coroutine test_hourly_sync_selection_is_isolated_per_seller_and_tenant>
2026-10-07T01:21:01.1111206Z       <Coroutine test_hourly_sync_fully_selected_seller_matches_pre_wms548_result>
2026-10-07T01:21:01.1111366Z     <Module test_wms549_invoice_pagination.py>
2026-10-07T01:21:01.1111637Z       <Coroutine test_distinct_issued_at_pagination_does_not_lose_older_invoices>
2026-10-07T01:21:01.1111910Z       <Coroutine test_ff_distinct_issued_at_pagination_does_not_lose_older_invoices>
2026-10-07T01:21:01.1112145Z       <Coroutine test_large_group_of_identical_v2_dates_is_not_truncated>
2026-10-07T01:21:01.1112409Z       <Coroutine test_legacy_and_v2_sharing_the_exact_same_date_are_not_truncated>
2026-10-07T01:21:01.1112712Z       <Coroutine test_small_groups_of_identical_dates_on_page_boundaries_are_not_truncated>
2026-10-07T01:21:01.1112865Z     <Module test_wms549_seller_billing_api.py>
2026-10-07T01:21:01.1113145Z       <Coroutine test_only_owner_and_staff_with_documents_permission_see_own_seller>
2026-10-07T01:21:01.1113383Z       <Coroutine test_details_and_storage_total_see_only_own_operations>
2026-10-07T01:21:01.1113572Z       <Coroutine test_seller_id_query_parameter_is_ignored>
2026-10-07T01:21:01.1113799Z       <Coroutine test_cross_seller_and_cross_tenant_invoice_by_id_is_404>
2026-10-07T01:21:01.1114014Z       <Coroutine test_cursor_issued_for_another_seller_is_rejected>
2026-10-07T01:21:01.1114273Z       <Coroutine test_invoice_list_cursor_issued_for_another_seller_is_rejected>
2026-10-07T01:21:01.1114486Z       <Coroutine test_ff_billing_routes_still_reject_seller_role>
2026-10-07T01:21:01.1114834Z       <Coroutine test_manager_with_multiple_shops_sees_only_active_shop>
2026-10-07T01:21:01.1115099Z       <Coroutine test_user_without_shop_management_ignores_foreign_seller_claim>
2026-10-07T01:21:01.1115388Z       <Coroutine test_foreign_tenant_owner_is_isolated_and_forged_tenant_claim_rejected>
2026-10-07T01:21:01.1115656Z       <Coroutine test_every_seller_billing_route_enforces_the_common_scope_check>
2026-10-07T01:21:01.1115795Z     <Module test_wms549_seller_rates.py>
2026-10-07T01:21:01.1116045Z       <Coroutine test_seller_one_sees_own_priority_rate_and_own_product_only>
2026-10-07T01:21:01.1116286Z       <Coroutine test_seller_two_falls_back_to_general_rate_and_own_product>
2026-10-07T01:21:01.1116525Z       <Coroutine test_foreign_tenant_seller_sees_only_its_own_tenant_rate>
2026-10-07T01:21:01.1116751Z       <Coroutine test_rates_route_enforces_the_common_scope_check>
2026-10-07T01:21:01.1116973Z       <Coroutine test_rate_shown_matches_live_charge_for_both_sellers>
2026-10-07T01:21:01.1117221Z       <Coroutine test_valid_from_at_is_returned_with_explicit_utc_offset>
2026-10-07T01:21:01.1117363Z     <Module test_wms550_sorting_scan.py>
2026-10-07T01:21:01.1117546Z       <Coroutine test_box_unit_scan_repeat_and_completion>
2026-10-07T01:21:01.1117764Z       <Coroutine test_scan_loose_into_selected_container_and_retry>
2026-10-07T01:21:01.1118070Z       <Coroutine test_multiple_sources_are_not_guessed>
2026-10-07T01:21:01.1118309Z       <Coroutine test_wrong_document_barcode_and_tenant_cannot_consume>
2026-10-07T01:21:01.1118520Z       <Coroutine test_two_scanners_cannot_spend_last_unit_twice>
2026-10-07T01:21:01.1118751Z       <Coroutine test_saved_variant_alternative_and_primary_share_stock>
2026-10-07T01:21:01.1119065Z       <Coroutine test_wms578_extra_wb_barcode_from_product_barcodes_sorts_case_insensitively>
2026-10-07T01:21:01.1119243Z       <Coroutine test_wms578_wms_article_sku_code_sorts>
2026-10-07T01:21:01.1119469Z       <Coroutine test_wms578_ozon_only_product_sorts_by_ozon_barcode>
2026-10-07T01:21:01.1119735Z       <Coroutine test_wms578_primary_wb_barcode_still_sorts_case_insensitively>
2026-10-07T01:21:01.1119970Z       <Coroutine test_wms578_ambiguous_shared_barcode_across_two_products>
2026-10-07T01:21:01.1120120Z     <Module test_wms560_tape_pending_kiz.py>
2026-10-07T01:21:01.1120576Z       <Coroutine test_accepted_write_without_echo_stays_in_tape_and_confirms_later[empty_value]>
2026-10-07T01:21:01.1120900Z       <Coroutine test_accepted_write_without_echo_stays_in_tape_and_confirms_later[absent_row]>
2026-10-07T01:21:01.1121132Z       <Coroutine test_lost_wb_answer_keeps_only_that_order_out_of_tape>
2026-10-07T01:21:01.1121336Z       <Coroutine test_wb_rejection_still_keeps_order_out_of_tape>
2026-10-07T01:21:01.1121504Z     <Module test_wms576_defect_inventory_count.py>
2026-10-07T01:21:01.1121766Z       <Coroutine test_wms576_scenario1_whole_product_count_of_pure_defect_stock>
2026-10-07T01:21:01.1122010Z       <Coroutine test_wms576_scenario2_save_actuals_recounts_defect_line>
2026-10-07T01:21:01.1122205Z       <Coroutine test_wms576_post_count_posts_defect_recount>
2026-10-07T01:21:01.1122424Z       <Coroutine test_wms576_scan_recounts_pure_defect_stock_and_posts>
2026-10-07T01:21:01.1122654Z       <Coroutine test_wms576_record_found_new_line_on_pure_defect_stock>
2026-10-07T01:21:01.1122832Z       <Coroutine test_wms576_cancel_pure_defect_count>
2026-10-07T01:21:01.1123063Z       <Coroutine test_wms576_guard_still_blocks_unpermitted_defect_write>
2026-10-07T01:21:01.1123218Z     <Module test_wms579_kiz_unknown_result.py>
2026-10-07T01:21:01.1123523Z       <Coroutine test_retry_after_lost_write_and_still_absent_wb_row_must_not_print[absent]>
2026-10-07T01:21:01.1123853Z       <Coroutine test_retry_after_lost_write_and_still_absent_wb_row_must_not_print[different_kiz]>
2026-10-07T01:21:01.1124104Z       <Coroutine test_successful_put_with_rejected_readback_must_not_print>
2026-10-07T01:21:01.1124517Z       <Coroutine test_replacement_ack_without_echo_keeps_new_binding_for_reconciliation>
2026-10-07T01:21:01.1124871Z       <Coroutine test_retry_after_lost_write_prints_when_wb_answers_for_this_code[empty_after_resend]>
2026-10-07T01:21:01.1125196Z       <Coroutine test_retry_after_lost_write_prints_when_wb_answers_for_this_code[exact_pending]>
2026-10-07T01:21:01.1125474Z       <Coroutine test_first_print_readback_failure_after_accepted_put_is_not_printed>
2026-10-07T01:21:01.1125775Z       <Coroutine test_first_print_with_replacement_readback_is_an_order_error[other_code]>
2026-10-07T01:21:01.1126164Z       <Coroutine test_first_print_with_replacement_readback_is_an_order_error[replacement_asked_for_this_code]>
2026-10-07T01:21:01.1126448Z       <Coroutine test_rejected_readback_keeps_wb_verdict_and_reason_for_the_operator>
2026-10-07T01:21:01.1126696Z       <Coroutine test_exact_reprint_is_not_blocked_by_a_rejected_readback>
2026-10-07T01:21:01.1126993Z       <Coroutine test_replacement_unknown_result_is_reconciled_to_the_new_code[optional]>
2026-10-07T01:21:01.1127298Z       <Coroutine test_replacement_unknown_result_is_reconciled_to_the_new_code[read_error]>
2026-10-07T01:21:01.1127449Z     <Module test_wms581_supply_transfer.py>
2026-10-07T01:21:01.1127728Z       <Coroutine test_c1_targets_are_open_compatible_supplies_in_any_working_state>
2026-10-07T01:21:01.1128151Z       <Coroutine test_c2_transfer_into_supply_in_work_keeps_kiz_sticker_pick_and_packing>
2026-10-07T01:21:01.1128379Z       <Coroutine test_c3_new_supply_gets_typed_name_or_short_number>
2026-10-07T01:21:01.1128627Z       <Coroutine test_c5_lost_create_with_typed_name_recovers_only_our_supply>
2026-10-07T01:21:01.1128931Z       <Coroutine test_c5_ambiguous_or_foreign_same_name_stays_unknown_without_second_create>
2026-10-07T01:21:01.1129191Z       <Coroutine test_lost_create_must_not_adopt_a_single_recent_foreign_supply>
2026-10-07T01:21:01.1129411Z       <Coroutine test_fulfilled_order_round_trip_does_not_grow_plan>
2026-10-07T01:21:01.1129641Z       <Coroutine test_c5_same_name_supply_from_snapshot_is_never_ours>
2026-10-07T01:21:01.1129798Z       <Coroutine test_c5_no_snapshot_no_create>
2026-10-07T01:21:01.1130021Z       <Coroutine test_c2_pack_all_in_target_after_packed_order_arrives>
2026-10-07T01:21:01.1130266Z       <Coroutine test_c2_started_draft_does_not_plan_order_packed_elsewhere>
2026-10-07T01:21:01.1130545Z     <Module test_wms588_fbs_assembly_tasks.py>
2026-10-07T01:21:01.1130731Z       <Coroutine test_create_detail_and_idempotent_replay>
2026-10-07T01:21:01.1130910Z       <Coroutine test_supply_cannot_be_added_to_two_tasks>
2026-10-07T01:21:01.1131119Z       <Coroutine test_list_contains_task_while_any_supply_is_active>
2026-10-07T01:21:01.1131327Z       <Coroutine test_tenant_boundary_for_create_list_and_detail>
2026-10-07T01:21:01.1131552Z       <Coroutine test_effective_seller_scope_matches_supply_worklist>
2026-10-07T01:21:01.1131713Z     <Module test_wms615_catalog_job_recovery.py>
2026-10-07T01:21:01.1131960Z       <Coroutine test_stale_running_catalog_job_is_failed_and_requeued_once>
2026-10-07T01:21:01.1132203Z       <Coroutine test_duplicate_worker_delivery_claims_fresh_job_only_once>
2026-10-07T01:21:01.1132492Z       <Coroutine test_expired_worker_cannot_overwrite_replacement_snapshot_or_product>
2026-10-07T01:21:01.1132788Z       <Coroutine test_wb_key_change_replaces_running_generation_and_discards_old_response>
2026-10-07T01:21:01.1133123Z       <Coroutine test_credentials_removed_before_run_terminalize_and_allow_restart[wildberries]>
2026-10-07T01:21:01.1133421Z       <Coroutine test_credentials_removed_before_run_terminalize_and_allow_restart[ozon]>
2026-10-07T01:21:01.1133794Z       <Coroutine test_provider_rejection_after_generation_change_terminalizes_without_writes[wildberries]>
2026-10-07T01:21:01.1134130Z       <Coroutine test_provider_rejection_after_generation_change_terminalizes_without_writes[ozon]>
2026-10-07T01:21:01.1134409Z       <Coroutine test_wb_supplies_only_change_does_not_invalidate_catalog_generation>
2026-10-07T01:21:01.1134830Z       <Coroutine test_ozon_disconnect_terminalizes_running_job_and_allows_immediate_restart>
2026-10-07T01:21:01.1135330Z       <Coroutine test_ozon_replacement_fences_old_snapshot_and_link_updates[credentials-catalog_job_credentials_changed]>
2026-10-07T01:21:01.1135714Z       <Coroutine test_ozon_replacement_fences_old_snapshot_and_link_updates[lease-catalog_job_lease_expired]>
2026-10-07T01:21:01.1135997Z       <Coroutine test_parallel_legacy_and_seller_wb_entrypoints_share_one_active_job>
2026-10-07T01:21:01.1136132Z     <Module test_wms616_seller_fbs.py>
2026-10-07T01:21:01.1136419Z       <Coroutine test_seller_fbs_lists_all_groups_quantities_filters_and_stable_pages>
2026-10-07T01:21:01.1136679Z       <Coroutine test_seller_fbs_is_tenant_seller_scoped_and_requires_documents>
2026-10-07T01:21:01.1136925Z       <Coroutine test_seller_fbs_batches_ozon_quantities_without_n_plus_one>
2026-10-07T01:21:01.1137142Z       <Function test_seller_fbs_uses_master_marketplace_status_sets>
2026-10-07T01:21:01.1137315Z     <Module test_wms622_packaging_marking_resync.py>
2026-10-07T01:21:01.1137548Z       <Coroutine test_resync_keeps_unpicked_marked_line[printed-picks]>
2026-10-07T01:21:01.1137781Z       <Coroutine test_resync_keeps_unpicked_marked_line[printed-plan]>
2026-10-07T01:21:01.1138283Z       <Coroutine test_resync_keeps_unpicked_marked_line[external-picks]>
2026-10-07T01:21:01.1138550Z       <Coroutine test_resync_keeps_unpicked_marked_line[external-plan]>
2026-10-07T01:21:01.1138781Z       <Coroutine test_resync_keeps_unpicked_marked_line[packed-picks]>
2026-10-07T01:21:01.1139008Z       <Coroutine test_resync_keeps_unpicked_marked_line[packed-plan]>
2026-10-07T01:21:01.1139251Z       <Coroutine test_resync_keeps_unpicked_marked_line[confirmed-picks]>
2026-10-07T01:21:01.1139483Z       <Coroutine test_resync_keeps_unpicked_marked_line[confirmed-plan]>
2026-10-07T01:21:01.1139701Z       <Coroutine test_resync_keeps_unpicked_marked_line[none-picks]>
2026-10-07T01:21:01.1139921Z       <Coroutine test_resync_keeps_unpicked_marked_line[none-plan]>
2026-10-07T01:21:01.1140062Z     <Module test_wms631_scan_undo.py>
2026-10-07T01:21:01.1140310Z       <Coroutine test_cancel_releases_the_order_for_the_next_ordinary_scan>
2026-10-07T01:21:01.1140571Z       <Coroutine test_released_order_can_be_cancelled_and_selected_repeatedly>
2026-10-07T01:21:01.1140859Z       <Coroutine test_cancel_is_tenant_scoped>
2026-10-07T01:21:01.1141076Z       <Coroutine test_scan_undo_releases_selection_and_is_idempotent>
2026-10-07T01:21:01.1141290Z       <Coroutine test_scan_undo_rejects_an_order_of_another_supply>
2026-10-07T01:21:01.1141536Z       <Coroutine test_kiz_rollback_refuses_a_code_changed_by_another_action>
2026-10-07T01:21:01.1141770Z       <Coroutine test_kiz_rollback_without_a_binding_receipt_is_a_no_op>
2026-10-07T01:21:01.1142013Z       <Coroutine test_kiz_rollback_refuses_an_order_moved_to_another_supply>
2026-10-07T01:21:01.1142253Z       <Coroutine test_sticker_selection_of_a_packed_order_can_be_released>
2026-10-07T01:21:01.1142454Z       <Coroutine test_honest_sign_skip_means_no_kiz_is_awaited>
2026-10-07T01:21:01.1142694Z       <Coroutine test_undo_refuses_a_foreign_scan_before_touching_the_kiz>
2026-10-07T01:21:01.1142936Z       <Coroutine test_wb_read_without_this_order_is_never_proof_of_deletion>
2026-10-07T01:21:01.1143113Z     <Module test_wms632_cancel_order_returns_pick.py>
2026-10-07T01:21:01.1143378Z       <Coroutine test_wb_cancel_order_returns_picked_unit_to_source_cell_once>
2026-10-07T01:21:01.1143616Z       <Coroutine test_wb_autopoll_cancel_returns_picked_unit_to_source_box>
2026-10-07T01:21:01.1143810Z       <Coroutine test_ozon_cancel_order_returns_picked_unit>
2026-10-07T01:21:01.1144034Z       <Coroutine test_cancel_order_without_picked_unit_moves_nothing>
2026-10-07T01:21:01.1144187Z     <Module test_wms632_fbo_reserve_model.py>
2026-10-07T01:21:01.1144417Z       <Coroutine test_pick_and_box_only_move_location_and_keep_reserve>
2026-10-07T01:21:01.1144647Z       <Coroutine test_complete_writes_off_fact_once_and_releases_reserve>
2026-10-07T01:21:01.1145039Z       <Coroutine test_complete_after_legacy_pick_deduction_writes_only_difference>
2026-10-07T01:21:01.1145284Z       <Coroutine test_cancel_returns_units_to_source_and_releases_reserve>
2026-10-07T01:21:01.1145517Z       <Coroutine test_cancel_legacy_document_credits_deducted_units_once>
2026-10-07T01:21:01.1145665Z     <Module test_wms632_review1_fixes.py>
2026-10-07T01:21:01.1145885Z       <Coroutine test_d1_staged_unit_on_sorting_cannot_be_picked_again>
2026-10-07T01:21:01.1146196Z       <Coroutine test_d2_cancel_with_stale_collecting_status_does_not_return_shipped_stock>
2026-10-07T01:21:01.1146445Z       <Coroutine test_d2_complete_after_cancel_is_rejected_and_stock_intact>
2026-10-07T01:21:01.1146653Z       <Coroutine test_d3_units_mode_without_pool_still_reserves>
2026-10-07T01:21:01.1146923Z       <Coroutine test_d5_remove_from_shipment_box_returns_unit_to_source_container>
2026-10-07T01:21:01.1147136Z       <Coroutine test_d2_remove_from_box_after_complete_is_rejected>
2026-10-07T01:21:01.1147355Z       <Coroutine test_d2_collect_into_box_after_complete_is_rejected>
2026-10-07T01:21:01.1147499Z     <Module test_wms635_kiz_no_wb_wait.py>
2026-10-07T01:21:01.1148063Z       <Coroutine test_any_wb_answer_keeps_the_scanned_kiz_bound[429-wb_pending_confirmation-unknown-pending_confirmation]>
2026-10-07T01:21:01.1148425Z       <Coroutine test_any_wb_answer_keeps_the_scanned_kiz_bound[404-wb_rejected_kept-rejected-failed]>
2026-10-07T01:21:01.1148770Z       <Coroutine test_any_wb_answer_keeps_the_scanned_kiz_bound[409-wb_rejected_kept-rejected-failed]>
2026-10-07T01:21:01.1149046Z       <Coroutine test_background_reconciliation_resends_a_kiz_wb_does_not_have[429]>
2026-10-07T01:21:01.1149319Z       <Coroutine test_background_reconciliation_resends_a_kiz_wb_does_not_have[500]>
2026-10-07T01:21:01.1149502Z       <Coroutine test_step_back_undoes_a_kiz_wb_refused>
2026-10-07T01:21:01.1149718Z       <Coroutine test_d1_wb_takes_the_write_but_reads_back_a_refusal>
2026-10-07T01:21:01.1149951Z       <Coroutine test_wms639_commit_outside_scan_still_reads_wb_verdict>
2026-10-07T01:21:01.1150150Z       <Coroutine test_q1_scan_write_waits_for_wb_only_briefly>
2026-10-07T01:21:01.1150370Z       <Coroutine test_d3_operator_kiz_is_usable_again_after_step_back>
2026-10-07T01:21:01.1150605Z       <Coroutine test_d2_print_chz_hands_out_the_pool_kiz_while_wb_is_slow>
2026-10-07T01:21:01.1150950Z       <Coroutine test_r_a5c_empty_wb_read_keeps_the_refused_kiz_red>
2026-10-07T01:21:01.1151111Z     <Module test_wms642_kiz_no_locks_handover.py>
2026-10-07T01:21:01.1151326Z       <Coroutine test_repeated_scan_of_a_queued_kiz_never_calls_wb>
2026-10-07T01:21:01.1151521Z       <Coroutine test_worker_holds_no_row_while_wb_answers>
2026-10-07T01:21:01.1151798Z       <Coroutine test_code_removed_during_the_write_is_shown_and_keeps_the_supply>
2026-10-07T01:21:01.1151971Z       <Coroutine test_accepted_write_is_not_sent_twice>
2026-10-07T01:21:01.1152167Z       <Coroutine test_queued_kiz_reach_wb_before_the_handover>
2026-10-07T01:21:01.1152383Z       <Coroutine test_code_confirmed_by_another_path_stays_in_wb>
2026-10-07T01:21:01.1152560Z       <Coroutine test_another_code_in_wb_keeps_the_supply>
2026-10-07T01:21:01.1152809Z       <Coroutine test_sent_code_next_to_another_code_in_wb_keeps_the_supply>
2026-10-07T01:21:01.1153047Z       <Coroutine test_replacement_during_the_handover_keeps_the_supply>
2026-10-07T01:21:01.1153249Z       <Coroutine test_only_a_refusal_of_the_code_turns_red[400]>
2026-10-07T01:21:01.1153447Z       <Coroutine test_only_a_refusal_of_the_code_turns_red[401]>
2026-10-07T01:21:01.1153638Z       <Coroutine test_only_a_refusal_of_the_code_turns_red[403]>
2026-10-07T01:21:01.1153833Z       <Coroutine test_only_a_refusal_of_the_code_turns_red[404]>
2026-10-07T01:21:01.1154029Z       <Coroutine test_only_a_refusal_of_the_code_turns_red[409]>
2026-10-07T01:21:01.1154224Z       <Coroutine test_only_a_refusal_of_the_code_turns_red[429]>
2026-10-07T01:21:01.1154558Z       <Coroutine test_only_a_refusal_of_the_code_turns_red[500]>
2026-10-07T01:21:01.1154810Z       <Coroutine test_other_code_first_seen_by_the_handover_keeps_the_supply>
2026-10-07T01:21:01.1155043Z       <Coroutine test_scan_right_before_the_handover_keeps_the_supply>
2026-10-07T01:21:01.1155253Z       <Coroutine test_code_of_a_handed_over_supply_is_still_sent>
2026-10-07T01:21:01.1155558Z       <Coroutine test_saved_other_code_keeps_the_supply_whatever_the_operation[confirmed]>
2026-10-07T01:21:01.1155845Z       <Coroutine test_saved_other_code_keeps_the_supply_whatever_the_operation[failed]>
2026-10-07T01:21:01.1156192Z       <Coroutine test_saved_other_code_keeps_the_supply_whatever_the_operation[pending_confirmation]>
2026-10-07T01:21:01.1156389Z       <Coroutine test_resumed_handover_checks_kiz_again[False]>
2026-10-07T01:21:01.1156585Z       <Coroutine test_resumed_handover_checks_kiz_again[True]>
2026-10-07T01:21:01.1156861Z       <Coroutine test_code_of_a_handed_over_supply_is_sent_and_read_once[in_delivery]>
2026-10-07T01:21:01.1157128Z       <Coroutine test_code_of_a_handed_over_supply_is_sent_and_read_once[done]>
2026-10-07T01:21:01.1157353Z       <Coroutine test_kiz_of_a_cancelled_order_does_not_keep_the_rest>
2026-10-07T01:21:01.1157487Z     <Module test_wms650_placement.py>
2026-10-07T01:21:01.1157729Z       <Coroutine test_c7_server_scan_placement_moves_box_out_of_remaining>
2026-10-07T01:21:01.1158120Z       <Coroutine test_c9_explicit_transfer_is_one_move_and_replay_changes_nothing>
2026-10-07T01:21:01.1158716Z       <Coroutine test_c19_taken_off_returns_to_remaining_and_replaces_without_double_count[box]>
2026-10-07T01:21:01.1159171Z       <Coroutine test_c19_taken_off_returns_to_remaining_and_replaces_without_double_count[box_contents]>
2026-10-07T01:21:01.1159527Z       <Coroutine test_c19_taken_off_returns_to_remaining_and_replaces_without_double_count[cargo_place]>
2026-10-07T01:21:01.1159899Z       <Coroutine test_c19_taken_off_returns_to_remaining_and_replaces_without_double_count[pallet_with_boxes]>
2026-10-07T01:21:01.1160252Z       <Coroutine test_c19_taken_off_returns_to_remaining_and_replaces_without_double_count[screen_box]>
2026-10-07T01:21:01.1160592Z       <Coroutine test_c19_taken_off_returns_to_remaining_and_replaces_without_double_count[take_out]>
2026-10-07T01:21:01.1160820Z       <Coroutine test_c20_second_and_next_boxes_are_placed[scan_order]>
2026-10-07T01:21:01.1161196Z       <Coroutine test_c20_second_and_next_boxes_are_placed[plus_order]>
2026-10-07T01:21:01.1161477Z       <Coroutine test_c23_repeated_requests_are_one_action_and_new_scans_are_new_units>
2026-10-07T01:21:01.1161698Z       <Coroutine test_c24_actions_and_undo_in_a_do_not_touch_b_and_c>
2026-10-07T01:21:01.1161922Z       <Coroutine test_c25_general_moves_do_not_change_inbound_progress>
2026-10-07T01:21:01.1162062Z     <Module test_wms650_review_fixes.py>
2026-10-07T01:21:01.1162273Z       <Coroutine test_a_cannot_take_off_loose_units_of_document_b>
2026-10-07T01:21:01.1162489Z       <Coroutine test_a_cannot_take_off_loose_units_of_another_seller>
2026-10-07T01:21:01.1162716Z       <Coroutine test_shared_loose_balance_a_takes_only_its_own_units>
2026-10-07T01:21:01.1162947Z       <Coroutine test_take_off_after_transfer_releases_rows_of_that_box>
2026-10-07T01:21:01.1163186Z       <Coroutine test_take_off_then_place_again_keeps_box_rows_within_box>
2026-10-07T01:21:01.1163417Z       <Coroutine test_undo_of_defect_scan_removes_its_distribution_row>
2026-10-07T01:21:01.1163653Z       <Coroutine test_chain_of_actions_and_undos_keeps_distribution_rows>
2026-10-07T01:21:01.1163881Z       <Coroutine test_same_operation_id_for_another_object_is_a_conflict>
2026-10-07T01:21:01.1164103Z       <Coroutine test_take_off_pallet_of_a_does_not_count_units_of_b>
2026-10-07T01:21:01.1164373Z       <Coroutine test_taken_out_units_placed_loose_keep_distribution_completable>
2026-10-07T01:21:01.1164559Z       <Coroutine test_take_out_scanned_unit_keeps_pools>
2026-10-07T01:21:01.1164759Z       <Coroutine test_scan_replay_after_take_out_is_recognised>
2026-10-07T01:21:01.1164997Z     <Module test_wms650_stock.py>
2026-10-07T01:21:01.1165243Z       <Coroutine test_c18_sorting_actions_and_undo_never_change_stock[C7]>
2026-10-07T01:21:01.1165477Z       <Coroutine test_c18_sorting_actions_and_undo_never_change_stock[C9]>
2026-10-07T01:21:01.1165718Z       <Coroutine test_c18_sorting_actions_and_undo_never_change_stock[C12a]>
2026-10-07T01:21:01.1165963Z       <Coroutine test_c18_sorting_actions_and_undo_never_change_stock[C12b]>
2026-10-07T01:21:01.1166196Z       <Coroutine test_c18_sorting_actions_and_undo_never_change_stock[C12v]>
2026-10-07T01:21:01.1166433Z       <Coroutine test_c18_sorting_actions_and_undo_never_change_stock[C12g]>
2026-10-07T01:21:01.1166671Z       <Coroutine test_c18_sorting_actions_and_undo_never_change_stock[C12d]>
2026-10-07T01:21:01.1166908Z       <Coroutine test_c18_sorting_actions_and_undo_never_change_stock[C12e]>
2026-10-07T01:21:01.1167154Z       <Coroutine test_c18_sorting_actions_and_undo_never_change_stock[C12zh]>
2026-10-07T01:21:01.1167392Z       <Coroutine test_c18_sorting_actions_and_undo_never_change_stock[C15]>
2026-10-07T01:21:01.1167628Z       <Coroutine test_c18_sorting_actions_and_undo_never_change_stock[C19]>
2026-10-07T01:21:01.1167860Z       <Coroutine test_c18_sorting_actions_and_undo_never_change_stock[C20]>
2026-10-07T01:21:01.1168629Z       <Coroutine test_c18_sorting_actions_and_undo_never_change_stock[C23]>
2026-10-07T01:21:01.1168784Z     <Module test_wms650_undo.py>
2026-10-07T01:21:01.1169027Z       <Coroutine test_c12_undo_restores_state_before_each_action_kind[a]>
2026-10-07T01:21:01.1169252Z       <Coroutine test_c12_undo_restores_state_before_each_action_kind[b]>
2026-10-07T01:21:01.1169477Z       <Coroutine test_c12_undo_restores_state_before_each_action_kind[v]>
2026-10-07T01:21:01.1169700Z       <Coroutine test_c12_undo_restores_state_before_each_action_kind[g]>
2026-10-07T01:21:01.1169934Z       <Coroutine test_c12_undo_restores_state_before_each_action_kind[d]>
2026-10-07T01:21:01.1170171Z       <Coroutine test_c12_undo_restores_state_before_each_action_kind[e]>
2026-10-07T01:21:01.1170404Z       <Coroutine test_c12_undo_restores_state_before_each_action_kind[zh]>
2026-10-07T01:21:01.1170634Z       <Coroutine test_c13_server_undoes_three_actions_in_reverse_order>
2026-10-07T01:21:01.1170859Z       <Coroutine test_c15_undo_refused_when_object_moved_after_action>
2026-10-07T01:21:01.1171225Z       <Coroutine test_c16_repeated_undo_request_reverses_once>
2026-10-07T01:21:01.1171416Z       <Coroutine test_c17_rejected_action_cannot_be_undone>
2026-10-07T01:21:01.1171615Z       <Coroutine test_c28_undo_does_not_reopen_posted_document>
2026-10-07T01:21:01.1171776Z     <Module test_wms650_undo_pallet_holder.py>
2026-10-07T01:21:01.1171976Z       <Coroutine test_take_box_off_pallet_in_sorting_and_undo>
2026-10-07T01:21:01.1172175Z       <Coroutine test_transfer_box_off_placed_pallet_and_undo>
2026-10-07T01:21:01.1172369Z       <Coroutine test_take_off_in_posted_document_moves_only>
2026-10-07T01:21:01.1172536Z     <Module test_wms653_delivery_error_contract.py>
2026-10-07T01:21:01.1172791Z       <Coroutine test_wms653_mixed_response_preserves_groups_and_raw_reason>
2026-10-07T01:21:01.1172938Z     <Module test_wms653_scope_contract.py>
2026-10-07T01:21:01.1173223Z       <Function test_wms653_diff_does_not_add_storage_status_background_retry_or_timer>
2026-10-07T01:21:01.1173415Z       <Function test_foreign_migration_is_not_wms653_delta>
2026-10-07T01:21:01.1173591Z       <Function test_exact_shared_release_metadata_passes>
2026-10-07T01:21:01.1174005Z       <Function test_adjacent_shared_metadata_remains_forbidden[docs/reviews/priority-five-progress-20261007.md]>
2026-10-07T01:21:01.1174430Z       <Function test_adjacent_shared_metadata_remains_forbidden[docs/reviews/priority-five-source-map-20261007.json]>
2026-10-07T01:21:01.1174839Z       <Function test_adjacent_shared_metadata_remains_forbidden[docs/reviews/priority-five-source-map-20261006.md]>
2026-10-07T01:21:01.1175374Z       <Function test_adjacent_shared_metadata_remains_forbidden[docs/reviews/wms663-priority-proof-20261006.md]>
2026-10-07T01:21:01.1175664Z       <Function test_new_own_foreign_paths_fail[backend/alembic/versions/foreign.py]>
2026-10-07T01:21:01.1175923Z       <Function test_new_own_foreign_paths_fail[backend/alembic/versions/own.py]>
2026-10-07T01:21:01.1176192Z       <Function test_new_own_foreign_paths_fail[backend/app/models/new_status.py]>
2026-10-07T01:21:01.1176443Z       <Function test_new_own_foreign_paths_fail[backend/app/tasks/retry.py]>
2026-10-07T01:21:01.1176758Z       <Function test_new_own_foreign_paths_fail[backend/app/services/inventory_service.py]>
2026-10-07T01:21:01.1177080Z       <Function test_new_own_foreign_paths_fail[backend/app/services/warehouse_map_service.py]>
2026-10-07T01:21:01.1177349Z       <Function test_new_own_foreign_paths_fail[backend/app/api/inbound_intake.py]>
2026-10-07T01:21:01.1177608Z       <Function test_new_own_foreign_paths_fail[frontend/src/screens/v2/fbsUx.ts]>
2026-10-07T01:21:01.1177876Z       <Function test_new_own_foreign_paths_fail[docs/evidence/WMS-666/foreign.md]>
2026-10-07T01:21:01.1178452Z       <Function test_new_own_foreign_paths_fail[docs/reviews/contract-corrections/WMS-666.json]>
2026-10-07T01:21:01.1178695Z       <Function test_new_own_foreign_paths_fail[.github/workflows/ci.yml]>
2026-10-07T01:21:01.1178980Z       <Function test_new_own_foreign_paths_fail[scripts/ci/check_task_documents.py]>
2026-10-07T01:21:01.1179174Z       <Function test_new_own_automation_fails[setInterval(]>
2026-10-07T01:21:01.1179367Z       <Function test_new_own_automation_fails[setTimeout(]>
2026-10-07T01:21:01.1179577Z       <Function test_new_own_automation_fails[BackgroundTasks(]>
2026-10-07T01:21:01.1179787Z       <Function test_new_own_automation_fails[@celery_app.task]>
2026-10-07T01:21:01.1180007Z       <Function test_pending_foreign_change_cannot_hide[untracked]>
2026-10-07T01:21:01.1180220Z       <Function test_pending_foreign_change_cannot_hide[unstaged]>
2026-10-07T01:21:01.1180421Z       <Function test_pending_foreign_change_cannot_hide[staged]>
2026-10-07T01:21:01.1180644Z       <Function test_pending_foreign_change_cannot_hide[index-only]>
2026-10-07T01:21:01.1180822Z       <Function test_index_only_automation_cannot_hide>
2026-10-07T01:21:01.1180994Z       <Function test_untracked_automation_cannot_hide>
2026-10-07T01:21:01.1181338Z       <Function test_merge_import_passes_but_own_resolution_fails>
2026-10-07T01:21:01.1181478Z       <Function test_missing_history_fails>
2026-10-07T01:21:01.1181616Z       <Function test_merge_own_timer_fails>
2026-10-07T01:21:01.1181863Z       <Function test_combined_additions_keep_three_parent_merge_automation>
2026-10-07T01:21:01.1182000Z       <Function test_shallow_history_fails>
2026-10-07T01:21:01.1182141Z     <Module test_wms656_kiz_label.py>
2026-10-07T01:21:01.1182442Z       <Coroutine test_reprints_return_scoped_existing_label_metadata[saved-seller-label]>
2026-10-07T01:21:01.1182686Z       <Coroutine test_reprints_return_scoped_existing_label_metadata[None]>
2026-10-07T01:21:01.1182925Z       <Coroutine test_reprints_return_scoped_existing_label_metadata[]>
2026-10-07T01:21:01.1183080Z     <Module test_wms659_bulk_inbound_boxes.py>
2026-10-07T01:21:01.1183365Z       <Coroutine test_wms659_c2_rejects_invalid_quantity_without_creating_boxes[body0]>
2026-10-07T01:21:01.1183635Z       <Coroutine test_wms659_c2_rejects_invalid_quantity_without_creating_boxes[body1]>
2026-10-07T01:21:01.1183914Z       <Coroutine test_wms659_c2_rejects_invalid_quantity_without_creating_boxes[body2]>
2026-10-07T01:21:01.1184184Z       <Coroutine test_wms659_c2_rejects_invalid_quantity_without_creating_boxes[body3]>
2026-10-07T01:21:01.1184470Z       <Coroutine test_wms659_c3_bulk_create_persists_exact_boxes_only_in_current_inbound>
2026-10-07T01:21:01.1184747Z       <Coroutine test_wms659_c4_bulk_create_works_in_editable_return_and_stays_isolated>
2026-10-07T01:21:01.1185002Z       <Coroutine test_wms659_c6_batch_rolls_back_wholly_after_mid_write_failure>
2026-10-07T01:21:01.1185316Z       <Coroutine test_wms659_c7_same_mutation_is_concurrent_safe>
2026-10-07T01:21:01.1185601Z       <Coroutine test_wms659_c8_same_mutation_replays_saved_batch_after_lost_response>
2026-10-07T01:21:01.1185906Z       <Coroutine test_wms659_c10_c11_status_permission_and_tenant_boundaries_create_nothing>
2026-10-07T01:21:01.1186183Z       <Coroutine test_wms659_c12_existing_tare_print_and_pallet_actions_remain_intact>
2026-10-07T01:21:01.1186341Z     <Module test_wms660_scan_barcode_aliases.py>
2026-10-07T01:21:01.1186752Z       <Coroutine test_saved_codes_select_and_replay_without_consuming_next_order[primary-04640556102658-4610264735875]>
2026-10-07T01:21:01.1187156Z       <Coroutine test_saved_codes_select_and_replay_without_consuming_next_order[primary-04640556141886-4610264735912]>
2026-10-07T01:21:01.1187547Z       <Coroutine test_saved_codes_select_and_replay_without_consuming_next_order[order-04640556102658-4610264735875]>
2026-10-07T01:21:01.1188061Z       <Coroutine test_saved_codes_select_and_replay_without_consuming_next_order[order-04640556141886-4610264735912]>
2026-10-07T01:21:01.1188456Z       <Coroutine test_saved_codes_select_and_replay_without_consuming_next_order[alias-04640556102658-4610264735875]>
2026-10-07T01:21:01.1188844Z       <Coroutine test_saved_codes_select_and_replay_without_consuming_next_order[alias-04640556141886-4610264735912]>
2026-10-07T01:21:01.1189089Z       <Coroutine test_alias_outside_current_scope_is_not_selected[supply]>
2026-10-07T01:21:01.1189327Z       <Coroutine test_alias_outside_current_scope_is_not_selected[seller]>
2026-10-07T01:21:01.1189564Z       <Coroutine test_alias_outside_current_scope_is_not_selected[tenant]>
2026-10-07T01:21:01.1189895Z       <Coroutine test_alias_collision_with_another_product_is_ambiguous_but_row_scan_still_works>
2026-10-07T01:21:01.1190052Z     <Module test_wms662_approve_scope_race.py>
2026-10-07T01:21:01.1190309Z       <Coroutine test_normal_approve_does_not_expense_order_added_during_http>
2026-10-07T01:21:01.1190574Z       <Coroutine test_normal_approve_does_not_expense_quantity_added_during_http>
2026-10-07T01:21:01.1190726Z     <Module test_wms662_astra_regressions.py>
2026-10-07T01:21:01.1191007Z       <Coroutine test_f1_approved_checkpoint_limits_postings_and_quantity_snapshot[1]>
2026-10-07T01:21:01.1191285Z       <Coroutine test_f1_approved_checkpoint_limits_postings_and_quantity_snapshot[2]>
2026-10-07T01:21:01.1191690Z       <Coroutine test_f2_split_cancelled_remainder_releases_reserve_and_finalizes_once>
2026-10-07T01:21:01.1191856Z     <Module test_wms662_cancellation_lock_order.py>
2026-10-07T01:21:01.1192218Z       <Coroutine test_f6_cancel_and_distinct_order_handoff_commit_without_loss_or_duplicate[local-normal]>
2026-10-07T01:21:01.1192594Z       <Coroutine test_f6_cancel_and_distinct_order_handoff_commit_without_loss_or_duplicate[local-observed]>
2026-10-07T01:21:01.1192992Z       <Coroutine test_f6_cancel_and_distinct_order_handoff_commit_without_loss_or_duplicate[observed_status-normal]>
2026-10-07T01:21:01.1193399Z       <Coroutine test_f6_cancel_and_distinct_order_handoff_commit_without_loss_or_duplicate[observed_status-observed]>
2026-10-07T01:21:01.1193547Z     <Module test_wms662_continued_billing.py>
2026-10-07T01:21:01.1193861Z       <Coroutine test_f3_observed_second_unit_updates_billing_without_duplicates[continuation]>
2026-10-07T01:21:01.1194187Z       <Coroutine test_f3_observed_second_unit_updates_billing_without_duplicates[repeated-sync]>
2026-10-07T01:21:01.1194377Z     <Module test_wms662_continued_billing_cancellation.py>
2026-10-07T01:21:01.1194661Z       <Coroutine test_f4_v2_document_packing_is_billed_once_after_invoiced_continuation>
2026-10-07T01:21:01.1194975Z       <Coroutine test_f5_one_ozon_cancellation_reverses_all_charges_and_retry_changes_nothing>
2026-10-07T01:21:01.1195132Z     <Module test_wms662_invoiced_continuation.py>
2026-10-07T01:21:01.1195508Z       <Coroutine test_invoiced_partial_handoff_bills_increment_once_without_rewriting_invoice[continuation]>
2026-10-07T01:21:01.1196008Z       <Coroutine test_invoiced_partial_handoff_bills_increment_once_without_rewriting_invoice[repeated-sync]>
2026-10-07T01:21:01.1196185Z     <Module test_wms662_live_delivery_substatuses.py>
2026-10-07T01:21:01.1196611Z       <Function test_live_delivering_substatus_proves_handoff[posting-0113371235-0054-3.json-posting_in_pickup_point]>
2026-10-07T01:21:01.1197020Z       <Function test_live_delivering_substatus_proves_handoff[posting-83893932-0680-2.json-posting_on_way_to_city]>
2026-10-07T01:21:01.1197362Z       <Function test_delivery_substatuses_do_not_accept_cancelled_pending_or_unknown[cancelled-None]>
2026-10-07T01:21:01.1197768Z       <Function test_delivery_substatuses_do_not_accept_cancelled_pending_or_unknown[cancel-posting_in_pickup_point]>
2026-10-07T01:21:01.1198264Z       <Function test_delivery_substatuses_do_not_accept_cancelled_pending_or_unknown[delivering-cancelled]>
2026-10-07T01:21:01.1198647Z       <Function test_delivery_substatuses_do_not_accept_cancelled_pending_or_unknown[awaiting_packaging-None]>
2026-10-07T01:21:01.1199110Z       <Function test_delivery_substatuses_do_not_accept_cancelled_pending_or_unknown[awaiting_packaging-posting_in_pickup_point]>
2026-10-07T01:21:01.1199596Z       <Function test_delivery_substatuses_do_not_accept_cancelled_pending_or_unknown[awaiting_deliver-posting_transferring_to_delivery]>
2026-10-07T01:21:01.1200003Z       <Function test_delivery_substatuses_do_not_accept_cancelled_pending_or_unknown[unknown-posting_on_way_to_city]>
2026-10-07T01:21:01.1200421Z       <Function test_delivery_substatuses_do_not_accept_cancelled_pending_or_unknown[delivering-unrecognized_substatus]>
2026-10-07T01:21:01.1200742Z       <Function test_delivery_substatuses_do_not_accept_cancelled_pending_or_unknown[None-None]>
2026-10-07T01:21:01.1200952Z       <Function test_existing_received_delivery_stays_positive>
2026-10-07T01:21:01.1201101Z     <Module test_wms662_observed_handoff.py>
2026-10-07T01:21:01.1201325Z       <Coroutine test_c1_wb_complete_waiting_exactly_once[statuses0]>
2026-10-07T01:21:01.1201542Z       <Coroutine test_c1_wb_complete_waiting_exactly_once[statuses1]>
2026-10-07T01:21:01.1201757Z       <Coroutine test_c1_wb_complete_waiting_exactly_once[statuses2]>
2026-10-07T01:21:01.1201971Z       <Coroutine test_c1_wb_complete_waiting_exactly_once[statuses3]>
2026-10-07T01:21:01.1202280Z       <Coroutine test_c2_wb_parent_and_preparation_are_not_handoff[confirm-waiting]>
2026-10-07T01:21:01.1202659Z       <Coroutine test_c2_wb_parent_and_preparation_are_not_handoff[None-None]>
2026-10-07T01:21:01.1202932Z       <Coroutine test_c2_wb_parent_and_preparation_are_not_handoff[complete-mystery]>
2026-10-07T01:21:01.1203214Z       <Coroutine test_c2_wb_parent_and_preparation_are_not_handoff[confirm-reshipment]>
2026-10-07T01:21:01.1203503Z       <Coroutine test_c2_wb_parent_and_preparation_are_not_handoff[complete-crossborder]>
2026-10-07T01:21:01.1203794Z       <Coroutine test_c2_ozon_preparation_and_unsupported_words[awaiting_packaging-None]>
2026-10-07T01:21:01.1204080Z       <Coroutine test_c2_ozon_preparation_and_unsupported_words[awaiting_deliver-None]>
2026-10-07T01:21:01.1204430Z       <Coroutine test_c2_ozon_preparation_and_unsupported_words[awaiting_deliver-posting_in_carriage]>
2026-10-07T01:21:01.1204828Z       <Coroutine test_c2_ozon_preparation_and_unsupported_words[awaiting_deliver-posting_transferring_to_delivery]>
2026-10-07T01:21:01.1205108Z       <Coroutine test_c2_ozon_preparation_and_unsupported_words[sent_by_seller-None]>
2026-10-07T01:21:01.1205351Z       <Coroutine test_c2_ozon_preparation_and_unsupported_words[done-None]>
2026-10-07T01:21:01.1205588Z       <Coroutine test_c2_ozon_preparation_and_unsupported_words[new-None]>
2026-10-07T01:21:01.1205840Z       <Coroutine test_c2_ozon_preparation_and_unsupported_words[unknown-None]>
2026-10-07T01:21:01.1206077Z       <Coroutine test_c2_ozon_preparation_and_unsupported_words[None-None]>
2026-10-07T01:21:01.1206340Z       <Coroutine test_c2_ozon_preparation_and_unsupported_words[arbitration-None]>
2026-10-07T01:21:01.1206719Z       <Coroutine test_c2_ozon_preparation_and_unsupported_words[not_accepted-None]>
2026-10-07T01:21:01.1206934Z       <Coroutine test_c3_wb_partial_then_remaining_same_document>
2026-10-07T01:21:01.1207153Z       <Coroutine test_c4_ozon_proved_posting_stages[delivering-None]>
2026-10-07T01:21:01.1207385Z       <Coroutine test_c4_ozon_proved_posting_stages[driver_pickup-None]>
2026-10-07T01:21:01.1207603Z       <Coroutine test_c4_ozon_proved_posting_stages[delivered-None]>
2026-10-07T01:21:01.1207867Z       <Coroutine test_c4_ozon_proved_posting_stages[delivered-posting_delivered]>
2026-10-07T01:21:01.1208250Z       <Coroutine test_c4_ozon_proved_posting_stages[delivering-posting_received]>
2026-10-07T01:21:01.1208463Z       <Coroutine test_c5_ozon_closed_parent_only_card_a_is_proved>
2026-10-07T01:21:01.1208668Z       <Coroutine test_c6_unconfirmed_carriage_is_unknown[formed]>
2026-10-07T01:21:01.1208860Z       <Coroutine test_c6_unconfirmed_carriage_is_unknown[new]>
2026-10-07T01:21:01.1209077Z       <Coroutine test_c6_unconfirmed_carriage_is_unknown[unknown]>
2026-10-07T01:21:01.1209280Z       <Coroutine test_c6_unconfirmed_carriage_is_unknown[None]>
2026-10-07T01:21:01.1209470Z       <Coroutine test_c6_confirmed_checkpoint_local_recovery>
2026-10-07T01:21:01.1209659Z       <Coroutine test_c7_split_quantity_remainder_and_recipe>
2026-10-07T01:21:01.1209898Z       <Coroutine test_c8_split_incomplete_never_expenses_parent[missing]>
2026-10-07T01:21:01.1210130Z       <Coroutine test_c8_split_incomplete_never_expenses_parent[overlap]>
2026-10-07T01:21:01.1210368Z       <Coroutine test_c8_split_incomplete_never_expenses_parent[unmapped]>
2026-10-07T01:21:01.1210548Z       <Coroutine test_c11_existing_ledger_repair[staged]>
2026-10-07T01:21:01.1210721Z       <Coroutine test_c11_existing_ledger_repair[full]>
2026-10-07T01:21:01.1210905Z       <Coroutine test_c11_existing_ledger_repair[partial]>
2026-10-07T01:21:01.1211084Z       <Coroutine test_c11_existing_ledger_repair[reversed]>
2026-10-07T01:21:01.1211290Z       <Coroutine test_c12_cancel_before_after_handoff[False-wb]>
2026-10-07T01:21:01.1211494Z       <Coroutine test_c12_cancel_before_after_handoff[False-ozon]>
2026-10-07T01:21:01.1211688Z       <Coroutine test_c12_cancel_before_after_handoff[True-wb]>
2026-10-07T01:21:01.1211893Z       <Coroutine test_c12_cancel_before_after_handoff[True-ozon]>
2026-10-07T01:21:01.1212262Z       <Coroutine test_c13_done_repair_is_bounded_and_stops_polling_completed>
2026-10-07T01:21:01.1212433Z       <Coroutine test_c14_scope_isolation[tenant-wb]>
2026-10-07T01:21:01.1212603Z       <Coroutine test_c14_scope_isolation[tenant-ozon]>
2026-10-07T01:21:01.1212766Z       <Coroutine test_c14_scope_isolation[seller-wb]>
2026-10-07T01:21:01.1212932Z       <Coroutine test_c14_scope_isolation[seller-ozon]>
2026-10-07T01:21:01.1213110Z       <Coroutine test_c14_scope_isolation[marketplace-wb]>
2026-10-07T01:21:01.1213301Z       <Coroutine test_c14_scope_isolation[marketplace-ozon]>
2026-10-07T01:21:01.1213475Z       <Coroutine test_c14_scope_isolation[imported-wb]>
2026-10-07T01:21:01.1213654Z       <Coroutine test_c14_scope_isolation[imported-ozon]>
2026-10-07T01:21:01.1213829Z       <Coroutine test_c14_scope_isolation[warehouse-wb]>
2026-10-07T01:21:01.1214003Z       <Coroutine test_c14_scope_isolation[warehouse-ozon]>
2026-10-07T01:21:01.1214173Z       <Coroutine test_c14_scope_isolation[supply-wb]>
2026-10-07T01:21:01.1214340Z       <Coroutine test_c14_scope_isolation[supply-ozon]>
2026-10-07T01:21:01.1214603Z       <Coroutine test_c15_unpacked_sources_shortage_and_unmapped[real_stock-wb]>
2026-10-07T01:21:01.1214869Z       <Coroutine test_c15_unpacked_sources_shortage_and_unmapped[real_stock-ozon]>
2026-10-07T01:21:01.1215118Z       <Coroutine test_c15_unpacked_sources_shortage_and_unmapped[shortage-wb]>
2026-10-07T01:21:01.1215379Z       <Coroutine test_c15_unpacked_sources_shortage_and_unmapped[shortage-ozon]>
2026-10-07T01:21:01.1215632Z       <Coroutine test_c15_unpacked_sources_shortage_and_unmapped[unmapped-wb]>
2026-10-07T01:21:01.1216019Z       <Coroutine test_c15_unpacked_sources_shortage_and_unmapped[unmapped-ozon]>
2026-10-07T01:21:01.1216196Z       <Coroutine test_c16_unknown_then_success[wb-403]>
2026-10-07T01:21:01.1216358Z       <Coroutine test_c16_unknown_then_success[wb-429]>
2026-10-07T01:21:01.1216523Z       <Coroutine test_c16_unknown_then_success[wb-500]>
2026-10-07T01:21:01.1216713Z       <Coroutine test_c16_unknown_then_success[wb-timeout]>
2026-10-07T01:21:01.1216901Z       <Coroutine test_c16_unknown_then_success[wb-bad_json]>
2026-10-07T01:21:01.1217084Z       <Coroutine test_c16_unknown_then_success[wb-missing]>
2026-10-07T01:21:01.1217256Z       <Coroutine test_c16_unknown_then_success[ozon-403]>
2026-10-07T01:21:01.1217430Z       <Coroutine test_c16_unknown_then_success[ozon-429]>
2026-10-07T01:21:01.1217606Z       <Coroutine test_c16_unknown_then_success[ozon-500]>
2026-10-07T01:21:01.1217798Z       <Coroutine test_c16_unknown_then_success[ozon-timeout]>
2026-10-07T01:21:01.1218262Z       <Coroutine test_c16_unknown_then_success[ozon-bad_json]>
2026-10-07T01:21:01.1218459Z       <Coroutine test_c16_unknown_then_success[ozon-missing]>
2026-10-07T01:21:01.1218645Z       <Coroutine test_c18_saved_official_contract_and_gaps>
2026-10-07T01:21:01.1218818Z       <Coroutine test_c2_wb_local_preparation[packed]>
2026-10-07T01:21:01.1218983Z       <Coroutine test_c2_wb_local_preparation[qr]>
2026-10-07T01:21:01.1219145Z       <Coroutine test_c6_unknown_has_durable_reason>
2026-10-07T01:21:01.1219320Z       <Coroutine test_c13_wb_already_done_missing_expense>
2026-10-07T01:21:01.1219575Z       <Coroutine test_c12_wb_negative_terminal_is_not_handoff[cancel-waiting]>
2026-10-07T01:21:01.1219854Z       <Coroutine test_c12_wb_negative_terminal_is_not_handoff[cancel_carrier-waiting]>
2026-10-07T01:21:01.1220116Z       <Coroutine test_c12_wb_negative_terminal_is_not_handoff[complete-canceled]>
2026-10-07T01:21:01.1220422Z       <Coroutine test_c12_wb_negative_terminal_is_not_handoff[complete-declined_by_client]>
2026-10-07T01:21:01.1220726Z       <Coroutine test_c12_wb_negative_terminal_is_not_handoff[complete-canceled_by_client]>
2026-10-07T01:21:01.1221023Z       <Coroutine test_c12_wb_negative_terminal_is_not_handoff[complete-canceled_by_carrier]>
2026-10-07T01:21:01.1221272Z       <Coroutine test_c12_wb_negative_terminal_is_not_handoff[confirm-defect]>
2026-10-07T01:21:01.1221646Z       <Coroutine test_c4_ozon_import_and_unchanged_status_also_conduct>
2026-10-07T01:21:01.1221877Z       <Coroutine test_c14_wb_complete_outside_exact_supply_composition>
2026-10-07T01:21:01.1222121Z       <Coroutine test_c16_ozon_incomplete_or_conflicting_composition[None]>
2026-10-07T01:21:01.1222377Z       <Coroutine test_c16_ozon_incomplete_or_conflicting_composition[products1]>
2026-10-07T01:21:01.1222634Z       <Coroutine test_c16_ozon_incomplete_or_conflicting_composition[products2]>
2026-10-07T01:21:01.1222768Z     <Module test_wms662_postgres.py>
2026-10-07T01:21:01.1222941Z       <Coroutine test_c9_two_pollers_and_normal_button>
2026-10-07T01:21:01.1223335Z       <Coroutine test_c12_cancel_wins_over_inflight_old_positive[wb]>
2026-10-07T01:21:01.1223712Z       <Coroutine test_c12_cancel_wins_over_inflight_old_positive[ozon]>
2026-10-07T01:21:01.1224117Z       <Coroutine test_c17_pick_transfer_cap_and_neighbour_during_http>
2026-10-07T01:21:01.1224521Z       <Coroutine test_c10_local_crash_atomic_and_restart[observed-movement]>
2026-10-07T01:21:01.1224773Z       <Coroutine test_c10_local_crash_atomic_and_restart[observed-ledger]>
2026-10-07T01:21:01.1225014Z       <Coroutine test_c10_local_crash_atomic_and_restart[observed-reserve]>
2026-10-07T01:21:01.1225294Z       <Coroutine test_c10_local_crash_atomic_and_restart[normal_checkpoint-movement]>
2026-10-07T01:21:01.1225560Z       <Coroutine test_c10_local_crash_atomic_and_restart[normal_checkpoint-ledger]>
2026-10-07T01:21:01.1225832Z       <Coroutine test_c10_local_crash_atomic_and_restart[normal_checkpoint-reserve]>
2026-10-07T01:21:01.1226030Z     <Module test_wms663_absent_pre_set_recovery_contract.py>
2026-10-07T01:21:01.1226519Z       <Coroutine test_interrupted_pre_set_claim_allows_first_explicit_set_but_unknown_never_repeats>
2026-10-07T01:21:01.1226830Z       <Coroutine test_accepted_batch_intent_survives_real_marking_and_does_not_set_again>
2026-10-07T01:21:01.1226993Z     <Module test_wms663_accepted_current_status.py>
2026-10-07T01:21:01.1227242Z       <Coroutine test_f4_current_rejection_is_visible_in_view_and_exemplar>
2026-10-07T01:21:01.1227511Z       <Coroutine test_f4_current_validation_is_checking_not_historical_acceptance>
2026-10-07T01:21:01.1227745Z       <Coroutine test_f4_unknown_current_document_status_is_not_accepted>
2026-10-07T01:21:01.1228273Z       <Coroutine test_f4_current_read_does_not_turn_completed_intent_into_pending_writer[documents_b-rejected]>
2026-10-07T01:21:01.1228652Z       <Coroutine test_f4_current_read_does_not_turn_completed_intent_into_pending_writer[documents_b-checking]>
2026-10-07T01:21:01.1229090Z       <Coroutine test_f4_current_read_does_not_turn_completed_intent_into_pending_writer[documents_b-unknown_document_status]>
2026-10-07T01:21:01.1229455Z       <Coroutine test_f4_current_read_does_not_turn_completed_intent_into_pending_writer[marking-rejected]>
2026-10-07T01:21:01.1229812Z       <Coroutine test_f4_current_read_does_not_turn_completed_intent_into_pending_writer[marking-checking]>
2026-10-07T01:21:01.1230246Z       <Coroutine test_f4_current_read_does_not_turn_completed_intent_into_pending_writer[marking-unknown_document_status]>
2026-10-07T01:21:01.1230544Z       <Coroutine test_f4_current_read_preserves_stale_version_control[documents-rejected]>
2026-10-07T01:21:01.1230834Z       <Coroutine test_f4_current_read_preserves_stale_version_control[documents-checking]>
2026-10-07T01:21:01.1231187Z       <Coroutine test_f4_current_read_preserves_stale_version_control[documents-unknown_document_status]>
2026-10-07T01:21:01.1231475Z       <Coroutine test_f4_current_read_preserves_stale_version_control[marking-rejected]>
2026-10-07T01:21:01.1231761Z       <Coroutine test_f4_current_read_preserves_stale_version_control[marking-checking]>
2026-10-07T01:21:01.1232114Z       <Coroutine test_f4_current_read_preserves_stale_version_control[marking-unknown_document_status]>
2026-10-07T01:21:01.1232288Z     <Module test_wms663_accepted_read_regressions.py>
2026-10-07T01:21:01.1232678Z       <Coroutine test_f1r_accepted_get_shows_fresh_cabinet_and_remains_editable>
2026-10-07T01:21:01.1232945Z       <Coroutine test_f1r_accepted_get_allows_next_write_without_old_a[documents_b]>
2026-10-07T01:21:01.1233201Z       <Coroutine test_f1r_accepted_get_allows_next_write_without_old_a[marking]>
2026-10-07T01:21:01.1233447Z       <Coroutine test_f1r_unresolved_writer_still_blocks_new_claim[unknown]>
2026-10-07T01:21:01.1233715Z       <Coroutine test_f1r_unresolved_writer_still_blocks_new_claim[active_writer]>
2026-10-07T01:21:01.1233946Z       <Coroutine test_f1r_old_get_cannot_overwrite_newer_document_claim>
2026-10-07T01:21:01.1234218Z       <Coroutine test_f1r_accepted_operation_still_rejects_stale_version[documents]>
2026-10-07T01:21:01.1234486Z       <Coroutine test_f1r_accepted_operation_still_rejects_stale_version[marking]>
2026-10-07T01:21:01.1234639Z     <Module test_wms663_astra_regressions.py>
2026-10-07T01:21:01.1234902Z       <Coroutine test_f1_accepted_a_cabinet_edit_survives_next_write[documents_b]>
2026-10-07T01:21:01.1235157Z       <Coroutine test_f1_accepted_a_cabinet_edit_survives_next_write[marking]>
2026-10-07T01:21:01.1235394Z       <Coroutine test_f2_explicit_get_refresh_releases_update_not_available>
2026-10-07T01:21:01.1235652Z       <Coroutine test_f3_accepted_gtd_then_two_acknowledged_kiz_writes_continue>
2026-10-07T01:21:01.1235903Z       <Coroutine test_f3_unresolved_or_active_writer_still_conflicts[unknown]>
2026-10-07T01:21:01.1236175Z       <Coroutine test_f3_unresolved_or_active_writer_still_conflicts[active_writer]>
2026-10-07T01:21:01.1236349Z     <Module test_wms663_customs_documents_contract.py>
2026-10-07T01:21:01.1236715Z       <Coroutine test_wms663_gtd_absent_is_explicit_and_does_not_send_a_number>
2026-10-07T01:21:01.1237004Z       <Coroutine test_wms663_explicit_choice_is_saved_exactly_and_resumes_after_restart>
2026-10-07T01:21:01.1237296Z       <Coroutine test_wms663_kiz_scan_preserves_remote_customs_fields_and_every_exemplar>
2026-10-07T01:21:01.1237559Z       <Coroutine test_wms663_write_is_tenant_isolated_and_rejects_a_stale_version>
2026-10-07T01:21:01.1237809Z       <Coroutine test_wms663_lost_set_response_reads_status_before_any_repeat>
2026-10-07T01:21:01.1238163Z       <Coroutine test_wms663_two_sessions_commit_one_posting_version_once>
2026-10-07T01:21:01.1238581Z       <Coroutine test_wms663_status_accepts_only_matching_and_keeps_other_results_nonaccepted[status_payload0-checking]>
2026-10-07T01:21:01.1238999Z       <Coroutine test_wms663_status_accepts_only_matching_and_keeps_other_results_nonaccepted[status_payload1-accepted]>
2026-10-07T01:21:01.1239416Z       <Coroutine test_wms663_status_accepts_only_matching_and_keeps_other_results_nonaccepted[status_payload2-unknown]>
2026-10-07T01:21:01.1239821Z       <Coroutine test_wms663_status_accepts_only_matching_and_keeps_other_results_nonaccepted[status_payload3-unknown]>
2026-10-07T01:21:01.1240238Z       <Coroutine test_wms663_status_accepts_only_matching_and_keeps_other_results_nonaccepted[status_payload4-rejected]>
2026-10-07T01:21:01.1240652Z       <Coroutine test_wms663_status_accepts_only_matching_and_keeps_other_results_nonaccepted[status_payload5-editable]>
2026-10-07T01:21:01.1241053Z       <Coroutine test_wms663_status_accepts_only_matching_and_keeps_other_results_nonaccepted[status_payload6-unknown]>
2026-10-07T01:21:01.1241451Z       <Coroutine test_wms663_status_accepts_only_matching_and_keeps_other_results_nonaccepted[status_payload7-unknown]>
2026-10-07T01:21:01.1241856Z       <Coroutine test_wms663_status_accepts_only_matching_and_keeps_other_results_nonaccepted[status_payload8-unknown]>
2026-10-07T01:21:01.1242131Z       <Function test_wms663_saved_openapi_keeps_customs_fields_and_statuses_untyped>
2026-10-07T01:21:01.1242483Z       <Function test_wms663_requirement_skus_accept_numbers_and_strings_without_cross_document_absence>
2026-10-07T01:21:01.1242661Z     <Module test_wms663_owner_absent_batch_contract.py>
2026-10-07T01:21:01.1242972Z       <Coroutine test_one_explicit_batch_sets_all_required_exemplars_once_and_preserves_rest>
2026-10-07T01:21:01.1243357Z       <Coroutine test_unknown_batch_survives_restart_and_repeat_only_reads_status>
2026-10-07T01:21:01.1243641Z       <Coroutine test_batch_rejects_foreign_tenant_or_wb_before_marketplace_io[tenant]>
2026-10-07T01:21:01.1243911Z       <Coroutine test_batch_rejects_foreign_tenant_or_wb_before_marketplace_io[wb]>
2026-10-07T01:21:01.1244127Z       <Coroutine test_stale_batch_version_is_rejected_without_set>
2026-10-07T01:21:01.1244292Z     <Module test_wms663_partial_accepted_status.py>
2026-10-07T01:21:01.1244621Z       <Coroutine test_f4r_partial_fresh_status_does_not_accept_all_displayed_documents[a_exemplar]>
2026-10-07T01:21:01.1244955Z       <Coroutine test_f4r_partial_fresh_status_does_not_accept_all_displayed_documents[a_product]>
2026-10-07T01:21:01.1245316Z       <Coroutine test_f4r_partial_fresh_status_does_not_accept_all_displayed_documents[sibling_exemplar]>
2026-10-07T01:21:01.1245640Z       <Coroutine test_f4r_partial_fresh_status_does_not_accept_all_displayed_documents[b_product]>
2026-10-07T01:21:01.1245911Z       <Coroutine test_f4r_complete_healthy_reply_accepts_current_cabinet_values>
2026-10-07T01:21:01.1246236Z       <Coroutine test_f4r_partial_read_keeps_next_explicit_action_allowed[documents_b-a_exemplar]>
2026-10-07T01:21:01.1246562Z       <Coroutine test_f4r_partial_read_keeps_next_explicit_action_allowed[documents_b-a_product]>
2026-10-07T01:21:01.1246874Z       <Coroutine test_f4r_partial_read_keeps_next_explicit_action_allowed[marking-a_exemplar]>
2026-10-07T01:21:01.1247184Z       <Coroutine test_f4r_partial_read_keeps_next_explicit_action_allowed[marking-a_product]>
2026-10-07T01:21:01.1247633Z       <Coroutine test_f4r_partial_read_preserves_stale_version_control[documents-a_exemplar]>
2026-10-07T01:21:01.1248063Z       <Coroutine test_f4r_partial_read_preserves_stale_version_control[documents-a_product]>
2026-10-07T01:21:01.1248364Z       <Coroutine test_f4r_partial_read_preserves_stale_version_control[marking-a_exemplar]>
2026-10-07T01:21:01.1248667Z       <Coroutine test_f4r_partial_read_preserves_stale_version_control[marking-a_product]>
2026-10-07T01:21:01.1248943Z       <Coroutine test_f4r_real_component_label_with_actual_service_reply[a_exemplar]>
2026-10-07T01:21:01.1249212Z       <Coroutine test_f4r_real_component_label_with_actual_service_reply[a_product]>
2026-10-07T01:21:01.1249467Z       <Coroutine test_f4r_real_component_label_with_actual_service_reply[None]>
2026-10-07T01:21:01.1249631Z     <Module test_wms663_release_retry_contract.py>
2026-10-07T01:21:01.1249952Z       <Coroutine test_definite_429_then_explicit_retry_sends_one_new_set_and_persists_acceptance>
2026-10-07T01:21:01.1250245Z       <Coroutine test_unknown_with_old_update_available_readback_cannot_duplicate_batch>
2026-10-07T01:21:01.1250493Z       <Coroutine test_accepted_batch_reopen_and_repeat_never_create_new_set>
2026-10-07T01:21:11.5662036Z       <Coroutine test_two_sessions_same_version_batch_allow_only_one_set[initial-batch]>
2026-10-07T01:21:11.5663647Z       <Coroutine test_two_sessions_same_version_batch_allow_only_one_set[rejected-batch-retry]>
2026-10-07T01:21:11.5665056Z     <Module test_wms663_requirements_completeness_contract.py>
2026-10-07T01:21:11.5667726Z       <Coroutine test_requirements_complete_matches_all_existing_skus_and_quantities[full]>
2026-10-07T01:21:11.5669518Z       <Coroutine test_requirements_complete_matches_all_existing_skus_and_quantities[missing_sku]>
2026-10-07T01:21:11.5671082Z       <Coroutine test_requirements_complete_matches_all_existing_skus_and_quantities[missing_quantity]>
2026-10-07T01:21:11.5672303Z     <Module test_wms663_residual_behavior_contract.py>
2026-10-07T01:21:11.5673369Z       <Coroutine test_c3_three_exemplars_and_other_orders_sellers_wb_are_isolated>
2026-10-07T01:21:11.5674669Z       <Coroutine test_c5_gtd_then_kiz_then_rnpt_preserves_each_complete_set>
2026-10-07T01:21:11.5675866Z       <Coroutine test_c7_foreign_exemplar_id_cannot_accept_and_status_can_resolve>
2026-10-07T01:21:11.5677535Z       <Coroutine test_c12_optional_missing_nullable_preserves_input_and_rejection[missing]>
2026-10-07T01:21:11.5679099Z       <Coroutine test_c12_optional_missing_nullable_preserves_input_and_rejection[null]>
2026-10-07T01:21:11.5680412Z       <Coroutine test_c12_real_json_decode_failure_is_bounded_unknown_with_saved_choice>
2026-10-07T01:21:11.5681638Z       <Coroutine test_c13_background_restart_selects_gtd_only_without_marking>
2026-10-07T01:21:11.5682939Z       <Coroutine test_c14_existing_qr_after_accepted_preserves_documents_and_local_accounting>
2026-10-07T01:21:11.5687683Z     <Module test_wms667_catalog_has_stock_contract.py>
2026-10-07T01:21:11.5689850Z       <Coroutine test_c1_displayed_on_hand_strictly_positive>
2026-10-07T01:21:11.5690854Z       <Coroutine test_c2_positive_fully_reserved_is_included[5]>
2026-10-07T01:21:11.5691841Z       <Coroutine test_c2_positive_fully_reserved_is_included[7]>
2026-10-07T01:21:11.5692791Z       <Coroutine test_c3_filter_before_count_and_pagination>
2026-10-07T01:21:11.5693922Z       <Coroutine test_c4_stock_filter_intersects_existing_filters[filters0-expected0]>
2026-10-07T01:21:11.5695233Z       <Coroutine test_c4_stock_filter_intersects_existing_filters[filters1-expected1]>
2026-10-07T01:21:11.5696515Z       <Coroutine test_c4_stock_filter_intersects_existing_filters[filters2-expected2]>
2026-10-07T01:21:11.5697797Z       <Coroutine test_c4_stock_filter_intersects_existing_filters[filters3-expected3]>
2026-10-07T01:21:11.5699387Z       <Coroutine test_c4_stock_filter_intersects_existing_filters[filters4-expected4]>
2026-10-07T01:21:11.5700728Z       <Coroutine test_c4_stock_filter_intersects_existing_filters[filters5-expected5]>
2026-10-07T01:21:11.5702329Z       <Coroutine test_c4_stock_filter_intersects_existing_filters[filters6-expected6]>
2026-10-07T01:21:11.5703531Z       <Coroutine test_c5_publication_limit_and_get_are_independent>
2026-10-07T01:21:11.5704622Z       <Coroutine test_c6_locations_container_and_relocation_keep_membership>
2026-10-07T01:21:11.5705836Z       <Coroutine test_c7_tenant_isolation_and_existing_permission_denial>
2026-10-07T01:21:11.5707022Z       <Coroutine test_regression_unfiltered_summary_publication_and_readonly_get>
2026-10-07T01:21:11.5708262Z     <Module test_wms669_seller_catalog_contract.py>
2026-10-07T01:21:11.5709192Z       <Coroutine test_c1_intersection_and_exact_article_size>
2026-10-07T01:21:11.5710195Z       <Coroutine test_c1_control_empty_filters_keep_previous_catalog>
2026-10-07T01:21:11.5711199Z       <Coroutine test_c2_quantity_not_free_limit_or_published>
2026-10-07T01:21:11.5712099Z       <Coroutine test_c3_aggregate_before_limit_offset>
2026-10-07T01:21:11.5713052Z       <Coroutine test_c4_server_order_and_unique_rows_across_pages>
2026-10-07T01:21:11.5714124Z       <Coroutine test_c5_imported_size_membership_fallback_and_ozon_offer>
2026-10-07T01:21:11.5715183Z       <Coroutine test_c5_control_missing_values_are_not_guessed>
2026-10-07T01:21:11.5716107Z       <Coroutine test_c9_scope_parity_and_summary[None]>
2026-10-07T01:21:11.5717033Z       <Coroutine test_c9_scope_parity_and_summary[wildberries]>
2026-10-07T01:21:11.5718116Z       <Coroutine test_c9_scope_parity_and_summary[ozon]>
2026-10-07T01:21:11.5719987Z       <Coroutine test_c9_control_permissions_and_shop_switch>
2026-10-07T01:21:11.5722842Z       <Coroutine test_c1_each_endpoint_filters_exact_values[filters0-labels0-page]>
2026-10-07T01:21:11.5731434Z       <Coroutine test_c1_each_endpoint_filters_exact_values[filters0-labels0-keys]>
2026-10-07T01:21:11.5733572Z       <Coroutine test_c1_each_endpoint_filters_exact_values[filters1-labels1-page]>
2026-10-07T01:21:11.5735793Z       <Coroutine test_c1_each_endpoint_filters_exact_values[filters1-labels1-keys]>
2026-10-07T01:21:11.5737125Z       <Coroutine test_c1_each_endpoint_filters_exact_values[filters2-labels2-page]>
2026-10-07T01:21:11.5738627Z       <Coroutine test_c1_each_endpoint_filters_exact_values[filters2-labels2-keys]>
2026-10-07T01:21:11.5739898Z       <Coroutine test_c9_control_existing_tenant_seller_marketplace_scope[None-15]>
2026-10-07T01:21:11.5741549Z       <Coroutine test_c9_control_existing_tenant_seller_marketplace_scope[wildberries-14]>
2026-10-07T01:21:11.5743795Z       <Coroutine test_c9_control_existing_tenant_seller_marketplace_scope[ozon-2]>
2026-10-07T01:21:11.5745293Z       <Coroutine test_c4_control_variants_keep_identity_name_color_and_separate_stock>
2026-10-07T01:21:11.5746889Z       <Coroutine test_c5_each_endpoint_imported_sizes_and_offer_id[filters0-expected0-page]>
2026-10-07T01:21:11.5748652Z       <Coroutine test_c5_each_endpoint_imported_sizes_and_offer_id[filters0-expected0-keys]>
2026-10-07T01:21:11.5753628Z       <Coroutine test_c5_each_endpoint_imported_sizes_and_offer_id[filters1-expected1-page]>
2026-10-07T01:21:11.5756161Z       <Coroutine test_c5_each_endpoint_imported_sizes_and_offer_id[filters1-expected1-keys]>
2026-10-07T01:21:11.5761400Z       <Coroutine test_c5_each_endpoint_imported_sizes_and_offer_id[filters2-expected2-page]>
2026-10-07T01:21:11.5763885Z       <Coroutine test_c5_each_endpoint_imported_sizes_and_offer_id[filters2-expected2-keys]>
2026-10-07T01:21:11.5765505Z       <Coroutine test_c5_each_endpoint_imported_sizes_and_offer_id[filters3-expected3-page]>
2026-10-07T01:21:11.5768197Z       <Coroutine test_c5_each_endpoint_imported_sizes_and_offer_id[filters3-expected3-keys]>
2026-10-07T01:21:11.5770304Z     <Module test_wms669_seller_catalog_once.py>
2026-10-07T01:21:11.5771365Z       <Coroutine test_c10_reading_has_no_writes>
2026-10-07T01:21:11.5772587Z       <Coroutine test_c10_postgresql_json_sizes_and_stock>
2026-10-07T01:21:11.5773744Z     <Module test_wms669_sql_whitespace_regression.py>
2026-10-07T01:21:11.5775242Z       <Coroutine test_category_strip_groups_are_contiguous_across_http_pages[tabs]>
2026-10-07T01:21:11.5776786Z       <Coroutine test_category_strip_groups_are_contiguous_across_http_pages[nbsp]>
2026-10-07T01:21:11.5778483Z       <Coroutine test_numeric_techsize_string_wbsize_strip_matches_http_page_keys[tabs]>
2026-10-07T01:21:11.5780087Z       <Coroutine test_numeric_techsize_string_wbsize_strip_matches_http_page_keys[nbsp]>
2026-10-07T01:21:11.5781532Z       <Coroutine test_own_barcode_variant_strip_matches_http_page_keys[tabs]>
2026-10-07T01:21:11.5782918Z       <Coroutine test_own_barcode_variant_strip_matches_http_page_keys[nbsp]>
2026-10-07T01:21:11.5784159Z     <Module test_wms669_visible_metadata_regression.py>
2026-10-07T01:21:11.5785584Z       <Coroutine test_displayed_categories_stay_contiguous_before_pagination[trimmed-subjectName]>
2026-10-07T01:21:11.5787327Z       <Coroutine test_displayed_categories_stay_contiguous_before_pagination[fallback-subject_name]>
2026-10-07T01:21:11.5789170Z       <Coroutine test_imported_display_size_fallback_matches_exact_page_and_keys>
2026-10-07T01:21:11.5790649Z       <Coroutine test_product_variant_uses_exact_source_barcode_and_display_fallback>
2026-10-07T01:21:11.5792123Z       <Coroutine test_malformed_size_json_keeps_unknown_rows_and_ozon_metadata>
2026-10-07T01:21:11.5793325Z     <Module test_wms672_box_label_scope.py>
2026-10-07T01:21:11.5794590Z       <Coroutine test_c9_foreign_document_and_injected_box_rejected_without_any_mutation>
2026-10-07T01:21:11.5796121Z       <Coroutine test_c9_valid_technical_mark_preserves_business_data_and_box_identity>
2026-10-07T01:21:11.5797386Z     <Module test_wms673_print_read_contract.py>
2026-10-07T01:21:11.5798942Z       <Coroutine test_c10_real_print_reads_preserve_business_state_and_tenant_role_access[wb]>
2026-10-07T01:21:11.5800574Z       <Coroutine test_c10_real_print_reads_preserve_business_state_and_tenant_role_access[ozon]>
2026-10-07T01:21:11.5802195Z       <Function test_real_marketplace_mapping_supplies_exact_product_and_position_colors>
2026-10-07T01:21:11.5803462Z     <Module test_wms675_recovery_scenario.py>
2026-10-07T01:21:11.5804490Z       <Coroutine test_bambook_exact_31_recovers_26_once>
2026-10-07T01:21:11.5805221Z 
2026-10-07T01:21:11.5806017Z =============================== warnings summary ===============================
2026-10-07T01:21:11.5807235Z app/main.py:19
2026-10-07T01:21:11.5809281Z   /home/runner/work/WMS/WMS/backend/app/main.py:19: StarletteDeprecationWarning: 'HTTP_422_UNPROCESSABLE_ENTITY' is deprecated. Use 'HTTP_422_UNPROCESSABLE_CONTENT' instead.
2026-10-07T01:21:11.5811579Z     from app.api.billing_profile_marketplace import router as billing_profile_marketplace_router
2026-10-07T01:21:11.5812611Z 
2026-10-07T01:21:11.5813707Z ../../../../../../opt/hostedtoolcache/Python/3.11.16/x64/lib/python3.11/site-packages/fastapi/testclient.py:1
2026-10-07T01:21:11.5816430Z   /opt/hostedtoolcache/Python/3.11.16/x64/lib/python3.11/site-packages/fastapi/testclient.py:1: StarletteDeprecationWarning: Using `httpx` with `starlette.testclient` is deprecated; install `httpx2` instead.
2026-10-07T01:21:11.5819026Z     from starlette.testclient import TestClient as TestClient  # noqa
2026-10-07T01:21:11.5819875Z 
2026-10-07T01:21:11.5820680Z -- Docs: https://docs.pytest.org/en/stable/how-to/capture-warnings.html
2026-10-07T01:21:11.5822109Z ======================== 4631 tests collected in 17.35s ========================
2026-10-07T01:21:11.5823377Z ============================= test session starts ==============================
2026-10-07T01:21:11.5824622Z platform linux -- Python 3.11.16, pytest-9.1.1, pluggy-1.6.0
2026-10-07T01:21:11.5825752Z rootdir: /home/runner/work/WMS/WMS/backend
2026-10-07T01:21:11.5826640Z configfile: pyproject.toml
2026-10-07T01:21:11.5827372Z testpaths: tests
2026-10-07T01:21:11.5828624Z plugins: asyncio-1.4.0, xdist-3.8.0, anyio-4.15.1
2026-10-07T01:21:11.5830555Z asyncio: mode=Mode.AUTO, debug=False, asyncio_default_fixture_loop_scope=None, asyncio_default_test_loop_scope=function
2026-10-07T01:21:11.5831981Z created: 4/4 workers
2026-10-07T01:21:11.5832718Z 4 workers [2316 items]
2026-10-07T01:21:11.5833240Z 
2026-10-07T01:21:33.2979838Z ..............................................x......................... [  3%]
2026-10-07T01:21:38.7117245Z .ss..................................................................... [  6%]
2026-10-07T01:21:51.0950051Z ..................................s..................................... [  9%]
2026-10-07T01:21:58.3580514Z ........................................................s............... [ 12%]
2026-10-07T01:22:31.8103164Z ..................................s...............................s..... [ 15%]
2026-10-07T01:22:56.5583651Z .....s..................s.....ssss.................s........ss..s.s..... [ 18%]
2026-10-07T01:23:21.3769364Z ........................................................................ [ 21%]
2026-10-07T01:23:48.6297096Z ..............s......................................................... [ 24%]
2026-10-07T01:24:08.7781721Z ...s.................................................................... [ 27%]
2026-10-07T01:24:30.1117684Z ...................................................s...s..............s. [ 31%]
2026-10-07T01:24:54.5460958Z ......s.................s............................................... [ 34%]
2026-10-07T01:25:20.0300401Z .............................................................s.......... [ 37%]
2026-10-07T01:25:42.5935963Z ........................................................................ [ 40%]
2026-10-07T01:26:02.8111787Z ........................................................................ [ 43%]
2026-10-07T01:26:10.5534337Z ........................................................................ [ 46%]
2026-10-07T01:26:51.1620476Z ................s...................s................................... [ 49%]
2026-10-07T01:26:56.3789361Z ...............s...........................s............................ [ 52%]
2026-10-07T01:27:10.9206193Z ........................................................................ [ 55%]
2026-10-07T01:27:23.2572273Z ........................................................................ [ 59%]
2026-10-07T01:27:41.1631402Z .........s.............................................................. [ 62%]
2026-10-07T01:27:45.5569264Z ........................s............................................... [ 65%]
2026-10-07T01:28:01.7479087Z .s...........ssssssssssssssssssssssss..........s..s.ssss................ [ 68%]
2026-10-07T01:28:16.7589695Z ..................................s..................................... [ 71%]
2026-10-07T01:28:28.3776153Z .ssssss.....s.......s..................................................s [ 74%]
2026-10-07T01:28:47.3380855Z s............................s.......................................... [ 77%]
2026-10-07T01:29:04.4515295Z ..............ss....ssssss.............................................. [ 80%]
2026-10-07T01:29:20.6823615Z ........s...............................................s............... [ 83%]
2026-10-07T01:29:50.2293676Z .........................s..s..s......s................................. [ 87%]
2026-10-07T01:30:11.7824883Z ........................................................................ [ 90%]
2026-10-07T01:30:35.1763055Z ..............................................................s......... [ 93%]
2026-10-07T01:30:46.5202383Z ......................ss..................................ss............ [ 96%]
2026-10-07T01:30:54.6589521Z ......sss..........................s................................s... [ 99%]
2026-10-07T01:31:19.1352683Z ............                                                             [100%]
2026-10-07T01:31:19.1353614Z =============================== warnings summary ===============================
2026-10-07T01:31:19.1354306Z app/main.py:19
2026-10-07T01:31:19.1354687Z app/main.py:19
2026-10-07T01:31:19.1355123Z app/main.py:19
2026-10-07T01:31:19.1355557Z app/main.py:19
2026-10-07T01:31:19.1356930Z   /home/runner/work/WMS/WMS/backend/app/main.py:19: StarletteDeprecationWarning: 'HTTP_422_UNPROCESSABLE_ENTITY' is deprecated. Use 'HTTP_422_UNPROCESSABLE_CONTENT' instead.
2026-10-07T01:31:19.1358620Z     from app.api.billing_profile_marketplace import router as billing_profile_marketplace_router
2026-10-07T01:31:19.1359159Z 
2026-10-07T01:31:19.1359752Z ../../../../../../opt/hostedtoolcache/Python/3.11.16/x64/lib/python3.11/site-packages/fastapi/testclient.py:1
2026-10-07T01:31:19.1360893Z ../../../../../../opt/hostedtoolcache/Python/3.11.16/x64/lib/python3.11/site-packages/fastapi/testclient.py:1
2026-10-07T01:31:19.1362011Z ../../../../../../opt/hostedtoolcache/Python/3.11.16/x64/lib/python3.11/site-packages/fastapi/testclient.py:1
2026-10-07T01:31:19.1363107Z ../../../../../../opt/hostedtoolcache/Python/3.11.16/x64/lib/python3.11/site-packages/fastapi/testclient.py:1
2026-10-07T01:31:19.1364748Z   /opt/hostedtoolcache/Python/3.11.16/x64/lib/python3.11/site-packages/fastapi/testclient.py:1: StarletteDeprecationWarning: Using `httpx` with `starlette.testclient` is deprecated; install `httpx2` instead.
2026-10-07T01:31:19.1366131Z     from starlette.testclient import TestClient as TestClient  # noqa
2026-10-07T01:31:19.1366433Z 
2026-10-07T01:31:19.1366820Z tests/test_billing_configuration_service.py::test_tariff_versions_cannot_overlap
2026-10-07T01:31:19.1367619Z tests/test_billing_configuration_service.py::test_first_tariff_explicitly_activates_billing_from_its_start_date
2026-10-07T01:31:19.1368697Z tests/test_billing_invoice_service.py::test_form_invoice_uses_moscow_date_for_invoice_line_documents
2026-10-07T01:31:19.1369699Z   /home/runner/work/WMS/WMS/backend/app/services/document_event_service.py:301: RuntimeWarning: coroutine 'AsyncMockMixin._execute_mock_call' was never awaited
2026-10-07T01:31:19.1370456Z     async with connection.begin_nested():
2026-10-07T01:31:19.1370897Z   Enable tracemalloc to get traceback where the object was allocated.
2026-10-07T01:31:19.1371595Z   See https://docs.pytest.org/en/stable/how-to/capture-warnings.html#resource-warnings for more info.
2026-10-07T01:31:19.1372014Z 
2026-10-07T01:31:19.1372512Z tests/test_billing_financial_core_migration.py::test_billing_financial_core_migration_creates_only_shared_billing_tables
2026-10-07T01:31:19.1374097Z   /opt/hostedtoolcache/Python/3.11.16/x64/lib/python3.11/site-packages/alembic/config.py:604: DeprecationWarning: No path_separator found in configuration; falling back to legacy splitting on spaces, commas, and colons for prepend_sys_path.  Consider adding path_separator=os to Alembic config.
2026-10-07T01:31:19.1375538Z     util.warn_deprecated(
2026-10-07T01:31:19.1375698Z 
2026-10-07T01:31:19.1376026Z tests/test_tenant_settings.py::test_tenant_settings_patch_no_fields_returns_422
2026-10-07T01:31:19.1377173Z   /opt/hostedtoolcache/Python/3.11.16/x64/lib/python3.11/site-packages/fastapi/routing.py:360: StarletteDeprecationWarning: 'HTTP_422_UNPROCESSABLE_ENTITY' is deprecated. Use 'HTTP_422_UNPROCESSABLE_CONTENT' instead.
2026-10-07T01:31:19.1378330Z     return await dependant.call(**values)
2026-10-07T01:31:19.1378541Z 
2026-10-07T01:31:19.1378746Z tests/test_wms516_physical_warehouse.py: 15 warnings
2026-10-07T01:31:19.1379747Z   /home/runner/work/WMS/WMS/backend/app/services/physical_warehouse_repair_service.py:524: SAWarning: Skipped unsupported reflection of expression-based index uq_inventory_balance_loc_product_container
2026-10-07T01:31:19.1380777Z     return [dict(index) for index in inspect(connection).get_indexes(table_name)]
2026-10-07T01:31:19.1381101Z 
2026-10-07T01:31:19.1381498Z tests/test_wms516_physical_warehouse.py::test_prepare_evaluates_expression_unique_allocation_index
2026-10-07T01:31:19.1382279Z tests/test_wms516_physical_warehouse.py::test_container_reference_lifecycle[allocation-terminal]
2026-10-07T01:31:19.1383424Z   /home/runner/work/WMS/WMS/backend/app/services/physical_warehouse_repair_service.py:524: SAWarning: Skipped unsupported reflection of expression-based index uq_mp_unload_pick_req_product_loc_container
2026-10-07T01:31:19.1384581Z     return [dict(index) for index in inspect(connection).get_indexes(table_name)]
2026-10-07T01:31:19.1384911Z 
2026-10-07T01:31:19.1385258Z tests/test_wms535_cli.py::test_duplicate_merge_discovers_and_moves_product_foreign_keys
2026-10-07T01:31:19.1386345Z   /home/runner/work/WMS/WMS/backend/app/cli/merge_duplicate_wb_chrt_products.py:94: SAWarning: Skipped unsupported reflection of expression-based index uq_inventory_balance_loc_product_container
2026-10-07T01:31:19.1387265Z     *inspector.get_unique_constraints(reference.table),
2026-10-07T01:31:19.1387503Z 
2026-10-07T01:31:19.1387840Z tests/test_wms535_cli.py::test_duplicate_merge_discovers_and_moves_product_foreign_keys
2026-10-07T01:31:19.1389152Z   /home/runner/work/WMS/WMS/backend/app/cli/merge_duplicate_wb_chrt_products.py:97: SAWarning: Skipped unsupported reflection of expression-based index uq_inventory_balance_loc_product_container
2026-10-07T01:31:19.1390055Z     for index in inspector.get_indexes(reference.table)
2026-10-07T01:31:19.1390293Z 
2026-10-07T01:31:19.1390639Z tests/test_wms535_cli.py::test_duplicate_merge_discovers_and_moves_product_foreign_keys
2026-10-07T01:31:19.1391651Z   /home/runner/work/WMS/WMS/backend/app/cli/merge_duplicate_wb_chrt_products.py:94: SAWarning: Skipped unsupported reflection of expression-based index uq_inventory_count_line_scope
2026-10-07T01:31:19.1392507Z     *inspector.get_unique_constraints(reference.table),
2026-10-07T01:31:19.1392746Z 
2026-10-07T01:31:19.1393073Z tests/test_wms535_cli.py::test_duplicate_merge_discovers_and_moves_product_foreign_keys
2026-10-07T01:31:19.1394085Z   /home/runner/work/WMS/WMS/backend/app/cli/merge_duplicate_wb_chrt_products.py:97: SAWarning: Skipped unsupported reflection of expression-based index uq_inventory_count_line_scope
2026-10-07T01:31:19.1394925Z     for index in inspector.get_indexes(reference.table)
2026-10-07T01:31:19.1395160Z 
2026-10-07T01:31:19.1395491Z tests/test_wms535_cli.py::test_duplicate_merge_discovers_and_moves_product_foreign_keys
2026-10-07T01:31:19.1396583Z   /home/runner/work/WMS/WMS/backend/app/cli/merge_duplicate_wb_chrt_products.py:94: SAWarning: Skipped unsupported reflection of expression-based index uq_mp_unload_pick_req_product_loc_container
2026-10-07T01:31:19.1397477Z     *inspector.get_unique_constraints(reference.table),
2026-10-07T01:31:19.1397851Z 
2026-10-07T01:31:19.1398431Z tests/test_wms535_cli.py::test_duplicate_merge_discovers_and_moves_product_foreign_keys
2026-10-07T01:31:19.1399522Z   /home/runner/work/WMS/WMS/backend/app/cli/merge_duplicate_wb_chrt_products.py:97: SAWarning: Skipped unsupported reflection of expression-based index uq_mp_unload_pick_req_product_loc_container
2026-10-07T01:31:19.1400425Z     for index in inspector.get_indexes(reference.table)
2026-10-07T01:31:19.1400663Z 
2026-10-07T01:31:19.1401066Z tests/test_wms516_physical_warehouse.py::test_container_reference_lifecycle[count_line-terminal]
2026-10-07T01:31:19.1402198Z   /home/runner/work/WMS/WMS/backend/app/services/physical_warehouse_repair_service.py:524: SAWarning: Skipped unsupported reflection of expression-based index uq_inventory_count_line_scope
2026-10-07T01:31:19.1403178Z     return [dict(index) for index in inspect(connection).get_indexes(table_name)]
2026-10-07T01:31:19.1403504Z 
2026-10-07T01:31:19.1403902Z tests/test_wms538_ff_catalog_batch.py::test_ff_catalog_rejects_huge_unscoped_tenant_with_413_wms538
2026-10-07T01:31:19.1405122Z   /opt/hostedtoolcache/Python/3.11.16/x64/lib/python3.11/site-packages/fastapi/routing.py:360: StarletteDeprecationWarning: 'HTTP_413_REQUEST_ENTITY_TOO_LARGE' is deprecated. Use 'HTTP_413_CONTENT_TOO_LARGE' instead.
2026-10-07T01:31:19.1406057Z     return await dependant.call(**values)
2026-10-07T01:31:19.1406266Z 
2026-10-07T01:31:19.1406537Z tests/test_wms650_undo.py::test_c17_rejected_action_cannot_be_undone
2026-10-07T01:31:19.1407514Z   /home/runner/work/WMS/WMS/backend/app/api/warehouses.py:576: StarletteDeprecationWarning: 'HTTP_422_UNPROCESSABLE_ENTITY' is deprecated. Use 'HTTP_422_UNPROCESSABLE_CONTENT' instead.
2026-10-07T01:31:19.1408696Z     raise _map_error(exc) from None
2026-10-07T01:31:19.1408889Z 
2026-10-07T01:31:19.1409180Z -- Docs: https://docs.pytest.org/en/stable/how-to/capture-warnings.html
2026-10-07T01:31:19.1409800Z ----- generated xml file: /home/runner/work/_temp/backend-shard/junit.xml ------
2026-10-07T01:31:19.1410448Z ===== 2217 passed, 98 skipped, 1 xfailed, 39 warnings in 617.23s (0:10:17) =====
2026-10-07T01:31:20.2392217Z ##[group]Run actions/upload-artifact@v4
2026-10-07T01:31:20.2392538Z with:
2026-10-07T01:31:20.2392888Z   name: backend-shard-0-8b8f20715528122a7260d650f018a9a8b4bd29e5-37556521625-1
2026-10-07T01:31:20.2393365Z   path: /home/runner/work/_temp/backend-shard
2026-10-07T01:31:20.2393686Z   if-no-files-found: error
2026-10-07T01:31:20.2393936Z   retention-days: 14
2026-10-07T01:31:20.2394163Z   compression-level: 6
2026-10-07T01:31:20.2394393Z   overwrite: false
2026-10-07T01:31:20.2394617Z   include-hidden-files: false
2026-10-07T01:31:20.2394862Z env:
2026-10-07T01:31:20.2395119Z   pythonLocation: /opt/hostedtoolcache/Python/3.11.16/x64
2026-10-07T01:31:20.2395561Z   PKG_CONFIG_PATH: /opt/hostedtoolcache/Python/3.11.16/x64/lib/pkgconfig
2026-10-07T01:31:20.2396003Z   Python_ROOT_DIR: /opt/hostedtoolcache/Python/3.11.16/x64
2026-10-07T01:31:20.2396406Z   Python2_ROOT_DIR: /opt/hostedtoolcache/Python/3.11.16/x64
2026-10-07T01:31:20.2397037Z   Python3_ROOT_DIR: /opt/hostedtoolcache/Python/3.11.16/x64
2026-10-07T01:31:20.2397447Z   LD_LIBRARY_PATH: /opt/hostedtoolcache/Python/3.11.16/x64/lib
2026-10-07T01:31:20.2397791Z ##[endgroup]
2026-10-07T01:31:20.4119370Z (node:5851) [DEP0040] DeprecationWarning: The `punycode` module is deprecated. Please use a userland alternative instead.
2026-10-07T01:31:20.4120885Z (Use `node --trace-deprecation ...` to show where the warning was created)
2026-10-07T01:31:20.4187869Z With the provided path, there will be 2 files uploaded
2026-10-07T01:31:20.4191629Z Artifact name is valid!
2026-10-07T01:31:20.4192644Z Root directory input is valid!
2026-10-07T01:31:20.6544869Z Beginning upload of artifact content to blob storage
2026-10-07T01:31:20.7054221Z (node:5851) [DEP0169] DeprecationWarning: `url.parse()` behavior is not standardized and prone to errors that have security implications. Use the WHATWG URL API instead. CVEs are not issued for `url.parse()` vulnerabilities.
2026-10-07T01:31:20.8419104Z Uploaded bytes 205875
2026-10-07T01:31:20.8715948Z Finished uploading artifact content to blob storage!
2026-10-07T01:31:20.8717609Z SHA256 digest of uploaded artifact zip is 30f6e0aef737de3ed8b2d5f08e79c111bf8d0dc337790803d8450a6771f4dc43
2026-10-07T01:31:20.8719910Z Finalizing artifact upload
2026-10-07T01:31:21.0960081Z Artifact backend-shard-0-8b8f20715528122a7260d650f018a9a8b4bd29e5-37556521625-1.zip successfully finalized. Artifact ID 11455612415
2026-10-07T01:31:21.0962142Z Artifact backend-shard-0-8b8f20715528122a7260d650f018a9a8b4bd29e5-37556521625-1 has been successfully uploaded! Final size is 205875 bytes. Artifact ID is 11455612415
2026-10-07T01:31:21.0966626Z Artifact download URL: https://github.com/chivkunovd-bitdenis/WMS/actions/runs/37556521625/artifacts/11455612415
2026-10-07T01:31:21.1151666Z Post job cleanup.
2026-10-07T01:31:21.2405220Z (node:5864) [DEP0040] DeprecationWarning: The `punycode` module is deprecated. Please use a userland alternative instead.
2026-10-07T01:31:21.2406380Z (Use `node --trace-deprecation ...` to show where the warning was created)
2026-10-07T01:31:21.2409542Z Cache hit occurred on the primary key node-cache-Linux-x64-npm-85763e8c3cd51fb20d591991ef5fa0a023b0d9aaf6756079ffb1291716056b32, not saving cache.
2026-10-07T01:31:21.2536221Z Post job cleanup.
2026-10-07T01:31:21.3788496Z Cache hit occurred on the primary key setup-python-Linux-x64-24.04-Ubuntu-python-3.11.16-pip-b895c9babfda1d10249511c619da3d95ed37f7d44247c5dff5f74d855af284be, not saving cache.
2026-10-07T01:31:21.3791312Z (node:5872) [DEP0040] DeprecationWarning: The `punycode` module is deprecated. Please use a userland alternative instead.
2026-10-07T01:31:21.3793011Z (Use `node --trace-deprecation ...` to show where the warning was created)
2026-10-07T01:31:21.3966515Z Post job cleanup.
2026-10-07T01:31:21.4824137Z [command]/usr/bin/git version
2026-10-07T01:31:21.4867827Z git version 2.55.0
2026-10-07T01:31:21.4907053Z Temporarily overriding HOME='/home/runner/work/_temp/78d696d0-54a5-40ea-94ed-eb3c002b597c' before making global git config changes
2026-10-07T01:31:21.4908908Z Adding repository directory to the temporary git global config as a safe directory
2026-10-07T01:31:21.4912693Z [command]/usr/bin/git config --global --add safe.directory /home/runner/work/WMS/WMS
2026-10-07T01:31:21.4955047Z [command]/usr/bin/git config --local --name-only --get-regexp core\.sshCommand
2026-10-07T01:31:21.4993825Z [command]/usr/bin/git submodule foreach --recursive sh -c "git config --local --name-only --get-regexp 'core\.sshCommand' && git config --local --unset-all 'core.sshCommand' || :"
2026-10-07T01:31:21.5287183Z [command]/usr/bin/git config --local --name-only --get-regexp http\.https\:\/\/github\.com\/\.extraheader
2026-10-07T01:31:21.5330843Z [command]/usr/bin/git submodule foreach --recursive sh -c "git config --local --name-only --get-regexp 'http\.https\:\/\/github\.com\/\.extraheader' && git config --local --unset-all 'http.https://github.com/.extraheader' || :"
2026-10-07T01:31:21.5610092Z [command]/usr/bin/git config --local --name-only --get-regexp ^includeIf\.gitdir:
2026-10-07T01:31:21.5643948Z [command]/usr/bin/git submodule foreach --recursive git config --local --show-origin --name-only --get-regexp remote.origin.url
2026-10-07T01:31:21.6103476Z Cleaning up orphan processes
2026-10-07T01:31:21.6419890Z ##[warning]Node.js 20 is deprecated. The following actions target Node.js 20 but are being forced to run on Node.js 24: actions/checkout@v4, actions/setup-node@v4, actions/setup-python@v5, actions/upload-artifact@v4. For more information see: https://github.blog/changelog/2025-09-19-deprecation-of-node-20-on-github-actions-runners/
