2026-10-07T01:19:40.9488001Z Current runner version: '2.337.0'
2026-10-07T01:19:40.9515235Z ##[group]Runner Image Provisioner
2026-10-07T01:19:40.9516325Z Hosted Compute Agent
2026-10-07T01:19:40.9516916Z Version: 20260901.588
2026-10-07T01:19:40.9517704Z Commit: f88ec8081b781fac6c440065ac7ff9e710ce3d0b
2026-10-07T01:19:40.9518472Z Build Date: 2026-09-01T19:56:44Z
2026-10-07T01:19:40.9519502Z Worker ID: {305dd3cc-56a5-46b8-95ab-b33af87a70c2}
2026-10-07T01:19:40.9520367Z Azure Region: westus
2026-10-07T01:19:40.9520939Z ##[endgroup]
2026-10-07T01:19:40.9522466Z ##[group]Operating System
2026-10-07T01:19:40.9523280Z Ubuntu
2026-10-07T01:19:40.9523801Z 24.04.5
2026-10-07T01:19:40.9524403Z LTS
2026-10-07T01:19:40.9524931Z ##[endgroup]
2026-10-07T01:19:40.9525502Z ##[group]Runner Image
2026-10-07T01:19:40.9526181Z Image: ubuntu-24.04
2026-10-07T01:19:40.9526745Z Version: 20260927.320.1
2026-10-07T01:19:40.9528244Z Included Software: https://github.com/actions/runner-images/blob/ubuntu24/20260927.320/images/ubuntu/Ubuntu2404-Readme.md
2026-10-07T01:19:40.9530270Z Image Release: https://github.com/actions/runner-images/releases/tag/ubuntu24%2F20260927.320
2026-10-07T01:19:40.9531396Z ##[endgroup]
2026-10-07T01:19:40.9532519Z ##[group]GITHUB_TOKEN Permissions
2026-10-07T01:19:40.9534575Z Contents: read
2026-10-07T01:19:40.9535246Z Metadata: read
2026-10-07T01:19:40.9535945Z ##[endgroup]
2026-10-07T01:19:40.9538695Z Secret source: Actions
2026-10-07T01:19:40.9539846Z Cache mode: write
2026-10-07T01:19:40.9540591Z Prepare workflow directory
2026-10-07T01:19:41.0009915Z Prepare all required actions
2026-10-07T01:19:41.0058864Z Getting action download info
2026-10-07T01:19:41.3785193Z Download action repository 'actions/checkout@v4' (SHA:11d5960a326750d5838078e36cf38b85af677262)
2026-10-07T01:19:41.4780247Z Download action repository 'actions/setup-python@v5' (SHA:a26af69be951a213d495a4c3e4e4022e16d87065)
2026-10-07T01:19:41.5564292Z Download action repository 'actions/setup-node@v4' (SHA:49933ea5288caeca8642d1e84afbd3f7d6820020)
2026-10-07T01:19:41.6475715Z Download action repository 'actions/upload-artifact@v4' (SHA:ea165f8d65b6e75b540449e92b4886f43607fa02)
2026-10-07T01:19:41.8748410Z Complete job name: backend-checks
2026-10-07T01:19:41.9333959Z ##[group]Checking docker version
2026-10-07T01:19:41.9347487Z ##[command]/usr/bin/docker version --format '{{.Server.APIVersion}}'
2026-10-07T01:19:42.0340306Z '1.48'
2026-10-07T01:19:42.0359743Z Docker daemon API version: '1.48'
2026-10-07T01:19:42.0360649Z ##[command]/usr/bin/docker version --format '{{.Client.APIVersion}}'
2026-10-07T01:19:42.0573586Z '1.48'
2026-10-07T01:19:42.0586409Z Docker client API version: '1.48'
2026-10-07T01:19:42.0591307Z ##[endgroup]
2026-10-07T01:19:42.0594204Z ##[group]Clean up resources from previous jobs
2026-10-07T01:19:42.0599729Z ##[command]/usr/bin/docker ps --all --quiet --no-trunc --filter "label=68aa6c"
2026-10-07T01:19:42.0776884Z ##[command]/usr/bin/docker network prune --force --filter "label=68aa6c"
2026-10-07T01:19:42.0936063Z ##[endgroup]
2026-10-07T01:19:42.0936667Z ##[group]Create local container network
2026-10-07T01:19:42.0947599Z ##[command]/usr/bin/docker network create --label 68aa6c github_network_9d32f5683deb48ea978468caecb82757
2026-10-07T01:19:42.1544966Z a84edb574ac782d4f663a229877eb8f8aad08e82dc31753a768f21f46790870c
2026-10-07T01:19:42.1562812Z ##[endgroup]
2026-10-07T01:19:42.1589521Z ##[group]Starting postgres service container
2026-10-07T01:19:42.1613121Z ##[command]/usr/bin/docker pull postgres:16
2026-10-07T01:19:43.1665888Z 16: Pulling from library/postgres
2026-10-07T01:19:43.4407242Z ecc510c1e359: Pulling fs layer
2026-10-07T01:19:43.4408983Z 79faf13a8736: Pulling fs layer
2026-10-07T01:19:43.4414056Z 6456bfbf35e7: Pulling fs layer
2026-10-07T01:19:43.4414894Z b353db459ed1: Pulling fs layer
2026-10-07T01:19:43.4415817Z 99f49de4fe2b: Pulling fs layer
2026-10-07T01:19:43.4416753Z 83d1a2a3917c: Pulling fs layer
2026-10-07T01:19:43.4417890Z 715ea0948cb1: Pulling fs layer
2026-10-07T01:19:43.4419313Z 486e8305f56f: Pulling fs layer
2026-10-07T01:19:43.4420516Z e7d675f11ded: Pulling fs layer
2026-10-07T01:19:43.4421277Z c49864c27f35: Pulling fs layer
2026-10-07T01:19:43.4422032Z 770ef8b308ea: Pulling fs layer
2026-10-07T01:19:43.4422797Z 50c25daa0302: Pulling fs layer
2026-10-07T01:19:43.4423654Z 8309db3ae5b6: Pulling fs layer
2026-10-07T01:19:43.4424541Z 9731e27f2541: Pulling fs layer
2026-10-07T01:19:43.4425371Z 486e8305f56f: Waiting
2026-10-07T01:19:43.4426092Z e7d675f11ded: Waiting
2026-10-07T01:19:43.4426809Z 50c25daa0302: Waiting
2026-10-07T01:19:43.4427551Z c49864c27f35: Waiting
2026-10-07T01:19:43.4428313Z 8309db3ae5b6: Waiting
2026-10-07T01:19:43.4429386Z 770ef8b308ea: Waiting
2026-10-07T01:19:43.4430128Z 9731e27f2541: Waiting
2026-10-07T01:19:43.4430987Z 99f49de4fe2b: Waiting
2026-10-07T01:19:43.4431927Z 83d1a2a3917c: Waiting
2026-10-07T01:19:43.4432847Z 715ea0948cb1: Waiting
2026-10-07T01:19:43.4433798Z b353db459ed1: Waiting
2026-10-07T01:19:43.6467067Z 79faf13a8736: Verifying Checksum
2026-10-07T01:19:43.6467824Z 79faf13a8736: Download complete
2026-10-07T01:19:43.6744858Z 6456bfbf35e7: Verifying Checksum
2026-10-07T01:19:43.6747813Z 6456bfbf35e7: Download complete
2026-10-07T01:19:43.7566643Z ecc510c1e359: Verifying Checksum
2026-10-07T01:19:43.7567416Z ecc510c1e359: Download complete
2026-10-07T01:19:43.8772708Z b353db459ed1: Download complete
2026-10-07T01:19:43.9216670Z 99f49de4fe2b: Verifying Checksum
2026-10-07T01:19:43.9217519Z 99f49de4fe2b: Download complete
2026-10-07T01:19:43.9780523Z 83d1a2a3917c: Verifying Checksum
2026-10-07T01:19:43.9781567Z 83d1a2a3917c: Download complete
2026-10-07T01:19:44.0971240Z 715ea0948cb1: Verifying Checksum
2026-10-07T01:19:44.0973187Z 715ea0948cb1: Download complete
2026-10-07T01:19:44.1380404Z 486e8305f56f: Verifying Checksum
2026-10-07T01:19:44.1381518Z 486e8305f56f: Download complete
2026-10-07T01:19:44.3109800Z c49864c27f35: Verifying Checksum
2026-10-07T01:19:44.3110356Z c49864c27f35: Download complete
2026-10-07T01:19:44.3483342Z 770ef8b308ea: Download complete
2026-10-07T01:19:44.5332621Z 50c25daa0302: Verifying Checksum
2026-10-07T01:19:44.5333619Z 50c25daa0302: Download complete
2026-10-07T01:19:44.5526751Z 8309db3ae5b6: Download complete
2026-10-07T01:19:44.5811439Z e7d675f11ded: Verifying Checksum
2026-10-07T01:19:44.5814113Z e7d675f11ded: Download complete
2026-10-07T01:19:44.7509362Z 9731e27f2541: Download complete
2026-10-07T01:19:44.8911746Z ecc510c1e359: Pull complete
2026-10-07T01:19:47.3274494Z 79faf13a8736: Pull complete
2026-10-07T01:19:47.5126910Z 6456bfbf35e7: Pull complete
2026-10-07T01:19:47.5530357Z b353db459ed1: Pull complete
2026-10-07T01:19:47.8647489Z 99f49de4fe2b: Pull complete
2026-10-07T01:19:47.9516772Z 83d1a2a3917c: Pull complete
2026-10-07T01:19:47.9585364Z 715ea0948cb1: Pull complete
2026-10-07T01:19:47.9713395Z 486e8305f56f: Pull complete
2026-10-07T01:19:50.9895930Z e7d675f11ded: Pull complete
2026-10-07T01:19:51.0030935Z c49864c27f35: Pull complete
2026-10-07T01:19:51.0127775Z 770ef8b308ea: Pull complete
2026-10-07T01:19:51.0245756Z 50c25daa0302: Pull complete
2026-10-07T01:19:51.0329022Z 8309db3ae5b6: Pull complete
2026-10-07T01:19:51.0412768Z 9731e27f2541: Pull complete
2026-10-07T01:19:51.0460521Z Digest: sha256:65b16a8b326e0cfbdf33fa7e783f2a0cb352a61448616ccccfd616ef42aa0f65
2026-10-07T01:19:51.0472389Z Status: Downloaded newer image for postgres:16
2026-10-07T01:19:51.0483522Z docker.io/library/postgres:16
2026-10-07T01:19:51.0546793Z ##[command]/usr/bin/docker create --name 266b815ad85b4b478229b2ebc413edcb_postgres16_35da94 --label 68aa6c --network github_network_9d32f5683deb48ea978468caecb82757 --network-alias postgres -p 5432:5432 --health-cmd "pg_isready -U postgres -d wms_test_517" --health-interval 5s --health-timeout 3s --health-retries 20 -e "POSTGRES_DB=wms_test_517" -e "POSTGRES_USER=postgres" -e "POSTGRES_PASSWORD=fixture-only" -e GITHUB_ACTIONS=true -e CI=true postgres:16
2026-10-07T01:19:51.0811153Z 4be8fd47637627fe32f0b520dd95e5d99028beba463cf4f1455ab0bd24976d96
2026-10-07T01:19:51.0836841Z ##[command]/usr/bin/docker start 4be8fd47637627fe32f0b520dd95e5d99028beba463cf4f1455ab0bd24976d96
2026-10-07T01:19:51.3132702Z 4be8fd47637627fe32f0b520dd95e5d99028beba463cf4f1455ab0bd24976d96
2026-10-07T01:19:51.3155947Z ##[command]/usr/bin/docker ps --all --filter id=4be8fd47637627fe32f0b520dd95e5d99028beba463cf4f1455ab0bd24976d96 --filter status=running --no-trunc --format "{{.ID}} {{.Status}}"
2026-10-07T01:19:51.3299439Z 4be8fd47637627fe32f0b520dd95e5d99028beba463cf4f1455ab0bd24976d96 Up Less than a second (health: starting)
2026-10-07T01:19:51.3319452Z ##[command]/usr/bin/docker port 4be8fd47637627fe32f0b520dd95e5d99028beba463cf4f1455ab0bd24976d96
2026-10-07T01:19:51.3461107Z 5432/tcp -> 0.0.0.0:5432
2026-10-07T01:19:51.3461535Z 5432/tcp -> [::]:5432
2026-10-07T01:19:51.3519056Z ##[endgroup]
2026-10-07T01:19:51.3521145Z ##[group]Starting postgres662batch service container
2026-10-07T01:19:51.3522653Z ##[command]/usr/bin/docker pull postgres:16
2026-10-07T01:19:51.9563259Z 16: Pulling from library/postgres
2026-10-07T01:19:51.9619336Z Digest: sha256:65b16a8b326e0cfbdf33fa7e783f2a0cb352a61448616ccccfd616ef42aa0f65
2026-10-07T01:19:51.9620649Z Status: Image is up to date for postgres:16
2026-10-07T01:19:51.9626491Z docker.io/library/postgres:16
2026-10-07T01:19:51.9643047Z ##[command]/usr/bin/docker create --name 5696a804dde94981bfda789909508e0f_postgres16_c097de --label 68aa6c --network github_network_9d32f5683deb48ea978468caecb82757 --network-alias postgres662batch -p 55466:5432 --health-cmd "pg_isready -U wms_test -d wms_test_662_batch" --health-interval 5s --health-timeout 3s --health-retries 20 -e "POSTGRES_DB=wms_test_662_batch" -e "POSTGRES_USER=wms_test" -e "POSTGRES_PASSWORD=fixture-only" -e GITHUB_ACTIONS=true -e CI=true postgres:16
2026-10-07T01:19:51.9929825Z 52dcb94ad20a0b8831afe0bf0fe0392b0a27de1bf5124247c33653592d9e641a
2026-10-07T01:19:51.9946838Z ##[command]/usr/bin/docker start 52dcb94ad20a0b8831afe0bf0fe0392b0a27de1bf5124247c33653592d9e641a
2026-10-07T01:19:52.1763589Z 52dcb94ad20a0b8831afe0bf0fe0392b0a27de1bf5124247c33653592d9e641a
2026-10-07T01:19:52.1784272Z ##[command]/usr/bin/docker ps --all --filter id=52dcb94ad20a0b8831afe0bf0fe0392b0a27de1bf5124247c33653592d9e641a --filter status=running --no-trunc --format "{{.ID}} {{.Status}}"
2026-10-07T01:19:52.2009431Z 52dcb94ad20a0b8831afe0bf0fe0392b0a27de1bf5124247c33653592d9e641a Up Less than a second (health: starting)
2026-10-07T01:19:52.2031909Z ##[command]/usr/bin/docker port 52dcb94ad20a0b8831afe0bf0fe0392b0a27de1bf5124247c33653592d9e641a
2026-10-07T01:19:52.2216579Z 5432/tcp -> 0.0.0.0:55466
2026-10-07T01:19:52.2217317Z 5432/tcp -> [::]:55466
2026-10-07T01:19:52.2235961Z ##[endgroup]
2026-10-07T01:19:52.2238082Z ##[group]Starting postgres662steady service container
2026-10-07T01:19:52.2239480Z ##[command]/usr/bin/docker pull postgres:16
2026-10-07T01:19:52.8244389Z 16: Pulling from library/postgres
2026-10-07T01:19:52.8306009Z Digest: sha256:65b16a8b326e0cfbdf33fa7e783f2a0cb352a61448616ccccfd616ef42aa0f65
2026-10-07T01:19:52.8306870Z Status: Image is up to date for postgres:16
2026-10-07T01:19:52.8316094Z docker.io/library/postgres:16
2026-10-07T01:19:52.8336229Z ##[command]/usr/bin/docker create --name d28589ef64bc4e6e88e74f6be4b9b790_postgres16_d1ed79 --label 68aa6c --network github_network_9d32f5683deb48ea978468caecb82757 --network-alias postgres662steady -p 55468:5432 --health-cmd "pg_isready -U wms_test -d wms_test_662_steady" --health-interval 5s --health-timeout 3s --health-retries 20 -e "POSTGRES_DB=wms_test_662_steady" -e "POSTGRES_USER=wms_test" -e "POSTGRES_PASSWORD=fixture-only" -e GITHUB_ACTIONS=true -e CI=true postgres:16
2026-10-07T01:19:52.8654802Z d65baa0171531edb185567ac7540e2634670f1555ee65ef8ad23fdcd994ea236
2026-10-07T01:19:52.8667541Z ##[command]/usr/bin/docker start d65baa0171531edb185567ac7540e2634670f1555ee65ef8ad23fdcd994ea236
2026-10-07T01:19:53.0146201Z d65baa0171531edb185567ac7540e2634670f1555ee65ef8ad23fdcd994ea236
2026-10-07T01:19:53.0171343Z ##[command]/usr/bin/docker ps --all --filter id=d65baa0171531edb185567ac7540e2634670f1555ee65ef8ad23fdcd994ea236 --filter status=running --no-trunc --format "{{.ID}} {{.Status}}"
2026-10-07T01:19:53.0348667Z d65baa0171531edb185567ac7540e2634670f1555ee65ef8ad23fdcd994ea236 Up Less than a second (health: starting)
2026-10-07T01:19:53.0372176Z ##[command]/usr/bin/docker port d65baa0171531edb185567ac7540e2634670f1555ee65ef8ad23fdcd994ea236
2026-10-07T01:19:53.0556435Z 5432/tcp -> 0.0.0.0:55468
2026-10-07T01:19:53.0574303Z 5432/tcp -> [::]:55468
2026-10-07T01:19:53.0586599Z ##[endgroup]
2026-10-07T01:19:53.0600444Z ##[group]Waiting for all services to be ready
2026-10-07T01:19:53.0620682Z ##[command]/usr/bin/docker inspect --format="{{if .Config.Healthcheck}}{{print .State.Health.Status}}{{end}}" 4be8fd47637627fe32f0b520dd95e5d99028beba463cf4f1455ab0bd24976d96
2026-10-07T01:19:53.0832839Z starting
2026-10-07T01:19:53.0881825Z postgres service is starting, waiting 2 seconds before checking again.
2026-10-07T01:19:55.0885956Z ##[command]/usr/bin/docker inspect --format="{{if .Config.Healthcheck}}{{print .State.Health.Status}}{{end}}" 4be8fd47637627fe32f0b520dd95e5d99028beba463cf4f1455ab0bd24976d96
2026-10-07T01:19:55.1021891Z starting
2026-10-07T01:19:55.1035404Z postgres service is starting, waiting 4 seconds before checking again.
2026-10-07T01:19:59.3420507Z ##[command]/usr/bin/docker inspect --format="{{if .Config.Healthcheck}}{{print .State.Health.Status}}{{end}}" 4be8fd47637627fe32f0b520dd95e5d99028beba463cf4f1455ab0bd24976d96
2026-10-07T01:19:59.3557971Z healthy
2026-10-07T01:19:59.3574818Z postgres service is healthy.
2026-10-07T01:19:59.3575952Z ##[command]/usr/bin/docker inspect --format="{{if .Config.Healthcheck}}{{print .State.Health.Status}}{{end}}" 52dcb94ad20a0b8831afe0bf0fe0392b0a27de1bf5124247c33653592d9e641a
2026-10-07T01:19:59.3715870Z healthy
2026-10-07T01:19:59.3729923Z postgres662batch service is healthy.
2026-10-07T01:19:59.3731430Z ##[command]/usr/bin/docker inspect --format="{{if .Config.Healthcheck}}{{print .State.Health.Status}}{{end}}" d65baa0171531edb185567ac7540e2634670f1555ee65ef8ad23fdcd994ea236
2026-10-07T01:19:59.3872702Z healthy
2026-10-07T01:19:59.3886533Z postgres662steady service is healthy.
2026-10-07T01:19:59.3887157Z ##[endgroup]
2026-10-07T01:19:59.4230953Z ##[group]Run actions/checkout@v4
2026-10-07T01:19:59.4231527Z with:
2026-10-07T01:19:59.4231734Z   fetch-depth: 0
2026-10-07T01:19:59.4231964Z   repository: chivkunovd-bitdenis/WMS
2026-10-07T01:19:59.4234623Z   token: ***
2026-10-07T01:19:59.4234830Z   ssh-strict: true
2026-10-07T01:19:59.4235029Z   ssh-user: git
2026-10-07T01:19:59.4235233Z   persist-credentials: true
2026-10-07T01:19:59.4235469Z   clean: true
2026-10-07T01:19:59.4235681Z   sparse-checkout-cone-mode: true
2026-10-07T01:19:59.4235929Z   fetch-tags: false
2026-10-07T01:19:59.4236127Z   show-progress: true
2026-10-07T01:19:59.4236324Z   lfs: false
2026-10-07T01:19:59.4236512Z   submodules: false
2026-10-07T01:19:59.4236718Z   set-safe-directory: true
2026-10-07T01:19:59.4236960Z   allow-unsafe-pr-checkout: false
2026-10-07T01:19:59.4237392Z ##[endgroup]
2026-10-07T01:19:59.5413524Z Syncing repository: chivkunovd-bitdenis/WMS
2026-10-07T01:19:59.5415798Z ##[group]Getting Git version info
2026-10-07T01:19:59.5416459Z Working directory is '/home/runner/work/WMS/WMS'
2026-10-07T01:19:59.5417328Z [command]/usr/bin/git version
2026-10-07T01:19:59.5576975Z git version 2.55.0
2026-10-07T01:19:59.5622643Z ##[endgroup]
2026-10-07T01:19:59.5633911Z Temporarily overriding HOME='/home/runner/work/_temp/53cafd6a-404a-4ff4-abd5-6c002a008ef4' before making global git config changes
2026-10-07T01:19:59.5635251Z Adding repository directory to the temporary git global config as a safe directory
2026-10-07T01:19:59.5646473Z [command]/usr/bin/git config --global --add safe.directory /home/runner/work/WMS/WMS
2026-10-07T01:19:59.5718321Z Deleting the contents of '/home/runner/work/WMS/WMS'
2026-10-07T01:19:59.5725302Z ##[group]Initializing the repository
2026-10-07T01:19:59.5731308Z [command]/usr/bin/git init /home/runner/work/WMS/WMS
2026-10-07T01:19:59.5889850Z hint: Using 'master' as the name for the initial branch. This default branch name
2026-10-07T01:19:59.5894715Z hint: will change to "main" in Git 3.0. To configure the initial branch name
2026-10-07T01:19:59.5895874Z hint: to use in all of your new repositories, which will suppress this warning,
2026-10-07T01:19:59.5896662Z hint: call:
2026-10-07T01:19:59.5897127Z hint:
2026-10-07T01:19:59.5897753Z hint: 	git config --global init.defaultBranch <name>
2026-10-07T01:19:59.5898408Z hint:
2026-10-07T01:19:59.5899379Z hint: Names commonly chosen instead of 'master' are 'main', 'trunk' and
2026-10-07T01:19:59.5900522Z hint: 'development'. The just-created branch can be renamed via this command:
2026-10-07T01:19:59.5901346Z hint:
2026-10-07T01:19:59.5901817Z hint: 	git branch -m <name>
2026-10-07T01:19:59.5902327Z hint:
2026-10-07T01:19:59.5902995Z hint: Disable this message with "git config set advice.defaultBranchName false"
2026-10-07T01:19:59.5904010Z Initialized empty Git repository in /home/runner/work/WMS/WMS/.git/
2026-10-07T01:19:59.5911233Z [command]/usr/bin/git remote add origin https://github.com/chivkunovd-bitdenis/WMS
2026-10-07T01:19:59.5998415Z ##[endgroup]
2026-10-07T01:19:59.5999630Z ##[group]Disabling automatic garbage collection
2026-10-07T01:19:59.6000414Z [command]/usr/bin/git config --local gc.auto 0
2026-10-07T01:19:59.6072996Z ##[endgroup]
2026-10-07T01:19:59.6073990Z ##[group]Setting up auth
2026-10-07T01:19:59.6075125Z [command]/usr/bin/git config --local --name-only --get-regexp core\.sshCommand
2026-10-07T01:19:59.6130459Z [command]/usr/bin/git submodule foreach --recursive sh -c "git config --local --name-only --get-regexp 'core\.sshCommand' && git config --local --unset-all 'core.sshCommand' || :"
2026-10-07T01:19:59.6530091Z [command]/usr/bin/git config --local --name-only --get-regexp http\.https\:\/\/github\.com\/\.extraheader
2026-10-07T01:19:59.6570754Z [command]/usr/bin/git submodule foreach --recursive sh -c "git config --local --name-only --get-regexp 'http\.https\:\/\/github\.com\/\.extraheader' && git config --local --unset-all 'http.https://github.com/.extraheader' || :"
2026-10-07T01:19:59.6866596Z [command]/usr/bin/git config --local --name-only --get-regexp ^includeIf\.gitdir:
2026-10-07T01:19:59.6908478Z [command]/usr/bin/git submodule foreach --recursive git config --local --show-origin --name-only --get-regexp remote.origin.url
2026-10-07T01:19:59.7159808Z [command]/usr/bin/git config --local http.https://github.com/.extraheader AUTHORIZATION: basic ***
2026-10-07T01:19:59.7201577Z ##[endgroup]
2026-10-07T01:19:59.7202315Z ##[group]Fetching the repository
2026-10-07T01:19:59.7213717Z [command]/usr/bin/git -c protocol.version=2 fetch --prune --no-recurse-submodules origin +refs/heads/*:refs/remotes/origin/* +refs/tags/*:refs/tags/* +8b8f20715528122a7260d650f018a9a8b4bd29e5:refs/remotes/pull/387/merge
2026-10-07T01:20:11.3762066Z From https://github.com/chivkunovd-bitdenis/WMS
2026-10-07T01:20:11.3764994Z  * [new branch]          archive/night/volna-9-recovery/lane-3/06-picking-list-order-pre-owner-scope-20260823 -> origin/archive/night/volna-9-recovery/lane-3/06-picking-list-order-pre-owner-scope-20260823
2026-10-07T01:20:11.3768332Z  * [new branch]          archive/staging-20260924-93f511ab        -> origin/archive/staging-20260924-93f511ab
2026-10-07T01:20:11.3770712Z  * [new branch]          archive/staging-before-wms521-20260924   -> origin/archive/staging-before-wms521-20260924
2026-10-07T01:20:11.3773710Z  * [new branch]          archive/wms415-disputed-candidate-20260910 -> origin/archive/wms415-disputed-candidate-20260910
2026-10-07T01:20:11.3776225Z  * [new branch]          backlog/fbs-followups-20260812           -> origin/backlog/fbs-followups-20260812
2026-10-07T01:20:11.3777548Z  * [new branch]          brand/portal-logos-20260811              -> origin/brand/portal-logos-20260811
2026-10-07T01:20:11.3778466Z  * [new branch]          brand/portal-logos-live-20260811         -> origin/brand/portal-logos-live-20260811
2026-10-07T01:20:11.3779642Z  * [new branch]          brand/portal-logos-prod-20260811         -> origin/brand/portal-logos-prod-20260811
2026-10-07T01:20:11.3780981Z  * [new branch]          chore/deploy-smoke-retry-on-main         -> origin/chore/deploy-smoke-retry-on-main
2026-10-07T01:20:11.3782331Z  * [new branch]          chore/operator-change-contract-20260901  -> origin/chore/operator-change-contract-20260901
2026-10-07T01:20:11.3783946Z  * [new branch]          chore/railway-toml-fix                   -> origin/chore/railway-toml-fix
2026-10-07T01:20:11.3785397Z  * [new branch]          chore/release-via-pr-only-rules          -> origin/chore/release-via-pr-only-rules
2026-10-07T01:20:11.3786757Z  * [new branch]          chore/staging-sync-20261003              -> origin/chore/staging-sync-20261003
2026-10-07T01:20:11.3788353Z  * [new branch]          chore/wb-emulator-railway-dockerfile     -> origin/chore/wb-emulator-railway-dockerfile
2026-10-07T01:20:11.3790378Z  * [new branch]          chore/wms375-production-evidence-20260906 -> origin/chore/wms375-production-evidence-20260906
2026-10-07T01:20:11.3791955Z  * [new branch]          chore/wms574-stand                       -> origin/chore/wms574-stand
2026-10-07T01:20:11.3793475Z  * [new branch]          codex/agent-job-1710a7649a6964db         -> origin/codex/agent-job-1710a7649a6964db
2026-10-07T01:20:11.3795162Z  * [new branch]          codex/agent-job-21079e59afb9acdb         -> origin/codex/agent-job-21079e59afb9acdb
2026-10-07T01:20:11.3796633Z  * [new branch]          codex/agent-job-6f3e370ab6217c51         -> origin/codex/agent-job-6f3e370ab6217c51
2026-10-07T01:20:11.3798144Z  * [new branch]          codex/agent-job-8c954436cd418999         -> origin/codex/agent-job-8c954436cd418999
2026-10-07T01:20:11.3799976Z  * [new branch]          codex/agent-job-97af6faf8d8c22ac         -> origin/codex/agent-job-97af6faf8d8c22ac
2026-10-07T01:20:11.3801471Z  * [new branch]          codex/agent-job-bb021d7e007fb8a5         -> origin/codex/agent-job-bb021d7e007fb8a5
2026-10-07T01:20:11.3802959Z  * [new branch]          codex/agent-job-ef71dbb00ee2b150         -> origin/codex/agent-job-ef71dbb00ee2b150
2026-10-07T01:20:11.3804788Z  * [new branch]          codex/agent-job-fc68bb2705b6850f         -> origin/codex/agent-job-fc68bb2705b6850f
2026-10-07T01:20:11.3806605Z  * [new branch]          codex/artmaks-fbo-mockup                 -> origin/codex/artmaks-fbo-mockup
2026-10-07T01:20:11.3808216Z  * [new branch]          codex/backlog40-ci-contracts             -> origin/codex/backlog40-ci-contracts
2026-10-07T01:20:11.3809760Z  * [new branch]          codex/backlog40-ci-pdf                   -> origin/codex/backlog40-ci-pdf
2026-10-07T01:20:11.3811100Z  * [new branch]          codex/billing-journal-20260825           -> origin/codex/billing-journal-20260825
2026-10-07T01:20:11.3812582Z  * [new branch]          codex/billing-module-20260826            -> origin/codex/billing-module-20260826
2026-10-07T01:20:11.3813908Z  * [new branch]          codex/billing-stage-finish-20260823      -> origin/codex/billing-stage-finish-20260823
2026-10-07T01:20:11.3815267Z  * [new branch]          codex/billing-storage-bounds-20260823    -> origin/codex/billing-storage-bounds-20260823
2026-10-07T01:20:11.3816750Z  * [new branch]          codex/box-label-bulk-print-20260824      -> origin/codex/box-label-bulk-print-20260824
2026-10-07T01:20:11.3818128Z  * [new branch]          codex/catalog-box-filters-20260824       -> origin/codex/catalog-box-filters-20260824
2026-10-07T01:20:11.3819837Z  * [new branch]          codex/catalog-box-tabs-source-20260823   -> origin/codex/catalog-box-tabs-source-20260823
2026-10-07T01:20:11.3821271Z  * [new branch]          codex/cell-contents-scanner-20260824     -> origin/codex/cell-contents-scanner-20260824
2026-10-07T01:20:11.3822743Z  * [new branch]          codex/fbs-qr-only-print-20260823         -> origin/codex/fbs-qr-only-print-20260823
2026-10-07T01:20:11.3823742Z  * [new branch]          codex/fix-fbs-stock-publication-20260831 -> origin/codex/fix-fbs-stock-publication-20260831
2026-10-07T01:20:11.3824731Z  * [new branch]          codex/fix-seller-inbound-empty-picker    -> origin/codex/fix-seller-inbound-empty-picker
2026-10-07T01:20:11.3825978Z  * [new branch]          codex/fix-wb-done-supply-status-prod     -> origin/codex/fix-wb-done-supply-status-prod
2026-10-07T01:20:11.3826890Z  * [new branch]          codex/hotfix-fbs-100-orders-20260820     -> origin/codex/hotfix-fbs-100-orders-20260820
2026-10-07T01:20:11.3827779Z  * [new branch]          codex/hotfix-fbs-packaging-flag          -> origin/codex/hotfix-fbs-packaging-flag
2026-10-07T01:20:11.3828923Z  * [new branch]          codex/hotfix-ozon-kiz                    -> origin/codex/hotfix-ozon-kiz
2026-10-07T01:20:11.3830185Z  * [new branch]          codex/invoice-row-location               -> origin/codex/invoice-row-location
2026-10-07T01:20:11.3831394Z  * [new branch]          codex/knowledge-inbound-guide-20260824   -> origin/codex/knowledge-inbound-guide-20260824
2026-10-07T01:20:11.3832677Z  * [new branch]          codex/mp-dashboard-e2e-20260815          -> origin/codex/mp-dashboard-e2e-20260815
2026-10-07T01:20:11.3833929Z  * [new branch]          codex/night-ready-acceptance-1006        -> origin/codex/night-ready-acceptance-1006
2026-10-07T01:20:11.3835298Z  * [new branch]          codex/night-ready-candidate-1006-inrepo  -> origin/codex/night-ready-candidate-1006-inrepo
2026-10-07T01:20:11.3836695Z  * [new branch]          codex/night-ready-exact-staging-1006     -> origin/codex/night-ready-exact-staging-1006
2026-10-07T01:20:11.3838035Z  * [new branch]          codex/night-ready-exact-staging-redis-1006 -> origin/codex/night-ready-exact-staging-redis-1006
2026-10-07T01:20:11.3839772Z  * [new branch]          codex/night-ready-migration-compat-1006  -> origin/codex/night-ready-migration-compat-1006
2026-10-07T01:20:11.3844539Z  * [new branch]          codex/night-ready-staging-1006           -> origin/codex/night-ready-staging-1006
2026-10-07T01:20:11.3845951Z  * [new branch]          codex/night-ready-staging-db-head-rollback-1006 -> origin/codex/night-ready-staging-db-head-rollback-1006
2026-10-07T01:20:11.3847815Z  * [new branch]          codex/night-ready-staging-migration-deploy-1006 -> origin/codex/night-ready-staging-migration-deploy-1006
2026-10-07T01:20:11.3849752Z  * [new branch]          codex/night-ready-staging-rollback-1006  -> origin/codex/night-ready-staging-rollback-1006
2026-10-07T01:20:11.3851162Z  * [new branch]          codex/night-release-5beb52da-1           -> origin/codex/night-release-5beb52da-1
2026-10-07T01:20:11.3852274Z  * [new branch]          codex/night-requirements-20261006        -> origin/codex/night-requirements-20261006
2026-10-07T01:20:11.3852961Z  * [new branch]          codex/night1007-658                      -> origin/codex/night1007-658
2026-10-07T01:20:11.3853551Z  * [new branch]          codex/night1007-671-687                  -> origin/codex/night1007-671-687
2026-10-07T01:20:11.3854173Z  * [new branch]          codex/night1007-675-release              -> origin/codex/night1007-675-release
2026-10-07T01:20:11.3854865Z  * [new branch]          codex/night1007-679-680                  -> origin/codex/night1007-679-680
2026-10-07T01:20:11.3855443Z  * [new branch]          codex/night1007-681                      -> origin/codex/night1007-681
2026-10-07T01:20:11.3856008Z  * [new branch]          codex/night1007-684-586                  -> origin/codex/night1007-684-586
2026-10-07T01:20:11.3856607Z  * [new branch]          codex/night1007-integration              -> origin/codex/night1007-integration
2026-10-07T01:20:11.3857431Z  * [new branch]          codex/night1007-print-regressions-646cb4 -> origin/codex/night1007-print-regressions-646cb4
2026-10-07T01:20:11.3858317Z  * [new branch]          codex/night1007-wms652-ci-fix            -> origin/codex/night1007-wms652-ci-fix
2026-10-07T01:20:11.3859907Z  * [new branch]          codex/owner-frontend-correction-proof-20261006 -> origin/codex/owner-frontend-correction-proof-20261006
2026-10-07T01:20:11.3860704Z  * [new branch]          codex/ozon-catalog-20260825              -> origin/codex/ozon-catalog-20260825
2026-10-07T01:20:11.3861519Z  * [new branch]          codex/ozon-fbs-20260825                  -> origin/codex/ozon-fbs-20260825
2026-10-07T01:20:11.3862262Z  * [new branch]          codex/ozon-stock-20260825                -> origin/codex/ozon-stock-20260825
2026-10-07T01:20:11.3863021Z  * [new branch]          codex/ozon-test-key-marker-20260824      -> origin/codex/ozon-test-key-marker-20260824
2026-10-07T01:20:11.3863864Z  * [new branch]          codex/priority-five-release-20261006     -> origin/codex/priority-five-release-20261006
2026-10-07T01:20:11.3864609Z  * [new branch]          codex/priority-five-review-20261006      -> origin/codex/priority-five-review-20261006
2026-10-07T01:20:11.3865599Z  * [new branch]          codex/priority-five-staging-proof-20261006 -> origin/codex/priority-five-staging-proof-20261006
2026-10-07T01:20:11.3867042Z  * [new branch]          codex/regress-live-cases-20260825        -> origin/codex/regress-live-cases-20260825
2026-10-07T01:20:11.3868304Z  * [new branch]          codex/release-20261006-astra-a           -> origin/codex/release-20261006-astra-a
2026-10-07T01:20:11.3869798Z  * [new branch]          codex/release-20261006-astra-b           -> origin/codex/release-20261006-astra-b
2026-10-07T01:20:11.3871061Z  * [new branch]          codex/release-ci-final-20261006          -> origin/codex/release-ci-final-20261006
2026-10-07T01:20:11.3872217Z  * [new branch]          codex/release-log-2026-09-27             -> origin/codex/release-log-2026-09-27
2026-10-07T01:20:11.3873410Z  * [new branch]          codex/reporting-backend-core-20260823    -> origin/codex/reporting-backend-core-20260823
2026-10-07T01:20:11.3874744Z  * [new branch]          codex/reporting-stage-finish-20260823    -> origin/codex/reporting-stage-finish-20260823
2026-10-07T01:20:11.3876282Z  * [new branch]          codex/staging-sync-login-20260914        -> origin/codex/staging-sync-login-20260914
2026-10-07T01:20:11.3877521Z  * [new branch]          codex/storage-stage-20260823             -> origin/codex/storage-stage-20260823
2026-10-07T01:20:11.3879219Z  * [new branch]          codex/trello-wms-20261005                -> origin/codex/trello-wms-20261005
2026-10-07T01:20:11.3880313Z  * [new branch]          codex/trello-wms-20261006                -> origin/codex/trello-wms-20261006
2026-10-07T01:20:11.3881384Z  * [new branch]          codex/trello-wms-20261006-1200           -> origin/codex/trello-wms-20261006-1200
2026-10-07T01:20:11.3882467Z  * [new branch]          codex/tsd-package-20260913               -> origin/codex/tsd-package-20260913
2026-10-07T01:20:11.3883591Z  * [new branch]          codex/tsd-package-stage-release          -> origin/codex/tsd-package-stage-release
2026-10-07T01:20:11.3884851Z  * [new branch]          codex/tsd-staging-merge-20260913         -> origin/codex/tsd-staging-merge-20260913
2026-10-07T01:20:11.3886154Z  * [new branch]          codex/volna9-01-backend-only             -> origin/codex/volna9-01-backend-only
2026-10-07T01:20:11.3886903Z  * [new branch]          codex/volna9-02-status-only              -> origin/codex/volna9-02-status-only
2026-10-07T01:20:11.3887553Z  * [new branch]          codex/volna9-03-backend-only             -> origin/codex/volna9-03-backend-only
2026-10-07T01:20:11.3888170Z  * [new branch]          codex/volna9-04-backend-only             -> origin/codex/volna9-04-backend-only
2026-10-07T01:20:11.3889168Z  * [new branch]          codex/volna9-05-backend-only             -> origin/codex/volna9-05-backend-only
2026-10-07T01:20:11.3889862Z  * [new branch]          codex/volna9-06-print-order-only         -> origin/codex/volna9-06-print-order-only
2026-10-07T01:20:11.3890556Z  * [new branch]          codex/weekly-release-20260909            -> origin/codex/weekly-release-20260909
2026-10-07T01:20:11.3891180Z  * [new branch]          codex/wms-chat-20260911                  -> origin/codex/wms-chat-20260911
2026-10-07T01:20:11.3891820Z  * [new branch]          codex/wms-chat-evening-20260910          -> origin/codex/wms-chat-evening-20260910
2026-10-07T01:20:11.3892667Z  * [new branch]          codex/wms-integrations-20260911          -> origin/codex/wms-integrations-20260911
2026-10-07T01:20:11.3893295Z  * [new branch]          codex/wms-ozon-20260911                  -> origin/codex/wms-ozon-20260911
2026-10-07T01:20:11.3894381Z  * [new branch]          codex/wms-ozon-generator-20260911        -> origin/codex/wms-ozon-generator-20260911
2026-10-07T01:20:11.3895637Z  * [new branch]          codex/wms-pick-container-scan            -> origin/codex/wms-pick-container-scan
2026-10-07T01:20:11.3896459Z  * [new branch]          codex/wms-pipeline-unified-v2-20260820   -> origin/codex/wms-pipeline-unified-v2-20260820
2026-10-07T01:20:11.3897151Z  * [new branch]          codex/wms-print-20260911                 -> origin/codex/wms-print-20260911
2026-10-07T01:20:11.3897923Z  * [new branch]          codex/wms-priority-legacy-test-harness-20261006 -> origin/codex/wms-priority-legacy-test-harness-20261006
2026-10-07T01:20:11.3899111Z  * [new branch]          codex/wms-psp-backlog-20260921           -> origin/codex/wms-psp-backlog-20260921
2026-10-07T01:20:11.3899845Z  * [new branch]          codex/wms-qr-review-evidence-20261006    -> origin/codex/wms-qr-review-evidence-20261006
2026-10-07T01:20:11.3900523Z  * [new branch]          codex/wms-release-20260911               -> origin/codex/wms-release-20260911
2026-10-07T01:20:11.3901174Z  * [new branch]          codex/wms-release-ozon-terminal          -> origin/codex/wms-release-ozon-terminal
2026-10-07T01:20:11.3901819Z  * [new branch]          codex/wms-storage-20260911               -> origin/codex/wms-storage-20260911
2026-10-07T01:20:11.3902468Z  * [new branch]          codex/wms-storage-final-20260911         -> origin/codex/wms-storage-final-20260911
2026-10-07T01:20:11.3903111Z  * [new branch]          codex/wms-transfer-urgent                -> origin/codex/wms-transfer-urgent
2026-10-07T01:20:11.3903950Z  * [new branch]          codex/wms-wave-storage-category-inbound-split-20260828 -> origin/codex/wms-wave-storage-category-inbound-split-20260828
2026-10-07T01:20:11.3905289Z  * [new branch]          codex/wms000-night-backlog-normalization -> origin/codex/wms000-night-backlog-normalization
2026-10-07T01:20:11.3906077Z  * [new branch]          codex/wms010-backlog40                   -> origin/codex/wms010-backlog40
2026-10-07T01:20:11.3906888Z  * [new branch]          codex/wms011-backlog40                   -> origin/codex/wms011-backlog40
2026-10-07T01:20:11.3907991Z  * [new branch]          codex/wms013-backlog40                   -> origin/codex/wms013-backlog40
2026-10-07T01:20:11.3909353Z  * [new branch]          codex/wms040-backlog40                   -> origin/codex/wms040-backlog40
2026-10-07T01:20:11.3910444Z  * [new branch]          codex/wms045-backlog40                   -> origin/codex/wms045-backlog40
2026-10-07T01:20:11.3911653Z  * [new branch]          codex/wms058-availability-followup       -> origin/codex/wms058-availability-followup
2026-10-07T01:20:11.3912822Z  * [new branch]          codex/wms058-backlog40                   -> origin/codex/wms058-backlog40
2026-10-07T01:20:11.3913875Z  * [new branch]          codex/wms058-browser-qa                  -> origin/codex/wms058-browser-qa
2026-10-07T01:20:11.3914990Z  * [new branch]          codex/wms058-mp-box-source               -> origin/codex/wms058-mp-box-source
2026-10-07T01:20:11.3916222Z  * [new branch]          codex/wms058-overplan-source             -> origin/codex/wms058-overplan-source
2026-10-07T01:20:11.3917373Z  * [new branch]          codex/wms058-review-fix                  -> origin/codex/wms058-review-fix
2026-10-07T01:20:11.3918439Z  * [new branch]          codex/wms080-392-review-fix              -> origin/codex/wms080-392-review-fix
2026-10-07T01:20:11.3919753Z  * [new branch]          codex/wms080-backlog40                   -> origin/codex/wms080-backlog40
2026-10-07T01:20:11.3920753Z  * [new branch]          codex/wms081-backlog40                   -> origin/codex/wms081-backlog40
2026-10-07T01:20:11.3921782Z  * [new branch]          codex/wms081-defect-compat               -> origin/codex/wms081-defect-compat
2026-10-07T01:20:11.3923104Z  * [new branch]          codex/wms082-085-emulator-meta           -> origin/codex/wms082-085-emulator-meta
2026-10-07T01:20:11.3924151Z  * [new branch]          codex/wms082-backlog40                   -> origin/codex/wms082-backlog40
2026-10-07T01:20:11.3925400Z  * [new branch]          codex/wms083-backlog40                   -> origin/codex/wms083-backlog40
2026-10-07T01:20:11.3926021Z  * [new branch]          codex/wms084-backlog40                   -> origin/codex/wms084-backlog40
2026-10-07T01:20:11.3926619Z  * [new branch]          codex/wms084-emulator-delete             -> origin/codex/wms084-emulator-delete
2026-10-07T01:20:11.3927304Z  * [new branch]          codex/wms084-packing-test-contract       -> origin/codex/wms084-packing-test-contract
2026-10-07T01:20:11.3927971Z  * [new branch]          codex/wms084-rebind                      -> origin/codex/wms084-rebind
2026-10-07T01:20:11.3928824Z  * [new branch]          codex/wms085-backlog40                   -> origin/codex/wms085-backlog40
2026-10-07T01:20:11.3929436Z  * [new branch]          codex/wms086-backlog40                   -> origin/codex/wms086-backlog40
2026-10-07T01:20:11.3930013Z  * [new branch]          codex/wms087-backlog40                   -> origin/codex/wms087-backlog40
2026-10-07T01:20:11.3930574Z  * [new branch]          codex/wms091-backlog40                   -> origin/codex/wms091-backlog40
2026-10-07T01:20:11.3931131Z  * [new branch]          codex/wms092-backlog40                   -> origin/codex/wms092-backlog40
2026-10-07T01:20:11.3931695Z  * [new branch]          codex/wms095-backlog40                   -> origin/codex/wms095-backlog40
2026-10-07T01:20:11.3932345Z  * [new branch]          codex/wms095-import-error-backlog40      -> origin/codex/wms095-import-error-backlog40
2026-10-07T01:20:11.3933040Z  * [new branch]          codex/wms096-backlog40                   -> origin/codex/wms096-backlog40
2026-10-07T01:20:11.3934288Z  * [new branch]          codex/wms110-backlog40                   -> origin/codex/wms110-backlog40
2026-10-07T01:20:11.3935333Z  * [new branch]          codex/wms115-backlog40                   -> origin/codex/wms115-backlog40
2026-10-07T01:20:11.3935948Z  * [new branch]          codex/wms123-backlog40                   -> origin/codex/wms123-backlog40
2026-10-07T01:20:11.3936531Z  * [new branch]          codex/wms272-backlog40                   -> origin/codex/wms272-backlog40
2026-10-07T01:20:11.3937150Z  * [new branch]          codex/wms272-resume-backlog40            -> origin/codex/wms272-resume-backlog40
2026-10-07T01:20:11.3937770Z  * [new branch]          codex/wms273-backlog40                   -> origin/codex/wms273-backlog40
2026-10-07T01:20:11.3938329Z  * [new branch]          codex/wms276-backlog40                   -> origin/codex/wms276-backlog40
2026-10-07T01:20:11.3939241Z  * [new branch]          codex/wms277-backlog40                   -> origin/codex/wms277-backlog40
2026-10-07T01:20:11.3939829Z  * [new branch]          codex/wms277-catalog                     -> origin/codex/wms277-catalog
2026-10-07T01:20:11.3940472Z  * [new branch]          codex/wms277-import-sku-collision        -> origin/codex/wms277-import-sku-collision
2026-10-07T01:20:11.3941114Z  * [new branch]          codex/wms278-backlog40                   -> origin/codex/wms278-backlog40
2026-10-07T01:20:11.3941674Z  * [new branch]          codex/wms387-training                    -> origin/codex/wms387-training
2026-10-07T01:20:11.3942234Z  * [new branch]          codex/wms389-backlog40                   -> origin/codex/wms389-backlog40
2026-10-07T01:20:11.3942786Z  * [new branch]          codex/wms390-backlog40                   -> origin/codex/wms390-backlog40
2026-10-07T01:20:11.3943348Z  * [new branch]          codex/wms391-backlog40                   -> origin/codex/wms391-backlog40
2026-10-07T01:20:11.3944068Z  * [new branch]          codex/wms392-backlog40                   -> origin/codex/wms392-backlog40
2026-10-07T01:20:11.3945367Z  * [new branch]          codex/wms392-review-tests                -> origin/codex/wms392-review-tests
2026-10-07T01:20:11.3946079Z  * [new branch]          codex/wms394-kiz-ui                      -> origin/codex/wms394-kiz-ui
2026-10-07T01:20:11.3946656Z  * [new branch]          codex/wms395-pool-inline                 -> origin/codex/wms395-pool-inline
2026-10-07T01:20:11.3947228Z  * [new branch]          codex/wms396-stage                       -> origin/codex/wms396-stage
2026-10-07T01:20:11.3947821Z  * [new branch]          codex/wms396-staging-release             -> origin/codex/wms396-staging-release
2026-10-07T01:20:11.3948803Z  * [new branch]          codex/wms396-true-api                    -> origin/codex/wms396-true-api
2026-10-07T01:20:11.3949371Z  * [new branch]          codex/wms397-api                         -> origin/codex/wms397-api
2026-10-07T01:20:11.3949936Z  * [new branch]          codex/wms399-chat-design                 -> origin/codex/wms399-chat-design
2026-10-07T01:20:11.3950945Z  * [new branch]          codex/wms401-android-build-proof         -> origin/codex/wms401-android-build-proof
2026-10-07T01:20:11.3951794Z  * [new branch]          codex/wms406-backfill-final-plan         -> origin/codex/wms406-backfill-final-plan
2026-10-07T01:20:11.3952415Z  * [new branch]          codex/wms406-invoice                     -> origin/codex/wms406-invoice
2026-10-07T01:20:11.3952966Z  * [new branch]          codex/wms406-report                      -> origin/codex/wms406-report
2026-10-07T01:20:11.3953592Z  * [new branch]          codex/wms408-billing-unification         -> origin/codex/wms408-billing-unification
2026-10-07T01:20:11.3954247Z  * [new branch]          codex/wms415-coord-20260910              -> origin/codex/wms415-coord-20260910
2026-10-07T01:20:11.3954953Z  * [new branch]          codex/wms418-catalog-publication-filter  -> origin/codex/wms418-catalog-publication-filter
2026-10-07T01:20:11.3955646Z  * [new branch]          codex/wms418-loviana-off                 -> origin/codex/wms418-loviana-off
2026-10-07T01:20:11.3956453Z  * [new branch]          codex/wms425-marketplace-hotfix          -> origin/codex/wms425-marketplace-hotfix
2026-10-07T01:20:11.3957131Z  * [new branch]          codex/wms433-stage-user-only             -> origin/codex/wms433-stage-user-only
2026-10-07T01:20:11.3957800Z  * [new branch]          codex/wms433-support-bot-concept         -> origin/codex/wms433-support-bot-concept
2026-10-07T01:20:11.3958446Z  * [new branch]          codex/wms437-analyst-cases               -> origin/codex/wms437-analyst-cases
2026-10-07T01:20:11.3959348Z  * [new branch]          codex/wms437-small-task-process          -> origin/codex/wms437-small-task-process
2026-10-07T01:20:11.3959974Z  * [new branch]          codex/wms440-tsd                         -> origin/codex/wms440-tsd
2026-10-07T01:20:11.3960527Z  * [new branch]          codex/wms440-tsd-ui                      -> origin/codex/wms440-tsd-ui
2026-10-07T01:20:11.3961103Z  * [new branch]          codex/wms441-c10-evidence                -> origin/codex/wms441-c10-evidence
2026-10-07T01:20:11.3961663Z  * [new branch]          codex/wms441-tsd                         -> origin/codex/wms441-tsd
2026-10-07T01:20:11.3962204Z  * [new branch]          codex/wms441-tsd-ui                      -> origin/codex/wms441-tsd-ui
2026-10-07T01:20:11.3962732Z  * [new branch]          codex/wms442-tsd                         -> origin/codex/wms442-tsd
2026-10-07T01:20:11.3963245Z  * [new branch]          codex/wms442-tsd-ui                      -> origin/codex/wms442-tsd-ui
2026-10-07T01:20:11.3963757Z  * [new branch]          codex/wms443-tsd                         -> origin/codex/wms443-tsd
2026-10-07T01:20:11.3964272Z  * [new branch]          codex/wms443-tsd-ui                      -> origin/codex/wms443-tsd-ui
2026-10-07T01:20:11.3964780Z  * [new branch]          codex/wms444-tsd                         -> origin/codex/wms444-tsd
2026-10-07T01:20:11.3965298Z  * [new branch]          codex/wms444-tsd-ui                      -> origin/codex/wms444-tsd-ui
2026-10-07T01:20:11.3965949Z  * [new branch]          codex/wms445-tsd                         -> origin/codex/wms445-tsd
2026-10-07T01:20:11.3966560Z  * [new branch]          codex/wms445-tsd-server-truth            -> origin/codex/wms445-tsd-server-truth
2026-10-07T01:20:11.3967165Z  * [new branch]          codex/wms445-tsd-ui                      -> origin/codex/wms445-tsd-ui
2026-10-07T01:20:11.3967798Z  * [new branch]          codex/wms447-full-marketplace-labels     -> origin/codex/wms447-full-marketplace-labels
2026-10-07T01:20:11.3968459Z  * [new branch]          codex/wms460-fbs-qr-scan                 -> origin/codex/wms460-fbs-qr-scan
2026-10-07T01:20:11.3969413Z  * [new branch]          codex/wms475-537-prefetch-ci-repair-20261006 -> origin/codex/wms475-537-prefetch-ci-repair-20261006
2026-10-07T01:20:11.3970151Z  * [new branch]          codex/wms476-auto-legacy-guard           -> origin/codex/wms476-auto-legacy-guard
2026-10-07T01:20:11.3970857Z  * [new branch]          codex/wms476-implementation-sol-high     -> origin/codex/wms476-implementation-sol-high
2026-10-07T01:20:11.3971595Z  * [new branch]          codex/wms476-staging-release-20260923    -> origin/codex/wms476-staging-release-20260923
2026-10-07T01:20:11.3972301Z  * [new branch]          codex/wms477-backend-review-fix          -> origin/codex/wms477-backend-review-fix
2026-10-07T01:20:11.3972941Z  * [new branch]          codex/wms477-p3-notice                   -> origin/codex/wms477-p3-notice
2026-10-07T01:20:11.3973587Z  * [new branch]          codex/wms483-prod-release-20260920       -> origin/codex/wms483-prod-release-20260920
2026-10-07T01:20:11.3974252Z  * [new branch]          codex/wms483-wb-zero-refresh             -> origin/codex/wms483-wb-zero-refresh
2026-10-07T01:20:11.3974876Z  * [new branch]          codex/wms489-staging-release             -> origin/codex/wms489-staging-release
2026-10-07T01:20:11.3975585Z  * [new branch]          codex/wms501-performance-isolation-audit -> origin/codex/wms501-performance-isolation-audit
2026-10-07T01:20:11.3976472Z  * [new branch]          codex/wms502-stock-sorting-incident      -> origin/codex/wms502-stock-sorting-incident
2026-10-07T01:20:11.3977159Z  * [new branch]          codex/wms506-silent-kiz-print            -> origin/codex/wms506-silent-kiz-print
2026-10-07T01:20:11.3977831Z  * [new branch]          codex/wms508-persistent-form-cards       -> origin/codex/wms508-persistent-form-cards
2026-10-07T01:20:11.3978718Z  * [new branch]          codex/wms514-clickable-mockup            -> origin/codex/wms514-clickable-mockup
2026-10-07T01:20:11.3979477Z  * [new branch]          codex/wms514-staging-release-20260924    -> origin/codex/wms514-staging-release-20260924
2026-10-07T01:20:11.3980155Z  * [new branch]          codex/wms515-client-registry             -> origin/codex/wms515-client-registry
2026-10-07T01:20:11.3980829Z  * [new branch]          codex/wms517-current-release-analysis    -> origin/codex/wms517-current-release-analysis
2026-10-07T01:20:11.3981622Z  * [new branch]          codex/wms517-dynamicmac-independent-review -> origin/codex/wms517-dynamicmac-independent-review
2026-10-07T01:20:11.3982373Z  * [new branch]          codex/wms517-mac-dynamic-eligible        -> origin/codex/wms517-mac-dynamic-eligible
2026-10-07T01:20:11.3983043Z  * [new branch]          codex/wms517-mac-test-contract           -> origin/codex/wms517-mac-test-contract
2026-10-07T01:20:11.3983723Z  * [new branch]          codex/wms517-price-by-product-group      -> origin/codex/wms517-price-by-product-group
2026-10-07T01:20:11.3984426Z  * [new branch]          codex/wms517-sales-report-contract       -> origin/codex/wms517-sales-report-contract
2026-10-07T01:20:11.3985154Z  * [new branch]          codex/wms517-scoped-integration-20261006 -> origin/codex/wms517-scoped-integration-20261006
2026-10-07T01:20:11.3985857Z  * [new branch]          codex/wms517-staging-20261001            -> origin/codex/wms517-staging-20261001
2026-10-07T01:20:11.3986512Z  * [new branch]          codex/wms519-artifact-pdf-hotfix         -> origin/codex/wms519-artifact-pdf-hotfix
2026-10-07T01:20:11.3987349Z  * [new branch]          codex/wms519-kiz-label-aspect-ratio      -> origin/codex/wms519-kiz-label-aspect-ratio
2026-10-07T01:20:11.3988024Z  * [new branch]          codex/wms519-post-deploy-docs            -> origin/codex/wms519-post-deploy-docs
2026-10-07T01:20:11.3988915Z  * [new branch]          codex/wms520-requirements                -> origin/codex/wms520-requirements
2026-10-07T01:20:11.3989545Z  * [new branch]          codex/wms521-kiz-release                 -> origin/codex/wms521-kiz-release
2026-10-07T01:20:11.3990181Z  * [new branch]          codex/wms523-auto-import-pools           -> origin/codex/wms523-auto-import-pools
2026-10-07T01:20:11.3990819Z  * [new branch]          codex/wms524-confirm-order               -> origin/codex/wms524-confirm-order
2026-10-07T01:20:11.3991410Z  * [new branch]          codex/wms524-print-blank                 -> origin/codex/wms524-print-blank
2026-10-07T01:20:11.3992031Z  * [new branch]          codex/wms533-client-hardening            -> origin/codex/wms533-client-hardening
2026-10-07T01:20:11.3992639Z  * [new branch]          codex/wms533-five-events                 -> origin/codex/wms533-five-events
2026-10-07T01:20:11.3993242Z  * [new branch]          codex/wms533-prod-five-events            -> origin/codex/wms533-prod-five-events
2026-10-07T01:20:11.3993896Z  * [new branch]          codex/wms533-seller-stock-events         -> origin/codex/wms533-seller-stock-events
2026-10-07T01:20:11.3994645Z  * [new branch]          codex/wms537-pg-fixture-review-20261006  -> origin/codex/wms537-pg-fixture-review-20261006
2026-10-07T01:20:11.3995326Z  * [new branch]          codex/wms550-sorting-scan                -> origin/codex/wms550-sorting-scan
2026-10-07T01:20:11.3995946Z  * [new branch]          codex/wms582-yandex-market-api           -> origin/codex/wms582-yandex-market-api
2026-10-07T01:20:11.3996663Z  * [new branch]          codex/wms584-589-release-evidence-20260930 -> origin/codex/wms584-589-release-evidence-20260930
2026-10-07T01:20:11.3997467Z  * [new branch]          codex/wms591-avpack-6300                 -> origin/codex/wms591-avpack-6300
2026-10-07T01:20:11.3998053Z  * [new branch]          codex/wms593-597-urgent                  -> origin/codex/wms593-597-urgent
2026-10-07T01:20:11.3998873Z  * [new branch]          codex/wms602-fbs-cell-scan               -> origin/codex/wms602-fbs-cell-scan
2026-10-07T01:20:11.3999473Z  * [new branch]          codex/wms603-box-scan                    -> origin/codex/wms603-box-scan
2026-10-07T01:20:11.4000106Z  * [new branch]          codex/wms604-staging-integration         -> origin/codex/wms604-staging-integration
2026-10-07T01:20:11.4000763Z  * [new branch]          codex/wms604-unified-packing             -> origin/codex/wms604-unified-packing
2026-10-07T01:20:11.4001538Z  * [new branch]          codex/wms607-artmaks-acceptance-updater-contract -> origin/codex/wms607-artmaks-acceptance-updater-contract
2026-10-07T01:20:11.4002355Z  * [new branch]          codex/wms607-artmaks-direct-repair       -> origin/codex/wms607-artmaks-direct-repair
2026-10-07T01:20:11.4003090Z  * [new branch]          codex/wms607-artmaks-installer-findings  -> origin/codex/wms607-artmaks-installer-findings
2026-10-07T01:20:11.4003819Z  * [new branch]          codex/wms607-artmaks-repair-review       -> origin/codex/wms607-artmaks-repair-review
2026-10-07T01:20:11.4004512Z  * [new branch]          codex/wms607-artmaks-test-contract       -> origin/codex/wms607-artmaks-test-contract
2026-10-07T01:20:11.4005172Z  * [new branch]          codex/wms607-instant-print               -> origin/codex/wms607-instant-print
2026-10-07T01:20:11.4005807Z  * [new branch]          codex/wms607-mac-single-binary           -> origin/codex/wms607-mac-single-binary
2026-10-07T01:20:11.4006502Z  * [new branch]          codex/wms607-printer-failure-analysis    -> origin/codex/wms607-printer-failure-analysis
2026-10-07T01:20:11.4007316Z  * [new branch]          codex/wms607-staging-print               -> origin/codex/wms607-staging-print
2026-10-07T01:20:11.4007911Z  * [new branch]          codex/wms607-windows-x64                 -> origin/codex/wms607-windows-x64
2026-10-07T01:20:11.4008736Z  * [new branch]          codex/wms608-scanned-row-first           -> origin/codex/wms608-scanned-row-first
2026-10-07T01:20:11.4009416Z  * [new branch]          codex/wms610-fbs-picking-columns         -> origin/codex/wms610-fbs-picking-columns
2026-10-07T01:20:11.4010085Z  * [new branch]          codex/wms611-fbs-print-disabled          -> origin/codex/wms611-fbs-print-disabled
2026-10-07T01:20:11.4010732Z  * [new branch]          codex/wms612-delivery-checks             -> origin/codex/wms612-delivery-checks
2026-10-07T01:20:11.4011335Z  * [new branch]          codex/wms612-staging-all                 -> origin/codex/wms612-staging-all
2026-10-07T01:20:11.4011938Z  * [new branch]          codex/wms614-616-prod-release            -> origin/codex/wms614-616-prod-release
2026-10-07T01:20:11.4012551Z  * [new branch]          codex/wms617-video-demo                  -> origin/codex/wms617-video-demo
2026-10-07T01:20:11.4013124Z  * [new branch]          codex/wms618-staging                     -> origin/codex/wms618-staging
2026-10-07T01:20:11.4013722Z  * [new branch]          codex/wms622-fbo-kiz-recovery            -> origin/codex/wms622-fbo-kiz-recovery
2026-10-07T01:20:11.4014379Z  * [new branch]          codex/wms623-artmaks-unused-pdfs         -> origin/codex/wms623-artmaks-unused-pdfs
2026-10-07T01:20:11.4015096Z  * [new branch]          codex/wms624-developer-requests-current  -> origin/codex/wms624-developer-requests-current
2026-10-07T01:20:11.4015771Z  * [new branch]          codex/wms624-sync-cadence                -> origin/codex/wms624-sync-cadence
2026-10-07T01:20:11.4016399Z  * [new branch]          codex/wms625-print-reliability           -> origin/codex/wms625-print-reliability
2026-10-07T01:20:11.4017054Z  * [new branch]          codex/wms626-astra-effort-limit          -> origin/codex/wms626-astra-effort-limit
2026-10-07T01:20:11.4017889Z  * [new branch]          codex/wms627-artmaks-stock-reconcile     -> origin/codex/wms627-artmaks-stock-reconcile
2026-10-07T01:20:11.4018842Z  * [new branch]          codex/wms628-artmaks-wrong-scan          -> origin/codex/wms628-artmaks-wrong-scan
2026-10-07T01:20:11.4019500Z  * [new branch]          codex/wms628-production                  -> origin/codex/wms628-production
2026-10-07T01:20:11.4020116Z  * [new branch]          codex/wms629-packing-scroll              -> origin/codex/wms629-packing-scroll
2026-10-07T01:20:11.4020845Z  * [new branch]          codex/wms636-typecheck-validation-20261006 -> origin/codex/wms636-typecheck-validation-20261006
2026-10-07T01:20:11.4021545Z  * [new branch]          codex/wms651-counter-copy                -> origin/codex/wms651-counter-copy
2026-10-07T01:20:11.4022253Z  * [new branch]          codex/wms652-517-release-acceptance-20261006 -> origin/codex/wms652-517-release-acceptance-20261006
2026-10-07T01:20:11.4023082Z  * [new branch]          codex/wms652-abort-boundary-review-20261007 -> origin/codex/wms652-abort-boundary-review-20261007
2026-10-07T01:20:11.4023824Z  * [new branch]          codex/wms652-acceptance-evidence         -> origin/codex/wms652-acceptance-evidence
2026-10-07T01:20:11.4024626Z  * [new branch]          codex/wms652-accepted-reference-contract-20261007 -> origin/codex/wms652-accepted-reference-contract-20261007
2026-10-07T01:20:11.4025505Z  * [new branch]          codex/wms652-backup-fixture-boundary-20261007 -> origin/codex/wms652-backup-fixture-boundary-20261007
2026-10-07T01:20:11.4026279Z  * [new branch]          codex/wms652-backup-fixture-review       -> origin/codex/wms652-backup-fixture-review
2026-10-07T01:20:11.4026919Z  * [new branch]          codex/wms652-bot-night                   -> origin/codex/wms652-bot-night
2026-10-07T01:20:11.4027769Z  * [new branch]          codex/wms652-cdp-ambiguity-contract-20261007 -> origin/codex/wms652-cdp-ambiguity-contract-20261007
2026-10-07T01:20:11.4028972Z  * [new branch]          codex/wms652-cdp-cancel-contract-20261007 -> origin/codex/wms652-cdp-cancel-contract-20261007
2026-10-07T01:20:11.4029767Z  * [new branch]          codex/wms652-cdp-contract-review-20261007 -> origin/codex/wms652-cdp-contract-review-20261007
2026-10-07T01:20:11.4030568Z  * [new branch]          codex/wms652-cdp-explicit-abort-diagnostic -> origin/codex/wms652-cdp-explicit-abort-diagnostic
2026-10-07T01:20:11.4031408Z  * [new branch]          codex/wms652-cdp-fixture-source-review-20261007 -> origin/codex/wms652-cdp-fixture-source-review-20261007
2026-10-07T01:20:11.4032217Z  * [new branch]          codex/wms652-cdp-known-cancel-fixture    -> origin/codex/wms652-cdp-known-cancel-fixture
2026-10-07T01:20:11.4032949Z  * [new branch]          codex/wms652-cdp-r1-rereview-20261007    -> origin/codex/wms652-cdp-r1-rereview-20261007
2026-10-07T01:20:11.4033666Z  * [new branch]          codex/wms652-checkpoint-requirements     -> origin/codex/wms652-checkpoint-requirements
2026-10-07T01:20:11.4034355Z  * [new branch]          codex/wms652-ci-delta-review             -> origin/codex/wms652-ci-delta-review
2026-10-07T01:20:11.4034970Z  * [new branch]          codex/wms652-ci-two-shards               -> origin/codex/wms652-ci-two-shards
2026-10-07T01:20:11.4035629Z  * [new branch]          codex/wms652-critical-fbs-contracts      -> origin/codex/wms652-critical-fbs-contracts
2026-10-07T01:20:11.4036393Z  * [new branch]          codex/wms652-disjoint-contract-corrections -> origin/codex/wms652-disjoint-contract-corrections
2026-10-07T01:20:11.4037201Z  * [new branch]          codex/wms652-final-bootstrap-pin-20261007 -> origin/codex/wms652-final-bootstrap-pin-20261007
2026-10-07T01:20:11.4038090Z  * [new branch]          codex/wms652-final-infrastructure-pin-review-20261007 -> origin/codex/wms652-final-infrastructure-pin-review-20261007
2026-10-07T01:20:11.4039255Z  * [new branch]          codex/wms652-final-source-pin-review-20261007 -> origin/codex/wms652-final-source-pin-review-20261007
2026-10-07T01:20:11.4040264Z  * [new branch]          codex/wms652-frontend-report-identities-20261007 -> origin/codex/wms652-frontend-report-identities-20261007
2026-10-07T01:20:11.4041081Z  * [new branch]          codex/wms652-independent-main-check      -> origin/codex/wms652-independent-main-check
2026-10-07T01:20:11.4041886Z  * [new branch]          codex/wms652-infrastructure-acceptance-20261007 -> origin/codex/wms652-infrastructure-acceptance-20261007
2026-10-07T01:20:11.4042836Z  * [new branch]          codex/wms652-infrastructure-corrections-review-20261007 -> origin/codex/wms652-infrastructure-corrections-review-20261007
2026-10-07T01:20:11.4043644Z  * [new branch]          codex/wms652-night-reader                -> origin/codex/wms652-night-reader
2026-10-07T01:20:11.4044244Z  * [new branch]          codex/wms652-night-repair                -> origin/codex/wms652-night-repair
2026-10-07T01:20:11.4044831Z  * [new branch]          codex/wms652-pdf-probe                   -> origin/codex/wms652-pdf-probe
2026-10-07T01:20:11.4045545Z  * [new branch]          codex/wms652-portable-backup-proof-20261007 -> origin/codex/wms652-portable-backup-proof-20261007
2026-10-07T01:20:11.4046350Z  * [new branch]          codex/wms652-process-fixes-review-20261007 -> origin/codex/wms652-process-fixes-review-20261007
2026-10-07T01:20:11.4047047Z  * [new branch]          codex/wms652-process-gates               -> origin/codex/wms652-process-gates
2026-10-07T01:20:11.4047778Z  * [new branch]          codex/wms652-process-protection-requirements -> origin/codex/wms652-process-protection-requirements
2026-10-07T01:20:11.4048862Z  * [new branch]          codex/wms652-prod-env-negative-canary-20261007 -> origin/codex/wms652-prod-env-negative-canary-20261007
2026-10-07T01:20:11.4049717Z  * [new branch]          codex/wms652-realqr-cdp-lifecycle-diagnostic -> origin/codex/wms652-realqr-cdp-lifecycle-diagnostic
2026-10-07T01:20:11.4050575Z  * [new branch]          codex/wms652-reference-migration-review-20261007 -> origin/codex/wms652-reference-migration-review-20261007
2026-10-07T01:20:11.4051484Z  * [new branch]          codex/wms652-regression-guard            -> origin/codex/wms652-regression-guard
2026-10-07T01:20:11.4052142Z  * [new branch]          codex/wms652-release-ci-20261006         -> origin/codex/wms652-release-ci-20261006
2026-10-07T01:20:11.4052915Z  * [new branch]          codex/wms652-release-execution-evidence-20261007 -> origin/codex/wms652-release-execution-evidence-20261007
2026-10-07T01:20:11.4053842Z  * [new branch]          codex/wms652-remount-interception-diagnosis-20261007 -> origin/codex/wms652-remount-interception-diagnosis-20261007
2026-10-07T01:20:11.4054724Z  * [new branch]          codex/wms652-required-check-canary-20261006 -> origin/codex/wms652-required-check-canary-20261006
2026-10-07T01:20:11.4055522Z  * [new branch]          codex/wms652-reviewed-contract-corrections -> origin/codex/wms652-reviewed-contract-corrections
2026-10-07T01:20:11.4056389Z  * [new branch]          codex/wms652-reviewed-infrastructure-pin-20261007 -> origin/codex/wms652-reviewed-infrastructure-pin-20261007
2026-10-07T01:20:11.4057173Z  * [new branch]          codex/wms652-server-deploy-gate          -> origin/codex/wms652-server-deploy-gate
2026-10-07T01:20:11.4057822Z  * [new branch]          codex/wms652-sonnet-frontend             -> origin/codex/wms652-sonnet-frontend
2026-10-07T01:20:11.4058450Z  * [new branch]          codex/wms652-trusted-anchor              -> origin/codex/wms652-trusted-anchor
2026-10-07T01:20:11.4059326Z  * [new branch]          codex/wms652-ui-gate                     -> origin/codex/wms652-ui-gate
2026-10-07T01:20:11.4059991Z  * [new branch]          codex/wms653-scope-attribution-20261006  -> origin/codex/wms653-scope-attribution-20261006
2026-10-07T01:20:11.4060809Z  * [new branch]          codex/wms653-scope-independent-review-20261006 -> origin/codex/wms653-scope-independent-review-20261006
2026-10-07T01:20:11.4061903Z  * [new branch]          codex/wms653-shared-proof-independent-review-20261006 -> origin/codex/wms653-shared-proof-independent-review-20261006
2026-10-07T01:20:11.4062728Z  * [new branch]          codex/wms654-product-20261006            -> origin/codex/wms654-product-20261006
2026-10-07T01:20:11.4063347Z  * [new branch]          codex/wms659-imperia-boxes               -> origin/codex/wms659-imperia-boxes
2026-10-07T01:20:11.4063937Z  * [new branch]          codex/wms660-barcodes                    -> origin/codex/wms660-barcodes
2026-10-07T01:20:11.4064531Z  * [new branch]          codex/wms661-analyst-20261006            -> origin/codex/wms661-analyst-20261006
2026-10-07T01:20:11.4065210Z  * [new branch]          codex/wms661-installed-baseline-tests    -> origin/codex/wms661-installed-baseline-tests
2026-10-07T01:20:11.4065980Z  * [new branch]          codex/wms661-reviewed-ordered-integration -> origin/codex/wms661-reviewed-ordered-integration
2026-10-07T01:20:11.4066751Z  * [new branch]          codex/wms661-runtime-preflight-20261006  -> origin/codex/wms661-runtime-preflight-20261006
2026-10-07T01:20:11.4067527Z  * [new branch]          codex/wms661-testwriter-baseline-20261006 -> origin/codex/wms661-testwriter-baseline-20261006
2026-10-07T01:20:11.4068364Z  * [new branch]          codex/wms662-663-owner-supersession-gate-20261006 -> origin/codex/wms662-663-owner-supersession-gate-20261006
2026-10-07T01:20:11.4069388Z  * [new branch]          codex/wms662-663-priority                -> origin/codex/wms662-663-priority
2026-10-07T01:20:11.4070009Z  * [new branch]          codex/wms662-f6-testwriter               -> origin/codex/wms662-f6-testwriter
2026-10-07T01:20:11.4070747Z  * [new branch]          codex/wms662-format-only-correction-20261006 -> origin/codex/wms662-format-only-correction-20261006
2026-10-07T01:20:11.4071565Z  * [new branch]          codex/wms662-live-delivery-contract-20261006 -> origin/codex/wms662-live-delivery-contract-20261006
2026-10-07T01:20:11.4072271Z  * [new branch]          codex/wms662-prod-handoff                -> origin/codex/wms662-prod-handoff
2026-10-07T01:20:11.4073022Z  * [new branch]          codex/wms662-review-c36b8ab              -> origin/codex/wms662-review-c36b8ab
2026-10-07T01:20:11.4073718Z  * [new branch]          codex/wms662-scoped-integration-20261006 -> origin/codex/wms662-scoped-integration-20261006
2026-10-07T01:20:11.4074506Z  * [new branch]          codex/wms663-boxes-single-checkbox-20261006 -> origin/codex/wms663-boxes-single-checkbox-20261006
2026-10-07T01:20:11.4075373Z  * [new branch]          codex/wms663-owner-checkbox-test-contract-20261006 -> origin/codex/wms663-owner-checkbox-test-contract-20261006
2026-10-07T01:20:11.4076272Z  * [new branch]          codex/wms663-pre-set-recovery-contract-20261006 -> origin/codex/wms663-pre-set-recovery-contract-20261006
2026-10-07T01:20:11.4077102Z  * [new branch]          codex/wms663-readonly-ozon-status-20261006 -> origin/codex/wms663-readonly-ozon-status-20261006
2026-10-07T01:20:11.4077867Z  * [new branch]          codex/wms663-release-retry-acceptance    -> origin/codex/wms663-release-retry-acceptance
2026-10-07T01:20:11.4078800Z  * [new branch]          codex/wms663-release-retry-fix           -> origin/codex/wms663-release-retry-fix
2026-10-07T01:20:11.4079645Z  * [new branch]          codex/wms663-required-order-checkbox-contract-20261006 -> origin/codex/wms663-required-order-checkbox-contract-20261006
2026-10-07T01:20:11.4080668Z  * [new branch]          codex/wms663-requirements-completeness-contract-20261006 -> origin/codex/wms663-requirements-completeness-contract-20261006
2026-10-07T01:20:11.4081536Z  * [new branch]          codex/wms663-retry-contract-20261006     -> origin/codex/wms663-retry-contract-20261006
2026-10-07T01:20:11.4082249Z  * [new branch]          codex/wms663-scoped-priority-20261006    -> origin/codex/wms663-scoped-priority-20261006
2026-10-07T01:20:11.4082930Z  * [new branch]          codex/wms664-dispatcher-stall            -> origin/codex/wms664-dispatcher-stall
2026-10-07T01:20:11.4083612Z  * [new branch]          codex/wms665-avpack-withdrawal-helper    -> origin/codex/wms665-avpack-withdrawal-helper
2026-10-07T01:20:11.4084564Z  * [new branch]          codex/wms665-full-sold-operational-check-20261006 -> origin/codex/wms665-full-sold-operational-check-20261006
2026-10-07T01:20:11.4085430Z  * [new branch]          codex/wms665-production-url-hotfix-20261006 -> origin/codex/wms665-production-url-hotfix-20261006
2026-10-07T01:20:11.4086311Z  * [new branch]          codex/wms666-ci-history-independent-review-20261006 -> origin/codex/wms666-ci-history-independent-review-20261006
2026-10-07T01:20:11.4087143Z  * [new branch]          codex/wms666-ci-history-scope-20261006   -> origin/codex/wms666-ci-history-scope-20261006
2026-10-07T01:20:11.4087847Z  * [new branch]          codex/wms666-ci-qr-finish-20261006       -> origin/codex/wms666-ci-qr-finish-20261006
2026-10-07T01:20:11.4088817Z  * [new branch]          codex/wms666-doc-history-scope-fix-20261006 -> origin/codex/wms666-doc-history-scope-fix-20261006
2026-10-07T01:20:11.4089634Z  * [new branch]          codex/wms666-legacy-harness-review-20261006 -> origin/codex/wms666-legacy-harness-review-20261006
2026-10-07T01:20:11.4090388Z  * [new branch]          codex/wms666-priority-etalon-20261006    -> origin/codex/wms666-priority-etalon-20261006
2026-10-07T01:20:11.4091104Z  * [new branch]          codex/wms666-release-c11-acceptance      -> origin/codex/wms666-release-c11-acceptance
2026-10-07T01:20:11.4091860Z  * [new branch]          codex/wms666-remote-browser-proof-20261006 -> origin/codex/wms666-remote-browser-proof-20261006
2026-10-07T01:20:11.4092666Z  * [new branch]          codex/wms666-staging-c11-acceptance-20261006 -> origin/codex/wms666-staging-c11-acceptance-20261006
2026-10-07T01:20:11.4093476Z  * [new branch]          codex/wms666-task-scope-correction-20261006 -> origin/codex/wms666-task-scope-correction-20261006
2026-10-07T01:20:11.4094221Z  * [new branch]          codex/wms666-unified-fbs-packing         -> origin/codex/wms666-unified-fbs-packing
2026-10-07T01:20:11.4095078Z  * [new branch]          codex/wms667-stock-filter                -> origin/codex/wms667-stock-filter
2026-10-07T01:20:11.4095693Z  * [new branch]          codex/wms667-visual-runner               -> origin/codex/wms667-visual-runner
2026-10-07T01:20:11.4096358Z  * [new branch]          codex/wms668-dispatcher-batch-final      -> origin/codex/wms668-dispatcher-batch-final
2026-10-07T01:20:11.4097153Z  * [new branch]          codex/wms669-urgent-confirmed-contract-20261006 -> origin/codex/wms669-urgent-confirmed-contract-20261006
2026-10-07T01:20:11.4097925Z  * [new branch]          codex/wms672-673-analyst-20261006        -> origin/codex/wms672-673-analyst-20261006
2026-10-07T01:20:11.4098904Z  * [new branch]          codex/wms672-673-prerequisite-integration -> origin/codex/wms672-673-prerequisite-integration
2026-10-07T01:20:11.4099656Z  * [new branch]          codex/wms672-c5-cache-clock-trace        -> origin/codex/wms672-c5-cache-clock-trace
2026-10-07T01:20:11.4100355Z  * [new branch]          codex/wms672-c5-cache-debug-trace        -> origin/codex/wms672-c5-cache-debug-trace
2026-10-07T01:20:11.4101000Z  * [new branch]          codex/wms672-c5-cache-trace              -> origin/codex/wms672-c5-cache-trace
2026-10-07T01:20:11.4101646Z  * [new branch]          codex/wms672-c5-linux-diagnostic         -> origin/codex/wms672-c5-linux-diagnostic
2026-10-07T01:20:11.4102306Z  * [new branch]          codex/wms672-c5-linux-fix-check          -> origin/codex/wms672-c5-linux-fix-check
2026-10-07T01:20:11.4102974Z  * [new branch]          codex/wms672-c5-peer-drain-check         -> origin/codex/wms672-c5-peer-drain-check
2026-10-07T01:20:11.4103709Z  * [new branch]          codex/wms672-c5-raster-resource-comparison -> origin/codex/wms672-c5-raster-resource-comparison
2026-10-07T01:20:11.4104453Z  * [new branch]          codex/wms672-c5-target-cache-trace       -> origin/codex/wms672-c5-target-cache-trace
2026-10-07T01:20:11.4105182Z  * [new branch]          codex/wms672-functional-finish-20261006  -> origin/codex/wms672-functional-finish-20261006
2026-10-07T01:20:11.4106018Z  * [new branch]          codex/wms672-native-decode-fix           -> origin/codex/wms672-native-decode-fix
2026-10-07T01:20:11.4106758Z  * [new branch]          codex/wms672-native-error-contract-20261007 -> origin/codex/wms672-native-error-contract-20261007
2026-10-07T01:20:11.4107483Z  * [new branch]          codex/wms672-native-fix-review           -> origin/codex/wms672-native-fix-review
2026-10-07T01:20:11.4108192Z  * [new branch]          codex/wms672-peer-drain-contract-20261007 -> origin/codex/wms672-peer-drain-contract-20261007
2026-10-07T01:20:11.4109185Z  * [new branch]          codex/wms672-peer-drain-source-review    -> origin/codex/wms672-peer-drain-source-review
2026-10-07T01:20:11.4109996Z  * [new branch]          codex/wms672-raster-analyst-acceptance-20261007 -> origin/codex/wms672-raster-analyst-acceptance-20261007
2026-10-07T01:20:11.4110867Z  * [new branch]          codex/wms672-raster-resource-contract-20261007 -> origin/codex/wms672-raster-resource-contract-20261007
2026-10-07T01:20:11.4111635Z  * [new branch]          codex/wms672-raster-resource-fix         -> origin/codex/wms672-raster-resource-fix
2026-10-07T01:20:11.4112379Z  * [new branch]          codex/wms672-raster-resource-review-20261007 -> origin/codex/wms672-raster-resource-review-20261007
2026-10-07T01:20:11.4113157Z  * [new branch]          codex/wms675-ci-topology-proof-20261006  -> origin/codex/wms675-ci-topology-proof-20261006
2026-10-07T01:20:11.4113920Z  * [new branch]          codex/wms675-incident-regression-20261006 -> origin/codex/wms675-incident-regression-20261006
2026-10-07T01:20:11.4114685Z  * [new branch]          codex/wms675-live-reconciliation-20261006 -> origin/codex/wms675-live-reconciliation-20261006
2026-10-07T01:20:11.4115392Z  * [new branch]          codex/wms676-crosscheck-astra            -> origin/codex/wms676-crosscheck-astra
2026-10-07T01:20:11.4116068Z  * [new branch]          codex/wms676-night-review-fallback       -> origin/codex/wms676-night-review-fallback
2026-10-07T01:20:11.4116862Z  * [new branch]          codex/wms676-sol61-pipeline              -> origin/codex/wms676-sol61-pipeline
2026-10-07T01:20:11.4117524Z  * [new branch]          codex/wms679-fbw-analysis-source349      -> origin/codex/wms679-fbw-analysis-source349
2026-10-07T01:20:11.4118249Z  * [new branch]          codex/wms681-682-morning-intake-20261006 -> origin/codex/wms681-682-morning-intake-20261006
2026-10-07T01:20:11.4119191Z  * [new branch]          codex/wms681-qr-recovery                 -> origin/codex/wms681-qr-recovery
2026-10-07T01:20:11.4119835Z  * [new branch]          codex/wms681-real-wb-qr-hotfix           -> origin/codex/wms681-real-wb-qr-hotfix
2026-10-07T01:20:11.4120525Z  * [new branch]          deploy/wb-emulator-real-order-qr         -> origin/deploy/wb-emulator-real-order-qr
2026-10-07T01:20:11.4121200Z  * [new branch]          docs/owner-requirements-20260831         -> origin/docs/owner-requirements-20260831
2026-10-07T01:20:11.4121928Z  * [new branch]          docs/wms-system-review-protocol-20260812 -> origin/docs/wms-system-review-protocol-20260812
2026-10-07T01:20:11.4122604Z  * [new branch]          docs/wms469-470-backlog                  -> origin/docs/wms469-470-backlog
2026-10-07T01:20:11.4123233Z  * [new branch]          docs/wms561-ship-by-in-supply            -> origin/docs/wms561-ship-by-in-supply
2026-10-07T01:20:11.4123879Z  * [new branch]          docs/wms584-585-tsd-walkthrough          -> origin/docs/wms584-585-tsd-walkthrough
2026-10-07T01:20:11.4124545Z  * [new branch]          docs/wms648-ozon-catalog-backlog         -> origin/docs/wms648-ozon-catalog-backlog
2026-10-07T01:20:11.4125203Z  * [new branch]          docs/wms649-shk-po-ploshchadke           -> origin/docs/wms649-shk-po-ploshchadke
2026-10-07T01:20:11.4125753Z  * [new branch]          etalon                                   -> origin/etalon
2026-10-07T01:20:11.4126307Z  * [new branch]          feat/cz-print-split-artifact             -> origin/feat/cz-print-split-artifact
2026-10-07T01:20:11.4127109Z  * [new branch]          feat/fbs-warehouse-filter-20260812       -> origin/feat/fbs-warehouse-filter-20260812
2026-10-07T01:20:11.4127794Z  * [new branch]          feat/ff-inbound-create-20260812          -> origin/feat/ff-inbound-create-20260812
2026-10-07T01:20:11.4128448Z  * [new branch]          feat/marking-import-s3-storage           -> origin/feat/marking-import-s3-storage
2026-10-07T01:20:11.4129343Z  * [new branch]          feat/mobile-fbs-demo-seed                -> origin/feat/mobile-fbs-demo-seed
2026-10-07T01:20:11.4130113Z  * [new branch]          feat/product-barcode-print               -> origin/feat/product-barcode-print
2026-10-07T01:20:11.4131153Z  * [new branch]          feat/wms056-audit-trail                  -> origin/feat/wms056-audit-trail
2026-10-07T01:20:11.4131767Z  * [new branch]          feat/wms062-warehouse-docs               -> origin/feat/wms062-warehouse-docs
2026-10-07T01:20:11.4132383Z  * [new branch]          feat/wms111-wb-cancel-return             -> origin/feat/wms111-wb-cancel-return
2026-10-07T01:20:11.4133017Z  * [new branch]          feat/wms121-supply-identity              -> origin/feat/wms121-supply-identity
2026-10-07T01:20:11.4133636Z  * [new branch]          feat/wms270-login-and-ports              -> origin/feat/wms270-login-and-ports
2026-10-07T01:20:11.4134260Z  * [new branch]          feat/wms338-stock-min-formula            -> origin/feat/wms338-stock-min-formula
2026-10-07T01:20:11.4134878Z  * [new branch]          feat/wms349-merge-service                -> origin/feat/wms349-merge-service
2026-10-07T01:20:11.4135449Z  * [new branch]          feat/wms363-ozon-tsd                     -> origin/feat/wms363-ozon-tsd
2026-10-07T01:20:11.4136000Z  * [new branch]          feat/wms397-chat-mvp                     -> origin/feat/wms397-chat-mvp
2026-10-07T01:20:11.4136583Z  * [new branch]          feat/wms401-mobile-followup              -> origin/feat/wms401-mobile-followup
2026-10-07T01:20:11.4137379Z  * [new branch]          feat/wms433-assistant-release            -> origin/feat/wms433-assistant-release
2026-10-07T01:20:11.4138017Z  * [new branch]          feat/wms433-tenant-rollout               -> origin/feat/wms433-tenant-rollout
2026-10-07T01:20:11.4138915Z  * [new branch]          feat/wms447-fbs-box-count                -> origin/feat/wms447-fbs-box-count
2026-10-07T01:20:11.4139588Z  * [new branch]          feat/wms453-455-boxes-shared-pool        -> origin/feat/wms453-455-boxes-shared-pool
2026-10-07T01:20:11.4140231Z  * [new branch]          feat/wms469-stock-dialog                 -> origin/feat/wms469-stock-dialog
2026-10-07T01:20:11.4140846Z  * [new branch]          feat/wms529-stock-vs-location            -> origin/feat/wms529-stock-vs-location
2026-10-07T01:20:11.4141446Z  * [new branch]          feat/wms534-intake-box                   -> origin/feat/wms534-intake-box
2026-10-07T01:20:11.4142010Z  * [new branch]          feat/wms536-scan-layer                   -> origin/feat/wms536-scan-layer
2026-10-07T01:20:11.4142646Z  * [new branch]          feat/wms539-artmaks-cells-import         -> origin/feat/wms539-artmaks-cells-import
2026-10-07T01:20:11.4143270Z  * [new branch]          feat/wms631-print-agent                  -> origin/feat/wms631-print-agent
2026-10-07T01:20:11.4143843Z  * [new branch]          feat/wms633-chz-copies                   -> origin/feat/wms633-chz-copies
2026-10-07T01:20:11.4144450Z  * [new branch]          feat/wms636-wb-rejected-filter           -> origin/feat/wms636-wb-rejected-filter
2026-10-07T01:20:11.4145073Z  * [new branch]          feat/wms641-support-agent                -> origin/feat/wms641-support-agent
2026-10-07T01:20:11.4145663Z  * [new branch]          feat/wms650-sorting-impl                 -> origin/feat/wms650-sorting-impl
2026-10-07T01:20:11.4146254Z  * [new branch]          feat/wms650-sorting-mockup               -> origin/feat/wms650-sorting-mockup
2026-10-07T01:20:11.4146876Z  * [new branch]          fix/auth-staff-e2e-20260815              -> origin/fix/auth-staff-e2e-20260815
2026-10-07T01:20:11.4147614Z  * [new branch]          fix/cis-pool-full-20260821               -> origin/fix/cis-pool-full-20260821
2026-10-07T01:20:11.4148237Z  * [new branch]          fix/cz-artifact-print-scale              -> origin/fix/cz-artifact-print-scale
2026-10-07T01:20:11.4149142Z  * [new branch]          fix/deploy-hard-reset                    -> origin/fix/deploy-hard-reset
2026-10-07T01:20:11.4149758Z  * [new branch]          fix/fbs-box-controls-20260901            -> origin/fix/fbs-box-controls-20260901
2026-10-07T01:20:11.4150406Z  * [new branch]          fix/fbs-supplier-status-sync             -> origin/fix/fbs-supplier-status-sync
2026-10-07T01:20:11.4151080Z  * [new branch]          fix/inventory-owner-block-20260902       -> origin/fix/inventory-owner-block-20260902
2026-10-07T01:20:11.4151880Z  * [new branch]          fix/inventory-unexpected-product-scan-20260901 -> origin/fix/inventory-unexpected-product-scan-20260901
2026-10-07T01:20:11.4152633Z  * [new branch]          fix/kiz-gs-restore-20260821              -> origin/fix/kiz-gs-restore-20260821
2026-10-07T01:20:11.4153255Z  * [new branch]          fix/no-distribution-20260821             -> origin/fix/no-distribution-20260821
2026-10-07T01:20:11.4153969Z  * [new branch]          fix/outbound-reserve-from-sorting-20260902 -> origin/fix/outbound-reserve-from-sorting-20260902
2026-10-07T01:20:11.4154735Z  * [new branch]          fix/packing-optional-20260819            -> origin/fix/packing-optional-20260819
2026-10-07T01:20:11.4155375Z  * [new branch]          fix/packing-optional-to-prod             -> origin/fix/packing-optional-to-prod
2026-10-07T01:20:11.4156008Z  * [new branch]          fix/picklist-size-20260819               -> origin/fix/picklist-size-20260819
2026-10-07T01:20:11.4156597Z  * [new branch]          fix/print-pdf-dialog                     -> origin/fix/print-pdf-dialog
2026-10-07T01:20:11.4157398Z  * [new branch]          fix/print-restore-proven                 -> origin/fix/print-restore-proven
2026-10-07T01:20:11.4158432Z  * [new branch]          fix/review-findings-20260902             -> origin/fix/review-findings-20260902
2026-10-07T01:20:11.4159428Z  * [new branch]          fix/seller-honest-sign-sync-20260819     -> origin/fix/seller-honest-sign-sync-20260819
2026-10-07T01:20:11.4160133Z  * [new branch]          fix/warehouse-single-20260821            -> origin/fix/warehouse-single-20260821
2026-10-07T01:20:11.4160802Z  * [new branch]          fix/wb-label-seller-line-height          -> origin/fix/wb-label-seller-line-height
2026-10-07T01:20:11.4161476Z  * [new branch]          fix/wb-label-seller-line-trim            -> origin/fix/wb-label-seller-line-trim
2026-10-07T01:20:11.4162104Z  * [new branch]          fix/wb-meta-method-20260821              -> origin/fix/wb-meta-method-20260821
2026-10-07T01:20:11.4162687Z  * [new branch]          fix/wb-token-save-500                    -> origin/fix/wb-token-save-500
2026-10-07T01:20:11.4163303Z  * [new branch]          fix/wms-fbs-single-pick-by-cell          -> origin/fix/wms-fbs-single-pick-by-cell
2026-10-07T01:20:11.4163957Z  * [new branch]          fix/wms-session-regression               -> origin/fix/wms-session-regression
2026-10-07T01:20:11.4164628Z  * [new branch]          fix/wms487-tape-print-missing-codes      -> origin/fix/wms487-tape-print-missing-codes
2026-10-07T01:20:11.4165289Z  * [new branch]          fix/wms517-price-snapshot                -> origin/fix/wms517-price-snapshot
2026-10-07T01:20:11.4165860Z  * [new branch]          fix/wms517-sold-only                     -> origin/fix/wms517-sold-only
2026-10-07T01:20:11.4166447Z  * [new branch]          fix/wms625-on-etalon-20261003            -> origin/fix/wms625-on-etalon-20261003
2026-10-07T01:20:11.4167072Z  * [new branch]          fix/wms634-fbo-date-delegated            -> origin/fix/wms634-fbo-date-delegated
2026-10-07T01:20:11.4167682Z  * [new branch]          fix/wms635-kiz-no-wb-wait                -> origin/fix/wms635-kiz-no-wb-wait
2026-10-07T01:20:11.4168425Z  * [new branch]          fix/wms639-scan-no-wb-readback           -> origin/fix/wms639-scan-no-wb-readback
2026-10-07T01:20:11.4169393Z  * [new branch]          fix/wms640-scan-kiz-no-wb-wait           -> origin/fix/wms640-scan-kiz-no-wb-wait
2026-10-07T01:20:11.4170064Z  * [new branch]          fix/wms641-kiz-delete-background         -> origin/fix/wms641-kiz-delete-background
2026-10-07T01:20:11.4170734Z  * [new branch]          fix/wms642-kiz-no-locks-handover         -> origin/fix/wms642-kiz-no-locks-handover
2026-10-07T01:20:11.4171413Z  * [new branch]          fix/wms643-no-print-when-unchecked       -> origin/fix/wms643-no-print-when-unchecked
2026-10-07T01:20:11.4172091Z  * [new branch]          fix/wms652-contract-check-merge          -> origin/fix/wms652-contract-check-merge
2026-10-07T01:20:11.4172716Z  * [new branch]          fix/wms656-full-kiz-label                -> origin/fix/wms656-full-kiz-label
2026-10-07T01:20:11.4173342Z  * [new branch]          fix/wms666-product-stock-scope           -> origin/fix/wms666-product-stock-scope
2026-10-07T01:20:11.4174067Z  * [new branch]          hotfix/avpack-bulk-print-after-kiz-clear -> origin/hotfix/avpack-bulk-print-after-kiz-clear
2026-10-07T01:20:11.4174780Z  * [new branch]          hotfix/boxes-print-all-qr                -> origin/hotfix/boxes-print-all-qr
2026-10-07T01:20:11.4175451Z  * [new branch]          hotfix/cz-print-regression-2026-07-07    -> origin/hotfix/cz-print-regression-2026-07-07
2026-10-07T01:20:11.4176124Z  * [new branch]          hotfix/inbound-qty-blur-v2               -> origin/hotfix/inbound-qty-blur-v2
2026-10-07T01:20:11.4176801Z  * [new branch]          hotfix/inbound-table-header-alignment    -> origin/hotfix/inbound-table-header-alignment
2026-10-07T01:20:11.4177513Z  * [new branch]          hotfix/ozon-requirements-int-sku         -> origin/hotfix/ozon-requirements-int-sku
2026-10-07T01:20:11.4178198Z  * [new branch]          hotfix/tz-print-landscape-revert         -> origin/hotfix/tz-print-landscape-revert
2026-10-07T01:20:11.4179187Z  * [new branch]          hotfix/wb-unified-token-fbs-intake       -> origin/hotfix/wb-unified-token-fbs-intake
2026-10-07T01:20:11.4179834Z  * [new branch]          hotfix/wms622-628-restore                -> origin/hotfix/wms622-628-restore
2026-10-07T01:20:11.4180452Z  * [new branch]          integration/fbs-fixes-20260821           -> origin/integration/fbs-fixes-20260821
2026-10-07T01:20:11.4180982Z  * [new branch]          main                                     -> origin/main
2026-10-07T01:20:11.4181527Z  * [new branch]          mobile/android7-v014-recovery            -> origin/mobile/android7-v014-recovery
2026-10-07T01:20:11.4182098Z  * [new branch]          mobile/feat-fbs                          -> origin/mobile/feat-fbs
2026-10-07T01:20:11.4182649Z  * [new branch]          mockup/psp2-clickable                    -> origin/mockup/psp2-clickable
2026-10-07T01:20:11.4183501Z  * [new branch]          night/catalog-box-lookup-20260823/lane-1/01-catalog-box-lookup -> origin/night/catalog-box-lookup-20260823/lane-1/01-catalog-box-lookup
2026-10-07T01:20:11.4184430Z  * [new branch]          night/volna-9-recovery/lane-1/01-wb-marking -> origin/night/volna-9-recovery/lane-1/01-wb-marking
2026-10-07T01:20:11.4185250Z  * [new branch]          night/volna-9-recovery/lane-1/04-warehouse-switch -> origin/night/volna-9-recovery/lane-1/04-warehouse-switch
2026-10-07T01:20:11.4186065Z  * [new branch]          night/volna-9-recovery/lane-1/07-reporting -> origin/night/volna-9-recovery/lane-1/07-reporting
2026-10-07T01:20:11.4186862Z  * [new branch]          night/volna-9-recovery/lane-2/02-verdikt-screen -> origin/night/volna-9-recovery/lane-2/02-verdikt-screen
2026-10-07T01:20:11.4187651Z  * [new branch]          night/volna-9-recovery/lane-2/05-prod-slow -> origin/night/volna-9-recovery/lane-2/05-prod-slow
2026-10-07T01:20:11.4188400Z  * [new branch]          night/volna-9-recovery/lane-2/08-storage -> origin/night/volna-9-recovery/lane-2/08-storage
2026-10-07T01:20:11.4189708Z  * [new branch]          night/volna-9-recovery/lane-3/03-no-distribution-mode -> origin/night/volna-9-recovery/lane-3/03-no-distribution-mode
2026-10-07T01:20:11.4190648Z  * [new branch]          night/volna-9-recovery/lane-3/06-picking-list-order -> origin/night/volna-9-recovery/lane-3/06-picking-list-order
2026-10-07T01:20:11.4191457Z  * [new branch]          night/volna-9-recovery/lane-3/09-billing -> origin/night/volna-9-recovery/lane-3/09-billing
2026-10-07T01:20:11.4192148Z  * [new branch]          night/volna-9/lane-1/01-wb-marking       -> origin/night/volna-9/lane-1/01-wb-marking
2026-10-07T01:20:11.4192804Z  * [new branch]          night/volna-9/lane-1/07-reporting        -> origin/night/volna-9/lane-1/07-reporting
2026-10-07T01:20:11.4193446Z  * [new branch]          night/volna-9/lane-1/defect-01           -> origin/night/volna-9/lane-1/defect-01
2026-10-07T01:20:11.4194073Z  * [new branch]          night/volna-9/lane-1/feature-07          -> origin/night/volna-9/lane-1/feature-07
2026-10-07T01:20:11.4194788Z  * [new branch]          night/volna-9/lane-2/02-verdikt-screen   -> origin/night/volna-9/lane-2/02-verdikt-screen
2026-10-07T01:20:11.4195448Z  * [new branch]          night/volna-9/lane-2/08-storage          -> origin/night/volna-9/lane-2/08-storage
2026-10-07T01:20:11.4196067Z  * [new branch]          night/volna-9/lane-2/defect-02           -> origin/night/volna-9/lane-2/defect-02
2026-10-07T01:20:11.4196767Z  * [new branch]          night/volna-9/lane-3/03-no-distribution-mode -> origin/night/volna-9/lane-3/03-no-distribution-mode
2026-10-07T01:20:11.4197464Z  * [new branch]          night/volna-9/lane-3/09-billing          -> origin/night/volna-9/lane-3/09-billing
2026-10-07T01:20:11.4198083Z  * [new branch]          night/volna-9/lane-3/defect-03           -> origin/night/volna-9/lane-3/defect-03
2026-10-07T01:20:11.4199001Z  * [new branch]          night/volna-9/lane-4/04-warehouse-switch -> origin/night/volna-9/lane-4/04-warehouse-switch
2026-10-07T01:20:11.4199691Z  * [new branch]          night/volna-9/lane-4/defect-04           -> origin/night/volna-9/lane-4/defect-04
2026-10-07T01:20:11.4200566Z  * [new branch]          night/volna-9/lane-5/05-prod-slow        -> origin/night/volna-9/lane-5/05-prod-slow
2026-10-07T01:20:11.4201198Z  * [new branch]          night/volna-9/lane-5/defect-05           -> origin/night/volna-9/lane-5/defect-05
2026-10-07T01:20:11.4201885Z  * [new branch]          night/volna-9/lane-6/06-picking-list-order -> origin/night/volna-9/lane-6/06-picking-list-order
2026-10-07T01:20:11.4202573Z  * [new branch]          night/volna-9/lane-6/defect-06           -> origin/night/volna-9/lane-6/defect-06
2026-10-07T01:20:11.4203161Z  * [new branch]          night/wms-653-5beb52da                   -> origin/night/wms-653-5beb52da
2026-10-07T01:20:11.4203763Z  * [new branch]          night/wms-654-5beb52da                   -> origin/night/wms-654-5beb52da
2026-10-07T01:20:11.4204320Z  * [new branch]          night/wms-657-5beb52da                   -> origin/night/wms-657-5beb52da
2026-10-07T01:20:11.4204876Z  * [new branch]          night/wms-658-5beb52da                   -> origin/night/wms-658-5beb52da
2026-10-07T01:20:11.4205425Z  * [new branch]          night/wms-659-5beb52da                   -> origin/night/wms-659-5beb52da
2026-10-07T01:20:11.4206096Z  * [new branch]          night/zadachi-2026-08-21-20260821-r04/lane-1/01 -> origin/night/zadachi-2026-08-21-20260821-r04/lane-1/01
2026-10-07T01:20:11.4206897Z  * [new branch]          night/zadachi-2026-08-21-20260821-r04/lane-1/07 -> origin/night/zadachi-2026-08-21-20260821-r04/lane-1/07
2026-10-07T01:20:11.4207677Z  * [new branch]          night/zadachi-2026-08-21-20260821-r04/lane-2/02 -> origin/night/zadachi-2026-08-21-20260821-r04/lane-2/02
2026-10-07T01:20:11.4208455Z  * [new branch]          night/zadachi-2026-08-21-20260821-r04/lane-2/08 -> origin/night/zadachi-2026-08-21-20260821-r04/lane-2/08
2026-10-07T01:20:11.4209473Z  * [new branch]          night/zadachi-2026-08-21-20260821-r04/lane-3/03 -> origin/night/zadachi-2026-08-21-20260821-r04/lane-3/03
2026-10-07T01:20:11.4210393Z  * [new branch]          night/zadachi-2026-08-21-20260821-r04/lane-3/09 -> origin/night/zadachi-2026-08-21-20260821-r04/lane-3/09
2026-10-07T01:20:11.4211177Z  * [new branch]          night/zadachi-2026-08-21-20260821-r04/lane-4/04 -> origin/night/zadachi-2026-08-21-20260821-r04/lane-4/04
2026-10-07T01:20:11.4211962Z  * [new branch]          night/zadachi-2026-08-21-20260821-r04/lane-5/05 -> origin/night/zadachi-2026-08-21-20260821-r04/lane-5/05
2026-10-07T01:20:11.4212739Z  * [new branch]          night/zadachi-2026-08-21-20260821-r04/lane-6/06 -> origin/night/zadachi-2026-08-21-20260821-r04/lane-6/06
2026-10-07T01:20:11.4213486Z  * [new branch]          process/pipeline-on-etalon-20260821      -> origin/process/pipeline-on-etalon-20260821
2026-10-07T01:20:11.4214173Z  * [new branch]          release/2026-10-02-packing-stock         -> origin/release/2026-10-02-packing-stock
2026-10-07T01:20:11.4214785Z  * [new branch]          release/2026-10-03-ready                 -> origin/release/2026-10-03-ready
2026-10-07T01:20:11.4215387Z  * [new branch]          release/barcode-tall-label               -> origin/release/barcode-tall-label
2026-10-07T01:20:11.4216004Z  * [new branch]          release/inbound-print-fix                -> origin/release/inbound-print-fix
2026-10-07T01:20:11.4216593Z  * [new branch]          release/wms641-agent-v1                  -> origin/release/wms641-agent-v1
2026-10-07T01:20:11.4217163Z  * [new branch]          release/wms641-agent-v2                  -> origin/release/wms641-agent-v2
2026-10-07T01:20:11.4217729Z  * [new branch]          release/wms641-agent-v3                  -> origin/release/wms641-agent-v3
2026-10-07T01:20:11.4218391Z  * [new branch]          review/pick-and-binding-fixes-20260816   -> origin/review/pick-and-binding-fixes-20260816
2026-10-07T01:20:11.4219297Z  * [new branch]          review/system-wide-orchestrator-20260812 -> origin/review/system-wide-orchestrator-20260812
2026-10-07T01:20:11.4220114Z  * [new branch]          speed/test-infra-20260830                -> origin/speed/test-infra-20260830
2026-10-07T01:20:11.4220652Z  * [new branch]          staging                                  -> origin/staging
2026-10-07T01:20:11.4221174Z  * [new branch]          support-task/WMS-651-4                   -> origin/support-task/WMS-651-4
2026-10-07T01:20:11.4221739Z  * [new branch]          support-task/WMS-653-6                   -> origin/support-task/WMS-653-6
2026-10-07T01:20:11.4222291Z  * [new branch]          support-task/WMS-654-7                   -> origin/support-task/WMS-654-7
2026-10-07T01:20:11.4222842Z  * [new branch]          support-task/WMS-657-8                   -> origin/support-task/WMS-657-8
2026-10-07T01:20:11.4223395Z  * [new branch]          support-task/WMS-658-9                   -> origin/support-task/WMS-658-9
2026-10-07T01:20:11.4223955Z  * [new branch]          support-task/WMS-661-14                  -> origin/support-task/WMS-661-14
2026-10-07T01:20:11.4224530Z  * [new branch]          support-task/WMS-667-18                  -> origin/support-task/WMS-667-18
2026-10-07T01:20:11.4225096Z  * [new branch]          support-task/WMS-677-22                  -> origin/support-task/WMS-677-22
2026-10-07T01:20:11.4225651Z  * [new branch]          support-task/WMS-679-26                  -> origin/support-task/WMS-679-26
2026-10-07T01:20:11.4226205Z  * [new branch]          support-task/WMS-680-27                  -> origin/support-task/WMS-680-27
2026-10-07T01:20:11.4226761Z  * [new branch]          support-task/WMS-683-29                  -> origin/support-task/WMS-683-29
2026-10-07T01:20:11.4227360Z  * [new branch]          test/wms672-c7-c10-c11-20261006          -> origin/test/wms672-c7-c10-c11-20261006
2026-10-07T01:20:11.4227899Z  * [new tag]             tsd-preview                              -> tsd-preview
2026-10-07T01:20:11.4228420Z  * [new tag]             wms-print-direct-v2026.09.30.1           -> wms-print-direct-v2026.09.30.1
2026-10-07T01:20:11.4229306Z  * [new tag]             wms-print-direct-v2026.09.30.2           -> wms-print-direct-v2026.09.30.2
2026-10-07T01:20:11.4230040Z  * [new tag]             wms-print-direct-v2026.09.30.3           -> wms-print-direct-v2026.09.30.3
2026-10-07T01:20:11.4230629Z  * [new tag]             wms-print-direct-v2026.09.30.4           -> wms-print-direct-v2026.09.30.4
2026-10-07T01:20:11.4231204Z  * [new tag]             wms-print-direct-v2026.09.30.5           -> wms-print-direct-v2026.09.30.5
2026-10-07T01:20:11.4231801Z  * [new tag]             wms-print-direct-v2026.10.01.1-rc1       -> wms-print-direct-v2026.10.01.1-rc1
2026-10-07T01:20:11.4232373Z  * [new tag]             wms-print-v2026.09.13.1                  -> wms-print-v2026.09.13.1
2026-10-07T01:20:11.4232898Z  * [new tag]             wms-print-v2026.09.13.2                  -> wms-print-v2026.09.13.2
2026-10-07T01:20:11.4233398Z  * [new tag]             wms-print-v2026.09.13.3                  -> wms-print-v2026.09.13.3
2026-10-07T01:20:11.4233890Z  * [new ref]             8b8f20715528122a7260d650f018a9a8b4bd29e5 -> pull/387/merge
2026-10-07T01:20:11.4235325Z ##[endgroup]
2026-10-07T01:20:11.4235678Z ##[group]Determining the checkout info
2026-10-07T01:20:11.4236071Z ##[endgroup]
2026-10-07T01:20:11.4236302Z [command]/usr/bin/git sparse-checkout disable
2026-10-07T01:20:11.4237042Z [command]/usr/bin/git config --local --unset-all extensions.worktreeConfig
2026-10-07T01:20:11.4237858Z ##[group]Checking out the ref
2026-10-07T01:20:11.4238236Z [command]/usr/bin/git checkout --progress --force refs/remotes/pull/387/merge
2026-10-07T01:20:12.4088359Z Updating files:  95% (6113/6408)
2026-10-07T01:20:12.4191404Z Updating files:  96% (6152/6408)
2026-10-07T01:20:12.4553061Z Updating files:  97% (6216/6408)
2026-10-07T01:20:12.4628144Z Updating files:  98% (6280/6408)
2026-10-07T01:20:12.4706812Z Updating files:  99% (6344/6408)
2026-10-07T01:20:12.4709477Z Updating files: 100% (6408/6408)
2026-10-07T01:20:12.4713400Z Updating files: 100% (6408/6408), done.
2026-10-07T01:20:12.4791126Z Note: switching to 'refs/remotes/pull/387/merge'.
2026-10-07T01:20:12.4791771Z 
2026-10-07T01:20:12.4792119Z You are in 'detached HEAD' state. You can look around, make experimental
2026-10-07T01:20:12.4792703Z changes and commit them, and you can discard any commits you make in this
2026-10-07T01:20:12.4793435Z state without impacting any branches by switching back to a branch.
2026-10-07T01:20:12.4793924Z 
2026-10-07T01:20:12.4794250Z If you want to create a new branch to retain commits you create, you may
2026-10-07T01:20:12.4795033Z do so (now or later) by using -c with the switch command. Example:
2026-10-07T01:20:12.4795479Z 
2026-10-07T01:20:12.4795667Z   git switch -c <new-branch-name>
2026-10-07T01:20:12.4795955Z 
2026-10-07T01:20:12.4796128Z Or undo this operation with:
2026-10-07T01:20:12.4796399Z 
2026-10-07T01:20:12.4796529Z   git switch -
2026-10-07T01:20:12.4796716Z 
2026-10-07T01:20:12.4797064Z Turn off this advice by setting config variable advice.detachedHead to false
2026-10-07T01:20:12.4797578Z 
2026-10-07T01:20:12.4798140Z HEAD is now at 8b8f20715 Merge cbd126200788b87d1a006c5853d8e9560148cd36 into 4b298efc95be7b4b6b7fe5665be9f3671f1fe747
2026-10-07T01:20:12.4866737Z ##[endgroup]
2026-10-07T01:20:12.4928858Z [command]/usr/bin/git log -1 --format=%H
2026-10-07T01:20:12.4959721Z 8b8f20715528122a7260d650f018a9a8b4bd29e5
2026-10-07T01:20:12.5246471Z ##[group]Run actions/setup-python@v5
2026-10-07T01:20:12.5246780Z with:
2026-10-07T01:20:12.5246979Z   python-version: 3.11
2026-10-07T01:20:12.5247194Z   cache: pip
2026-10-07T01:20:12.5247437Z   cache-dependency-path: backend/pyproject.toml
2026-10-07T01:20:12.5247740Z   check-latest: false
2026-10-07T01:20:12.5250508Z   token: ***
2026-10-07T01:20:12.5250728Z   update-environment: true
2026-10-07T01:20:12.5250968Z   allow-prereleases: false
2026-10-07T01:20:12.5251192Z   freethreaded: false
2026-10-07T01:20:12.5251397Z ##[endgroup]
2026-10-07T01:20:12.6607242Z ##[group]Installed versions
2026-10-07T01:20:12.6714921Z (node:3575) [DEP0040] DeprecationWarning: The `punycode` module is deprecated. Please use a userland alternative instead.
2026-10-07T01:20:12.6716147Z (Use `node --trace-deprecation ...` to show where the warning was created)
2026-10-07T01:20:12.6738849Z Successfully set up CPython (3.11.16)
2026-10-07T01:20:12.6740155Z ##[endgroup]
2026-10-07T01:20:12.7090135Z [command]/opt/hostedtoolcache/Python/3.11.16/x64/bin/pip cache dir
2026-10-07T01:20:13.0391213Z /home/runner/.cache/pip
2026-10-07T01:20:13.3196654Z Cache hit for: setup-python-Linux-x64-24.04-Ubuntu-python-3.11.16-pip-b895c9babfda1d10249511c619da3d95ed37f7d44247c5dff5f74d855af284be
2026-10-07T01:20:13.3309379Z (node:3575) [DEP0169] DeprecationWarning: `url.parse()` behavior is not standardized and prone to errors that have security implications. Use the WHATWG URL API instead. CVEs are not issued for `url.parse()` vulnerabilities.
2026-10-07T01:20:14.5921047Z Received 4194304 of 117236883 (3.6%), 4.0 MBs/sec
2026-10-07T01:20:15.5128543Z Received 117236883 of 117236883 (100.0%), 58.2 MBs/sec
2026-10-07T01:20:15.5130372Z Cache Size: ~112 MB (117236883 B)
2026-10-07T01:20:15.5185994Z [command]/usr/bin/tar -xf /home/runner/work/_temp/f7bcfa49-b983-44ef-b32f-5f0cc488f817/cache.tzst -P -C /home/runner/work/WMS/WMS --use-compress-program unzstd
2026-10-07T01:20:15.7367729Z Cache restored successfully
2026-10-07T01:20:15.7426044Z Cache restored from key: setup-python-Linux-x64-24.04-Ubuntu-python-3.11.16-pip-b895c9babfda1d10249511c619da3d95ed37f7d44247c5dff5f74d855af284be
2026-10-07T01:20:15.7639313Z ##[group]Run python -m pip install -U pip
2026-10-07T01:20:15.7639777Z [36;1mpython -m pip install -U pip[0m
2026-10-07T01:20:15.7640077Z [36;1mpip install -e ".[dev]"[0m
2026-10-07T01:20:15.7872662Z shell: /usr/bin/bash -e {0}
2026-10-07T01:20:15.7873102Z env:
2026-10-07T01:20:15.7873527Z   pythonLocation: /opt/hostedtoolcache/Python/3.11.16/x64
2026-10-07T01:20:15.7874257Z   PKG_CONFIG_PATH: /opt/hostedtoolcache/Python/3.11.16/x64/lib/pkgconfig
2026-10-07T01:20:15.7875223Z   Python_ROOT_DIR: /opt/hostedtoolcache/Python/3.11.16/x64
2026-10-07T01:20:15.7875838Z   Python2_ROOT_DIR: /opt/hostedtoolcache/Python/3.11.16/x64
2026-10-07T01:20:15.7876457Z   Python3_ROOT_DIR: /opt/hostedtoolcache/Python/3.11.16/x64
2026-10-07T01:20:15.7877083Z   LD_LIBRARY_PATH: /opt/hostedtoolcache/Python/3.11.16/x64/lib
2026-10-07T01:20:15.7877607Z ##[endgroup]
2026-10-07T01:20:16.3424603Z Requirement already satisfied: pip in /opt/hostedtoolcache/Python/3.11.16/x64/lib/python3.11/site-packages (26.2.1)
2026-10-07T01:20:16.8343715Z Obtaining file:///home/runner/work/WMS/WMS/backend
2026-10-07T01:20:16.8367409Z   Installing build dependencies: started
2026-10-07T01:20:17.4966342Z   Installing build dependencies: finished with status 'done'
2026-10-07T01:20:17.4973491Z   Checking if build backend supports build_editable: started
2026-10-07T01:20:17.8161933Z   Checking if build backend supports build_editable: finished with status 'done'
2026-10-07T01:20:17.8173981Z   Getting requirements to build editable: started
2026-10-07T01:20:18.1450356Z   Getting requirements to build editable: finished with status 'done'
2026-10-07T01:20:18.1460210Z   Preparing editable metadata (pyproject.toml): started
2026-10-07T01:20:18.3473761Z   Preparing editable metadata (pyproject.toml): finished with status 'done'
2026-10-07T01:20:18.4624908Z Collecting fastapi>=0.110 (from wms-backend==0.1.0)
2026-10-07T01:20:18.4643362Z   Using cached fastapi-0.142.2-py3-none-any.whl.metadata (27 kB)
2026-10-07T01:20:18.5117466Z Collecting uvicorn>=0.27 (from uvicorn[standard]>=0.27->wms-backend==0.1.0)
2026-10-07T01:20:18.5133752Z   Using cached uvicorn-0.54.0-py3-none-any.whl.metadata (6.6 kB)
2026-10-07T01:20:18.5332723Z Collecting python-multipart>=0.0.9 (from wms-backend==0.1.0)
2026-10-07T01:20:18.5348427Z   Using cached python_multipart-0.0.32-py3-none-any.whl.metadata (2.1 kB)
2026-10-07T01:20:18.6327345Z Collecting pydantic>=2.6 (from wms-backend==0.1.0)
2026-10-07T01:20:18.6345605Z   Using cached pydantic-2.13.5-py3-none-any.whl.metadata (110 kB)
2026-10-07T01:20:18.6569511Z Collecting pydantic-settings>=2.2 (from wms-backend==0.1.0)
2026-10-07T01:20:18.6584530Z   Using cached pydantic_settings-2.15.0-py3-none-any.whl.metadata (3.9 kB)
2026-10-07T01:20:18.9252809Z Collecting sqlalchemy<2.1,>=2.0 (from wms-backend==0.1.0)
2026-10-07T01:20:18.9270954Z   Using cached sqlalchemy-2.0.54-cp311-cp311-manylinux2014_x86_64.manylinux_2_17_x86_64.manylinux_2_28_x86_64.whl.metadata (9.7 kB)
2026-10-07T01:20:19.0807387Z Collecting greenlet>=3.0 (from wms-backend==0.1.0)
2026-10-07T01:20:19.0825885Z   Using cached greenlet-3.5.6-cp311-cp311-manylinux_2_24_x86_64.manylinux_2_28_x86_64.whl.metadata (3.8 kB)
2026-10-07T01:20:19.1072221Z Collecting alembic>=1.13 (from wms-backend==0.1.0)
2026-10-07T01:20:19.1087932Z   Using cached alembic-1.20.0-py3-none-any.whl.metadata (7.3 kB)
2026-10-07T01:20:19.1299799Z Collecting psycopg>=3.1 (from psycopg[binary]>=3.1->wms-backend==0.1.0)
2026-10-07T01:20:19.1315153Z   Using cached psycopg-3.3.6-py3-none-any.whl.metadata (4.4 kB)
2026-10-07T01:20:19.1735160Z Collecting bcrypt>=4.1 (from wms-backend==0.1.0)
2026-10-07T01:20:19.1752264Z   Using cached bcrypt-5.0.0-cp39-abi3-manylinux_2_34_x86_64.whl.metadata (10 kB)
2026-10-07T01:20:19.1970651Z Collecting pyjwt>=2.8 (from wms-backend==0.1.0)
2026-10-07T01:20:19.1986203Z   Using cached pyjwt-2.15.1-py3-none-any.whl.metadata (3.5 kB)
2026-10-07T01:20:19.2163808Z Collecting email-validator>=2.1 (from wms-backend==0.1.0)
2026-10-07T01:20:19.2179677Z   Using cached email_validator-2.3.0-py3-none-any.whl.metadata (26 kB)
2026-10-07T01:20:19.2593343Z Collecting celery>=5.3 (from celery[redis]>=5.3->wms-backend==0.1.0)
2026-10-07T01:20:19.2608271Z   Using cached celery-5.6.3-py3-none-any.whl.metadata (23 kB)
2026-10-07T01:20:19.2918134Z Collecting httpx>=0.27 (from wms-backend==0.1.0)
2026-10-07T01:20:19.2933296Z   Using cached httpx-0.28.1-py3-none-any.whl.metadata (7.1 kB)
2026-10-07T01:20:19.4639866Z Collecting cryptography>=42.0 (from wms-backend==0.1.0)
2026-10-07T01:20:19.4657999Z   Using cached cryptography-50.0.2-cp311-abi3-manylinux_2_34_x86_64.whl.metadata (4.4 kB)
2026-10-07T01:20:19.6213619Z Collecting pymupdf>=1.24 (from wms-backend==0.1.0)
2026-10-07T01:20:19.6231948Z   Using cached pymupdf-1.28.2-cp310-abi3-manylinux_2_28_x86_64.whl.metadata (26 kB)
2026-10-07T01:20:19.6509981Z Collecting zxing-cpp>=3.0 (from wms-backend==0.1.0)
2026-10-07T01:20:19.6526021Z   Using cached zxing_cpp-3.1.1-cp311-cp311-manylinux_2_27_x86_64.manylinux_2_28_x86_64.whl.metadata (2.3 kB)
2026-10-07T01:20:19.6727486Z Collecting openpyxl>=3.1 (from wms-backend==0.1.0)
2026-10-07T01:20:19.6743439Z   Using cached openpyxl-3.1.5-py2.py3-none-any.whl.metadata (2.5 kB)
2026-10-07T01:20:19.8776397Z Collecting boto3>=1.34 (from wms-backend==0.1.0)
2026-10-07T01:20:19.8794363Z   Using cached boto3-1.43.108-py3-none-any.whl.metadata (6.6 kB)
2026-10-07T01:20:20.2203446Z Collecting ruff>=0.4 (from wms-backend==0.1.0)
2026-10-07T01:20:20.2226048Z   Using cached ruff-0.16.10-py3-none-manylinux_2_17_x86_64.manylinux2014_x86_64.whl.metadata (20 kB)
2026-10-07T01:20:20.3250617Z Collecting mypy>=1.10 (from wms-backend==0.1.0)
2026-10-07T01:20:20.3269026Z   Using cached mypy-2.4.0-cp311-cp311-manylinux2014_x86_64.manylinux_2_17_x86_64.manylinux_2_28_x86_64.whl.metadata (2.4 kB)
2026-10-07T01:20:20.3952995Z Collecting pytest>=8.0 (from wms-backend==0.1.0)
2026-10-07T01:20:20.3969055Z   Using cached pytest-9.1.1-py3-none-any.whl.metadata (7.6 kB)
2026-10-07T01:20:20.4191584Z Collecting pytest-asyncio>=0.23 (from wms-backend==0.1.0)
2026-10-07T01:20:20.4206895Z   Using cached pytest_asyncio-1.4.0-py3-none-any.whl.metadata (4.1 kB)
2026-10-07T01:20:20.4414129Z Collecting pytest-xdist>=3.5 (from wms-backend==0.1.0)
2026-10-07T01:20:20.4429240Z   Using cached pytest_xdist-3.8.0-py3-none-any.whl.metadata (3.0 kB)
2026-10-07T01:20:20.4737662Z Collecting types-requests>=2.32.0.20240622 (from wms-backend==0.1.0)
2026-10-07T01:20:20.5920529Z   Downloading types_requests-2.33.0.20261006-py3-none-any.whl.metadata (2.2 kB)
2026-10-07T01:20:20.6108555Z Collecting aiosqlite>=0.20 (from wms-backend==0.1.0)
2026-10-07T01:20:20.6124678Z   Using cached aiosqlite-0.22.1-py3-none-any.whl.metadata (4.3 kB)
2026-10-07T01:20:20.6294095Z Collecting qrcode>=7.4 (from qrcode[pil]>=7.4; extra == "dev"->wms-backend==0.1.0)
2026-10-07T01:20:20.6310691Z   Using cached qrcode-8.2-py3-none-any.whl.metadata (17 kB)
2026-10-07T01:20:20.6473120Z Collecting pypng>=0.20220615 (from wms-backend==0.1.0)
2026-10-07T01:20:20.6488584Z   Using cached pypng-0.20220715.0-py3-none-any.whl.metadata (13 kB)
2026-10-07T01:20:20.6659663Z Collecting python-barcode>=0.15 (from wms-backend==0.1.0)
2026-10-07T01:20:20.6675141Z   Using cached python_barcode-0.16.1-py3-none-any.whl.metadata (2.7 kB)
2026-10-07T01:20:20.6904289Z Collecting typing-extensions>=4.6.0 (from sqlalchemy<2.1,>=2.0->wms-backend==0.1.0)
2026-10-07T01:20:20.6919463Z   Using cached typing_extensions-4.16.0-py3-none-any.whl.metadata (3.3 kB)
2026-10-07T01:20:20.7126279Z Collecting Mako (from alembic>=1.13->wms-backend==0.1.0)
2026-10-07T01:20:20.7141790Z   Using cached mako-1.4.3-py3-none-any.whl.metadata (2.9 kB)
2026-10-07T01:20:20.9189181Z Collecting botocore<1.44.0,>=1.43.108 (from boto3>=1.34->wms-backend==0.1.0)
2026-10-07T01:20:20.9206620Z   Using cached botocore-1.43.108-py3-none-any.whl.metadata (5.6 kB)
2026-10-07T01:20:20.9385794Z Collecting jmespath<2.0.0,>=0.7.1 (from boto3>=1.34->wms-backend==0.1.0)
2026-10-07T01:20:20.9401149Z   Using cached jmespath-1.1.0-py3-none-any.whl.metadata (7.6 kB)
2026-10-07T01:20:20.9593129Z Collecting s3transfer<0.20.0,>=0.19.0 (from boto3>=1.34->wms-backend==0.1.0)
2026-10-07T01:20:20.9607990Z   Using cached s3transfer-0.19.2-py3-none-any.whl.metadata (1.7 kB)
2026-10-07T01:20:20.9792715Z Collecting python-dateutil<3.0.0,>=2.1 (from botocore<1.44.0,>=1.43.108->boto3>=1.34->wms-backend==0.1.0)
2026-10-07T01:20:20.9807491Z   Using cached python_dateutil-2.9.0.post0-py2.py3-none-any.whl.metadata (8.4 kB)
2026-10-07T01:20:21.0064826Z Collecting urllib3!=2.2.0,<3,>=1.25.4 (from botocore<1.44.0,>=1.43.108->boto3>=1.34->wms-backend==0.1.0)
2026-10-07T01:20:21.0080797Z   Using cached urllib3-2.8.0-py3-none-any.whl.metadata (7.4 kB)
2026-10-07T01:20:21.0274037Z Collecting six>=1.5 (from python-dateutil<3.0.0,>=2.1->botocore<1.44.0,>=1.43.108->boto3>=1.34->wms-backend==0.1.0)
2026-10-07T01:20:21.0290307Z   Using cached six-1.17.0-py2.py3-none-any.whl.metadata (1.7 kB)
2026-10-07T01:20:21.0755926Z Collecting billiard<5.0,>=4.2.1 (from celery>=5.3->celery[redis]>=5.3->wms-backend==0.1.0)
2026-10-07T01:20:21.0981495Z   Downloading billiard-4.3.1-py3-none-any.whl.metadata (5.0 kB)
2026-10-07T01:20:21.1353055Z Collecting kombu>=5.6.0 (from celery>=5.3->celery[redis]>=5.3->wms-backend==0.1.0)
2026-10-07T01:20:21.1368658Z   Using cached kombu-5.6.2-py3-none-any.whl.metadata (3.5 kB)
2026-10-07T01:20:21.1573418Z Collecting vine<6.0,>=5.1.0 (from celery>=5.3->celery[redis]>=5.3->wms-backend==0.1.0)
2026-10-07T01:20:21.1587590Z   Using cached vine-5.1.0-py3-none-any.whl.metadata (2.7 kB)
2026-10-07T01:20:21.1788115Z Collecting click<9.0,>=8.1.2 (from celery>=5.3->celery[redis]>=5.3->wms-backend==0.1.0)
2026-10-07T01:20:21.1802812Z   Using cached click-8.5.0-py3-none-any.whl.metadata (2.6 kB)
2026-10-07T01:20:21.1956210Z Collecting click-didyoumean>=0.3.0 (from celery>=5.3->celery[redis]>=5.3->wms-backend==0.1.0)
2026-10-07T01:20:21.1970497Z   Using cached click_didyoumean-0.3.1-py3-none-any.whl.metadata (3.9 kB)
2026-10-07T01:20:21.2147693Z Collecting click-repl>=0.2.0 (from celery>=5.3->celery[redis]>=5.3->wms-backend==0.1.0)
2026-10-07T01:20:21.2377270Z   Downloading click_repl-0.4.1-py3-none-any.whl.metadata (3.7 kB)
2026-10-07T01:20:21.2558074Z Collecting click-plugins>=1.1.1 (from celery>=5.3->celery[redis]>=5.3->wms-backend==0.1.0)
2026-10-07T01:20:21.2572776Z   Using cached click_plugins-1.1.1.2-py2.py3-none-any.whl.metadata (6.5 kB)
2026-10-07T01:20:21.2812542Z Collecting tzlocal (from celery>=5.3->celery[redis]>=5.3->wms-backend==0.1.0)
2026-10-07T01:20:21.2826811Z   Using cached tzlocal-5.4.4-py3-none-any.whl.metadata (7.7 kB)
2026-10-07T01:20:21.3181450Z Collecting prompt_toolkit>=3.0.36 (from click-repl>=0.2.0->celery>=5.3->celery[redis]>=5.3->wms-backend==0.1.0)
2026-10-07T01:20:21.3195338Z   Using cached prompt_toolkit-3.0.53-py3-none-any.whl.metadata (6.4 kB)
2026-10-07T01:20:21.4647335Z Collecting cffi>=2.0.0 (from cryptography>=42.0->wms-backend==0.1.0)
2026-10-07T01:20:21.4665701Z   Using cached cffi-2.1.1-cp311-cp311-manylinux2014_x86_64.manylinux_2_17_x86_64.whl.metadata (2.5 kB)
2026-10-07T01:20:21.4837591Z Collecting pycparser (from cffi>=2.0.0->cryptography>=42.0->wms-backend==0.1.0)
2026-10-07T01:20:21.4853947Z   Using cached pycparser-3.0-py3-none-any.whl.metadata (8.2 kB)
2026-10-07T01:20:21.5057851Z Collecting dnspython>=2.0.0 (from email-validator>=2.1->wms-backend==0.1.0)
2026-10-07T01:20:21.5074751Z   Using cached dnspython-2.8.0-py3-none-any.whl.metadata (5.7 kB)
2026-10-07T01:20:21.5301333Z Collecting idna>=2.0.0 (from email-validator>=2.1->wms-backend==0.1.0)
2026-10-07T01:20:21.5318065Z   Using cached idna-3.20-py3-none-any.whl.metadata (7.2 kB)
2026-10-07T01:20:21.5616880Z Collecting starlette>=0.46.0 (from fastapi>=0.110->wms-backend==0.1.0)
2026-10-07T01:20:21.5634629Z   Using cached starlette-1.7.0-py3-none-any.whl.metadata (6.6 kB)
2026-10-07T01:20:21.5842619Z Collecting typing-inspection>=0.4.2 (from fastapi>=0.110->wms-backend==0.1.0)
2026-10-07T01:20:21.5858323Z   Using cached typing_inspection-0.4.4-py3-none-any.whl.metadata (2.6 kB)
2026-10-07T01:20:21.6011500Z Collecting annotated-doc>=0.0.2 (from fastapi>=0.110->wms-backend==0.1.0)
2026-10-07T01:20:21.6028909Z   Using cached annotated_doc-0.0.5-py3-none-any.whl.metadata (6.5 kB)
2026-10-07T01:20:21.6289063Z Collecting opentelemetry-api>=1.44.0 (from fastapi>=0.110->wms-backend==0.1.0)
2026-10-07T01:20:21.6496267Z   Downloading opentelemetry_api-1.45.1-py3-none-any.whl.metadata (1.4 kB)
2026-10-07T01:20:21.6787533Z Collecting anyio (from httpx>=0.27->wms-backend==0.1.0)
2026-10-07T01:20:21.6806127Z   Using cached anyio-4.15.1-py3-none-any.whl.metadata (4.7 kB)
2026-10-07T01:20:21.7061580Z Collecting certifi (from httpx>=0.27->wms-backend==0.1.0)
2026-10-07T01:20:21.7079900Z   Using cached certifi-2026.7.22-py3-none-any.whl.metadata (2.5 kB)
2026-10-07T01:20:21.7296833Z Collecting httpcore==1.* (from httpx>=0.27->wms-backend==0.1.0)
2026-10-07T01:20:21.7314046Z   Using cached httpcore-1.0.9-py3-none-any.whl.metadata (21 kB)
2026-10-07T01:20:21.7497746Z Collecting h11>=0.16 (from httpcore==1.*->httpx>=0.27->wms-backend==0.1.0)
2026-10-07T01:20:21.7514214Z   Using cached h11-0.16.0-py3-none-any.whl.metadata (8.3 kB)
2026-10-07T01:20:21.7768332Z Collecting amqp<6.0.0,>=5.1.1 (from kombu>=5.6.0->celery>=5.3->celery[redis]>=5.3->wms-backend==0.1.0)
2026-10-07T01:20:21.8018965Z   Downloading amqp-5.4.1-py3-none-any.whl.metadata (9.4 kB)
2026-10-07T01:20:21.8237449Z Collecting tzdata>=2025.2 (from kombu>=5.6.0->celery>=5.3->celery[redis]>=5.3->wms-backend==0.1.0)
2026-10-07T01:20:21.8253670Z   Using cached tzdata-2026.5-py2.py3-none-any.whl.metadata (1.4 kB)
2026-10-07T01:20:21.8457618Z Collecting packaging (from kombu>=5.6.0->celery>=5.3->celery[redis]>=5.3->wms-backend==0.1.0)
2026-10-07T01:20:21.8473918Z   Using cached packaging-26.3-py3-none-any.whl.metadata (3.5 kB)
2026-10-07T01:20:21.8682733Z Collecting mypy_extensions>=1.0.0 (from mypy>=1.10->wms-backend==0.1.0)
2026-10-07T01:20:21.8699359Z   Using cached mypy_extensions-1.1.0-py3-none-any.whl.metadata (1.1 kB)
2026-10-07T01:20:21.8868335Z Collecting pathspec>=1.0.0 (from mypy>=1.10->wms-backend==0.1.0)
2026-10-07T01:20:21.8883553Z   Using cached pathspec-1.1.1-py3-none-any.whl.metadata (14 kB)
2026-10-07T01:20:22.0232642Z Collecting librt>=0.16.0 (from mypy>=1.10->wms-backend==0.1.0)
2026-10-07T01:20:22.0254696Z   Using cached librt-0.16.0-cp311-cp311-manylinux2014_x86_64.manylinux_2_17_x86_64.manylinux_2_28_x86_64.whl.metadata (1.3 kB)
2026-10-07T01:20:22.0760001Z Collecting ast-serialize<1.0.0,>=0.11.2 (from mypy>=1.10->wms-backend==0.1.0)
2026-10-07T01:20:22.0776854Z   Using cached ast_serialize-0.12.1-cp39-abi3-manylinux_2_17_x86_64.manylinux2014_x86_64.whl.metadata (1.4 kB)
2026-10-07T01:20:22.0959354Z Collecting et-xmlfile (from openpyxl>=3.1->wms-backend==0.1.0)
2026-10-07T01:20:22.0975793Z   Using cached et_xmlfile-2.0.0-py3-none-any.whl.metadata (2.7 kB)
2026-10-07T01:20:22.1271395Z Collecting wcwidth>=0.1.4 (from prompt_toolkit>=3.0.36->click-repl>=0.2.0->celery>=5.3->celery[redis]>=5.3->wms-backend==0.1.0)
2026-10-07T01:20:22.1479034Z   Downloading wcwidth-0.9.2-cp310-abi3-manylinux2014_x86_64.manylinux_2_17_x86_64.whl.metadata (23 kB)
2026-10-07T01:20:22.3860377Z Collecting psycopg-binary==3.3.6 (from psycopg[binary]>=3.1->wms-backend==0.1.0)
2026-10-07T01:20:22.3878892Z   Using cached psycopg_binary-3.3.6-cp311-cp311-manylinux2014_x86_64.manylinux_2_17_x86_64.whl.metadata (2.7 kB)
2026-10-07T01:20:22.4059229Z Collecting annotated-types>=0.6.0 (from pydantic>=2.6->wms-backend==0.1.0)
2026-10-07T01:20:22.4074382Z   Using cached annotated_types-0.8.0-py3-none-any.whl.metadata (15 kB)
2026-10-07T01:20:23.1099582Z Collecting pydantic-core==2.46.5 (from pydantic>=2.6->wms-backend==0.1.0)
2026-10-07T01:20:23.1116980Z   Using cached pydantic_core-2.46.5-cp311-cp311-manylinux_2_17_x86_64.manylinux2014_x86_64.whl.metadata (6.6 kB)
2026-10-07T01:20:23.1375230Z Collecting python-dotenv>=0.21.0 (from pydantic-settings>=2.2->wms-backend==0.1.0)
2026-10-07T01:20:23.1390772Z   Using cached python_dotenv-1.2.4-py3-none-any.whl.metadata (29 kB)
2026-10-07T01:20:23.1598312Z Collecting iniconfig>=1.0.1 (from pytest>=8.0->wms-backend==0.1.0)
2026-10-07T01:20:23.1822772Z   Downloading iniconfig-2.3.1-py3-none-any.whl.metadata (2.8 kB)
2026-10-07T01:20:23.2012976Z Collecting pluggy<2,>=1.5 (from pytest>=8.0->wms-backend==0.1.0)
2026-10-07T01:20:23.2028741Z   Using cached pluggy-1.6.0-py3-none-any.whl.metadata (4.8 kB)
2026-10-07T01:20:23.2243979Z Collecting pygments>=2.7.2 (from pytest>=8.0->wms-backend==0.1.0)
2026-10-07T01:20:23.2260146Z   Using cached pygments-2.21.0-py3-none-any.whl.metadata (2.5 kB)
2026-10-07T01:20:23.2498897Z Collecting execnet>=2.1 (from pytest-xdist>=3.5->wms-backend==0.1.0)
2026-10-07T01:20:23.2516952Z   Using cached execnet-2.1.2-py3-none-any.whl.metadata (2.9 kB)
2026-10-07T01:20:23.4332684Z Collecting pillow>=9.1.0 (from qrcode[pil]>=7.4; extra == "dev"->wms-backend==0.1.0)
2026-10-07T01:20:23.4349904Z   Using cached pillow-12.3.0-cp311-cp311-manylinux_2_27_x86_64.manylinux_2_28_x86_64.whl.metadata (9.1 kB)
2026-10-07T01:20:23.4888203Z Collecting httptools>=0.8.0 (from uvicorn[standard]>=0.27->wms-backend==0.1.0)
2026-10-07T01:20:23.4904542Z   Using cached httptools-0.8.0-cp311-cp311-manylinux1_x86_64.manylinux_2_28_x86_64.manylinux_2_5_x86_64.whl.metadata (3.5 kB)
2026-10-07T01:20:23.5300865Z Collecting pyyaml>=5.1 (from uvicorn[standard]>=0.27->wms-backend==0.1.0)
2026-10-07T01:20:23.5317591Z   Using cached pyyaml-6.0.3-cp311-cp311-manylinux2014_x86_64.manylinux_2_17_x86_64.manylinux_2_28_x86_64.whl.metadata (2.4 kB)
2026-10-07T01:20:23.5766163Z Collecting uvloop>=0.15.1 (from uvicorn[standard]>=0.27->wms-backend==0.1.0)
2026-10-07T01:20:23.5782784Z   Using cached uvloop-0.23.0-cp311-cp311-manylinux2014_x86_64.manylinux_2_17_x86_64.manylinux_2_28_x86_64.whl.metadata (5.1 kB)
2026-10-07T01:20:23.7454931Z Collecting watchfiles>=0.20 (from uvicorn[standard]>=0.27->wms-backend==0.1.0)
2026-10-07T01:20:23.7472672Z   Using cached watchfiles-1.3.0-cp310-abi3-manylinux_2_17_x86_64.manylinux2014_x86_64.whl.metadata (4.9 kB)
2026-10-07T01:20:23.8562449Z Collecting websockets>=13.0 (from uvicorn[standard]>=0.27->wms-backend==0.1.0)
2026-10-07T01:20:23.8579980Z   Using cached websockets-17.2-cp311-cp311-manylinux1_x86_64.manylinux_2_28_x86_64.manylinux_2_5_x86_64.whl.metadata (6.3 kB)
2026-10-07T01:20:23.9065919Z Collecting redis!=4.5.5,!=5.0.2,<6.5,>=4.5.2 (from kombu[redis]; extra == "redis"->celery[redis]>=5.3->wms-backend==0.1.0)
2026-10-07T01:20:23.9081628Z   Using cached redis-6.4.0-py3-none-any.whl.metadata (10 kB)
2026-10-07T01:20:23.9673685Z Collecting MarkupSafe>=2.0 (from Mako->alembic>=1.13->wms-backend==0.1.0)
2026-10-07T01:20:23.9689786Z   Using cached markupsafe-3.0.4-cp311-cp311-manylinux2014_x86_64.manylinux_2_17_x86_64.manylinux_2_28_x86_64.whl.metadata (2.7 kB)
2026-10-07T01:20:23.9754646Z Using cached sqlalchemy-2.0.54-cp311-cp311-manylinux2014_x86_64.manylinux_2_17_x86_64.manylinux_2_28_x86_64.whl (3.4 MB)
2026-10-07T01:20:23.9781827Z Using cached aiosqlite-0.22.1-py3-none-any.whl (17 kB)
2026-10-07T01:20:23.9796300Z Using cached alembic-1.20.0-py3-none-any.whl (268 kB)
2026-10-07T01:20:23.9812020Z Using cached bcrypt-5.0.0-cp39-abi3-manylinux_2_34_x86_64.whl (278 kB)
2026-10-07T01:20:23.9827223Z Using cached boto3-1.43.108-py3-none-any.whl (140 kB)
2026-10-07T01:20:23.9842073Z Using cached botocore-1.43.108-py3-none-any.whl (16.0 MB)
2026-10-07T01:20:23.9913991Z Using cached jmespath-1.1.0-py3-none-any.whl (20 kB)
2026-10-07T01:20:23.9928595Z Using cached python_dateutil-2.9.0.post0-py2.py3-none-any.whl (229 kB)
2026-10-07T01:20:23.9943741Z Using cached s3transfer-0.19.2-py3-none-any.whl (90 kB)
2026-10-07T01:20:23.9958284Z Using cached urllib3-2.8.0-py3-none-any.whl (135 kB)
2026-10-07T01:20:23.9973195Z Using cached celery-5.6.3-py3-none-any.whl (451 kB)
2026-10-07T01:20:24.0183390Z Downloading billiard-4.3.1-py3-none-any.whl (90 kB)
2026-10-07T01:20:24.0444843Z Using cached click-8.5.0-py3-none-any.whl (125 kB)
2026-10-07T01:20:24.0459882Z Using cached vine-5.1.0-py3-none-any.whl (9.6 kB)
2026-10-07T01:20:24.0474314Z Using cached click_didyoumean-0.3.1-py3-none-any.whl (3.6 kB)
2026-10-07T01:20:24.0487796Z Using cached click_plugins-1.1.1.2-py2.py3-none-any.whl (11 kB)
2026-10-07T01:20:24.0697458Z Downloading click_repl-0.4.1-py3-none-any.whl (14 kB)
2026-10-07T01:20:24.0735835Z Using cached cryptography-50.0.2-cp311-abi3-manylinux_2_34_x86_64.whl (4.8 MB)
2026-10-07T01:20:24.0766938Z Using cached cffi-2.1.1-cp311-cp311-manylinux2014_x86_64.manylinux_2_17_x86_64.whl (217 kB)
2026-10-07T01:20:24.0781646Z Using cached email_validator-2.3.0-py3-none-any.whl (35 kB)
2026-10-07T01:20:24.0795588Z Using cached dnspython-2.8.0-py3-none-any.whl (331 kB)
2026-10-07T01:20:24.0811029Z Using cached fastapi-0.142.2-py3-none-any.whl (144 kB)
2026-10-07T01:20:24.0825319Z Using cached annotated_doc-0.0.5-py3-none-any.whl (5.3 kB)
2026-10-07T01:20:24.0839410Z Using cached greenlet-3.5.6-cp311-cp311-manylinux_2_24_x86_64.manylinux_2_28_x86_64.whl (624 kB)
2026-10-07T01:20:24.0855470Z Using cached httpx-0.28.1-py3-none-any.whl (73 kB)
2026-10-07T01:20:24.0869801Z Using cached httpcore-1.0.9-py3-none-any.whl (78 kB)
2026-10-07T01:20:24.0883735Z Using cached h11-0.16.0-py3-none-any.whl (37 kB)
2026-10-07T01:20:24.0897439Z Using cached idna-3.20-py3-none-any.whl (69 kB)
2026-10-07T01:20:24.0911581Z Using cached kombu-5.6.2-py3-none-any.whl (214 kB)
2026-10-07T01:20:24.1116412Z Downloading amqp-5.4.1-py3-none-any.whl (51 kB)
2026-10-07T01:20:24.1181584Z Using cached mypy-2.4.0-cp311-cp311-manylinux2014_x86_64.manylinux_2_17_x86_64.manylinux_2_28_x86_64.whl (15.4 MB)
2026-10-07T01:20:24.1251456Z Using cached ast_serialize-0.12.1-cp39-abi3-manylinux_2_17_x86_64.manylinux2014_x86_64.whl (1.3 MB)
2026-10-07T01:20:24.1270812Z Using cached librt-0.16.0-cp311-cp311-manylinux2014_x86_64.manylinux_2_17_x86_64.manylinux_2_28_x86_64.whl (515 kB)
2026-10-07T01:20:24.1286146Z Using cached mypy_extensions-1.1.0-py3-none-any.whl (5.0 kB)
2026-10-07T01:20:24.1300125Z Using cached openpyxl-3.1.5-py2.py3-none-any.whl (250 kB)
2026-10-07T01:20:24.1520886Z Downloading opentelemetry_api-1.45.1-py3-none-any.whl (60 kB)
2026-10-07T01:20:24.1583460Z Using cached pathspec-1.1.1-py3-none-any.whl (57 kB)
2026-10-07T01:20:24.1597751Z Using cached prompt_toolkit-3.0.53-py3-none-any.whl (392 kB)
2026-10-07T01:20:24.1613471Z Using cached psycopg-3.3.6-py3-none-any.whl (215 kB)
2026-10-07T01:20:24.1628710Z Using cached psycopg_binary-3.3.6-cp311-cp311-manylinux2014_x86_64.manylinux_2_17_x86_64.whl (5.3 MB)
2026-10-07T01:20:24.1661264Z Using cached pydantic-2.13.5-py3-none-any.whl (472 kB)
2026-10-07T01:20:24.1677393Z Using cached pydantic_core-2.46.5-cp311-cp311-manylinux_2_17_x86_64.manylinux2014_x86_64.whl (2.1 MB)
2026-10-07T01:20:24.1698731Z Using cached annotated_types-0.8.0-py3-none-any.whl (13 kB)
2026-10-07T01:20:24.1713531Z Using cached pydantic_settings-2.15.0-py3-none-any.whl (69 kB)
2026-10-07T01:20:24.1727478Z Using cached pyjwt-2.15.1-py3-none-any.whl (33 kB)
2026-10-07T01:20:24.1741812Z Using cached pymupdf-1.28.2-cp310-abi3-manylinux_2_28_x86_64.whl (25.8 MB)
2026-10-07T01:20:24.1851440Z Using cached pypng-0.20220715.0-py3-none-any.whl (58 kB)
2026-10-07T01:20:24.1866280Z Using cached pytest-9.1.1-py3-none-any.whl (386 kB)
2026-10-07T01:20:24.1882835Z Using cached pluggy-1.6.0-py3-none-any.whl (20 kB)
2026-10-07T01:20:24.2092519Z Downloading iniconfig-2.3.1-py3-none-any.whl (7.6 kB)
2026-10-07T01:20:24.2126939Z Using cached packaging-26.3-py3-none-any.whl (129 kB)
2026-10-07T01:20:24.2142484Z Using cached pygments-2.21.0-py3-none-any.whl (1.3 MB)
2026-10-07T01:20:24.2161530Z Using cached pytest_asyncio-1.4.0-py3-none-any.whl (16 kB)
2026-10-07T01:20:24.2175575Z Using cached pytest_xdist-3.8.0-py3-none-any.whl (46 kB)
2026-10-07T01:20:24.2189821Z Using cached execnet-2.1.2-py3-none-any.whl (40 kB)
2026-10-07T01:20:24.2203934Z Using cached python_barcode-0.16.1-py3-none-any.whl (228 kB)
2026-10-07T01:20:24.2218549Z Using cached python_dotenv-1.2.4-py3-none-any.whl (23 kB)
2026-10-07T01:20:24.2232869Z Using cached python_multipart-0.0.32-py3-none-any.whl (30 kB)
2026-10-07T01:20:24.2246868Z Using cached qrcode-8.2-py3-none-any.whl (45 kB)
2026-10-07T01:20:24.2261385Z Using cached pillow-12.3.0-cp311-cp311-manylinux_2_27_x86_64.manylinux_2_28_x86_64.whl (6.9 MB)
2026-10-07T01:20:24.2300941Z Using cached ruff-0.16.10-py3-none-manylinux_2_17_x86_64.manylinux2014_x86_64.whl (10.4 MB)
2026-10-07T01:20:24.2352043Z Using cached six-1.17.0-py2.py3-none-any.whl (11 kB)
2026-10-07T01:20:24.2365751Z Using cached starlette-1.7.0-py3-none-any.whl (78 kB)
2026-10-07T01:20:24.2380158Z Using cached anyio-4.15.1-py3-none-any.whl (132 kB)
2026-10-07T01:20:24.2589058Z Downloading types_requests-2.33.0.20261006-py3-none-any.whl (21 kB)
2026-10-07T01:20:24.2622902Z Using cached typing_extensions-4.16.0-py3-none-any.whl (45 kB)
2026-10-07T01:20:24.2637023Z Using cached typing_inspection-0.4.4-py3-none-any.whl (14 kB)
2026-10-07T01:20:24.2651497Z Using cached tzdata-2026.5-py2.py3-none-any.whl (347 kB)
2026-10-07T01:20:24.2666736Z Using cached uvicorn-0.54.0-py3-none-any.whl (87 kB)
2026-10-07T01:20:24.2681970Z Using cached httptools-0.8.0-cp311-cp311-manylinux1_x86_64.manylinux_2_28_x86_64.manylinux_2_5_x86_64.whl (464 kB)
2026-10-07T01:20:24.2697710Z Using cached pyyaml-6.0.3-cp311-cp311-manylinux2014_x86_64.manylinux_2_17_x86_64.manylinux_2_28_x86_64.whl (806 kB)
2026-10-07T01:20:24.2715091Z Using cached uvloop-0.23.0-cp311-cp311-manylinux2014_x86_64.manylinux_2_17_x86_64.manylinux_2_28_x86_64.whl (4.0 MB)
2026-10-07T01:20:24.2743763Z Using cached watchfiles-1.3.0-cp310-abi3-manylinux_2_17_x86_64.manylinux2014_x86_64.whl (458 kB)
2026-10-07T01:20:24.2955962Z Downloading wcwidth-0.9.2-cp310-abi3-manylinux2014_x86_64.manylinux_2_17_x86_64.whl (769 kB)
2026-10-07T01:20:24.3739060Z    ━━━━━━━━━━━━━━━━━━━━━━━━━━━━━━━━━━━━━━━━ 769.8/769.8 kB 13.0 MB/s  0:00:00
2026-10-07T01:20:24.3757740Z Using cached websockets-17.2-cp311-cp311-manylinux1_x86_64.manylinux_2_28_x86_64.manylinux_2_5_x86_64.whl (225 kB)
2026-10-07T01:20:24.3773991Z Using cached zxing_cpp-3.1.1-cp311-cp311-manylinux_2_27_x86_64.manylinux_2_28_x86_64.whl (1.1 MB)
2026-10-07T01:20:24.3793487Z Using cached certifi-2026.7.22-py3-none-any.whl (136 kB)
2026-10-07T01:20:24.3808249Z Using cached et_xmlfile-2.0.0-py3-none-any.whl (18 kB)
2026-10-07T01:20:24.3822377Z Using cached redis-6.4.0-py3-none-any.whl (279 kB)
2026-10-07T01:20:24.3837458Z Using cached mako-1.4.3-py3-none-any.whl (80 kB)
2026-10-07T01:20:24.3852836Z Using cached markupsafe-3.0.4-cp311-cp311-manylinux2014_x86_64.manylinux_2_17_x86_64.manylinux_2_28_x86_64.whl (22 kB)
2026-10-07T01:20:24.3866188Z Using cached pycparser-3.0-py3-none-any.whl (48 kB)
2026-10-07T01:20:24.3880385Z Using cached tzlocal-5.4.4-py3-none-any.whl (18 kB)
2026-10-07T01:20:24.6430504Z Building wheels for collected packages: wms-backend
2026-10-07T01:20:24.6439061Z   Building editable for wms-backend (pyproject.toml): started
2026-10-07T01:20:24.8784392Z   Building editable for wms-backend (pyproject.toml): finished with status 'done'
2026-10-07T01:20:24.8790943Z   Created wheel for wms-backend: filename=wms_backend-0.1.0-0.editable-py3-none-any.whl size=3077 sha256=3cabac0e58baa55967487c8ea0173ced797ac9b540d8113c0c12ee7faf05139c
2026-10-07T01:20:24.8793040Z   Stored in directory: /tmp/pip-ephem-wheel-cache-ant10d79/wheels/26/11/5b/89ad3c9e29691b924ee9e05063c147a3e1befbcc743214281d
2026-10-07T01:20:24.8808991Z Successfully built wms-backend
2026-10-07T01:20:25.0189305Z Installing collected packages: pypng, zxing-cpp, websockets, wcwidth, vine, uvloop, urllib3, tzlocal, tzdata, typing-extensions, six, ruff, redis, qrcode, pyyaml, python-multipart, python-dotenv, python-barcode, pymupdf, pyjwt, pygments, pycparser, psycopg-binary, pluggy, pillow, pathspec, packaging, mypy_extensions, MarkupSafe, librt, jmespath, iniconfig, idna, httptools, h11, greenlet, execnet, et-xmlfile, dnspython, click, certifi, billiard, bcrypt, ast-serialize, annotated-types, annotated-doc, aiosqlite, uvicorn, typing-inspection, types-requests, sqlalchemy, python-dateutil, pytest, pydantic-core, psycopg, prompt_toolkit, opentelemetry-api, openpyxl, mypy, Mako, httpcore, email-validator, click-plugins, click-didyoumean, cffi, anyio, amqp, watchfiles, starlette, pytest-xdist, pytest-asyncio, pydantic, kombu, httpx, cryptography, click-repl, botocore, alembic, s3transfer, pydantic-settings, fastapi, celery, boto3, wms-backend
2026-10-07T01:20:34.8643511Z 
2026-10-07T01:20:34.8687514Z Successfully installed Mako-1.4.3 MarkupSafe-3.0.4 aiosqlite-0.22.1 alembic-1.20.0 amqp-5.4.1 annotated-doc-0.0.5 annotated-types-0.8.0 anyio-4.15.1 ast-serialize-0.12.1 bcrypt-5.0.0 billiard-4.3.1 boto3-1.43.108 botocore-1.43.108 celery-5.6.3 certifi-2026.7.22 cffi-2.1.1 click-8.5.0 click-didyoumean-0.3.1 click-plugins-1.1.1.2 click-repl-0.4.1 cryptography-50.0.2 dnspython-2.8.0 email-validator-2.3.0 et-xmlfile-2.0.0 execnet-2.1.2 fastapi-0.142.2 greenlet-3.5.6 h11-0.16.0 httpcore-1.0.9 httptools-0.8.0 httpx-0.28.1 idna-3.20 iniconfig-2.3.1 jmespath-1.1.0 kombu-5.6.2 librt-0.16.0 mypy-2.4.0 mypy_extensions-1.1.0 openpyxl-3.1.5 opentelemetry-api-1.45.1 packaging-26.3 pathspec-1.1.1 pillow-12.3.0 pluggy-1.6.0 prompt_toolkit-3.0.53 psycopg-3.3.6 psycopg-binary-3.3.6 pycparser-3.0 pydantic-2.13.5 pydantic-core-2.46.5 pydantic-settings-2.15.0 pygments-2.21.0 pyjwt-2.15.1 pymupdf-1.28.2 pypng-0.20220715.0 pytest-9.1.1 pytest-asyncio-1.4.0 pytest-xdist-3.8.0 python-barcode-0.16.1 python-dateutil-2.9.0.post0 python-dotenv-1.2.4 python-multipart-0.0.32 pyyaml-6.0.3 qrcode-8.2 redis-6.4.0 ruff-0.16.10 s3transfer-0.19.2 six-1.17.0 sqlalchemy-2.0.54 starlette-1.7.0 types-requests-2.33.0.20261006 typing-extensions-4.16.0 typing-inspection-0.4.4 tzdata-2026.5 tzlocal-5.4.4 urllib3-2.8.0 uvicorn-0.54.0 uvloop-0.23.0 vine-5.1.0 watchfiles-1.3.0 wcwidth-0.9.2 websockets-17.2 wms-backend-0.1.0 zxing-cpp-3.1.1
2026-10-07T01:20:35.4842327Z ##[group]Run ruff check .
2026-10-07T01:20:35.4842649Z [36;1mruff check .[0m
2026-10-07T01:20:35.4908918Z shell: /usr/bin/bash -e {0}
2026-10-07T01:20:35.4909238Z env:
2026-10-07T01:20:35.4909552Z   pythonLocation: /opt/hostedtoolcache/Python/3.11.16/x64
2026-10-07T01:20:35.4910084Z   PKG_CONFIG_PATH: /opt/hostedtoolcache/Python/3.11.16/x64/lib/pkgconfig
2026-10-07T01:20:35.4910594Z   Python_ROOT_DIR: /opt/hostedtoolcache/Python/3.11.16/x64
2026-10-07T01:20:35.4911046Z   Python2_ROOT_DIR: /opt/hostedtoolcache/Python/3.11.16/x64
2026-10-07T01:20:35.4911506Z   Python3_ROOT_DIR: /opt/hostedtoolcache/Python/3.11.16/x64
2026-10-07T01:20:35.4911960Z   LD_LIBRARY_PATH: /opt/hostedtoolcache/Python/3.11.16/x64/lib
2026-10-07T01:20:35.4912347Z ##[endgroup]
2026-10-07T01:20:35.7917766Z E501 Line too long (105 > 100)
2026-10-07T01:20:35.7918915Z   --> tests/test_prod_deploy_backup_gate_boundary.py:31:101
2026-10-07T01:20:35.7919498Z    |
2026-10-07T01:20:35.7920128Z 29 |         {"show_empty": True} if "show_empty" in inspect.signature(ast.dump).parameters else {}
2026-10-07T01:20:35.7920769Z 30 |     )
2026-10-07T01:20:35.7921399Z 31 |     assertions = [ast.dump(node, include_attributes=False, **dump_options) for node in ast.walk(function)
2026-10-07T01:20:35.7922284Z    |                                                                                                     ^^^^^
2026-10-07T01:20:35.7922887Z 32 |                   if isinstance(node, ast.Assert)]
2026-10-07T01:20:35.7923376Z 33 |     assert len(assertions) == 23
2026-10-07T01:20:35.7923784Z    |
2026-10-07T01:20:35.7923947Z 
2026-10-07T01:20:35.7924081Z Found 1 error.
2026-10-07T01:20:35.7951916Z ##[error]Process completed with exit code 1.
2026-10-07T01:20:35.8086242Z ##[group]Run actions/upload-artifact@v4
2026-10-07T01:20:35.8086559Z with:
2026-10-07T01:20:35.8086963Z   name: backend-checks-contracts-8b8f20715528122a7260d650f018a9a8b4bd29e5-37556521625-1
2026-10-07T01:20:35.8087604Z   path: /home/runner/work/_temp/release-postgres
/home/runner/work/_temp/native-print.xml

2026-10-07T01:20:35.8088052Z   retention-days: 14
2026-10-07T01:20:35.8088274Z   if-no-files-found: warn
2026-10-07T01:20:35.8088834Z   compression-level: 6
2026-10-07T01:20:35.8089065Z   overwrite: false
2026-10-07T01:20:35.8089283Z   include-hidden-files: false
2026-10-07T01:20:35.8089514Z env:
2026-10-07T01:20:35.8089770Z   pythonLocation: /opt/hostedtoolcache/Python/3.11.16/x64
2026-10-07T01:20:35.8090216Z   PKG_CONFIG_PATH: /opt/hostedtoolcache/Python/3.11.16/x64/lib/pkgconfig
2026-10-07T01:20:35.8090647Z   Python_ROOT_DIR: /opt/hostedtoolcache/Python/3.11.16/x64
2026-10-07T01:20:35.8091028Z   Python2_ROOT_DIR: /opt/hostedtoolcache/Python/3.11.16/x64
2026-10-07T01:20:35.8091462Z   Python3_ROOT_DIR: /opt/hostedtoolcache/Python/3.11.16/x64
2026-10-07T01:20:35.8091855Z   LD_LIBRARY_PATH: /opt/hostedtoolcache/Python/3.11.16/x64/lib
2026-10-07T01:20:35.8092388Z ##[endgroup]
2026-10-07T01:20:35.9813227Z (node:3972) [DEP0040] DeprecationWarning: The `punycode` module is deprecated. Please use a userland alternative instead.
2026-10-07T01:20:35.9814505Z (Use `node --trace-deprecation ...` to show where the warning was created)
2026-10-07T01:20:35.9855094Z Multiple search paths detected. Calculating the least common ancestor of all paths
2026-10-07T01:20:35.9858465Z The least common ancestor is /home/runner/work/_temp. This will be the root directory of the artifact
2026-10-07T01:20:35.9877981Z ##[warning]No files were found with the provided path: /home/runner/work/_temp/release-postgres
/home/runner/work/_temp/native-print.xml. No artifacts will be uploaded.
2026-10-07T01:20:36.0086054Z Post job cleanup.
2026-10-07T01:20:36.1026668Z [command]/usr/bin/git version
2026-10-07T01:20:36.1074134Z git version 2.55.0
2026-10-07T01:20:36.1121610Z Temporarily overriding HOME='/home/runner/work/_temp/5fe38a10-6b94-4956-8056-a4792dce39b1' before making global git config changes
2026-10-07T01:20:36.1123300Z Adding repository directory to the temporary git global config as a safe directory
2026-10-07T01:20:36.1127800Z [command]/usr/bin/git config --global --add safe.directory /home/runner/work/WMS/WMS
2026-10-07T01:20:36.1171657Z [command]/usr/bin/git config --local --name-only --get-regexp core\.sshCommand
2026-10-07T01:20:36.1209077Z [command]/usr/bin/git submodule foreach --recursive sh -c "git config --local --name-only --get-regexp 'core\.sshCommand' && git config --local --unset-all 'core.sshCommand' || :"
2026-10-07T01:20:36.1478306Z [command]/usr/bin/git config --local --name-only --get-regexp http\.https\:\/\/github\.com\/\.extraheader
2026-10-07T01:20:36.1509732Z http.https://github.com/.extraheader
2026-10-07T01:20:36.1523520Z [command]/usr/bin/git config --local --unset-all http.https://github.com/.extraheader
2026-10-07T01:20:36.1568976Z [command]/usr/bin/git submodule foreach --recursive sh -c "git config --local --name-only --get-regexp 'http\.https\:\/\/github\.com\/\.extraheader' && git config --local --unset-all 'http.https://github.com/.extraheader' || :"
2026-10-07T01:20:36.1859570Z [command]/usr/bin/git config --local --name-only --get-regexp ^includeIf\.gitdir:
2026-10-07T01:20:36.1904553Z [command]/usr/bin/git submodule foreach --recursive git config --local --show-origin --name-only --get-regexp remote.origin.url
2026-10-07T01:20:36.2304089Z Print service container logs: 266b815ad85b4b478229b2ebc413edcb_postgres16_35da94
2026-10-07T01:20:36.2308828Z ##[command]/usr/bin/docker logs --details 4be8fd47637627fe32f0b520dd95e5d99028beba463cf4f1455ab0bd24976d96
2026-10-07T01:20:36.2445721Z  initdb: warning: enabling "trust" authentication for local connections
2026-10-07T01:20:36.2446530Z  initdb: hint: You can change this by editing pg_hba.conf or using the option -A, or --auth-local and --auth-host, the next time you run initdb.
2026-10-07T01:20:36.2447268Z  The files belonging to this database system will be owned by user "postgres".
2026-10-07T01:20:36.2448100Z  2026-10-07 01:19:52.292 UTC [1] LOG:  starting PostgreSQL 16.15 (Debian 16.15-1.pgdg13+2) on x86_64-pc-linux-gnu, compiled by gcc (Debian 14.2.0-19) 14.2.0, 64-bit
2026-10-07T01:20:36.2449407Z  2026-10-07 01:19:52.292 UTC [1] LOG:  listening on IPv4 address "0.0.0.0", port 5432
2026-10-07T01:20:36.2450280Z  2026-10-07 01:19:52.292 UTC [1] LOG:  listening on IPv6 address "::", port 5432
2026-10-07T01:20:36.2451169Z  2026-10-07 01:19:52.293 UTC [1] LOG:  listening on Unix socket "/var/run/postgresql/.s.PGSQL.5432"
2026-10-07T01:20:36.2452121Z  2026-10-07 01:19:52.296 UTC [65] LOG:  database system was shut down at 2026-10-07 01:19:52 UTC
2026-10-07T01:20:36.2452989Z  2026-10-07 01:19:52.301 UTC [1] LOG:  database system is ready to accept connections
2026-10-07T01:20:36.2453661Z  This user must also own the server process.
2026-10-07T01:20:36.2454090Z  
2026-10-07T01:20:36.2454519Z  The database cluster will be initialized with locale "en_US.utf8".
2026-10-07T01:20:36.2455587Z  The default database encoding has accordingly been set to "UTF8".
2026-10-07T01:20:36.2456294Z  The default text search configuration will be set to "english".
2026-10-07T01:20:36.2456838Z  
2026-10-07T01:20:36.2457164Z  Data page checksums are disabled.
2026-10-07T01:20:36.2457568Z  
2026-10-07T01:20:36.2458085Z  fixing permissions on existing directory /var/lib/postgresql/data ... ok
2026-10-07T01:20:36.2459022Z  creating subdirectories ... ok
2026-10-07T01:20:36.2459563Z  selecting dynamic shared memory implementation ... posix
2026-10-07T01:20:36.2460164Z  selecting default max_connections ... 100
2026-10-07T01:20:36.2460664Z  selecting default shared_buffers ... 128MB
2026-10-07T01:20:36.2461159Z  selecting default time zone ... Etc/UTC
2026-10-07T01:20:36.2461613Z  creating configuration files ... ok
2026-10-07T01:20:36.2462306Z  running bootstrap script ... ok
2026-10-07T01:20:36.2462990Z  performing post-bootstrap initialization ... ok
2026-10-07T01:20:36.2463792Z  syncing data to disk ... ok
2026-10-07T01:20:36.2464177Z  
2026-10-07T01:20:36.2464451Z  
2026-10-07T01:20:36.2464760Z  Success. You can now start the database server using:
2026-10-07T01:20:36.2465062Z  
2026-10-07T01:20:36.2465300Z      pg_ctl -D /var/lib/postgresql/data -l logfile start
2026-10-07T01:20:36.2465606Z  
2026-10-07T01:20:36.2466259Z  waiting for server to start....2026-10-07 01:19:51.944 UTC [49] LOG:  starting PostgreSQL 16.15 (Debian 16.15-1.pgdg13+2) on x86_64-pc-linux-gnu, compiled by gcc (Debian 14.2.0-19) 14.2.0, 64-bit
2026-10-07T01:20:36.2467141Z  2026-10-07 01:19:51.945 UTC [49] LOG:  listening on Unix socket "/var/run/postgresql/.s.PGSQL.5432"
2026-10-07T01:20:36.2467709Z  2026-10-07 01:19:51.948 UTC [52] LOG:  database system was shut down at 2026-10-07 01:19:51 UTC
2026-10-07T01:20:36.2468215Z  2026-10-07 01:19:51.953 UTC [49] LOG:  database system is ready to accept connections
2026-10-07T01:20:36.2468831Z   done
2026-10-07T01:20:36.2469021Z  server started
2026-10-07T01:20:36.2469222Z  CREATE DATABASE
2026-10-07T01:20:36.2470255Z  
2026-10-07T01:20:36.2470511Z  
2026-10-07T01:20:36.2470967Z  /usr/local/bin/docker-entrypoint.sh: ignoring /docker-entrypoint-initdb.d/*
2026-10-07T01:20:36.2471542Z  
2026-10-07T01:20:36.2472064Z  waiting for server to shut down....2026-10-07 01:19:52.168 UTC [49] LOG:  received fast shutdown request
2026-10-07T01:20:36.2473193Z  2026-10-07 01:19:52.168 UTC [49] LOG:  aborting any active transactions
2026-10-07T01:20:36.2474227Z  2026-10-07 01:19:52.173 UTC [49] LOG:  background worker "logical replication launcher" (PID 55) exited with exit code 1
2026-10-07T01:20:36.2475029Z  2026-10-07 01:19:52.173 UTC [50] LOG:  shutting down
2026-10-07T01:20:36.2475668Z  2026-10-07 01:19:52.174 UTC [50] LOG:  checkpoint starting: shutdown immediate
2026-10-07T01:20:36.2477216Z  2026-10-07 01:19:52.200 UTC [50] LOG:  checkpoint complete: wrote 926 buffers (5.7%); 0 WAL file(s) added, 0 removed, 0 recycled; write=0.023 s, sync=0.003 s, total=0.028 s; sync files=301, longest=0.001 s, average=0.001 s; distance=4273 kB, estimate=4273 kB; lsn=0/191F0F0, redo lsn=0/191F0F0
2026-10-07T01:20:36.2478316Z  2026-10-07 01:19:52.210 UTC [49] LOG:  database system is shut down
2026-10-07T01:20:36.2478931Z   done
2026-10-07T01:20:36.2479127Z  server stopped
2026-10-07T01:20:36.2479330Z  
2026-10-07T01:20:36.2479563Z  PostgreSQL init process complete; ready for start up.
2026-10-07T01:20:36.2479903Z  
2026-10-07T01:20:36.2485619Z Stop and remove container: 266b815ad85b4b478229b2ebc413edcb_postgres16_35da94
2026-10-07T01:20:36.2491664Z ##[command]/usr/bin/docker rm --force 4be8fd47637627fe32f0b520dd95e5d99028beba463cf4f1455ab0bd24976d96
2026-10-07T01:20:36.7853066Z 4be8fd47637627fe32f0b520dd95e5d99028beba463cf4f1455ab0bd24976d96
2026-10-07T01:20:36.7878145Z Print service container logs: 5696a804dde94981bfda789909508e0f_postgres16_c097de
2026-10-07T01:20:36.7879844Z ##[command]/usr/bin/docker logs --details 52dcb94ad20a0b8831afe0bf0fe0392b0a27de1bf5124247c33653592d9e641a
2026-10-07T01:20:36.8018201Z  initdb: warning: enabling "trust" authentication for local connections
2026-10-07T01:20:36.8019362Z  The files belonging to this database system will be owned by user "postgres".
2026-10-07T01:20:36.8020305Z  This user must also own the server process.
2026-10-07T01:20:36.8020779Z  
2026-10-07T01:20:36.8021093Z  The database cluster will be initialized with locale "en_US.utf8".
2026-10-07T01:20:36.8021601Z  The default database encoding has accordingly been set to "UTF8".
2026-10-07T01:20:36.8022067Z  The default text search configuration will be set to "english".
2026-10-07T01:20:36.8022415Z  
2026-10-07T01:20:36.8022615Z  Data page checksums are disabled.
2026-10-07T01:20:36.8022879Z  
2026-10-07T01:20:36.8023185Z  fixing permissions on existing directory /var/lib/postgresql/data ... ok
2026-10-07T01:20:36.8023605Z  creating subdirectories ... ok
2026-10-07T01:20:36.8023931Z  selecting dynamic shared memory implementation ... posix
2026-10-07T01:20:36.8024292Z  selecting default max_connections ... 100
2026-10-07T01:20:36.8024613Z  selecting default shared_buffers ... 128MB
2026-10-07T01:20:36.8024950Z  selecting default time zone ... Etc/UTC
2026-10-07T01:20:36.8025239Z  creating configuration files ... ok
2026-10-07T01:20:36.8025521Z  running bootstrap script ... ok
2026-10-07T01:20:36.8025831Z  performing post-bootstrap initialization ... ok
2026-10-07T01:20:36.8026154Z  syncing data to disk ... ok
2026-10-07T01:20:36.8026399Z  
2026-10-07T01:20:36.8026599Z  
2026-10-07T01:20:36.8026829Z  Success. You can now start the database server using:
2026-10-07T01:20:36.8027123Z  
2026-10-07T01:20:36.8027362Z      pg_ctl -D /var/lib/postgresql/data -l logfile start
2026-10-07T01:20:36.8027653Z  
2026-10-07T01:20:36.8028297Z  waiting for server to start....2026-10-07 01:19:52.852 UTC [48] LOG:  starting PostgreSQL 16.15 (Debian 16.15-1.pgdg13+2) on x86_64-pc-linux-gnu, compiled by gcc (Debian 14.2.0-19) 14.2.0, 64-bit
2026-10-07T01:20:36.8029505Z  2026-10-07 01:19:52.853 UTC [48] LOG:  listening on Unix socket "/var/run/postgresql/.s.PGSQL.5432"
2026-10-07T01:20:36.8030126Z  2026-10-07 01:19:52.857 UTC [51] LOG:  database system was shut down at 2026-10-07 01:19:52 UTC
2026-10-07T01:20:36.8030643Z  2026-10-07 01:19:52.863 UTC [48] LOG:  database system is ready to accept connections
2026-10-07T01:20:36.8031019Z   done
2026-10-07T01:20:36.8031196Z  server started
2026-10-07T01:20:36.8031396Z  CREATE DATABASE
2026-10-07T01:20:36.8031940Z  
2026-10-07T01:20:36.8032126Z  
2026-10-07T01:20:36.8032447Z  /usr/local/bin/docker-entrypoint.sh: ignoring /docker-entrypoint-initdb.d/*
2026-10-07T01:20:36.8032848Z  
2026-10-07T01:20:36.8033102Z  2026-10-07 01:19:53.083 UTC [48] LOG:  received fast shutdown request
2026-10-07T01:20:36.8033632Z  waiting for server to shut down....2026-10-07 01:19:53.084 UTC [48] LOG:  aborting any active transactions
2026-10-07T01:20:36.8034321Z  2026-10-07 01:19:53.085 UTC [48] LOG:  background worker "logical replication launcher" (PID 54) exited with exit code 1
2026-10-07T01:20:36.8034866Z  2026-10-07 01:19:53.088 UTC [49] LOG:  shutting down
2026-10-07T01:20:36.8063022Z  2026-10-07 01:19:53.088 UTC [49] LOG:  checkpoint starting: shutdown immediate
2026-10-07T01:20:36.8064947Z  2026-10-07 01:19:53.107 UTC [49] LOG:  checkpoint complete: wrote 926 buffers (5.7%); 0 WAL file(s) added, 0 removed, 0 recycled; write=0.016 s, sync=0.002 s, total=0.020 s; sync files=301, longest=0.001 s, average=0.001 s; distance=4273 kB, estimate=4273 kB; lsn=0/191F0F8, redo lsn=0/191F0F8
2026-10-07T01:20:36.8066782Z  2026-10-07 01:19:53.115 UTC [48] LOG:  database system is shut down
2026-10-07T01:20:36.8067204Z   done
2026-10-07T01:20:36.8067402Z  server stopped
2026-10-07T01:20:36.8067611Z  
2026-10-07T01:20:36.8067864Z  PostgreSQL init process complete; ready for start up.
2026-10-07T01:20:36.8068197Z  
2026-10-07T01:20:36.8069013Z  initdb: hint: You can change this by editing pg_hba.conf or using the option -A, or --auth-local and --auth-host, the next time you run initdb.
2026-10-07T01:20:36.8070226Z  2026-10-07 01:19:53.208 UTC [1] LOG:  starting PostgreSQL 16.15 (Debian 16.15-1.pgdg13+2) on x86_64-pc-linux-gnu, compiled by gcc (Debian 14.2.0-19) 14.2.0, 64-bit
2026-10-07T01:20:36.8070958Z  2026-10-07 01:19:53.208 UTC [1] LOG:  listening on IPv4 address "0.0.0.0", port 5432
2026-10-07T01:20:36.8071431Z  2026-10-07 01:19:53.208 UTC [1] LOG:  listening on IPv6 address "::", port 5432
2026-10-07T01:20:36.8071968Z  2026-10-07 01:19:53.209 UTC [1] LOG:  listening on Unix socket "/var/run/postgresql/.s.PGSQL.5432"
2026-10-07T01:20:36.8072548Z  2026-10-07 01:19:53.212 UTC [64] LOG:  database system was shut down at 2026-10-07 01:19:53 UTC
2026-10-07T01:20:36.8073087Z  2026-10-07 01:19:53.217 UTC [1] LOG:  database system is ready to accept connections
2026-10-07T01:20:36.8074269Z Stop and remove container: 5696a804dde94981bfda789909508e0f_postgres16_c097de
2026-10-07T01:20:36.8075065Z ##[command]/usr/bin/docker rm --force 52dcb94ad20a0b8831afe0bf0fe0392b0a27de1bf5124247c33653592d9e641a
2026-10-07T01:20:36.9313581Z 52dcb94ad20a0b8831afe0bf0fe0392b0a27de1bf5124247c33653592d9e641a
2026-10-07T01:20:36.9330138Z Print service container logs: d28589ef64bc4e6e88e74f6be4b9b790_postgres16_d1ed79
2026-10-07T01:20:36.9330930Z ##[command]/usr/bin/docker logs --details d65baa0171531edb185567ac7540e2634670f1555ee65ef8ad23fdcd994ea236
2026-10-07T01:20:36.9470820Z  The files belonging to this database system will be owned by user "postgres".
2026-10-07T01:20:36.9472131Z  initdb: warning: enabling "trust" authentication for local connections
2026-10-07T01:20:36.9472911Z  This user must also own the server process.
2026-10-07T01:20:36.9473464Z  
2026-10-07T01:20:36.9473962Z  The database cluster will be initialized with locale "en_US.utf8".
2026-10-07T01:20:36.9474801Z  The default database encoding has accordingly been set to "UTF8".
2026-10-07T01:20:36.9475598Z  The default text search configuration will be set to "english".
2026-10-07T01:20:36.9476209Z  
2026-10-07T01:20:36.9476565Z  Data page checksums are disabled.
2026-10-07T01:20:36.9477036Z  
2026-10-07T01:20:36.9477579Z  fixing permissions on existing directory /var/lib/postgresql/data ... ok
2026-10-07T01:20:36.9478314Z  creating subdirectories ... ok
2026-10-07T01:20:36.9479099Z  selecting dynamic shared memory implementation ... posix
2026-10-07T01:20:36.9479716Z  selecting default max_connections ... 100
2026-10-07T01:20:36.9480211Z  selecting default shared_buffers ... 128MB
2026-10-07T01:20:36.9481113Z  selecting default time zone ... Etc/UTC
2026-10-07T01:20:36.9481518Z  creating configuration files ... ok
2026-10-07T01:20:36.9481872Z  running bootstrap script ... ok
2026-10-07T01:20:36.9482188Z  performing post-bootstrap initialization ... ok
2026-10-07T01:20:36.9482512Z  syncing data to disk ... ok
2026-10-07T01:20:36.9482748Z  
2026-10-07T01:20:36.9482926Z  
2026-10-07T01:20:36.9483158Z  Success. You can now start the database server using:
2026-10-07T01:20:36.9483462Z  
2026-10-07T01:20:36.9483701Z      pg_ctl -D /var/lib/postgresql/data -l logfile start
2026-10-07T01:20:36.9484022Z  
2026-10-07T01:20:36.9484670Z  waiting for server to start....2026-10-07 01:19:53.681 UTC [49] LOG:  starting PostgreSQL 16.15 (Debian 16.15-1.pgdg13+2) on x86_64-pc-linux-gnu, compiled by gcc (Debian 14.2.0-19) 14.2.0, 64-bit
2026-10-07T01:20:36.9485556Z  2026-10-07 01:19:53.681 UTC [49] LOG:  listening on Unix socket "/var/run/postgresql/.s.PGSQL.5432"
2026-10-07T01:20:36.9486143Z  2026-10-07 01:19:53.684 UTC [52] LOG:  database system was shut down at 2026-10-07 01:19:53 UTC
2026-10-07T01:20:36.9486657Z  2026-10-07 01:19:53.688 UTC [49] LOG:  database system is ready to accept connections
2026-10-07T01:20:36.9487047Z   done
2026-10-07T01:20:36.9487237Z  server started
2026-10-07T01:20:36.9487438Z  CREATE DATABASE
2026-10-07T01:20:36.9487629Z  
2026-10-07T01:20:36.9487800Z  
2026-10-07T01:20:36.9488117Z  /usr/local/bin/docker-entrypoint.sh: ignoring /docker-entrypoint-initdb.d/*
2026-10-07T01:20:36.9488728Z  
2026-10-07T01:20:36.9489152Z  2026-10-07 01:19:53.868 UTC [49] LOG:  received fast shutdown request
2026-10-07T01:20:36.9490312Z  waiting for server to shut down....2026-10-07 01:19:53.868 UTC [49] LOG:  aborting any active transactions
2026-10-07T01:20:36.9491970Z  2026-10-07 01:19:53.870 UTC [49] LOG:  background worker "logical replication launcher" (PID 55) exited with exit code 1
2026-10-07T01:20:36.9492891Z  2026-10-07 01:19:53.871 UTC [50] LOG:  shutting down
2026-10-07T01:20:36.9493544Z  2026-10-07 01:19:53.871 UTC [50] LOG:  checkpoint starting: shutdown immediate
2026-10-07T01:20:36.9495251Z  2026-10-07 01:19:53.886 UTC [50] LOG:  checkpoint complete: wrote 926 buffers (5.7%); 0 WAL file(s) added, 0 removed, 0 recycled; write=0.012 s, sync=0.002 s, total=0.016 s; sync files=301, longest=0.001 s, average=0.001 s; distance=4273 kB, estimate=4273 kB; lsn=0/191F0F8, redo lsn=0/191F0F8
2026-10-07T01:20:36.9497099Z  2026-10-07 01:19:53.893 UTC [49] LOG:  database system is shut down
2026-10-07T01:20:36.9497618Z   done
2026-10-07T01:20:36.9497905Z  server stopped
2026-10-07T01:20:36.9498228Z  
2026-10-07T01:20:36.9498827Z  PostgreSQL init process complete; ready for start up.
2026-10-07T01:20:36.9499391Z  
2026-10-07T01:20:36.9500256Z  initdb: hint: You can change this by editing pg_hba.conf or using the option -A, or --auth-local and --auth-host, the next time you run initdb.
2026-10-07T01:20:36.9501770Z  2026-10-07 01:19:53.989 UTC [1] LOG:  starting PostgreSQL 16.15 (Debian 16.15-1.pgdg13+2) on x86_64-pc-linux-gnu, compiled by gcc (Debian 14.2.0-19) 14.2.0, 64-bit
2026-10-07T01:20:36.9502885Z  2026-10-07 01:19:53.989 UTC [1] LOG:  listening on IPv4 address "0.0.0.0", port 5432
2026-10-07T01:20:36.9503646Z  2026-10-07 01:19:53.989 UTC [1] LOG:  listening on IPv6 address "::", port 5432
2026-10-07T01:20:36.9504516Z  2026-10-07 01:19:53.990 UTC [1] LOG:  listening on Unix socket "/var/run/postgresql/.s.PGSQL.5432"
2026-10-07T01:20:36.9505441Z  2026-10-07 01:19:53.993 UTC [65] LOG:  database system was shut down at 2026-10-07 01:19:53 UTC
2026-10-07T01:20:36.9506539Z  2026-10-07 01:19:53.997 UTC [1] LOG:  database system is ready to accept connections
2026-10-07T01:20:36.9508194Z Stop and remove container: d28589ef64bc4e6e88e74f6be4b9b790_postgres16_d1ed79
2026-10-07T01:20:36.9509172Z ##[command]/usr/bin/docker rm --force d65baa0171531edb185567ac7540e2634670f1555ee65ef8ad23fdcd994ea236
2026-10-07T01:20:37.0739711Z d65baa0171531edb185567ac7540e2634670f1555ee65ef8ad23fdcd994ea236
2026-10-07T01:20:37.0764431Z Remove container network: github_network_9d32f5683deb48ea978468caecb82757
2026-10-07T01:20:37.0769987Z ##[command]/usr/bin/docker network rm github_network_9d32f5683deb48ea978468caecb82757
2026-10-07T01:20:37.1743773Z github_network_9d32f5683deb48ea978468caecb82757
2026-10-07T01:20:37.1822259Z Cleaning up orphan processes
2026-10-07T01:20:37.3920384Z ##[warning]Node.js 20 is deprecated. The following actions target Node.js 20 but are being forced to run on Node.js 24: actions/checkout@v4, actions/setup-python@v5, actions/upload-artifact@v4. For more information see: https://github.blog/changelog/2025-09-19-deprecation-of-node-20-on-github-actions-runners/
