2026-10-06T23:45:01.0590828Z Current runner version: '2.337.0'
2026-10-06T23:45:01.0627452Z ##[group]Runner Image Provisioner
2026-10-06T23:45:01.0628871Z Hosted Compute Agent
2026-10-06T23:45:01.0629886Z Version: 20260901.588
2026-10-06T23:45:01.0631205Z Commit: f88ec8081b781fac6c440065ac7ff9e710ce3d0b
2026-10-06T23:45:01.0632574Z Build Date: 2026-09-01T19:56:44Z
2026-10-06T23:45:01.0633974Z Worker ID: {f5456c45-f6b2-49d5-9288-0fc703be9153}
2026-10-06T23:45:01.0635596Z Azure Region: eastus
2026-10-06T23:45:01.0636616Z ##[endgroup]
2026-10-06T23:45:01.0639163Z ##[group]Operating System
2026-10-06T23:45:01.0640356Z Ubuntu
2026-10-06T23:45:01.0641388Z 24.04.5
2026-10-06T23:45:01.0642297Z LTS
2026-10-06T23:45:01.0643237Z ##[endgroup]
2026-10-06T23:45:01.0644288Z ##[group]Runner Image
2026-10-06T23:45:01.0645669Z Image: ubuntu-24.04
2026-10-06T23:45:01.0646826Z Version: 20260927.320.1
2026-10-06T23:45:01.0649041Z Included Software: https://github.com/actions/runner-images/blob/ubuntu24/20260927.320/images/ubuntu/Ubuntu2404-Readme.md
2026-10-06T23:45:01.0652053Z Image Release: https://github.com/actions/runner-images/releases/tag/ubuntu24%2F20260927.320
2026-10-06T23:45:01.0653779Z ##[endgroup]
2026-10-06T23:45:01.0656070Z ##[group]GITHUB_TOKEN Permissions
2026-10-06T23:45:01.0658856Z Contents: read
2026-10-06T23:45:01.0659918Z Metadata: read
2026-10-06T23:45:01.0660994Z ##[endgroup]
2026-10-06T23:45:01.0664094Z Secret source: Actions
2026-10-06T23:45:01.0666070Z Cache mode: write
2026-10-06T23:45:01.0667898Z Prepare workflow directory
2026-10-06T23:45:01.2792377Z Prepare all required actions
2026-10-06T23:45:01.2844894Z Getting action download info
2026-10-06T23:45:01.4665492Z Download action repository 'actions/checkout@v4' (SHA:11d5960a326750d5838078e36cf38b85af677262)
2026-10-06T23:45:01.5812541Z Download action repository 'actions/setup-python@v5' (SHA:a26af69be951a213d495a4c3e4e4022e16d87065)
2026-10-06T23:45:01.6573020Z Download action repository 'actions/setup-node@v4' (SHA:49933ea5288caeca8642d1e84afbd3f7d6820020)
2026-10-06T23:45:01.7420522Z Download action repository 'actions/upload-artifact@v4' (SHA:ea165f8d65b6e75b540449e92b4886f43607fa02)
2026-10-06T23:45:02.2625469Z Complete job name: backend-shard-1
2026-10-06T23:45:02.7451504Z ##[group]Run actions/checkout@v4
2026-10-06T23:45:02.7452909Z with:
2026-10-06T23:45:02.7453700Z   fetch-depth: 0
2026-10-06T23:45:02.7454551Z   persist-credentials: false
2026-10-06T23:45:02.7455877Z   repository: chivkunovd-bitdenis/WMS
2026-10-06T23:45:02.7464096Z   token: ***
2026-10-06T23:45:02.7464894Z   ssh-strict: true
2026-10-06T23:45:02.7465891Z   ssh-user: git
2026-10-06T23:45:02.7466674Z   clean: true
2026-10-06T23:45:02.7467529Z   sparse-checkout-cone-mode: true
2026-10-06T23:45:02.7468535Z   fetch-tags: false
2026-10-06T23:45:02.7469370Z   show-progress: true
2026-10-06T23:45:02.7470204Z   lfs: false
2026-10-06T23:45:02.7470981Z   submodules: false
2026-10-06T23:45:02.7471861Z   set-safe-directory: true
2026-10-06T23:45:02.7472844Z   allow-unsafe-pr-checkout: false
2026-10-06T23:45:02.7474172Z ##[endgroup]
2026-10-06T23:45:02.8516162Z Syncing repository: chivkunovd-bitdenis/WMS
2026-10-06T23:45:02.8518874Z ##[group]Getting Git version info
2026-10-06T23:45:02.8520732Z Working directory is '/home/runner/work/WMS/WMS'
2026-10-06T23:45:02.8524052Z [command]/usr/bin/git version
2026-10-06T23:45:02.8599780Z git version 2.55.0
2026-10-06T23:45:02.8630663Z ##[endgroup]
2026-10-06T23:45:02.8645928Z Temporarily overriding HOME='/home/runner/work/_temp/4349fe3a-233f-4d76-9e44-2767373fffb0' before making global git config changes
2026-10-06T23:45:02.8651254Z Adding repository directory to the temporary git global config as a safe directory
2026-10-06T23:45:02.8655658Z [command]/usr/bin/git config --global --add safe.directory /home/runner/work/WMS/WMS
2026-10-06T23:45:02.8706069Z Deleting the contents of '/home/runner/work/WMS/WMS'
2026-10-06T23:45:02.8712595Z ##[group]Initializing the repository
2026-10-06T23:45:02.8716665Z [command]/usr/bin/git init /home/runner/work/WMS/WMS
2026-10-06T23:45:02.8837110Z hint: Using 'master' as the name for the initial branch. This default branch name
2026-10-06T23:45:02.8839651Z hint: will change to "main" in Git 3.0. To configure the initial branch name
2026-10-06T23:45:02.8841601Z hint: to use in all of your new repositories, which will suppress this warning,
2026-10-06T23:45:02.8843154Z hint: call:
2026-10-06T23:45:02.8843960Z hint:
2026-10-06T23:45:02.8845332Z hint: 	git config --global init.defaultBranch <name>
2026-10-06T23:45:02.8847408Z hint:
2026-10-06T23:45:02.8849386Z hint: Names commonly chosen instead of 'master' are 'main', 'trunk' and
2026-10-06T23:45:02.8852116Z hint: 'development'. The just-created branch can be renamed via this command:
2026-10-06T23:45:02.8854328Z hint:
2026-10-06T23:45:02.8855639Z hint: 	git branch -m <name>
2026-10-06T23:45:02.8856662Z hint:
2026-10-06T23:45:02.8857957Z hint: Disable this message with "git config set advice.defaultBranchName false"
2026-10-06T23:45:02.8860109Z Initialized empty Git repository in /home/runner/work/WMS/WMS/.git/
2026-10-06T23:45:02.8872408Z [command]/usr/bin/git remote add origin https://github.com/chivkunovd-bitdenis/WMS
2026-10-06T23:45:02.8916118Z ##[endgroup]
2026-10-06T23:45:02.8918148Z ##[group]Disabling automatic garbage collection
2026-10-06T23:45:02.8920132Z [command]/usr/bin/git config --local gc.auto 0
2026-10-06T23:45:02.8952100Z ##[endgroup]
2026-10-06T23:45:02.8953817Z ##[group]Setting up auth
2026-10-06T23:45:02.8959794Z [command]/usr/bin/git config --local --name-only --get-regexp core\.sshCommand
2026-10-06T23:45:02.8996861Z [command]/usr/bin/git submodule foreach --recursive sh -c "git config --local --name-only --get-regexp 'core\.sshCommand' && git config --local --unset-all 'core.sshCommand' || :"
2026-10-06T23:45:02.9367463Z [command]/usr/bin/git config --local --name-only --get-regexp http\.https\:\/\/github\.com\/\.extraheader
2026-10-06T23:45:02.9411658Z [command]/usr/bin/git submodule foreach --recursive sh -c "git config --local --name-only --get-regexp 'http\.https\:\/\/github\.com\/\.extraheader' && git config --local --unset-all 'http.https://github.com/.extraheader' || :"
2026-10-06T23:45:02.9642112Z [command]/usr/bin/git config --local --name-only --get-regexp ^includeIf\.gitdir:
2026-10-06T23:45:02.9679053Z [command]/usr/bin/git submodule foreach --recursive git config --local --show-origin --name-only --get-regexp remote.origin.url
2026-10-06T23:45:02.9903467Z [command]/usr/bin/git config --local http.https://github.com/.extraheader AUTHORIZATION: basic ***
2026-10-06T23:45:02.9944688Z ##[endgroup]
2026-10-06T23:45:02.9946507Z ##[group]Fetching the repository
2026-10-06T23:45:02.9956693Z [command]/usr/bin/git -c protocol.version=2 fetch --prune --no-recurse-submodules origin +refs/heads/*:refs/remotes/origin/* +refs/tags/*:refs/tags/* +ac845328b27b5be265962695e10766efddef339e:refs/remotes/pull/387/merge
2026-10-06T23:45:12.2678501Z From https://github.com/chivkunovd-bitdenis/WMS
2026-10-06T23:45:12.2681730Z  * [new branch]          archive/night/volna-9-recovery/lane-3/06-picking-list-order-pre-owner-scope-20260823 -> origin/archive/night/volna-9-recovery/lane-3/06-picking-list-order-pre-owner-scope-20260823
2026-10-06T23:45:12.2684163Z  * [new branch]          archive/staging-20260924-93f511ab        -> origin/archive/staging-20260924-93f511ab
2026-10-06T23:45:12.2686197Z  * [new branch]          archive/staging-before-wms521-20260924   -> origin/archive/staging-before-wms521-20260924
2026-10-06T23:45:12.2687966Z  * [new branch]          archive/wms415-disputed-candidate-20260910 -> origin/archive/wms415-disputed-candidate-20260910
2026-10-06T23:45:12.2689853Z  * [new branch]          backlog/fbs-followups-20260812           -> origin/backlog/fbs-followups-20260812
2026-10-06T23:45:12.2691280Z  * [new branch]          brand/portal-logos-20260811              -> origin/brand/portal-logos-20260811
2026-10-06T23:45:12.2692662Z  * [new branch]          brand/portal-logos-live-20260811         -> origin/brand/portal-logos-live-20260811
2026-10-06T23:45:12.2694180Z  * [new branch]          brand/portal-logos-prod-20260811         -> origin/brand/portal-logos-prod-20260811
2026-10-06T23:45:12.2696330Z  * [new branch]          chore/deploy-smoke-retry-on-main         -> origin/chore/deploy-smoke-retry-on-main
2026-10-06T23:45:12.2698110Z  * [new branch]          chore/operator-change-contract-20260901  -> origin/chore/operator-change-contract-20260901
2026-10-06T23:45:12.2699199Z  * [new branch]          chore/railway-toml-fix                   -> origin/chore/railway-toml-fix
2026-10-06T23:45:12.2700044Z  * [new branch]          chore/release-via-pr-only-rules          -> origin/chore/release-via-pr-only-rules
2026-10-06T23:45:12.2701005Z  * [new branch]          chore/staging-sync-20261003              -> origin/chore/staging-sync-20261003
2026-10-06T23:45:12.2701964Z  * [new branch]          chore/wb-emulator-railway-dockerfile     -> origin/chore/wb-emulator-railway-dockerfile
2026-10-06T23:45:12.2703118Z  * [new branch]          chore/wms375-production-evidence-20260906 -> origin/chore/wms375-production-evidence-20260906
2026-10-06T23:45:12.2704036Z  * [new branch]          chore/wms574-stand                       -> origin/chore/wms574-stand
2026-10-06T23:45:12.2704840Z  * [new branch]          codex/agent-job-1710a7649a6964db         -> origin/codex/agent-job-1710a7649a6964db
2026-10-06T23:45:12.2706940Z  * [new branch]          codex/agent-job-21079e59afb9acdb         -> origin/codex/agent-job-21079e59afb9acdb
2026-10-06T23:45:12.2708611Z  * [new branch]          codex/agent-job-6f3e370ab6217c51         -> origin/codex/agent-job-6f3e370ab6217c51
2026-10-06T23:45:12.2710386Z  * [new branch]          codex/agent-job-8c954436cd418999         -> origin/codex/agent-job-8c954436cd418999
2026-10-06T23:45:12.2712271Z  * [new branch]          codex/agent-job-97af6faf8d8c22ac         -> origin/codex/agent-job-97af6faf8d8c22ac
2026-10-06T23:45:12.2714049Z  * [new branch]          codex/agent-job-bb021d7e007fb8a5         -> origin/codex/agent-job-bb021d7e007fb8a5
2026-10-06T23:45:12.2737630Z  * [new branch]          codex/agent-job-ef71dbb00ee2b150         -> origin/codex/agent-job-ef71dbb00ee2b150
2026-10-06T23:45:12.2739315Z  * [new branch]          codex/agent-job-fc68bb2705b6850f         -> origin/codex/agent-job-fc68bb2705b6850f
2026-10-06T23:45:12.2740571Z  * [new branch]          codex/artmaks-fbo-mockup                 -> origin/codex/artmaks-fbo-mockup
2026-10-06T23:45:12.2742143Z  * [new branch]          codex/backlog40-ci-contracts             -> origin/codex/backlog40-ci-contracts
2026-10-06T23:45:12.2742985Z  * [new branch]          codex/backlog40-ci-pdf                   -> origin/codex/backlog40-ci-pdf
2026-10-06T23:45:12.2743712Z  * [new branch]          codex/billing-journal-20260825           -> origin/codex/billing-journal-20260825
2026-10-06T23:45:12.2744871Z  * [new branch]          codex/billing-module-20260826            -> origin/codex/billing-module-20260826
2026-10-06T23:45:12.2747528Z  * [new branch]          codex/billing-stage-finish-20260823      -> origin/codex/billing-stage-finish-20260823
2026-10-06T23:45:12.2748945Z  * [new branch]          codex/billing-storage-bounds-20260823    -> origin/codex/billing-storage-bounds-20260823
2026-10-06T23:45:12.2749946Z  * [new branch]          codex/box-label-bulk-print-20260824      -> origin/codex/box-label-bulk-print-20260824
2026-10-06T23:45:12.2750754Z  * [new branch]          codex/catalog-box-filters-20260824       -> origin/codex/catalog-box-filters-20260824
2026-10-06T23:45:12.2751590Z  * [new branch]          codex/catalog-box-tabs-source-20260823   -> origin/codex/catalog-box-tabs-source-20260823
2026-10-06T23:45:12.2752442Z  * [new branch]          codex/cell-contents-scanner-20260824     -> origin/codex/cell-contents-scanner-20260824
2026-10-06T23:45:12.2753440Z  * [new branch]          codex/fbs-qr-only-print-20260823         -> origin/codex/fbs-qr-only-print-20260823
2026-10-06T23:45:12.2754825Z  * [new branch]          codex/fix-fbs-stock-publication-20260831 -> origin/codex/fix-fbs-stock-publication-20260831
2026-10-06T23:45:12.2757078Z  * [new branch]          codex/fix-seller-inbound-empty-picker    -> origin/codex/fix-seller-inbound-empty-picker
2026-10-06T23:45:12.2758021Z  * [new branch]          codex/fix-wb-done-supply-status-prod     -> origin/codex/fix-wb-done-supply-status-prod
2026-10-06T23:45:12.2758870Z  * [new branch]          codex/hotfix-fbs-100-orders-20260820     -> origin/codex/hotfix-fbs-100-orders-20260820
2026-10-06T23:45:12.2759671Z  * [new branch]          codex/hotfix-fbs-packaging-flag          -> origin/codex/hotfix-fbs-packaging-flag
2026-10-06T23:45:12.2760403Z  * [new branch]          codex/hotfix-ozon-kiz                    -> origin/codex/hotfix-ozon-kiz
2026-10-06T23:45:12.2761103Z  * [new branch]          codex/invoice-row-location               -> origin/codex/invoice-row-location
2026-10-06T23:45:12.2761894Z  * [new branch]          codex/knowledge-inbound-guide-20260824   -> origin/codex/knowledge-inbound-guide-20260824
2026-10-06T23:45:12.2762701Z  * [new branch]          codex/mp-dashboard-e2e-20260815          -> origin/codex/mp-dashboard-e2e-20260815
2026-10-06T23:45:12.2763525Z  * [new branch]          codex/night-ready-acceptance-1006        -> origin/codex/night-ready-acceptance-1006
2026-10-06T23:45:12.2764357Z  * [new branch]          codex/night-ready-candidate-1006-inrepo  -> origin/codex/night-ready-candidate-1006-inrepo
2026-10-06T23:45:12.2765746Z  * [new branch]          codex/night-ready-exact-staging-1006     -> origin/codex/night-ready-exact-staging-1006
2026-10-06T23:45:12.2766964Z  * [new branch]          codex/night-ready-exact-staging-redis-1006 -> origin/codex/night-ready-exact-staging-redis-1006
2026-10-06T23:45:12.2767903Z  * [new branch]          codex/night-ready-migration-compat-1006  -> origin/codex/night-ready-migration-compat-1006
2026-10-06T23:45:12.2768739Z  * [new branch]          codex/night-ready-staging-1006           -> origin/codex/night-ready-staging-1006
2026-10-06T23:45:12.2769651Z  * [new branch]          codex/night-ready-staging-db-head-rollback-1006 -> origin/codex/night-ready-staging-db-head-rollback-1006
2026-10-06T23:45:12.2770917Z  * [new branch]          codex/night-ready-staging-migration-deploy-1006 -> origin/codex/night-ready-staging-migration-deploy-1006
2026-10-06T23:45:12.2771886Z  * [new branch]          codex/night-ready-staging-rollback-1006  -> origin/codex/night-ready-staging-rollback-1006
2026-10-06T23:45:12.2772717Z  * [new branch]          codex/night-release-5beb52da-1           -> origin/codex/night-release-5beb52da-1
2026-10-06T23:45:12.2773506Z  * [new branch]          codex/night-requirements-20261006        -> origin/codex/night-requirements-20261006
2026-10-06T23:45:12.2774223Z  * [new branch]          codex/night1007-658                      -> origin/codex/night1007-658
2026-10-06T23:45:12.2774885Z  * [new branch]          codex/night1007-671-687                  -> origin/codex/night1007-671-687
2026-10-06T23:45:12.2775964Z  * [new branch]          codex/night1007-675-release              -> origin/codex/night1007-675-release
2026-10-06T23:45:12.2776678Z  * [new branch]          codex/night1007-679-680                  -> origin/codex/night1007-679-680
2026-10-06T23:45:12.2777340Z  * [new branch]          codex/night1007-681                      -> origin/codex/night1007-681
2026-10-06T23:45:12.2777995Z  * [new branch]          codex/night1007-684-586                  -> origin/codex/night1007-684-586
2026-10-06T23:45:12.2778694Z  * [new branch]          codex/night1007-integration              -> origin/codex/night1007-integration
2026-10-06T23:45:12.2779516Z  * [new branch]          codex/night1007-print-regressions-646cb4 -> origin/codex/night1007-print-regressions-646cb4
2026-10-06T23:45:12.2780369Z  * [new branch]          codex/night1007-wms652-ci-fix            -> origin/codex/night1007-wms652-ci-fix
2026-10-06T23:45:12.2781468Z  * [new branch]          codex/owner-frontend-correction-proof-20261006 -> origin/codex/owner-frontend-correction-proof-20261006
2026-10-06T23:45:12.2782377Z  * [new branch]          codex/ozon-catalog-20260825              -> origin/codex/ozon-catalog-20260825
2026-10-06T23:45:12.2783267Z  * [new branch]          codex/ozon-fbs-20260825                  -> origin/codex/ozon-fbs-20260825
2026-10-06T23:45:12.2783966Z  * [new branch]          codex/ozon-stock-20260825                -> origin/codex/ozon-stock-20260825
2026-10-06T23:45:12.2784881Z  * [new branch]          codex/ozon-test-key-marker-20260824      -> origin/codex/ozon-test-key-marker-20260824
2026-10-06T23:45:12.2786068Z  * [new branch]          codex/priority-five-release-20261006     -> origin/codex/priority-five-release-20261006
2026-10-06T23:45:12.2787033Z  * [new branch]          codex/priority-five-review-20261006      -> origin/codex/priority-five-review-20261006
2026-10-06T23:45:12.2787976Z  * [new branch]          codex/priority-five-staging-proof-20261006 -> origin/codex/priority-five-staging-proof-20261006
2026-10-06T23:45:12.2788925Z  * [new branch]          codex/regress-live-cases-20260825        -> origin/codex/regress-live-cases-20260825
2026-10-06T23:45:12.2790417Z  * [new branch]          codex/release-20261006-astra-a           -> origin/codex/release-20261006-astra-a
2026-10-06T23:45:12.2791884Z  * [new branch]          codex/release-20261006-astra-b           -> origin/codex/release-20261006-astra-b
2026-10-06T23:45:12.2793386Z  * [new branch]          codex/release-ci-final-20261006          -> origin/codex/release-ci-final-20261006
2026-10-06T23:45:12.2794796Z  * [new branch]          codex/release-log-2026-09-27             -> origin/codex/release-log-2026-09-27
2026-10-06T23:45:12.2796489Z  * [new branch]          codex/reporting-backend-core-20260823    -> origin/codex/reporting-backend-core-20260823
2026-10-06T23:45:12.2798067Z  * [new branch]          codex/reporting-stage-finish-20260823    -> origin/codex/reporting-stage-finish-20260823
2026-10-06T23:45:12.2799763Z  * [new branch]          codex/staging-sync-login-20260914        -> origin/codex/staging-sync-login-20260914
2026-10-06T23:45:12.2801205Z  * [new branch]          codex/storage-stage-20260823             -> origin/codex/storage-stage-20260823
2026-10-06T23:45:12.2802723Z  * [new branch]          codex/trello-wms-20261005                -> origin/codex/trello-wms-20261005
2026-10-06T23:45:12.2803921Z  * [new branch]          codex/trello-wms-20261006                -> origin/codex/trello-wms-20261006
2026-10-06T23:45:12.2805478Z  * [new branch]          codex/trello-wms-20261006-1200           -> origin/codex/trello-wms-20261006-1200
2026-10-06T23:45:12.2806729Z  * [new branch]          codex/tsd-package-20260913               -> origin/codex/tsd-package-20260913
2026-10-06T23:45:12.2808027Z  * [new branch]          codex/tsd-package-stage-release          -> origin/codex/tsd-package-stage-release
2026-10-06T23:45:12.2809449Z  * [new branch]          codex/tsd-staging-merge-20260913         -> origin/codex/tsd-staging-merge-20260913
2026-10-06T23:45:12.2810236Z  * [new branch]          codex/volna9-01-backend-only             -> origin/codex/volna9-01-backend-only
2026-10-06T23:45:12.2810987Z  * [new branch]          codex/volna9-02-status-only              -> origin/codex/volna9-02-status-only
2026-10-06T23:45:12.2811706Z  * [new branch]          codex/volna9-03-backend-only             -> origin/codex/volna9-03-backend-only
2026-10-06T23:45:12.2812414Z  * [new branch]          codex/volna9-04-backend-only             -> origin/codex/volna9-04-backend-only
2026-10-06T23:45:12.2813122Z  * [new branch]          codex/volna9-05-backend-only             -> origin/codex/volna9-05-backend-only
2026-10-06T23:45:12.2813861Z  * [new branch]          codex/volna9-06-print-order-only         -> origin/codex/volna9-06-print-order-only
2026-10-06T23:45:12.2814618Z  * [new branch]          codex/weekly-release-20260909            -> origin/codex/weekly-release-20260909
2026-10-06T23:45:12.2815803Z  * [new branch]          codex/wms-chat-20260911                  -> origin/codex/wms-chat-20260911
2026-10-06T23:45:12.2816556Z  * [new branch]          codex/wms-chat-evening-20260910          -> origin/codex/wms-chat-evening-20260910
2026-10-06T23:45:12.2818313Z  * [new branch]          codex/wms-integrations-20260911          -> origin/codex/wms-integrations-20260911
2026-10-06T23:45:12.2819450Z  * [new branch]          codex/wms-ozon-20260911                  -> origin/codex/wms-ozon-20260911
2026-10-06T23:45:12.2820223Z  * [new branch]          codex/wms-ozon-generator-20260911        -> origin/codex/wms-ozon-generator-20260911
2026-10-06T23:45:12.2821010Z  * [new branch]          codex/wms-pick-container-scan            -> origin/codex/wms-pick-container-scan
2026-10-06T23:45:12.2821827Z  * [new branch]          codex/wms-pipeline-unified-v2-20260820   -> origin/codex/wms-pipeline-unified-v2-20260820
2026-10-06T23:45:12.2822608Z  * [new branch]          codex/wms-print-20260911                 -> origin/codex/wms-print-20260911
2026-10-06T23:45:12.2823492Z  * [new branch]          codex/wms-priority-legacy-test-harness-20261006 -> origin/codex/wms-priority-legacy-test-harness-20261006
2026-10-06T23:45:12.2824404Z  * [new branch]          codex/wms-psp-backlog-20260921           -> origin/codex/wms-psp-backlog-20260921
2026-10-06T23:45:12.2825608Z  * [new branch]          codex/wms-qr-review-evidence-20261006    -> origin/codex/wms-qr-review-evidence-20261006
2026-10-06T23:45:12.2826402Z  * [new branch]          codex/wms-release-20260911               -> origin/codex/wms-release-20260911
2026-10-06T23:45:12.2827146Z  * [new branch]          codex/wms-release-ozon-terminal          -> origin/codex/wms-release-ozon-terminal
2026-10-06T23:45:12.2828048Z  * [new branch]          codex/wms-storage-20260911               -> origin/codex/wms-storage-20260911
2026-10-06T23:45:12.2828818Z  * [new branch]          codex/wms-storage-final-20260911         -> origin/codex/wms-storage-final-20260911
2026-10-06T23:45:12.2829846Z  * [new branch]          codex/wms-transfer-urgent                -> origin/codex/wms-transfer-urgent
2026-10-06T23:45:12.2831656Z  * [new branch]          codex/wms-wave-storage-category-inbound-split-20260828 -> origin/codex/wms-wave-storage-category-inbound-split-20260828
2026-10-06T23:45:12.2833880Z  * [new branch]          codex/wms000-night-backlog-normalization -> origin/codex/wms000-night-backlog-normalization
2026-10-06T23:45:12.2835602Z  * [new branch]          codex/wms010-backlog40                   -> origin/codex/wms010-backlog40
2026-10-06T23:45:12.2836814Z  * [new branch]          codex/wms011-backlog40                   -> origin/codex/wms011-backlog40
2026-10-06T23:45:12.2838098Z  * [new branch]          codex/wms013-backlog40                   -> origin/codex/wms013-backlog40
2026-10-06T23:45:12.2839449Z  * [new branch]          codex/wms040-backlog40                   -> origin/codex/wms040-backlog40
2026-10-06T23:45:12.2840672Z  * [new branch]          codex/wms045-backlog40                   -> origin/codex/wms045-backlog40
2026-10-06T23:45:12.2841981Z  * [new branch]          codex/wms058-availability-followup       -> origin/codex/wms058-availability-followup
2026-10-06T23:45:12.2843283Z  * [new branch]          codex/wms058-backlog40                   -> origin/codex/wms058-backlog40
2026-10-06T23:45:12.2844429Z  * [new branch]          codex/wms058-browser-qa                  -> origin/codex/wms058-browser-qa
2026-10-06T23:45:12.2845896Z  * [new branch]          codex/wms058-mp-box-source               -> origin/codex/wms058-mp-box-source
2026-10-06T23:45:12.2847217Z  * [new branch]          codex/wms058-overplan-source             -> origin/codex/wms058-overplan-source
2026-10-06T23:45:12.2848496Z  * [new branch]          codex/wms058-review-fix                  -> origin/codex/wms058-review-fix
2026-10-06T23:45:12.2849200Z  * [new branch]          codex/wms080-392-review-fix              -> origin/codex/wms080-392-review-fix
2026-10-06T23:45:12.2849881Z  * [new branch]          codex/wms080-backlog40                   -> origin/codex/wms080-backlog40
2026-10-06T23:45:12.2850537Z  * [new branch]          codex/wms081-backlog40                   -> origin/codex/wms081-backlog40
2026-10-06T23:45:12.2851433Z  * [new branch]          codex/wms081-defect-compat               -> origin/codex/wms081-defect-compat
2026-10-06T23:45:12.2852164Z  * [new branch]          codex/wms082-085-emulator-meta           -> origin/codex/wms082-085-emulator-meta
2026-10-06T23:45:12.2852857Z  * [new branch]          codex/wms082-backlog40                   -> origin/codex/wms082-backlog40
2026-10-06T23:45:12.2853510Z  * [new branch]          codex/wms083-backlog40                   -> origin/codex/wms083-backlog40
2026-10-06T23:45:12.2854156Z  * [new branch]          codex/wms084-backlog40                   -> origin/codex/wms084-backlog40
2026-10-06T23:45:12.2854846Z  * [new branch]          codex/wms084-emulator-delete             -> origin/codex/wms084-emulator-delete
2026-10-06T23:45:12.2856565Z  * [new branch]          codex/wms084-packing-test-contract       -> origin/codex/wms084-packing-test-contract
2026-10-06T23:45:12.2857813Z  * [new branch]          codex/wms084-rebind                      -> origin/codex/wms084-rebind
2026-10-06T23:45:12.2858542Z  * [new branch]          codex/wms085-backlog40                   -> origin/codex/wms085-backlog40
2026-10-06T23:45:12.2859236Z  * [new branch]          codex/wms086-backlog40                   -> origin/codex/wms086-backlog40
2026-10-06T23:45:12.2859896Z  * [new branch]          codex/wms087-backlog40                   -> origin/codex/wms087-backlog40
2026-10-06T23:45:12.2860540Z  * [new branch]          codex/wms091-backlog40                   -> origin/codex/wms091-backlog40
2026-10-06T23:45:12.2861179Z  * [new branch]          codex/wms092-backlog40                   -> origin/codex/wms092-backlog40
2026-10-06T23:45:12.2861812Z  * [new branch]          codex/wms095-backlog40                   -> origin/codex/wms095-backlog40
2026-10-06T23:45:12.2862542Z  * [new branch]          codex/wms095-import-error-backlog40      -> origin/codex/wms095-import-error-backlog40
2026-10-06T23:45:12.2863260Z  * [new branch]          codex/wms096-backlog40                   -> origin/codex/wms096-backlog40
2026-10-06T23:45:12.2864103Z  * [new branch]          codex/wms110-backlog40                   -> origin/codex/wms110-backlog40
2026-10-06T23:45:12.2864751Z  * [new branch]          codex/wms115-backlog40                   -> origin/codex/wms115-backlog40
2026-10-06T23:45:12.2866083Z  * [new branch]          codex/wms123-backlog40                   -> origin/codex/wms123-backlog40
2026-10-06T23:45:12.2867256Z  * [new branch]          codex/wms272-backlog40                   -> origin/codex/wms272-backlog40
2026-10-06T23:45:12.2867981Z  * [new branch]          codex/wms272-resume-backlog40            -> origin/codex/wms272-resume-backlog40
2026-10-06T23:45:12.2868675Z  * [new branch]          codex/wms273-backlog40                   -> origin/codex/wms273-backlog40
2026-10-06T23:45:12.2869320Z  * [new branch]          codex/wms276-backlog40                   -> origin/codex/wms276-backlog40
2026-10-06T23:45:12.2869960Z  * [new branch]          codex/wms277-backlog40                   -> origin/codex/wms277-backlog40
2026-10-06T23:45:12.2870635Z  * [new branch]          codex/wms277-catalog                     -> origin/codex/wms277-catalog
2026-10-06T23:45:12.2871349Z  * [new branch]          codex/wms277-import-sku-collision        -> origin/codex/wms277-import-sku-collision
2026-10-06T23:45:12.2872060Z  * [new branch]          codex/wms278-backlog40                   -> origin/codex/wms278-backlog40
2026-10-06T23:45:12.2872729Z  * [new branch]          codex/wms387-training                    -> origin/codex/wms387-training
2026-10-06T23:45:12.2873382Z  * [new branch]          codex/wms389-backlog40                   -> origin/codex/wms389-backlog40
2026-10-06T23:45:12.2874024Z  * [new branch]          codex/wms390-backlog40                   -> origin/codex/wms390-backlog40
2026-10-06T23:45:12.2874657Z  * [new branch]          codex/wms391-backlog40                   -> origin/codex/wms391-backlog40
2026-10-06T23:45:12.2875574Z  * [new branch]          codex/wms392-backlog40                   -> origin/codex/wms392-backlog40
2026-10-06T23:45:12.2876452Z  * [new branch]          codex/wms392-review-tests                -> origin/codex/wms392-review-tests
2026-10-06T23:45:12.2877107Z  * [new branch]          codex/wms394-kiz-ui                      -> origin/codex/wms394-kiz-ui
2026-10-06T23:45:12.2877756Z  * [new branch]          codex/wms395-pool-inline                 -> origin/codex/wms395-pool-inline
2026-10-06T23:45:12.2878388Z  * [new branch]          codex/wms396-stage                       -> origin/codex/wms396-stage
2026-10-06T23:45:12.2879059Z  * [new branch]          codex/wms396-staging-release             -> origin/codex/wms396-staging-release
2026-10-06T23:45:12.2879729Z  * [new branch]          codex/wms396-true-api                    -> origin/codex/wms396-true-api
2026-10-06T23:45:12.2880343Z  * [new branch]          codex/wms397-api                         -> origin/codex/wms397-api
2026-10-06T23:45:12.2880968Z  * [new branch]          codex/wms399-chat-design                 -> origin/codex/wms399-chat-design
2026-10-06T23:45:12.2881698Z  * [new branch]          codex/wms401-android-build-proof         -> origin/codex/wms401-android-build-proof
2026-10-06T23:45:12.2882457Z  * [new branch]          codex/wms406-backfill-final-plan         -> origin/codex/wms406-backfill-final-plan
2026-10-06T23:45:12.2883136Z  * [new branch]          codex/wms406-invoice                     -> origin/codex/wms406-invoice
2026-10-06T23:45:12.2883830Z  * [new branch]          codex/wms406-report                      -> origin/codex/wms406-report
2026-10-06T23:45:12.2885272Z  * [new branch]          codex/wms408-billing-unification         -> origin/codex/wms408-billing-unification
2026-10-06T23:45:12.2886489Z  * [new branch]          codex/wms415-coord-20260910              -> origin/codex/wms415-coord-20260910
2026-10-06T23:45:12.2887818Z  * [new branch]          codex/wms418-catalog-publication-filter  -> origin/codex/wms418-catalog-publication-filter
2026-10-06T23:45:12.2889170Z  * [new branch]          codex/wms418-loviana-off                 -> origin/codex/wms418-loviana-off
2026-10-06T23:45:12.2890655Z  * [new branch]          codex/wms425-marketplace-hotfix          -> origin/codex/wms425-marketplace-hotfix
2026-10-06T23:45:12.2891898Z  * [new branch]          codex/wms433-stage-user-only             -> origin/codex/wms433-stage-user-only
2026-10-06T23:45:12.2893177Z  * [new branch]          codex/wms433-support-bot-concept         -> origin/codex/wms433-support-bot-concept
2026-10-06T23:45:12.2894589Z  * [new branch]          codex/wms437-analyst-cases               -> origin/codex/wms437-analyst-cases
2026-10-06T23:45:12.2896266Z  * [new branch]          codex/wms437-small-task-process          -> origin/codex/wms437-small-task-process
2026-10-06T23:45:12.2897557Z  * [new branch]          codex/wms440-tsd                         -> origin/codex/wms440-tsd
2026-10-06T23:45:12.2898655Z  * [new branch]          codex/wms440-tsd-ui                      -> origin/codex/wms440-tsd-ui
2026-10-06T23:45:12.2899856Z  * [new branch]          codex/wms441-c10-evidence                -> origin/codex/wms441-c10-evidence
2026-10-06T23:45:12.2901080Z  * [new branch]          codex/wms441-tsd                         -> origin/codex/wms441-tsd
2026-10-06T23:45:12.2902182Z  * [new branch]          codex/wms441-tsd-ui                      -> origin/codex/wms441-tsd-ui
2026-10-06T23:45:12.2903086Z  * [new branch]          codex/wms442-tsd                         -> origin/codex/wms442-tsd
2026-10-06T23:45:12.2903706Z  * [new branch]          codex/wms442-tsd-ui                      -> origin/codex/wms442-tsd-ui
2026-10-06T23:45:12.2904321Z  * [new branch]          codex/wms443-tsd                         -> origin/codex/wms443-tsd
2026-10-06T23:45:12.2905258Z  * [new branch]          codex/wms443-tsd-ui                      -> origin/codex/wms443-tsd-ui
2026-10-06T23:45:12.2905987Z  * [new branch]          codex/wms444-tsd                         -> origin/codex/wms444-tsd
2026-10-06T23:45:12.2906793Z  * [new branch]          codex/wms444-tsd-ui                      -> origin/codex/wms444-tsd-ui
2026-10-06T23:45:12.2907413Z  * [new branch]          codex/wms445-tsd                         -> origin/codex/wms445-tsd
2026-10-06T23:45:12.2908084Z  * [new branch]          codex/wms445-tsd-server-truth            -> origin/codex/wms445-tsd-server-truth
2026-10-06T23:45:12.2908767Z  * [new branch]          codex/wms445-tsd-ui                      -> origin/codex/wms445-tsd-ui
2026-10-06T23:45:12.2909490Z  * [new branch]          codex/wms447-full-marketplace-labels     -> origin/codex/wms447-full-marketplace-labels
2026-10-06T23:45:12.2910249Z  * [new branch]          codex/wms460-fbs-qr-scan                 -> origin/codex/wms460-fbs-qr-scan
2026-10-06T23:45:12.2911074Z  * [new branch]          codex/wms475-537-prefetch-ci-repair-20261006 -> origin/codex/wms475-537-prefetch-ci-repair-20261006
2026-10-06T23:45:12.2911913Z  * [new branch]          codex/wms476-auto-legacy-guard           -> origin/codex/wms476-auto-legacy-guard
2026-10-06T23:45:12.2912708Z  * [new branch]          codex/wms476-implementation-sol-high     -> origin/codex/wms476-implementation-sol-high
2026-10-06T23:45:12.2913533Z  * [new branch]          codex/wms476-staging-release-20260923    -> origin/codex/wms476-staging-release-20260923
2026-10-06T23:45:12.2914321Z  * [new branch]          codex/wms477-backend-review-fix          -> origin/codex/wms477-backend-review-fix
2026-10-06T23:45:12.2915300Z  * [new branch]          codex/wms477-p3-notice                   -> origin/codex/wms477-p3-notice
2026-10-06T23:45:12.2916048Z  * [new branch]          codex/wms483-prod-release-20260920       -> origin/codex/wms483-prod-release-20260920
2026-10-06T23:45:12.2916799Z  * [new branch]          codex/wms483-wb-zero-refresh             -> origin/codex/wms483-wb-zero-refresh
2026-10-06T23:45:12.2917524Z  * [new branch]          codex/wms489-staging-release             -> origin/codex/wms489-staging-release
2026-10-06T23:45:12.2918324Z  * [new branch]          codex/wms501-performance-isolation-audit -> origin/codex/wms501-performance-isolation-audit
2026-10-06T23:45:12.2919355Z  * [new branch]          codex/wms502-stock-sorting-incident      -> origin/codex/wms502-stock-sorting-incident
2026-10-06T23:45:12.2920132Z  * [new branch]          codex/wms506-silent-kiz-print            -> origin/codex/wms506-silent-kiz-print
2026-10-06T23:45:12.2920920Z  * [new branch]          codex/wms508-persistent-form-cards       -> origin/codex/wms508-persistent-form-cards
2026-10-06T23:45:12.2921686Z  * [new branch]          codex/wms514-clickable-mockup            -> origin/codex/wms514-clickable-mockup
2026-10-06T23:45:12.2922463Z  * [new branch]          codex/wms514-staging-release-20260924    -> origin/codex/wms514-staging-release-20260924
2026-10-06T23:45:12.2923218Z  * [new branch]          codex/wms515-client-registry             -> origin/codex/wms515-client-registry
2026-10-06T23:45:12.2923977Z  * [new branch]          codex/wms517-current-release-analysis    -> origin/codex/wms517-current-release-analysis
2026-10-06T23:45:12.2924845Z  * [new branch]          codex/wms517-dynamicmac-independent-review -> origin/codex/wms517-dynamicmac-independent-review
2026-10-06T23:45:12.2925936Z  * [new branch]          codex/wms517-mac-dynamic-eligible        -> origin/codex/wms517-mac-dynamic-eligible
2026-10-06T23:45:12.2926686Z  * [new branch]          codex/wms517-mac-test-contract           -> origin/codex/wms517-mac-test-contract
2026-10-06T23:45:12.2927456Z  * [new branch]          codex/wms517-price-by-product-group      -> origin/codex/wms517-price-by-product-group
2026-10-06T23:45:12.2928238Z  * [new branch]          codex/wms517-sales-report-contract       -> origin/codex/wms517-sales-report-contract
2026-10-06T23:45:12.2929054Z  * [new branch]          codex/wms517-scoped-integration-20261006 -> origin/codex/wms517-scoped-integration-20261006
2026-10-06T23:45:12.2929827Z  * [new branch]          codex/wms517-staging-20261001            -> origin/codex/wms517-staging-20261001
2026-10-06T23:45:12.2930726Z  * [new branch]          codex/wms519-artifact-pdf-hotfix         -> origin/codex/wms519-artifact-pdf-hotfix
2026-10-06T23:45:12.2931497Z  * [new branch]          codex/wms519-kiz-label-aspect-ratio      -> origin/codex/wms519-kiz-label-aspect-ratio
2026-10-06T23:45:12.2932253Z  * [new branch]          codex/wms519-post-deploy-docs            -> origin/codex/wms519-post-deploy-docs
2026-10-06T23:45:12.2932953Z  * [new branch]          codex/wms520-requirements                -> origin/codex/wms520-requirements
2026-10-06T23:45:12.2933623Z  * [new branch]          codex/wms521-kiz-release                 -> origin/codex/wms521-kiz-release
2026-10-06T23:45:12.2934327Z  * [new branch]          codex/wms523-auto-import-pools           -> origin/codex/wms523-auto-import-pools
2026-10-06T23:45:12.2935298Z  * [new branch]          codex/wms524-confirm-order               -> origin/codex/wms524-confirm-order
2026-10-06T23:45:12.2935986Z  * [new branch]          codex/wms524-print-blank                 -> origin/codex/wms524-print-blank
2026-10-06T23:45:12.2936705Z  * [new branch]          codex/wms533-client-hardening            -> origin/codex/wms533-client-hardening
2026-10-06T23:45:12.2937394Z  * [new branch]          codex/wms533-five-events                 -> origin/codex/wms533-five-events
2026-10-06T23:45:12.2938085Z  * [new branch]          codex/wms533-prod-five-events            -> origin/codex/wms533-prod-five-events
2026-10-06T23:45:12.2938815Z  * [new branch]          codex/wms533-seller-stock-events         -> origin/codex/wms533-seller-stock-events
2026-10-06T23:45:12.2939604Z  * [new branch]          codex/wms537-pg-fixture-review-20261006  -> origin/codex/wms537-pg-fixture-review-20261006
2026-10-06T23:45:12.2940358Z  * [new branch]          codex/wms550-sorting-scan                -> origin/codex/wms550-sorting-scan
2026-10-06T23:45:12.2941064Z  * [new branch]          codex/wms582-yandex-market-api           -> origin/codex/wms582-yandex-market-api
2026-10-06T23:45:12.2941869Z  * [new branch]          codex/wms584-589-release-evidence-20260930 -> origin/codex/wms584-589-release-evidence-20260930
2026-10-06T23:45:12.2942780Z  * [new branch]          codex/wms591-avpack-6300                 -> origin/codex/wms591-avpack-6300
2026-10-06T23:45:12.2943447Z  * [new branch]          codex/wms593-597-urgent                  -> origin/codex/wms593-597-urgent
2026-10-06T23:45:12.2944118Z  * [new branch]          codex/wms602-fbs-cell-scan               -> origin/codex/wms602-fbs-cell-scan
2026-10-06T23:45:12.2944775Z  * [new branch]          codex/wms603-box-scan                    -> origin/codex/wms603-box-scan
2026-10-06T23:45:12.2945838Z  * [new branch]          codex/wms604-staging-integration         -> origin/codex/wms604-staging-integration
2026-10-06T23:45:12.2946593Z  * [new branch]          codex/wms604-unified-packing             -> origin/codex/wms604-unified-packing
2026-10-06T23:45:12.2947458Z  * [new branch]          codex/wms607-artmaks-acceptance-updater-contract -> origin/codex/wms607-artmaks-acceptance-updater-contract
2026-10-06T23:45:12.2948400Z  * [new branch]          codex/wms607-artmaks-direct-repair       -> origin/codex/wms607-artmaks-direct-repair
2026-10-06T23:45:12.2949212Z  * [new branch]          codex/wms607-artmaks-installer-findings  -> origin/codex/wms607-artmaks-installer-findings
2026-10-06T23:45:12.2950022Z  * [new branch]          codex/wms607-artmaks-repair-review       -> origin/codex/wms607-artmaks-repair-review
2026-10-06T23:45:12.2950783Z  * [new branch]          codex/wms607-artmaks-test-contract       -> origin/codex/wms607-artmaks-test-contract
2026-10-06T23:45:12.2951508Z  * [new branch]          codex/wms607-instant-print               -> origin/codex/wms607-instant-print
2026-10-06T23:45:12.2952213Z  * [new branch]          codex/wms607-mac-single-binary           -> origin/codex/wms607-mac-single-binary
2026-10-06T23:45:12.2952985Z  * [new branch]          codex/wms607-printer-failure-analysis    -> origin/codex/wms607-printer-failure-analysis
2026-10-06T23:45:12.2953942Z  * [new branch]          codex/wms607-staging-print               -> origin/codex/wms607-staging-print
2026-10-06T23:45:12.2954624Z  * [new branch]          codex/wms607-windows-x64                 -> origin/codex/wms607-windows-x64
2026-10-06T23:45:12.2955644Z  * [new branch]          codex/wms608-scanned-row-first           -> origin/codex/wms608-scanned-row-first
2026-10-06T23:45:12.2956435Z  * [new branch]          codex/wms610-fbs-picking-columns         -> origin/codex/wms610-fbs-picking-columns
2026-10-06T23:45:12.2957186Z  * [new branch]          codex/wms611-fbs-print-disabled          -> origin/codex/wms611-fbs-print-disabled
2026-10-06T23:45:12.2957915Z  * [new branch]          codex/wms612-delivery-checks             -> origin/codex/wms612-delivery-checks
2026-10-06T23:45:12.2958607Z  * [new branch]          codex/wms612-staging-all                 -> origin/codex/wms612-staging-all
2026-10-06T23:45:12.2959298Z  * [new branch]          codex/wms614-616-prod-release            -> origin/codex/wms614-616-prod-release
2026-10-06T23:45:12.2959998Z  * [new branch]          codex/wms617-video-demo                  -> origin/codex/wms617-video-demo
2026-10-06T23:45:12.2960645Z  * [new branch]          codex/wms618-staging                     -> origin/codex/wms618-staging
2026-10-06T23:45:12.2961322Z  * [new branch]          codex/wms622-fbo-kiz-recovery            -> origin/codex/wms622-fbo-kiz-recovery
2026-10-06T23:45:12.2962063Z  * [new branch]          codex/wms623-artmaks-unused-pdfs         -> origin/codex/wms623-artmaks-unused-pdfs
2026-10-06T23:45:12.2962867Z  * [new branch]          codex/wms624-developer-requests-current  -> origin/codex/wms624-developer-requests-current
2026-10-06T23:45:12.2963635Z  * [new branch]          codex/wms624-sync-cadence                -> origin/codex/wms624-sync-cadence
2026-10-06T23:45:12.2964343Z  * [new branch]          codex/wms625-print-reliability           -> origin/codex/wms625-print-reliability
2026-10-06T23:45:12.2965345Z  * [new branch]          codex/wms626-astra-effort-limit          -> origin/codex/wms626-astra-effort-limit
2026-10-06T23:45:12.2966296Z  * [new branch]          codex/wms627-artmaks-stock-reconcile     -> origin/codex/wms627-artmaks-stock-reconcile
2026-10-06T23:45:12.2967083Z  * [new branch]          codex/wms628-artmaks-wrong-scan          -> origin/codex/wms628-artmaks-wrong-scan
2026-10-06T23:45:12.2967787Z  * [new branch]          codex/wms628-production                  -> origin/codex/wms628-production
2026-10-06T23:45:12.2968477Z  * [new branch]          codex/wms629-packing-scroll              -> origin/codex/wms629-packing-scroll
2026-10-06T23:45:12.2969271Z  * [new branch]          codex/wms636-typecheck-validation-20261006 -> origin/codex/wms636-typecheck-validation-20261006
2026-10-06T23:45:12.2970043Z  * [new branch]          codex/wms651-counter-copy                -> origin/codex/wms651-counter-copy
2026-10-06T23:45:12.2970833Z  * [new branch]          codex/wms652-517-release-acceptance-20261006 -> origin/codex/wms652-517-release-acceptance-20261006
2026-10-06T23:45:12.2971665Z  * [new branch]          codex/wms652-acceptance-evidence         -> origin/codex/wms652-acceptance-evidence
2026-10-06T23:45:12.2972506Z  * [new branch]          codex/wms652-backup-fixture-boundary-20261007 -> origin/codex/wms652-backup-fixture-boundary-20261007
2026-10-06T23:45:12.2973357Z  * [new branch]          codex/wms652-backup-fixture-review       -> origin/codex/wms652-backup-fixture-review
2026-10-06T23:45:12.2974084Z  * [new branch]          codex/wms652-bot-night                   -> origin/codex/wms652-bot-night
2026-10-06T23:45:12.2974813Z  * [new branch]          codex/wms652-checkpoint-requirements     -> origin/codex/wms652-checkpoint-requirements
2026-10-06T23:45:12.2975831Z  * [new branch]          codex/wms652-ci-delta-review             -> origin/codex/wms652-ci-delta-review
2026-10-06T23:45:12.2976525Z  * [new branch]          codex/wms652-ci-two-shards               -> origin/codex/wms652-ci-two-shards
2026-10-06T23:45:12.2977427Z  * [new branch]          codex/wms652-critical-fbs-contracts      -> origin/codex/wms652-critical-fbs-contracts
2026-10-06T23:45:12.2978267Z  * [new branch]          codex/wms652-disjoint-contract-corrections -> origin/codex/wms652-disjoint-contract-corrections
2026-10-06T23:45:12.2979152Z  * [new branch]          codex/wms652-final-bootstrap-pin-20261007 -> origin/codex/wms652-final-bootstrap-pin-20261007
2026-10-06T23:45:12.2980043Z  * [new branch]          codex/wms652-final-source-pin-review-20261007 -> origin/codex/wms652-final-source-pin-review-20261007
2026-10-06T23:45:12.2980900Z  * [new branch]          codex/wms652-independent-main-check      -> origin/codex/wms652-independent-main-check
2026-10-06T23:45:12.2981631Z  * [new branch]          codex/wms652-night-reader                -> origin/codex/wms652-night-reader
2026-10-06T23:45:12.2982302Z  * [new branch]          codex/wms652-night-repair                -> origin/codex/wms652-night-repair
2026-10-06T23:45:12.2982969Z  * [new branch]          codex/wms652-pdf-probe                   -> origin/codex/wms652-pdf-probe
2026-10-06T23:45:12.2983740Z  * [new branch]          codex/wms652-process-fixes-review-20261007 -> origin/codex/wms652-process-fixes-review-20261007
2026-10-06T23:45:12.2984526Z  * [new branch]          codex/wms652-process-gates               -> origin/codex/wms652-process-gates
2026-10-06T23:45:12.2985620Z  * [new branch]          codex/wms652-process-protection-requirements -> origin/codex/wms652-process-protection-requirements
2026-10-06T23:45:12.2986607Z  * [new branch]          codex/wms652-prod-env-negative-canary-20261007 -> origin/codex/wms652-prod-env-negative-canary-20261007
2026-10-06T23:45:12.2987466Z  * [new branch]          codex/wms652-regression-guard            -> origin/codex/wms652-regression-guard
2026-10-06T23:45:12.2988207Z  * [new branch]          codex/wms652-release-ci-20261006         -> origin/codex/wms652-release-ci-20261006
2026-10-06T23:45:12.2989038Z  * [new branch]          codex/wms652-required-check-canary-20261006 -> origin/codex/wms652-required-check-canary-20261006
2026-10-06T23:45:12.2990098Z  * [new branch]          codex/wms652-reviewed-contract-corrections -> origin/codex/wms652-reviewed-contract-corrections
2026-10-06T23:45:12.2990940Z  * [new branch]          codex/wms652-server-deploy-gate          -> origin/codex/wms652-server-deploy-gate
2026-10-06T23:45:12.2991678Z  * [new branch]          codex/wms652-sonnet-frontend             -> origin/codex/wms652-sonnet-frontend
2026-10-06T23:45:12.2992388Z  * [new branch]          codex/wms652-trusted-anchor              -> origin/codex/wms652-trusted-anchor
2026-10-06T23:45:12.2993050Z  * [new branch]          codex/wms652-ui-gate                     -> origin/codex/wms652-ui-gate
2026-10-06T23:45:12.2993805Z  * [new branch]          codex/wms653-scope-attribution-20261006  -> origin/codex/wms653-scope-attribution-20261006
2026-10-06T23:45:12.2994700Z  * [new branch]          codex/wms653-scope-independent-review-20261006 -> origin/codex/wms653-scope-independent-review-20261006
2026-10-06T23:45:12.2996006Z  * [new branch]          codex/wms653-shared-proof-independent-review-20261006 -> origin/codex/wms653-shared-proof-independent-review-20261006
2026-10-06T23:45:12.2996906Z  * [new branch]          codex/wms654-product-20261006            -> origin/codex/wms654-product-20261006
2026-10-06T23:45:12.2997613Z  * [new branch]          codex/wms659-imperia-boxes               -> origin/codex/wms659-imperia-boxes
2026-10-06T23:45:12.2998298Z  * [new branch]          codex/wms660-barcodes                    -> origin/codex/wms660-barcodes
2026-10-06T23:45:12.2998974Z  * [new branch]          codex/wms661-analyst-20261006            -> origin/codex/wms661-analyst-20261006
2026-10-06T23:45:12.2999742Z  * [new branch]          codex/wms661-installed-baseline-tests    -> origin/codex/wms661-installed-baseline-tests
2026-10-06T23:45:12.3000588Z  * [new branch]          codex/wms661-reviewed-ordered-integration -> origin/codex/wms661-reviewed-ordered-integration
2026-10-06T23:45:12.3001662Z  * [new branch]          codex/wms661-runtime-preflight-20261006  -> origin/codex/wms661-runtime-preflight-20261006
2026-10-06T23:45:12.3002524Z  * [new branch]          codex/wms661-testwriter-baseline-20261006 -> origin/codex/wms661-testwriter-baseline-20261006
2026-10-06T23:45:12.3003457Z  * [new branch]          codex/wms662-663-owner-supersession-gate-20261006 -> origin/codex/wms662-663-owner-supersession-gate-20261006
2026-10-06T23:45:12.3004289Z  * [new branch]          codex/wms662-663-priority                -> origin/codex/wms662-663-priority
2026-10-06T23:45:12.3005236Z  * [new branch]          codex/wms662-f6-testwriter               -> origin/codex/wms662-f6-testwriter
2026-10-06T23:45:12.3006074Z  * [new branch]          codex/wms662-format-only-correction-20261006 -> origin/codex/wms662-format-only-correction-20261006
2026-10-06T23:45:12.3006982Z  * [new branch]          codex/wms662-live-delivery-contract-20261006 -> origin/codex/wms662-live-delivery-contract-20261006
2026-10-06T23:45:12.3007788Z  * [new branch]          codex/wms662-prod-handoff                -> origin/codex/wms662-prod-handoff
2026-10-06T23:45:12.3008476Z  * [new branch]          codex/wms662-review-c36b8ab              -> origin/codex/wms662-review-c36b8ab
2026-10-06T23:45:12.3009258Z  * [new branch]          codex/wms662-scoped-integration-20261006 -> origin/codex/wms662-scoped-integration-20261006
2026-10-06T23:45:12.3010125Z  * [new branch]          codex/wms663-boxes-single-checkbox-20261006 -> origin/codex/wms663-boxes-single-checkbox-20261006
2026-10-06T23:45:12.3011071Z  * [new branch]          codex/wms663-owner-checkbox-test-contract-20261006 -> origin/codex/wms663-owner-checkbox-test-contract-20261006
2026-10-06T23:45:12.3012053Z  * [new branch]          codex/wms663-pre-set-recovery-contract-20261006 -> origin/codex/wms663-pre-set-recovery-contract-20261006
2026-10-06T23:45:12.3012966Z  * [new branch]          codex/wms663-readonly-ozon-status-20261006 -> origin/codex/wms663-readonly-ozon-status-20261006
2026-10-06T23:45:12.3013971Z  * [new branch]          codex/wms663-release-retry-acceptance    -> origin/codex/wms663-release-retry-acceptance
2026-10-06T23:45:12.3014767Z  * [new branch]          codex/wms663-release-retry-fix           -> origin/codex/wms663-release-retry-fix
2026-10-06T23:45:12.3016062Z  * [new branch]          codex/wms663-required-order-checkbox-contract-20261006 -> origin/codex/wms663-required-order-checkbox-contract-20261006
2026-10-06T23:45:12.3017182Z  * [new branch]          codex/wms663-requirements-completeness-contract-20261006 -> origin/codex/wms663-requirements-completeness-contract-20261006
2026-10-06T23:45:12.3018435Z  * [new branch]          codex/wms663-retry-contract-20261006     -> origin/codex/wms663-retry-contract-20261006
2026-10-06T23:45:12.3019588Z  * [new branch]          codex/wms663-scoped-priority-20261006    -> origin/codex/wms663-scoped-priority-20261006
2026-10-06T23:45:12.3020870Z  * [new branch]          codex/wms664-dispatcher-stall            -> origin/codex/wms664-dispatcher-stall
2026-10-06T23:45:12.3022141Z  * [new branch]          codex/wms665-avpack-withdrawal-helper    -> origin/codex/wms665-avpack-withdrawal-helper
2026-10-06T23:45:12.3023504Z  * [new branch]          codex/wms665-full-sold-operational-check-20261006 -> origin/codex/wms665-full-sold-operational-check-20261006
2026-10-06T23:45:12.3024624Z  * [new branch]          codex/wms665-production-url-hotfix-20261006 -> origin/codex/wms665-production-url-hotfix-20261006
2026-10-06T23:45:12.3026005Z  * [new branch]          codex/wms666-ci-history-independent-review-20261006 -> origin/codex/wms666-ci-history-independent-review-20261006
2026-10-06T23:45:12.3026948Z  * [new branch]          codex/wms666-ci-history-scope-20261006   -> origin/codex/wms666-ci-history-scope-20261006
2026-10-06T23:45:12.3027743Z  * [new branch]          codex/wms666-ci-qr-finish-20261006       -> origin/codex/wms666-ci-qr-finish-20261006
2026-10-06T23:45:12.3028808Z  * [new branch]          codex/wms666-doc-history-scope-fix-20261006 -> origin/codex/wms666-doc-history-scope-fix-20261006
2026-10-06T23:45:12.3029729Z  * [new branch]          codex/wms666-legacy-harness-review-20261006 -> origin/codex/wms666-legacy-harness-review-20261006
2026-10-06T23:45:12.3030590Z  * [new branch]          codex/wms666-priority-etalon-20261006    -> origin/codex/wms666-priority-etalon-20261006
2026-10-06T23:45:12.3031405Z  * [new branch]          codex/wms666-release-c11-acceptance      -> origin/codex/wms666-release-c11-acceptance
2026-10-06T23:45:12.3032244Z  * [new branch]          codex/wms666-remote-browser-proof-20261006 -> origin/codex/wms666-remote-browser-proof-20261006
2026-10-06T23:45:12.3033143Z  * [new branch]          codex/wms666-staging-c11-acceptance-20261006 -> origin/codex/wms666-staging-c11-acceptance-20261006
2026-10-06T23:45:12.3034051Z  * [new branch]          codex/wms666-task-scope-correction-20261006 -> origin/codex/wms666-task-scope-correction-20261006
2026-10-06T23:45:12.3035095Z  * [new branch]          codex/wms666-unified-fbs-packing         -> origin/codex/wms666-unified-fbs-packing
2026-10-06T23:45:12.3035915Z  * [new branch]          codex/wms667-stock-filter                -> origin/codex/wms667-stock-filter
2026-10-06T23:45:12.3036628Z  * [new branch]          codex/wms667-visual-runner               -> origin/codex/wms667-visual-runner
2026-10-06T23:45:12.3037383Z  * [new branch]          codex/wms668-dispatcher-batch-final      -> origin/codex/wms668-dispatcher-batch-final
2026-10-06T23:45:12.3038275Z  * [new branch]          codex/wms669-urgent-confirmed-contract-20261006 -> origin/codex/wms669-urgent-confirmed-contract-20261006
2026-10-06T23:45:12.3039141Z  * [new branch]          codex/wms672-673-analyst-20261006        -> origin/codex/wms672-673-analyst-20261006
2026-10-06T23:45:12.3039954Z  * [new branch]          codex/wms672-673-prerequisite-integration -> origin/codex/wms672-673-prerequisite-integration
2026-10-06T23:45:12.3040776Z  * [new branch]          codex/wms672-c5-cache-clock-trace        -> origin/codex/wms672-c5-cache-clock-trace
2026-10-06T23:45:12.3041701Z  * [new branch]          codex/wms672-c5-cache-debug-trace        -> origin/codex/wms672-c5-cache-debug-trace
2026-10-06T23:45:12.3042450Z  * [new branch]          codex/wms672-c5-cache-trace              -> origin/codex/wms672-c5-cache-trace
2026-10-06T23:45:12.3043181Z  * [new branch]          codex/wms672-c5-linux-diagnostic         -> origin/codex/wms672-c5-linux-diagnostic
2026-10-06T23:45:12.3043934Z  * [new branch]          codex/wms672-c5-linux-fix-check          -> origin/codex/wms672-c5-linux-fix-check
2026-10-06T23:45:12.3044689Z  * [new branch]          codex/wms672-c5-peer-drain-check         -> origin/codex/wms672-c5-peer-drain-check
2026-10-06T23:45:12.3045826Z  * [new branch]          codex/wms672-c5-raster-resource-comparison -> origin/codex/wms672-c5-raster-resource-comparison
2026-10-06T23:45:12.3046672Z  * [new branch]          codex/wms672-c5-target-cache-trace       -> origin/codex/wms672-c5-target-cache-trace
2026-10-06T23:45:12.3047496Z  * [new branch]          codex/wms672-functional-finish-20261006  -> origin/codex/wms672-functional-finish-20261006
2026-10-06T23:45:12.3048284Z  * [new branch]          codex/wms672-native-decode-fix           -> origin/codex/wms672-native-decode-fix
2026-10-06T23:45:12.3049093Z  * [new branch]          codex/wms672-native-error-contract-20261007 -> origin/codex/wms672-native-error-contract-20261007
2026-10-06T23:45:12.3049899Z  * [new branch]          codex/wms672-native-fix-review           -> origin/codex/wms672-native-fix-review
2026-10-06T23:45:12.3050703Z  * [new branch]          codex/wms672-peer-drain-contract-20261007 -> origin/codex/wms672-peer-drain-contract-20261007
2026-10-06T23:45:12.3051549Z  * [new branch]          codex/wms672-peer-drain-source-review    -> origin/codex/wms672-peer-drain-source-review
2026-10-06T23:45:12.3052445Z  * [new branch]          codex/wms672-raster-analyst-acceptance-20261007 -> origin/codex/wms672-raster-analyst-acceptance-20261007
2026-10-06T23:45:12.3053547Z  * [new branch]          codex/wms672-raster-resource-contract-20261007 -> origin/codex/wms672-raster-resource-contract-20261007
2026-10-06T23:45:12.3054399Z  * [new branch]          codex/wms672-raster-resource-fix         -> origin/codex/wms672-raster-resource-fix
2026-10-06T23:45:12.3055465Z  * [new branch]          codex/wms672-raster-resource-review-20261007 -> origin/codex/wms672-raster-resource-review-20261007
2026-10-06T23:45:12.3056385Z  * [new branch]          codex/wms675-ci-topology-proof-20261006  -> origin/codex/wms675-ci-topology-proof-20261006
2026-10-06T23:45:12.3057233Z  * [new branch]          codex/wms675-incident-regression-20261006 -> origin/codex/wms675-incident-regression-20261006
2026-10-06T23:45:12.3058084Z  * [new branch]          codex/wms675-live-reconciliation-20261006 -> origin/codex/wms675-live-reconciliation-20261006
2026-10-06T23:45:12.3058879Z  * [new branch]          codex/wms676-crosscheck-astra            -> origin/codex/wms676-crosscheck-astra
2026-10-06T23:45:12.3059648Z  * [new branch]          codex/wms676-night-review-fallback       -> origin/codex/wms676-night-review-fallback
2026-10-06T23:45:12.3060393Z  * [new branch]          codex/wms676-sol61-pipeline              -> origin/codex/wms676-sol61-pipeline
2026-10-06T23:45:12.3061141Z  * [new branch]          codex/wms679-fbw-analysis-source349      -> origin/codex/wms679-fbw-analysis-source349
2026-10-06T23:45:12.3061954Z  * [new branch]          codex/wms681-682-morning-intake-20261006 -> origin/codex/wms681-682-morning-intake-20261006
2026-10-06T23:45:12.3062702Z  * [new branch]          codex/wms681-qr-recovery                 -> origin/codex/wms681-qr-recovery
2026-10-06T23:45:12.3063748Z  * [new branch]          codex/wms681-real-wb-qr-hotfix           -> origin/codex/wms681-real-wb-qr-hotfix
2026-10-06T23:45:12.3065446Z  * [new branch]          deploy/wb-emulator-real-order-qr         -> origin/deploy/wb-emulator-real-order-qr
2026-10-06T23:45:12.3066918Z  * [new branch]          docs/owner-requirements-20260831         -> origin/docs/owner-requirements-20260831
2026-10-06T23:45:12.3068737Z  * [new branch]          docs/wms-system-review-protocol-20260812 -> origin/docs/wms-system-review-protocol-20260812
2026-10-06T23:45:12.3070081Z  * [new branch]          docs/wms469-470-backlog                  -> origin/docs/wms469-470-backlog
2026-10-06T23:45:12.3071306Z  * [new branch]          docs/wms561-ship-by-in-supply            -> origin/docs/wms561-ship-by-in-supply
2026-10-06T23:45:12.3072413Z  * [new branch]          docs/wms584-585-tsd-walkthrough          -> origin/docs/wms584-585-tsd-walkthrough
2026-10-06T23:45:12.3073179Z  * [new branch]          docs/wms648-ozon-catalog-backlog         -> origin/docs/wms648-ozon-catalog-backlog
2026-10-06T23:45:12.3073937Z  * [new branch]          docs/wms649-shk-po-ploshchadke           -> origin/docs/wms649-shk-po-ploshchadke
2026-10-06T23:45:12.3074580Z  * [new branch]          etalon                                   -> origin/etalon
2026-10-06T23:45:12.3075681Z  * [new branch]          feat/cz-print-split-artifact             -> origin/feat/cz-print-split-artifact
2026-10-06T23:45:12.3076593Z  * [new branch]          feat/fbs-warehouse-filter-20260812       -> origin/feat/fbs-warehouse-filter-20260812
2026-10-06T23:45:12.3077380Z  * [new branch]          feat/ff-inbound-create-20260812          -> origin/feat/ff-inbound-create-20260812
2026-10-06T23:45:12.3078133Z  * [new branch]          feat/marking-import-s3-storage           -> origin/feat/marking-import-s3-storage
2026-10-06T23:45:12.3078881Z  * [new branch]          feat/mobile-fbs-demo-seed                -> origin/feat/mobile-fbs-demo-seed
2026-10-06T23:45:12.3079594Z  * [new branch]          feat/product-barcode-print               -> origin/feat/product-barcode-print
2026-10-06T23:45:12.3080279Z  * [new branch]          feat/wms056-audit-trail                  -> origin/feat/wms056-audit-trail
2026-10-06T23:45:12.3080957Z  * [new branch]          feat/wms062-warehouse-docs               -> origin/feat/wms062-warehouse-docs
2026-10-06T23:45:12.3081884Z  * [new branch]          feat/wms111-wb-cancel-return             -> origin/feat/wms111-wb-cancel-return
2026-10-06T23:45:12.3082602Z  * [new branch]          feat/wms121-supply-identity              -> origin/feat/wms121-supply-identity
2026-10-06T23:45:12.3083301Z  * [new branch]          feat/wms270-login-and-ports              -> origin/feat/wms270-login-and-ports
2026-10-06T23:45:12.3084024Z  * [new branch]          feat/wms338-stock-min-formula            -> origin/feat/wms338-stock-min-formula
2026-10-06T23:45:12.3084718Z  * [new branch]          feat/wms349-merge-service                -> origin/feat/wms349-merge-service
2026-10-06T23:45:12.3085677Z  * [new branch]          feat/wms363-ozon-tsd                     -> origin/feat/wms363-ozon-tsd
2026-10-06T23:45:12.3086311Z  * [new branch]          feat/wms397-chat-mvp                     -> origin/feat/wms397-chat-mvp
2026-10-06T23:45:12.3086978Z  * [new branch]          feat/wms401-mobile-followup              -> origin/feat/wms401-mobile-followup
2026-10-06T23:45:12.3087700Z  * [new branch]          feat/wms433-assistant-release            -> origin/feat/wms433-assistant-release
2026-10-06T23:45:12.3088402Z  * [new branch]          feat/wms433-tenant-rollout               -> origin/feat/wms433-tenant-rollout
2026-10-06T23:45:12.3089085Z  * [new branch]          feat/wms447-fbs-box-count                -> origin/feat/wms447-fbs-box-count
2026-10-06T23:45:12.3089798Z  * [new branch]          feat/wms453-455-boxes-shared-pool        -> origin/feat/wms453-455-boxes-shared-pool
2026-10-06T23:45:12.3090509Z  * [new branch]          feat/wms469-stock-dialog                 -> origin/feat/wms469-stock-dialog
2026-10-06T23:45:12.3091211Z  * [new branch]          feat/wms529-stock-vs-location            -> origin/feat/wms529-stock-vs-location
2026-10-06T23:45:12.3091886Z  * [new branch]          feat/wms534-intake-box                   -> origin/feat/wms534-intake-box
2026-10-06T23:45:12.3092529Z  * [new branch]          feat/wms536-scan-layer                   -> origin/feat/wms536-scan-layer
2026-10-06T23:45:12.3093388Z  * [new branch]          feat/wms539-artmaks-cells-import         -> origin/feat/wms539-artmaks-cells-import
2026-10-06T23:45:12.3094108Z  * [new branch]          feat/wms631-print-agent                  -> origin/feat/wms631-print-agent
2026-10-06T23:45:12.3094760Z  * [new branch]          feat/wms633-chz-copies                   -> origin/feat/wms633-chz-copies
2026-10-06T23:45:12.3095767Z  * [new branch]          feat/wms636-wb-rejected-filter           -> origin/feat/wms636-wb-rejected-filter
2026-10-06T23:45:12.3096488Z  * [new branch]          feat/wms641-support-agent                -> origin/feat/wms641-support-agent
2026-10-06T23:45:12.3097159Z  * [new branch]          feat/wms650-sorting-impl                 -> origin/feat/wms650-sorting-impl
2026-10-06T23:45:12.3097834Z  * [new branch]          feat/wms650-sorting-mockup               -> origin/feat/wms650-sorting-mockup
2026-10-06T23:45:12.3098545Z  * [new branch]          fix/auth-staff-e2e-20260815              -> origin/fix/auth-staff-e2e-20260815
2026-10-06T23:45:12.3099236Z  * [new branch]          fix/cis-pool-full-20260821               -> origin/fix/cis-pool-full-20260821
2026-10-06T23:45:12.3099940Z  * [new branch]          fix/cz-artifact-print-scale              -> origin/fix/cz-artifact-print-scale
2026-10-06T23:45:12.3100623Z  * [new branch]          fix/deploy-hard-reset                    -> origin/fix/deploy-hard-reset
2026-10-06T23:45:12.3101319Z  * [new branch]          fix/fbs-box-controls-20260901            -> origin/fix/fbs-box-controls-20260901
2026-10-06T23:45:12.3102046Z  * [new branch]          fix/fbs-supplier-status-sync             -> origin/fix/fbs-supplier-status-sync
2026-10-06T23:45:12.3102808Z  * [new branch]          fix/inventory-owner-block-20260902       -> origin/fix/inventory-owner-block-20260902
2026-10-06T23:45:12.3103690Z  * [new branch]          fix/inventory-unexpected-product-scan-20260901 -> origin/fix/inventory-unexpected-product-scan-20260901
2026-10-06T23:45:12.3104698Z  * [new branch]          fix/kiz-gs-restore-20260821              -> origin/fix/kiz-gs-restore-20260821
2026-10-06T23:45:12.3105748Z  * [new branch]          fix/no-distribution-20260821             -> origin/fix/no-distribution-20260821
2026-10-06T23:45:12.3106581Z  * [new branch]          fix/outbound-reserve-from-sorting-20260902 -> origin/fix/outbound-reserve-from-sorting-20260902
2026-10-06T23:45:12.3107398Z  * [new branch]          fix/packing-optional-20260819            -> origin/fix/packing-optional-20260819
2026-10-06T23:45:12.3108127Z  * [new branch]          fix/packing-optional-to-prod             -> origin/fix/packing-optional-to-prod
2026-10-06T23:45:12.3108842Z  * [new branch]          fix/picklist-size-20260819               -> origin/fix/picklist-size-20260819
2026-10-06T23:45:12.3109510Z  * [new branch]          fix/print-pdf-dialog                     -> origin/fix/print-pdf-dialog
2026-10-06T23:45:12.3110198Z  * [new branch]          fix/print-restore-proven                 -> origin/fix/print-restore-proven
2026-10-06T23:45:12.3110902Z  * [new branch]          fix/review-findings-20260902             -> origin/fix/review-findings-20260902
2026-10-06T23:45:12.3111660Z  * [new branch]          fix/seller-honest-sign-sync-20260819     -> origin/fix/seller-honest-sign-sync-20260819
2026-10-06T23:45:12.3112422Z  * [new branch]          fix/warehouse-single-20260821            -> origin/fix/warehouse-single-20260821
2026-10-06T23:45:12.3113164Z  * [new branch]          fix/wb-label-seller-line-height          -> origin/fix/wb-label-seller-line-height
2026-10-06T23:45:12.3113907Z  * [new branch]          fix/wb-label-seller-line-trim            -> origin/fix/wb-label-seller-line-trim
2026-10-06T23:45:12.3114617Z  * [new branch]          fix/wb-meta-method-20260821              -> origin/fix/wb-meta-method-20260821
2026-10-06T23:45:12.3115575Z  * [new branch]          fix/wb-token-save-500                    -> origin/fix/wb-token-save-500
2026-10-06T23:45:12.3116455Z  * [new branch]          fix/wms-fbs-single-pick-by-cell          -> origin/fix/wms-fbs-single-pick-by-cell
2026-10-06T23:45:12.3117204Z  * [new branch]          fix/wms-session-regression               -> origin/fix/wms-session-regression
2026-10-06T23:45:12.3117954Z  * [new branch]          fix/wms487-tape-print-missing-codes      -> origin/fix/wms487-tape-print-missing-codes
2026-10-06T23:45:12.3118698Z  * [new branch]          fix/wms517-price-snapshot                -> origin/fix/wms517-price-snapshot
2026-10-06T23:45:12.3119349Z  * [new branch]          fix/wms517-sold-only                     -> origin/fix/wms517-sold-only
2026-10-06T23:45:12.3120012Z  * [new branch]          fix/wms625-on-etalon-20261003            -> origin/fix/wms625-on-etalon-20261003
2026-10-06T23:45:12.3120719Z  * [new branch]          fix/wms634-fbo-date-delegated            -> origin/fix/wms634-fbo-date-delegated
2026-10-06T23:45:12.3121418Z  * [new branch]          fix/wms635-kiz-no-wb-wait                -> origin/fix/wms635-kiz-no-wb-wait
2026-10-06T23:45:12.3122126Z  * [new branch]          fix/wms639-scan-no-wb-readback           -> origin/fix/wms639-scan-no-wb-readback
2026-10-06T23:45:12.3122854Z  * [new branch]          fix/wms640-scan-kiz-no-wb-wait           -> origin/fix/wms640-scan-kiz-no-wb-wait
2026-10-06T23:45:12.3123589Z  * [new branch]          fix/wms641-kiz-delete-background         -> origin/fix/wms641-kiz-delete-background
2026-10-06T23:45:12.3124337Z  * [new branch]          fix/wms642-kiz-no-locks-handover         -> origin/fix/wms642-kiz-no-locks-handover
2026-10-06T23:45:12.3125338Z  * [new branch]          fix/wms643-no-print-when-unchecked       -> origin/fix/wms643-no-print-when-unchecked
2026-10-06T23:45:12.3126131Z  * [new branch]          fix/wms652-contract-check-merge          -> origin/fix/wms652-contract-check-merge
2026-10-06T23:45:12.3126862Z  * [new branch]          fix/wms656-full-kiz-label                -> origin/fix/wms656-full-kiz-label
2026-10-06T23:45:12.3127737Z  * [new branch]          fix/wms666-product-stock-scope           -> origin/fix/wms666-product-stock-scope
2026-10-06T23:45:12.3128555Z  * [new branch]          hotfix/avpack-bulk-print-after-kiz-clear -> origin/hotfix/avpack-bulk-print-after-kiz-clear
2026-10-06T23:45:12.3129342Z  * [new branch]          hotfix/boxes-print-all-qr                -> origin/hotfix/boxes-print-all-qr
2026-10-06T23:45:12.3130094Z  * [new branch]          hotfix/cz-print-regression-2026-07-07    -> origin/hotfix/cz-print-regression-2026-07-07
2026-10-06T23:45:12.3130852Z  * [new branch]          hotfix/inbound-qty-blur-v2               -> origin/hotfix/inbound-qty-blur-v2
2026-10-06T23:45:12.3131615Z  * [new branch]          hotfix/inbound-table-header-alignment    -> origin/hotfix/inbound-table-header-alignment
2026-10-06T23:45:12.3132419Z  * [new branch]          hotfix/ozon-requirements-int-sku         -> origin/hotfix/ozon-requirements-int-sku
2026-10-06T23:45:12.3133192Z  * [new branch]          hotfix/tz-print-landscape-revert         -> origin/hotfix/tz-print-landscape-revert
2026-10-06T23:45:12.3133980Z  * [new branch]          hotfix/wb-unified-token-fbs-intake       -> origin/hotfix/wb-unified-token-fbs-intake
2026-10-06T23:45:12.3134708Z  * [new branch]          hotfix/wms622-628-restore                -> origin/hotfix/wms622-628-restore
2026-10-06T23:45:12.3135676Z  * [new branch]          integration/fbs-fixes-20260821           -> origin/integration/fbs-fixes-20260821
2026-10-06T23:45:12.3136292Z  * [new branch]          main                                     -> origin/main
2026-10-06T23:45:12.3136914Z  * [new branch]          mobile/android7-v014-recovery            -> origin/mobile/android7-v014-recovery
2026-10-06T23:45:12.3137576Z  * [new branch]          mobile/feat-fbs                          -> origin/mobile/feat-fbs
2026-10-06T23:45:12.3138204Z  * [new branch]          mockup/psp2-clickable                    -> origin/mockup/psp2-clickable
2026-10-06T23:45:12.3139335Z  * [new branch]          night/catalog-box-lookup-20260823/lane-1/01-catalog-box-lookup -> origin/night/catalog-box-lookup-20260823/lane-1/01-catalog-box-lookup
2026-10-06T23:45:12.3140357Z  * [new branch]          night/volna-9-recovery/lane-1/01-wb-marking -> origin/night/volna-9-recovery/lane-1/01-wb-marking
2026-10-06T23:45:12.3141261Z  * [new branch]          night/volna-9-recovery/lane-1/04-warehouse-switch -> origin/night/volna-9-recovery/lane-1/04-warehouse-switch
2026-10-06T23:45:12.3142170Z  * [new branch]          night/volna-9-recovery/lane-1/07-reporting -> origin/night/volna-9-recovery/lane-1/07-reporting
2026-10-06T23:45:12.3143047Z  * [new branch]          night/volna-9-recovery/lane-2/02-verdikt-screen -> origin/night/volna-9-recovery/lane-2/02-verdikt-screen
2026-10-06T23:45:12.3143918Z  * [new branch]          night/volna-9-recovery/lane-2/05-prod-slow -> origin/night/volna-9-recovery/lane-2/05-prod-slow
2026-10-06T23:45:12.3144738Z  * [new branch]          night/volna-9-recovery/lane-2/08-storage -> origin/night/volna-9-recovery/lane-2/08-storage
2026-10-06T23:45:12.3145992Z  * [new branch]          night/volna-9-recovery/lane-3/03-no-distribution-mode -> origin/night/volna-9-recovery/lane-3/03-no-distribution-mode
2026-10-06T23:45:12.3147006Z  * [new branch]          night/volna-9-recovery/lane-3/06-picking-list-order -> origin/night/volna-9-recovery/lane-3/06-picking-list-order
2026-10-06T23:45:12.3147909Z  * [new branch]          night/volna-9-recovery/lane-3/09-billing -> origin/night/volna-9-recovery/lane-3/09-billing
2026-10-06T23:45:12.3148679Z  * [new branch]          night/volna-9/lane-1/01-wb-marking       -> origin/night/volna-9/lane-1/01-wb-marking
2026-10-06T23:45:12.3149422Z  * [new branch]          night/volna-9/lane-1/07-reporting        -> origin/night/volna-9/lane-1/07-reporting
2026-10-06T23:45:12.3150137Z  * [new branch]          night/volna-9/lane-1/defect-01           -> origin/night/volna-9/lane-1/defect-01
2026-10-06T23:45:12.3151035Z  * [new branch]          night/volna-9/lane-1/feature-07          -> origin/night/volna-9/lane-1/feature-07
2026-10-06T23:45:12.3151792Z  * [new branch]          night/volna-9/lane-2/02-verdikt-screen   -> origin/night/volna-9/lane-2/02-verdikt-screen
2026-10-06T23:45:12.3152534Z  * [new branch]          night/volna-9/lane-2/08-storage          -> origin/night/volna-9/lane-2/08-storage
2026-10-06T23:45:12.3153240Z  * [new branch]          night/volna-9/lane-2/defect-02           -> origin/night/volna-9/lane-2/defect-02
2026-10-06T23:45:12.3154029Z  * [new branch]          night/volna-9/lane-3/03-no-distribution-mode -> origin/night/volna-9/lane-3/03-no-distribution-mode
2026-10-06T23:45:12.3154816Z  * [new branch]          night/volna-9/lane-3/09-billing          -> origin/night/volna-9/lane-3/09-billing
2026-10-06T23:45:12.3155901Z  * [new branch]          night/volna-9/lane-3/defect-03           -> origin/night/volna-9/lane-3/defect-03
2026-10-06T23:45:12.3156684Z  * [new branch]          night/volna-9/lane-4/04-warehouse-switch -> origin/night/volna-9/lane-4/04-warehouse-switch
2026-10-06T23:45:12.3157460Z  * [new branch]          night/volna-9/lane-4/defect-04           -> origin/night/volna-9/lane-4/defect-04
2026-10-06T23:45:12.3158199Z  * [new branch]          night/volna-9/lane-5/05-prod-slow        -> origin/night/volna-9/lane-5/05-prod-slow
2026-10-06T23:45:12.3158929Z  * [new branch]          night/volna-9/lane-5/defect-05           -> origin/night/volna-9/lane-5/defect-05
2026-10-06T23:45:12.3159705Z  * [new branch]          night/volna-9/lane-6/06-picking-list-order -> origin/night/volna-9/lane-6/06-picking-list-order
2026-10-06T23:45:12.3160478Z  * [new branch]          night/volna-9/lane-6/defect-06           -> origin/night/volna-9/lane-6/defect-06
2026-10-06T23:45:12.3161148Z  * [new branch]          night/wms-653-5beb52da                   -> origin/night/wms-653-5beb52da
2026-10-06T23:45:12.3161794Z  * [new branch]          night/wms-654-5beb52da                   -> origin/night/wms-654-5beb52da
2026-10-06T23:45:12.3162430Z  * [new branch]          night/wms-657-5beb52da                   -> origin/night/wms-657-5beb52da
2026-10-06T23:45:12.3163219Z  * [new branch]          night/wms-658-5beb52da                   -> origin/night/wms-658-5beb52da
2026-10-06T23:45:12.3163900Z  * [new branch]          night/wms-659-5beb52da                   -> origin/night/wms-659-5beb52da
2026-10-06T23:45:12.3164657Z  * [new branch]          night/zadachi-2026-08-21-20260821-r04/lane-1/01 -> origin/night/zadachi-2026-08-21-20260821-r04/lane-1/01
2026-10-06T23:45:12.3165833Z  * [new branch]          night/zadachi-2026-08-21-20260821-r04/lane-1/07 -> origin/night/zadachi-2026-08-21-20260821-r04/lane-1/07
2026-10-06T23:45:12.3166706Z  * [new branch]          night/zadachi-2026-08-21-20260821-r04/lane-2/02 -> origin/night/zadachi-2026-08-21-20260821-r04/lane-2/02
2026-10-06T23:45:12.3167573Z  * [new branch]          night/zadachi-2026-08-21-20260821-r04/lane-2/08 -> origin/night/zadachi-2026-08-21-20260821-r04/lane-2/08
2026-10-06T23:45:12.3168462Z  * [new branch]          night/zadachi-2026-08-21-20260821-r04/lane-3/03 -> origin/night/zadachi-2026-08-21-20260821-r04/lane-3/03
2026-10-06T23:45:12.3169318Z  * [new branch]          night/zadachi-2026-08-21-20260821-r04/lane-3/09 -> origin/night/zadachi-2026-08-21-20260821-r04/lane-3/09
2026-10-06T23:45:12.3170176Z  * [new branch]          night/zadachi-2026-08-21-20260821-r04/lane-4/04 -> origin/night/zadachi-2026-08-21-20260821-r04/lane-4/04
2026-10-06T23:45:12.3171036Z  * [new branch]          night/zadachi-2026-08-21-20260821-r04/lane-5/05 -> origin/night/zadachi-2026-08-21-20260821-r04/lane-5/05
2026-10-06T23:45:12.3171897Z  * [new branch]          night/zadachi-2026-08-21-20260821-r04/lane-6/06 -> origin/night/zadachi-2026-08-21-20260821-r04/lane-6/06
2026-10-06T23:45:12.3172735Z  * [new branch]          process/pipeline-on-etalon-20260821      -> origin/process/pipeline-on-etalon-20260821
2026-10-06T23:45:12.3173511Z  * [new branch]          release/2026-10-02-packing-stock         -> origin/release/2026-10-02-packing-stock
2026-10-06T23:45:12.3174367Z  * [new branch]          release/2026-10-03-ready                 -> origin/release/2026-10-03-ready
2026-10-06T23:45:12.3175299Z  * [new branch]          release/barcode-tall-label               -> origin/release/barcode-tall-label
2026-10-06T23:45:12.3176021Z  * [new branch]          release/inbound-print-fix                -> origin/release/inbound-print-fix
2026-10-06T23:45:12.3176703Z  * [new branch]          release/wms641-agent-v1                  -> origin/release/wms641-agent-v1
2026-10-06T23:45:12.3177359Z  * [new branch]          release/wms641-agent-v2                  -> origin/release/wms641-agent-v2
2026-10-06T23:45:12.3178000Z  * [new branch]          release/wms641-agent-v3                  -> origin/release/wms641-agent-v3
2026-10-06T23:45:12.3178757Z  * [new branch]          review/pick-and-binding-fixes-20260816   -> origin/review/pick-and-binding-fixes-20260816
2026-10-06T23:45:12.3179622Z  * [new branch]          review/system-wide-orchestrator-20260812 -> origin/review/system-wide-orchestrator-20260812
2026-10-06T23:45:12.3180399Z  * [new branch]          speed/test-infra-20260830                -> origin/speed/test-infra-20260830
2026-10-06T23:45:12.3181000Z  * [new branch]          staging                                  -> origin/staging
2026-10-06T23:45:12.3181595Z  * [new branch]          support-task/WMS-651-4                   -> origin/support-task/WMS-651-4
2026-10-06T23:45:12.3182236Z  * [new branch]          support-task/WMS-653-6                   -> origin/support-task/WMS-653-6
2026-10-06T23:45:12.3182872Z  * [new branch]          support-task/WMS-654-7                   -> origin/support-task/WMS-654-7
2026-10-06T23:45:12.3183510Z  * [new branch]          support-task/WMS-657-8                   -> origin/support-task/WMS-657-8
2026-10-06T23:45:12.3184146Z  * [new branch]          support-task/WMS-658-9                   -> origin/support-task/WMS-658-9
2026-10-06T23:45:12.3184795Z  * [new branch]          support-task/WMS-661-14                  -> origin/support-task/WMS-661-14
2026-10-06T23:45:12.3185971Z  * [new branch]          support-task/WMS-667-18                  -> origin/support-task/WMS-667-18
2026-10-06T23:45:12.3186683Z  * [new branch]          support-task/WMS-677-22                  -> origin/support-task/WMS-677-22
2026-10-06T23:45:12.3187335Z  * [new branch]          support-task/WMS-679-26                  -> origin/support-task/WMS-679-26
2026-10-06T23:45:12.3187972Z  * [new branch]          support-task/WMS-680-27                  -> origin/support-task/WMS-680-27
2026-10-06T23:45:12.3188619Z  * [new branch]          support-task/WMS-683-29                  -> origin/support-task/WMS-683-29
2026-10-06T23:45:12.3189300Z  * [new branch]          test/wms672-c7-c10-c11-20261006          -> origin/test/wms672-c7-c10-c11-20261006
2026-10-06T23:45:12.3189923Z  * [new tag]             tsd-preview                              -> tsd-preview
2026-10-06T23:45:12.3190532Z  * [new tag]             wms-print-direct-v2026.09.30.1           -> wms-print-direct-v2026.09.30.1
2026-10-06T23:45:12.3191208Z  * [new tag]             wms-print-direct-v2026.09.30.2           -> wms-print-direct-v2026.09.30.2
2026-10-06T23:45:12.3191864Z  * [new tag]             wms-print-direct-v2026.09.30.3           -> wms-print-direct-v2026.09.30.3
2026-10-06T23:45:12.3192521Z  * [new tag]             wms-print-direct-v2026.09.30.4           -> wms-print-direct-v2026.09.30.4
2026-10-06T23:45:12.3193179Z  * [new tag]             wms-print-direct-v2026.09.30.5           -> wms-print-direct-v2026.09.30.5
2026-10-06T23:45:12.3193864Z  * [new tag]             wms-print-direct-v2026.10.01.1-rc1       -> wms-print-direct-v2026.10.01.1-rc1
2026-10-06T23:45:12.3194511Z  * [new tag]             wms-print-v2026.09.13.1                  -> wms-print-v2026.09.13.1
2026-10-06T23:45:12.3195456Z  * [new tag]             wms-print-v2026.09.13.2                  -> wms-print-v2026.09.13.2
2026-10-06T23:45:12.3196245Z  * [new tag]             wms-print-v2026.09.13.3                  -> wms-print-v2026.09.13.3
2026-10-06T23:45:12.3196832Z  * [new ref]             ac845328b27b5be265962695e10766efddef339e -> pull/387/merge
2026-10-06T23:45:12.3198151Z ##[endgroup]
2026-10-06T23:45:12.3198617Z ##[group]Determining the checkout info
2026-10-06T23:45:12.3199110Z ##[endgroup]
2026-10-06T23:45:12.3199476Z [command]/usr/bin/git sparse-checkout disable
2026-10-06T23:45:12.3200333Z [command]/usr/bin/git config --local --unset-all extensions.worktreeConfig
2026-10-06T23:45:12.3201319Z ##[group]Checking out the ref
2026-10-06T23:45:12.3201774Z [command]/usr/bin/git checkout --progress --force refs/remotes/pull/387/merge
2026-10-06T23:45:13.3197005Z Updating files:  97% (6057/6216)
2026-10-06T23:45:13.3268945Z Updating files:  98% (6092/6216)
2026-10-06T23:45:13.3344967Z Updating files:  99% (6154/6216)
2026-10-06T23:45:13.3345908Z Updating files: 100% (6216/6216)
2026-10-06T23:45:13.3346275Z Updating files: 100% (6216/6216), done.
2026-10-06T23:45:13.3423568Z Note: switching to 'refs/remotes/pull/387/merge'.
2026-10-06T23:45:13.3423956Z 
2026-10-06T23:45:13.3424279Z You are in 'detached HEAD' state. You can look around, make experimental
2026-10-06T23:45:13.3425423Z changes and commit them, and you can discard any commits you make in this
2026-10-06T23:45:13.3426076Z state without impacting any branches by switching back to a branch.
2026-10-06T23:45:13.3426431Z 
2026-10-06T23:45:13.3426663Z If you want to create a new branch to retain commits you create, you may
2026-10-06T23:45:13.3427224Z do so (now or later) by using -c with the switch command. Example:
2026-10-06T23:45:13.3427535Z 
2026-10-06T23:45:13.3427672Z   git switch -c <new-branch-name>
2026-10-06T23:45:13.3427918Z 
2026-10-06T23:45:13.3428066Z Or undo this operation with:
2026-10-06T23:45:13.3428300Z 
2026-10-06T23:45:13.3428407Z   git switch -
2026-10-06T23:45:13.3428552Z 
2026-10-06T23:45:13.3428798Z Turn off this advice by setting config variable advice.detachedHead to false
2026-10-06T23:45:13.3429173Z 
2026-10-06T23:45:13.3429840Z HEAD is now at ac845328b Merge eabfad3656ec7ac923c6014657d4bf8ba5e63400 into 4b298efc95be7b4b6b7fe5665be9f3671f1fe747
2026-10-06T23:45:13.3500299Z ##[endgroup]
2026-10-06T23:45:13.3556964Z [command]/usr/bin/git log -1 --format=%H
2026-10-06T23:45:13.3586818Z ac845328b27b5be265962695e10766efddef339e
2026-10-06T23:45:13.3598978Z ##[group]Removing auth
2026-10-06T23:45:13.3603562Z [command]/usr/bin/git config --local --name-only --get-regexp core\.sshCommand
2026-10-06T23:45:13.3638671Z [command]/usr/bin/git submodule foreach --recursive sh -c "git config --local --name-only --get-regexp 'core\.sshCommand' && git config --local --unset-all 'core.sshCommand' || :"
2026-10-06T23:45:13.3873809Z [command]/usr/bin/git config --local --name-only --get-regexp http\.https\:\/\/github\.com\/\.extraheader
2026-10-06T23:45:13.3904205Z http.https://github.com/.extraheader
2026-10-06T23:45:13.3913098Z [command]/usr/bin/git config --local --unset-all http.https://github.com/.extraheader
2026-10-06T23:45:13.3948111Z [command]/usr/bin/git submodule foreach --recursive sh -c "git config --local --name-only --get-regexp 'http\.https\:\/\/github\.com\/\.extraheader' && git config --local --unset-all 'http.https://github.com/.extraheader' || :"
2026-10-06T23:45:13.4181743Z [command]/usr/bin/git config --local --name-only --get-regexp ^includeIf\.gitdir:
2026-10-06T23:45:13.4215719Z [command]/usr/bin/git submodule foreach --recursive git config --local --show-origin --name-only --get-regexp remote.origin.url
2026-10-06T23:45:13.4446768Z ##[endgroup]
2026-10-06T23:45:13.7655596Z ##[group]Run actions/setup-python@v5
2026-10-06T23:45:13.7655925Z with:
2026-10-06T23:45:13.7656138Z   python-version: 3.11
2026-10-06T23:45:13.7656365Z   cache: pip
2026-10-06T23:45:13.7656618Z   cache-dependency-path: backend/pyproject.toml
2026-10-06T23:45:13.7656930Z   check-latest: false
2026-10-06T23:45:13.7659414Z   token: ***
2026-10-06T23:45:13.7659637Z   update-environment: true
2026-10-06T23:45:13.7660096Z   allow-prereleases: false
2026-10-06T23:45:13.7660331Z   freethreaded: false
2026-10-06T23:45:13.7660550Z ##[endgroup]
2026-10-06T23:45:13.9083570Z ##[group]Installed versions
2026-10-06T23:45:13.9316394Z (node:2400) [DEP0040] DeprecationWarning: The `punycode` module is deprecated. Please use a userland alternative instead.
2026-10-06T23:45:13.9317238Z (Use `node --trace-deprecation ...` to show where the warning was created)
2026-10-06T23:45:13.9317841Z Successfully set up CPython (3.11.16)
2026-10-06T23:45:13.9318637Z ##[endgroup]
2026-10-06T23:45:13.9647974Z [command]/opt/hostedtoolcache/Python/3.11.16/x64/bin/pip cache dir
2026-10-06T23:45:14.2592074Z /home/runner/.cache/pip
2026-10-06T23:45:14.3630410Z Cache hit for: setup-python-Linux-x64-24.04-Ubuntu-python-3.11.16-pip-b895c9babfda1d10249511c619da3d95ed37f7d44247c5dff5f74d855af284be
2026-10-06T23:45:14.3732378Z (node:2400) [DEP0169] DeprecationWarning: `url.parse()` behavior is not standardized and prone to errors that have security implications. Use the WHATWG URL API instead. CVEs are not issued for `url.parse()` vulnerabilities.
2026-10-06T23:45:14.9719478Z Received 117236883 of 117236883 (100.0%), 200.7 MBs/sec
2026-10-06T23:45:14.9720048Z Cache Size: ~112 MB (117236883 B)
2026-10-06T23:45:14.9839062Z [command]/usr/bin/tar -xf /home/runner/work/_temp/17c8c285-8965-4595-a472-e2a50ce4be9f/cache.tzst -P -C /home/runner/work/WMS/WMS --use-compress-program unzstd
2026-10-06T23:45:15.1874197Z Cache restored successfully
2026-10-06T23:45:15.1927409Z Cache restored from key: setup-python-Linux-x64-24.04-Ubuntu-python-3.11.16-pip-b895c9babfda1d10249511c619da3d95ed37f7d44247c5dff5f74d855af284be
2026-10-06T23:45:15.2337009Z ##[group]Run pip install -e ".[dev]" asyncpg==0.31.0
2026-10-06T23:45:15.2337463Z [36;1mpip install -e ".[dev]" asyncpg==0.31.0[0m
2026-10-06T23:45:15.2608864Z shell: /usr/bin/bash -e {0}
2026-10-06T23:45:15.2609166Z env:
2026-10-06T23:45:15.2609466Z   pythonLocation: /opt/hostedtoolcache/Python/3.11.16/x64
2026-10-06T23:45:15.2609990Z   PKG_CONFIG_PATH: /opt/hostedtoolcache/Python/3.11.16/x64/lib/pkgconfig
2026-10-06T23:45:15.2610479Z   Python_ROOT_DIR: /opt/hostedtoolcache/Python/3.11.16/x64
2026-10-06T23:45:15.2610920Z   Python2_ROOT_DIR: /opt/hostedtoolcache/Python/3.11.16/x64
2026-10-06T23:45:15.2611352Z   Python3_ROOT_DIR: /opt/hostedtoolcache/Python/3.11.16/x64
2026-10-06T23:45:15.2611791Z   LD_LIBRARY_PATH: /opt/hostedtoolcache/Python/3.11.16/x64/lib
2026-10-06T23:45:15.2612159Z ##[endgroup]
2026-10-06T23:45:15.7972260Z Obtaining file:///home/runner/work/WMS/WMS/backend
2026-10-06T23:45:15.7996330Z   Installing build dependencies: started
2026-10-06T23:45:16.4375596Z   Installing build dependencies: finished with status 'done'
2026-10-06T23:45:16.4381447Z   Checking if build backend supports build_editable: started
2026-10-06T23:45:16.7444552Z   Checking if build backend supports build_editable: finished with status 'done'
2026-10-06T23:45:16.7453787Z   Getting requirements to build editable: started
2026-10-06T23:45:17.0634296Z   Getting requirements to build editable: finished with status 'done'
2026-10-06T23:45:17.0643969Z   Preparing editable metadata (pyproject.toml): started
2026-10-06T23:45:17.2548567Z   Preparing editable metadata (pyproject.toml): finished with status 'done'
2026-10-06T23:45:17.3797272Z Collecting asyncpg==0.31.0
2026-10-06T23:45:17.4387993Z   Downloading asyncpg-0.31.0-cp311-cp311-manylinux2014_x86_64.manylinux_2_17_x86_64.manylinux_2_28_x86_64.whl.metadata (4.4 kB)
2026-10-06T23:45:17.4924411Z Collecting fastapi>=0.110 (from wms-backend==0.1.0)
2026-10-06T23:45:17.4940773Z   Using cached fastapi-0.142.2-py3-none-any.whl.metadata (27 kB)
2026-10-06T23:45:17.5235148Z Collecting uvicorn>=0.27 (from uvicorn[standard]>=0.27->wms-backend==0.1.0)
2026-10-06T23:45:17.5251310Z   Using cached uvicorn-0.54.0-py3-none-any.whl.metadata (6.6 kB)
2026-10-06T23:45:17.5425293Z Collecting python-multipart>=0.0.9 (from wms-backend==0.1.0)
2026-10-06T23:45:17.5441337Z   Using cached python_multipart-0.0.32-py3-none-any.whl.metadata (2.1 kB)
2026-10-06T23:45:17.6412918Z Collecting pydantic>=2.6 (from wms-backend==0.1.0)
2026-10-06T23:45:17.6429316Z   Using cached pydantic-2.13.5-py3-none-any.whl.metadata (110 kB)
2026-10-06T23:45:17.6641367Z Collecting pydantic-settings>=2.2 (from wms-backend==0.1.0)
2026-10-06T23:45:17.6665925Z   Using cached pydantic_settings-2.15.0-py3-none-any.whl.metadata (3.9 kB)
2026-10-06T23:45:17.9465798Z Collecting sqlalchemy<2.1,>=2.0 (from wms-backend==0.1.0)
2026-10-06T23:45:17.9483440Z   Using cached sqlalchemy-2.0.54-cp311-cp311-manylinux2014_x86_64.manylinux_2_17_x86_64.manylinux_2_28_x86_64.whl.metadata (9.7 kB)
2026-10-06T23:45:18.0876057Z Collecting greenlet>=3.0 (from wms-backend==0.1.0)
2026-10-06T23:45:18.0893196Z   Using cached greenlet-3.5.6-cp311-cp311-manylinux_2_24_x86_64.manylinux_2_28_x86_64.whl.metadata (3.8 kB)
2026-10-06T23:45:18.1143680Z Collecting alembic>=1.13 (from wms-backend==0.1.0)
2026-10-06T23:45:18.1159690Z   Using cached alembic-1.20.0-py3-none-any.whl.metadata (7.3 kB)
2026-10-06T23:45:18.1362810Z Collecting psycopg>=3.1 (from psycopg[binary]>=3.1->wms-backend==0.1.0)
2026-10-06T23:45:18.1378235Z   Using cached psycopg-3.3.6-py3-none-any.whl.metadata (4.4 kB)
2026-10-06T23:45:18.1785881Z Collecting bcrypt>=4.1 (from wms-backend==0.1.0)
2026-10-06T23:45:18.1800791Z   Using cached bcrypt-5.0.0-cp39-abi3-manylinux_2_34_x86_64.whl.metadata (10 kB)
2026-10-06T23:45:18.1987282Z Collecting pyjwt>=2.8 (from wms-backend==0.1.0)
2026-10-06T23:45:18.2002248Z   Using cached pyjwt-2.15.1-py3-none-any.whl.metadata (3.5 kB)
2026-10-06T23:45:18.2164493Z Collecting email-validator>=2.1 (from wms-backend==0.1.0)
2026-10-06T23:45:18.2180358Z   Using cached email_validator-2.3.0-py3-none-any.whl.metadata (26 kB)
2026-10-06T23:45:18.2522468Z Collecting celery>=5.3 (from celery[redis]>=5.3->wms-backend==0.1.0)
2026-10-06T23:45:18.2537836Z   Using cached celery-5.6.3-py3-none-any.whl.metadata (23 kB)
2026-10-06T23:45:18.2834146Z Collecting httpx>=0.27 (from wms-backend==0.1.0)
2026-10-06T23:45:18.2849120Z   Using cached httpx-0.28.1-py3-none-any.whl.metadata (7.1 kB)
2026-10-06T23:45:18.4710968Z Collecting cryptography>=42.0 (from wms-backend==0.1.0)
2026-10-06T23:45:18.4727507Z   Using cached cryptography-50.0.2-cp311-abi3-manylinux_2_34_x86_64.whl.metadata (4.4 kB)
2026-10-06T23:45:18.6045314Z Collecting pymupdf>=1.24 (from wms-backend==0.1.0)
2026-10-06T23:45:18.6061756Z   Using cached pymupdf-1.28.2-cp310-abi3-manylinux_2_28_x86_64.whl.metadata (26 kB)
2026-10-06T23:45:18.6331206Z Collecting zxing-cpp>=3.0 (from wms-backend==0.1.0)
2026-10-06T23:45:18.6346602Z   Using cached zxing_cpp-3.1.1-cp311-cp311-manylinux_2_27_x86_64.manylinux_2_28_x86_64.whl.metadata (2.3 kB)
2026-10-06T23:45:18.6518649Z Collecting openpyxl>=3.1 (from wms-backend==0.1.0)
2026-10-06T23:45:18.6533730Z   Using cached openpyxl-3.1.5-py2.py3-none-any.whl.metadata (2.5 kB)
2026-10-06T23:45:18.8417564Z Collecting boto3>=1.34 (from wms-backend==0.1.0)
2026-10-06T23:45:18.8434255Z   Using cached boto3-1.43.108-py3-none-any.whl.metadata (6.6 kB)
2026-10-06T23:45:19.1866177Z Collecting ruff>=0.4 (from wms-backend==0.1.0)
2026-10-06T23:45:19.1884387Z   Using cached ruff-0.16.10-py3-none-manylinux_2_17_x86_64.manylinux2014_x86_64.whl.metadata (20 kB)
2026-10-06T23:45:19.3509095Z Collecting mypy>=1.10 (from wms-backend==0.1.0)
2026-10-06T23:45:19.3525199Z   Using cached mypy-2.4.0-cp311-cp311-manylinux2014_x86_64.manylinux_2_17_x86_64.manylinux_2_28_x86_64.whl.metadata (2.4 kB)
2026-10-06T23:45:19.5833629Z Collecting pytest>=8.0 (from wms-backend==0.1.0)
2026-10-06T23:45:19.5849478Z   Using cached pytest-9.1.1-py3-none-any.whl.metadata (7.6 kB)
2026-10-06T23:45:20.0798958Z Collecting pytest-asyncio>=0.23 (from wms-backend==0.1.0)
2026-10-06T23:45:20.0814857Z   Using cached pytest_asyncio-1.4.0-py3-none-any.whl.metadata (4.1 kB)
2026-10-06T23:45:20.2345436Z Collecting pytest-xdist>=3.5 (from wms-backend==0.1.0)
2026-10-06T23:45:20.2361936Z   Using cached pytest_xdist-3.8.0-py3-none-any.whl.metadata (3.0 kB)
2026-10-06T23:45:20.2665670Z Collecting types-requests>=2.32.0.20240622 (from wms-backend==0.1.0)
2026-10-06T23:45:20.2711485Z   Downloading types_requests-2.33.0.20261006-py3-none-any.whl.metadata (2.2 kB)
2026-10-06T23:45:20.2878679Z Collecting aiosqlite>=0.20 (from wms-backend==0.1.0)
2026-10-06T23:45:20.2893333Z   Using cached aiosqlite-0.22.1-py3-none-any.whl.metadata (4.3 kB)
2026-10-06T23:45:20.3064843Z Collecting qrcode>=7.4 (from qrcode[pil]>=7.4; extra == "dev"->wms-backend==0.1.0)
2026-10-06T23:45:20.3080039Z   Using cached qrcode-8.2-py3-none-any.whl.metadata (17 kB)
2026-10-06T23:45:20.3259715Z Collecting pypng>=0.20220615 (from wms-backend==0.1.0)
2026-10-06T23:45:20.3274341Z   Using cached pypng-0.20220715.0-py3-none-any.whl.metadata (13 kB)
2026-10-06T23:45:20.3439482Z Collecting python-barcode>=0.15 (from wms-backend==0.1.0)
2026-10-06T23:45:20.3454252Z   Using cached python_barcode-0.16.1-py3-none-any.whl.metadata (2.7 kB)
2026-10-06T23:45:20.3669353Z Collecting typing-extensions>=4.6.0 (from sqlalchemy<2.1,>=2.0->wms-backend==0.1.0)
2026-10-06T23:45:20.3684292Z   Using cached typing_extensions-4.16.0-py3-none-any.whl.metadata (3.3 kB)
2026-10-06T23:45:20.3875998Z Collecting Mako (from alembic>=1.13->wms-backend==0.1.0)
2026-10-06T23:45:20.3891112Z   Using cached mako-1.4.3-py3-none-any.whl.metadata (2.9 kB)
2026-10-06T23:45:20.5878405Z Collecting botocore<1.44.0,>=1.43.108 (from boto3>=1.34->wms-backend==0.1.0)
2026-10-06T23:45:20.5895275Z   Using cached botocore-1.43.108-py3-none-any.whl.metadata (5.6 kB)
2026-10-06T23:45:20.6051910Z Collecting jmespath<2.0.0,>=0.7.1 (from boto3>=1.34->wms-backend==0.1.0)
2026-10-06T23:45:20.6067261Z   Using cached jmespath-1.1.0-py3-none-any.whl.metadata (7.6 kB)
2026-10-06T23:45:20.6251755Z Collecting s3transfer<0.20.0,>=0.19.0 (from boto3>=1.34->wms-backend==0.1.0)
2026-10-06T23:45:20.6266714Z   Using cached s3transfer-0.19.2-py3-none-any.whl.metadata (1.7 kB)
2026-10-06T23:45:20.6450476Z Collecting python-dateutil<3.0.0,>=2.1 (from botocore<1.44.0,>=1.43.108->boto3>=1.34->wms-backend==0.1.0)
2026-10-06T23:45:20.6465116Z   Using cached python_dateutil-2.9.0.post0-py2.py3-none-any.whl.metadata (8.4 kB)
2026-10-06T23:45:20.6715826Z Collecting urllib3!=2.2.0,<3,>=1.25.4 (from botocore<1.44.0,>=1.43.108->boto3>=1.34->wms-backend==0.1.0)
2026-10-06T23:45:20.6731262Z   Using cached urllib3-2.8.0-py3-none-any.whl.metadata (7.4 kB)
2026-10-06T23:45:20.6904018Z Collecting six>=1.5 (from python-dateutil<3.0.0,>=2.1->botocore<1.44.0,>=1.43.108->boto3>=1.34->wms-backend==0.1.0)
2026-10-06T23:45:20.6918957Z   Using cached six-1.17.0-py2.py3-none-any.whl.metadata (1.7 kB)
2026-10-06T23:45:20.7339739Z Collecting billiard<5.0,>=4.2.1 (from celery>=5.3->celery[redis]>=5.3->wms-backend==0.1.0)
2026-10-06T23:45:20.7382025Z   Downloading billiard-4.3.1-py3-none-any.whl.metadata (5.0 kB)
2026-10-06T23:45:20.7749506Z Collecting kombu>=5.6.0 (from celery>=5.3->celery[redis]>=5.3->wms-backend==0.1.0)
2026-10-06T23:45:20.7764302Z   Using cached kombu-5.6.2-py3-none-any.whl.metadata (3.5 kB)
2026-10-06T23:45:20.7946252Z Collecting vine<6.0,>=5.1.0 (from celery>=5.3->celery[redis]>=5.3->wms-backend==0.1.0)
2026-10-06T23:45:20.7960192Z   Using cached vine-5.1.0-py3-none-any.whl.metadata (2.7 kB)
2026-10-06T23:45:20.8614489Z Collecting click<9.0,>=8.1.2 (from celery>=5.3->celery[redis]>=5.3->wms-backend==0.1.0)
2026-10-06T23:45:20.8630949Z   Using cached click-8.5.0-py3-none-any.whl.metadata (2.6 kB)
2026-10-06T23:45:20.8812472Z Collecting click-didyoumean>=0.3.0 (from celery>=5.3->celery[redis]>=5.3->wms-backend==0.1.0)
2026-10-06T23:45:20.8826781Z   Using cached click_didyoumean-0.3.1-py3-none-any.whl.metadata (3.9 kB)
2026-10-06T23:45:20.8983986Z Collecting click-repl>=0.2.0 (from celery>=5.3->celery[redis]>=5.3->wms-backend==0.1.0)
2026-10-06T23:45:20.9045422Z   Downloading click_repl-0.4.1-py3-none-any.whl.metadata (3.7 kB)
2026-10-06T23:45:20.9197271Z Collecting click-plugins>=1.1.1 (from celery>=5.3->celery[redis]>=5.3->wms-backend==0.1.0)
2026-10-06T23:45:20.9211306Z   Using cached click_plugins-1.1.1.2-py2.py3-none-any.whl.metadata (6.5 kB)
2026-10-06T23:45:20.9393588Z Collecting tzlocal (from celery>=5.3->celery[redis]>=5.3->wms-backend==0.1.0)
2026-10-06T23:45:20.9408006Z   Using cached tzlocal-5.4.4-py3-none-any.whl.metadata (7.7 kB)
2026-10-06T23:45:20.9748284Z Collecting prompt_toolkit>=3.0.36 (from click-repl>=0.2.0->celery>=5.3->celery[redis]>=5.3->wms-backend==0.1.0)
2026-10-06T23:45:20.9762242Z   Using cached prompt_toolkit-3.0.53-py3-none-any.whl.metadata (6.4 kB)
2026-10-06T23:45:21.0794661Z Collecting cffi>=2.0.0 (from cryptography>=42.0->wms-backend==0.1.0)
2026-10-06T23:45:21.0818889Z   Using cached cffi-2.1.1-cp311-cp311-manylinux2014_x86_64.manylinux_2_17_x86_64.whl.metadata (2.5 kB)
2026-10-06T23:45:21.0970445Z Collecting pycparser (from cffi>=2.0.0->cryptography>=42.0->wms-backend==0.1.0)
2026-10-06T23:45:21.0984581Z   Using cached pycparser-3.0-py3-none-any.whl.metadata (8.2 kB)
2026-10-06T23:45:21.1147951Z Collecting dnspython>=2.0.0 (from email-validator>=2.1->wms-backend==0.1.0)
2026-10-06T23:45:21.1162248Z   Using cached dnspython-2.8.0-py3-none-any.whl.metadata (5.7 kB)
2026-10-06T23:45:21.1348468Z Collecting idna>=2.0.0 (from email-validator>=2.1->wms-backend==0.1.0)
2026-10-06T23:45:21.1362440Z   Using cached idna-3.20-py3-none-any.whl.metadata (7.2 kB)
2026-10-06T23:45:21.1652498Z Collecting starlette>=0.46.0 (from fastapi>=0.110->wms-backend==0.1.0)
2026-10-06T23:45:21.1666798Z   Using cached starlette-1.7.0-py3-none-any.whl.metadata (6.6 kB)
2026-10-06T23:45:21.1846463Z Collecting typing-inspection>=0.4.2 (from fastapi>=0.110->wms-backend==0.1.0)
2026-10-06T23:45:21.1860985Z   Using cached typing_inspection-0.4.4-py3-none-any.whl.metadata (2.6 kB)
2026-10-06T23:45:21.1993287Z Collecting annotated-doc>=0.0.2 (from fastapi>=0.110->wms-backend==0.1.0)
2026-10-06T23:45:21.2009070Z   Using cached annotated_doc-0.0.5-py3-none-any.whl.metadata (6.5 kB)
2026-10-06T23:45:21.2250780Z Collecting opentelemetry-api>=1.44.0 (from fastapi>=0.110->wms-backend==0.1.0)
2026-10-06T23:45:21.2292458Z   Downloading opentelemetry_api-1.45.1-py3-none-any.whl.metadata (1.4 kB)
2026-10-06T23:45:21.2534071Z Collecting anyio (from httpx>=0.27->wms-backend==0.1.0)
2026-10-06T23:45:21.2548868Z   Using cached anyio-4.15.1-py3-none-any.whl.metadata (4.7 kB)
2026-10-06T23:45:21.2761470Z Collecting certifi (from httpx>=0.27->wms-backend==0.1.0)
2026-10-06T23:45:21.2775886Z   Using cached certifi-2026.7.22-py3-none-any.whl.metadata (2.5 kB)
2026-10-06T23:45:21.2951893Z Collecting httpcore==1.* (from httpx>=0.27->wms-backend==0.1.0)
2026-10-06T23:45:21.2966321Z   Using cached httpcore-1.0.9-py3-none-any.whl.metadata (21 kB)
2026-10-06T23:45:21.3125578Z Collecting h11>=0.16 (from httpcore==1.*->httpx>=0.27->wms-backend==0.1.0)
2026-10-06T23:45:21.3140799Z   Using cached h11-0.16.0-py3-none-any.whl.metadata (8.3 kB)
2026-10-06T23:45:21.3369114Z Collecting amqp<6.0.0,>=5.1.1 (from kombu>=5.6.0->celery>=5.3->celery[redis]>=5.3->wms-backend==0.1.0)
2026-10-06T23:45:21.3427935Z   Downloading amqp-5.4.1-py3-none-any.whl.metadata (9.4 kB)
2026-10-06T23:45:21.3611868Z Collecting tzdata>=2025.2 (from kombu>=5.6.0->celery>=5.3->celery[redis]>=5.3->wms-backend==0.1.0)
2026-10-06T23:45:21.3626593Z   Using cached tzdata-2026.5-py2.py3-none-any.whl.metadata (1.4 kB)
2026-10-06T23:45:21.3815076Z Collecting packaging (from kombu>=5.6.0->celery>=5.3->celery[redis]>=5.3->wms-backend==0.1.0)
2026-10-06T23:45:21.3829809Z   Using cached packaging-26.3-py3-none-any.whl.metadata (3.5 kB)
2026-10-06T23:45:21.3986843Z Collecting mypy_extensions>=1.0.0 (from mypy>=1.10->wms-backend==0.1.0)
2026-10-06T23:45:21.4001160Z   Using cached mypy_extensions-1.1.0-py3-none-any.whl.metadata (1.1 kB)
2026-10-06T23:45:21.4149944Z Collecting pathspec>=1.0.0 (from mypy>=1.10->wms-backend==0.1.0)
2026-10-06T23:45:21.4164272Z   Using cached pathspec-1.1.1-py3-none-any.whl.metadata (14 kB)
2026-10-06T23:45:21.5378632Z Collecting librt>=0.16.0 (from mypy>=1.10->wms-backend==0.1.0)
2026-10-06T23:45:21.5395252Z   Using cached librt-0.16.0-cp311-cp311-manylinux2014_x86_64.manylinux_2_17_x86_64.manylinux_2_28_x86_64.whl.metadata (1.3 kB)
2026-10-06T23:45:21.5877840Z Collecting ast-serialize<1.0.0,>=0.11.2 (from mypy>=1.10->wms-backend==0.1.0)
2026-10-06T23:45:21.5892965Z   Using cached ast_serialize-0.12.1-cp39-abi3-manylinux_2_17_x86_64.manylinux2014_x86_64.whl.metadata (1.4 kB)
2026-10-06T23:45:21.6046772Z Collecting et-xmlfile (from openpyxl>=3.1->wms-backend==0.1.0)
2026-10-06T23:45:21.6061402Z   Using cached et_xmlfile-2.0.0-py3-none-any.whl.metadata (2.7 kB)
2026-10-06T23:45:21.6315492Z Collecting wcwidth>=0.1.4 (from prompt_toolkit>=3.0.36->click-repl>=0.2.0->celery>=5.3->celery[redis]>=5.3->wms-backend==0.1.0)
2026-10-06T23:45:21.6380444Z   Downloading wcwidth-0.9.2-cp310-abi3-manylinux2014_x86_64.manylinux_2_17_x86_64.whl.metadata (23 kB)
2026-10-06T23:45:21.8363826Z Collecting psycopg-binary==3.3.6 (from psycopg[binary]>=3.1->wms-backend==0.1.0)
2026-10-06T23:45:21.8380974Z   Using cached psycopg_binary-3.3.6-cp311-cp311-manylinux2014_x86_64.manylinux_2_17_x86_64.whl.metadata (2.7 kB)
2026-10-06T23:45:21.8654208Z Collecting annotated-types>=0.6.0 (from pydantic>=2.6->wms-backend==0.1.0)
2026-10-06T23:45:21.8668984Z   Using cached annotated_types-0.8.0-py3-none-any.whl.metadata (15 kB)
2026-10-06T23:45:22.5302655Z Collecting pydantic-core==2.46.5 (from pydantic>=2.6->wms-backend==0.1.0)
2026-10-06T23:45:22.5319929Z   Using cached pydantic_core-2.46.5-cp311-cp311-manylinux_2_17_x86_64.manylinux2014_x86_64.whl.metadata (6.6 kB)
2026-10-06T23:45:22.5693079Z Collecting python-dotenv>=0.21.0 (from pydantic-settings>=2.2->wms-backend==0.1.0)
2026-10-06T23:45:22.5708979Z   Using cached python_dotenv-1.2.4-py3-none-any.whl.metadata (29 kB)
2026-10-06T23:45:22.6001310Z Collecting iniconfig>=1.0.1 (from pytest>=8.0->wms-backend==0.1.0)
2026-10-06T23:45:22.6069126Z   Downloading iniconfig-2.3.1-py3-none-any.whl.metadata (2.8 kB)
2026-10-06T23:45:22.6242884Z Collecting pluggy<2,>=1.5 (from pytest>=8.0->wms-backend==0.1.0)
2026-10-06T23:45:22.6257747Z   Using cached pluggy-1.6.0-py3-none-any.whl.metadata (4.8 kB)
2026-10-06T23:45:22.6458424Z Collecting pygments>=2.7.2 (from pytest>=8.0->wms-backend==0.1.0)
2026-10-06T23:45:22.6473591Z   Using cached pygments-2.21.0-py3-none-any.whl.metadata (2.5 kB)
2026-10-06T23:45:22.6929608Z Collecting execnet>=2.1 (from pytest-xdist>=3.5->wms-backend==0.1.0)
2026-10-06T23:45:22.6946174Z   Using cached execnet-2.1.2-py3-none-any.whl.metadata (2.9 kB)
2026-10-06T23:45:22.8644266Z Collecting pillow>=9.1.0 (from qrcode[pil]>=7.4; extra == "dev"->wms-backend==0.1.0)
2026-10-06T23:45:22.8660981Z   Using cached pillow-12.3.0-cp311-cp311-manylinux_2_27_x86_64.manylinux_2_28_x86_64.whl.metadata (9.1 kB)
2026-10-06T23:45:22.9302292Z Collecting httptools>=0.8.0 (from uvicorn[standard]>=0.27->wms-backend==0.1.0)
2026-10-06T23:45:22.9317343Z   Using cached httptools-0.8.0-cp311-cp311-manylinux1_x86_64.manylinux_2_28_x86_64.manylinux_2_5_x86_64.whl.metadata (3.5 kB)
2026-10-06T23:45:22.9809079Z Collecting pyyaml>=5.1 (from uvicorn[standard]>=0.27->wms-backend==0.1.0)
2026-10-06T23:45:22.9823781Z   Using cached pyyaml-6.0.3-cp311-cp311-manylinux2014_x86_64.manylinux_2_17_x86_64.manylinux_2_28_x86_64.whl.metadata (2.4 kB)
2026-10-06T23:45:23.0216515Z Collecting uvloop>=0.15.1 (from uvicorn[standard]>=0.27->wms-backend==0.1.0)
2026-10-06T23:45:23.0231189Z   Using cached uvloop-0.23.0-cp311-cp311-manylinux2014_x86_64.manylinux_2_17_x86_64.manylinux_2_28_x86_64.whl.metadata (5.1 kB)
2026-10-06T23:45:23.0938655Z Collecting watchfiles>=0.20 (from uvicorn[standard]>=0.27->wms-backend==0.1.0)
2026-10-06T23:45:23.0954614Z   Using cached watchfiles-1.3.0-cp310-abi3-manylinux_2_17_x86_64.manylinux2014_x86_64.whl.metadata (4.9 kB)
2026-10-06T23:45:23.2852639Z Collecting websockets>=13.0 (from uvicorn[standard]>=0.27->wms-backend==0.1.0)
2026-10-06T23:45:23.2870813Z   Using cached websockets-17.2-cp311-cp311-manylinux1_x86_64.manylinux_2_28_x86_64.manylinux_2_5_x86_64.whl.metadata (6.3 kB)
2026-10-06T23:45:23.3321211Z Collecting redis!=4.5.5,!=5.0.2,<6.5,>=4.5.2 (from kombu[redis]; extra == "redis"->celery[redis]>=5.3->wms-backend==0.1.0)
2026-10-06T23:45:23.3337486Z   Using cached redis-6.4.0-py3-none-any.whl.metadata (10 kB)
2026-10-06T23:45:23.4076119Z Collecting MarkupSafe>=2.0 (from Mako->alembic>=1.13->wms-backend==0.1.0)
2026-10-06T23:45:23.4092104Z   Using cached markupsafe-3.0.4-cp311-cp311-manylinux2014_x86_64.manylinux_2_17_x86_64.manylinux_2_28_x86_64.whl.metadata (2.7 kB)
2026-10-06T23:45:23.4188172Z Downloading asyncpg-0.31.0-cp311-cp311-manylinux2014_x86_64.manylinux_2_17_x86_64.manylinux_2_28_x86_64.whl (3.0 MB)
2026-10-06T23:45:23.4748084Z    ━━━━━━━━━━━━━━━━━━━━━━━━━━━━━━━━━━━━━━━━ 3.0/3.0 MB 56.8 MB/s  0:00:00
2026-10-06T23:45:23.4765773Z Using cached sqlalchemy-2.0.54-cp311-cp311-manylinux2014_x86_64.manylinux_2_17_x86_64.manylinux_2_28_x86_64.whl (3.4 MB)
2026-10-06T23:45:23.4794073Z Using cached aiosqlite-0.22.1-py3-none-any.whl (17 kB)
2026-10-06T23:45:23.4809348Z Using cached alembic-1.20.0-py3-none-any.whl (268 kB)
2026-10-06T23:45:23.4825133Z Using cached bcrypt-5.0.0-cp39-abi3-manylinux_2_34_x86_64.whl (278 kB)
2026-10-06T23:45:23.4840951Z Using cached boto3-1.43.108-py3-none-any.whl (140 kB)
2026-10-06T23:45:23.4856068Z Using cached botocore-1.43.108-py3-none-any.whl (16.0 MB)
2026-10-06T23:45:23.4929764Z Using cached jmespath-1.1.0-py3-none-any.whl (20 kB)
2026-10-06T23:45:23.4944596Z Using cached python_dateutil-2.9.0.post0-py2.py3-none-any.whl (229 kB)
2026-10-06T23:45:23.4960319Z Using cached s3transfer-0.19.2-py3-none-any.whl (90 kB)
2026-10-06T23:45:23.4974952Z Using cached urllib3-2.8.0-py3-none-any.whl (135 kB)
2026-10-06T23:45:23.4990061Z Using cached celery-5.6.3-py3-none-any.whl (451 kB)
2026-10-06T23:45:23.5041303Z Downloading billiard-4.3.1-py3-none-any.whl (90 kB)
2026-10-06T23:45:23.5076563Z Using cached click-8.5.0-py3-none-any.whl (125 kB)
2026-10-06T23:45:23.5091269Z Using cached vine-5.1.0-py3-none-any.whl (9.6 kB)
2026-10-06T23:45:23.5106376Z Using cached click_didyoumean-0.3.1-py3-none-any.whl (3.6 kB)
2026-10-06T23:45:23.5120749Z Using cached click_plugins-1.1.1.2-py2.py3-none-any.whl (11 kB)
2026-10-06T23:45:23.5172432Z Downloading click_repl-0.4.1-py3-none-any.whl (14 kB)
2026-10-06T23:45:23.5204000Z Using cached cryptography-50.0.2-cp311-abi3-manylinux_2_34_x86_64.whl (4.8 MB)
2026-10-06T23:45:23.5237276Z Using cached cffi-2.1.1-cp311-cp311-manylinux2014_x86_64.manylinux_2_17_x86_64.whl (217 kB)
2026-10-06T23:45:23.5252165Z Using cached email_validator-2.3.0-py3-none-any.whl (35 kB)
2026-10-06T23:45:23.5266943Z Using cached dnspython-2.8.0-py3-none-any.whl (331 kB)
2026-10-06T23:45:23.5282749Z Using cached fastapi-0.142.2-py3-none-any.whl (144 kB)
2026-10-06T23:45:23.5298054Z Using cached annotated_doc-0.0.5-py3-none-any.whl (5.3 kB)
2026-10-06T23:45:23.5312874Z Using cached greenlet-3.5.6-cp311-cp311-manylinux_2_24_x86_64.manylinux_2_28_x86_64.whl (624 kB)
2026-10-06T23:45:23.5329565Z Using cached httpx-0.28.1-py3-none-any.whl (73 kB)
2026-10-06T23:45:23.5344274Z Using cached httpcore-1.0.9-py3-none-any.whl (78 kB)
2026-10-06T23:45:23.5359323Z Using cached h11-0.16.0-py3-none-any.whl (37 kB)
2026-10-06T23:45:23.5373889Z Using cached idna-3.20-py3-none-any.whl (69 kB)
2026-10-06T23:45:23.5388869Z Using cached kombu-5.6.2-py3-none-any.whl (214 kB)
2026-10-06T23:45:23.5436285Z Downloading amqp-5.4.1-py3-none-any.whl (51 kB)
2026-10-06T23:45:23.5471354Z Using cached mypy-2.4.0-cp311-cp311-manylinux2014_x86_64.manylinux_2_17_x86_64.manylinux_2_28_x86_64.whl (15.4 MB)
2026-10-06T23:45:23.5543517Z Using cached ast_serialize-0.12.1-cp39-abi3-manylinux_2_17_x86_64.manylinux2014_x86_64.whl (1.3 MB)
2026-10-06T23:45:23.5563160Z Using cached librt-0.16.0-cp311-cp311-manylinux2014_x86_64.manylinux_2_17_x86_64.manylinux_2_28_x86_64.whl (515 kB)
2026-10-06T23:45:23.5579450Z Using cached mypy_extensions-1.1.0-py3-none-any.whl (5.0 kB)
2026-10-06T23:45:23.5594686Z Using cached openpyxl-3.1.5-py2.py3-none-any.whl (250 kB)
2026-10-06T23:45:23.5654062Z Downloading opentelemetry_api-1.45.1-py3-none-any.whl (60 kB)
2026-10-06T23:45:23.5686202Z Using cached pathspec-1.1.1-py3-none-any.whl (57 kB)
2026-10-06T23:45:23.5700638Z Using cached prompt_toolkit-3.0.53-py3-none-any.whl (392 kB)
2026-10-06T23:45:23.5716462Z Using cached psycopg-3.3.6-py3-none-any.whl (215 kB)
2026-10-06T23:45:23.5734267Z Using cached psycopg_binary-3.3.6-cp311-cp311-manylinux2014_x86_64.manylinux_2_17_x86_64.whl (5.3 MB)
2026-10-06T23:45:23.5768999Z Using cached pydantic-2.13.5-py3-none-any.whl (472 kB)
2026-10-06T23:45:23.5785258Z Using cached pydantic_core-2.46.5-cp311-cp311-manylinux_2_17_x86_64.manylinux2014_x86_64.whl (2.1 MB)
2026-10-06T23:45:23.5807434Z Using cached annotated_types-0.8.0-py3-none-any.whl (13 kB)
2026-10-06T23:45:23.5822182Z Using cached pydantic_settings-2.15.0-py3-none-any.whl (69 kB)
2026-10-06T23:45:23.5836974Z Using cached pyjwt-2.15.1-py3-none-any.whl (33 kB)
2026-10-06T23:45:23.5851589Z Using cached pymupdf-1.28.2-cp310-abi3-manylinux_2_28_x86_64.whl (25.8 MB)
2026-10-06T23:45:23.5961770Z Using cached pypng-0.20220715.0-py3-none-any.whl (58 kB)
2026-10-06T23:45:23.5976545Z Using cached pytest-9.1.1-py3-none-any.whl (386 kB)
2026-10-06T23:45:23.5992369Z Using cached pluggy-1.6.0-py3-none-any.whl (20 kB)
2026-10-06T23:45:23.6054836Z Downloading iniconfig-2.3.1-py3-none-any.whl (7.6 kB)
2026-10-06T23:45:23.6087578Z Using cached packaging-26.3-py3-none-any.whl (129 kB)
2026-10-06T23:45:23.6102650Z Using cached pygments-2.21.0-py3-none-any.whl (1.3 MB)
2026-10-06T23:45:23.6121712Z Using cached pytest_asyncio-1.4.0-py3-none-any.whl (16 kB)
2026-10-06T23:45:23.6136254Z Using cached pytest_xdist-3.8.0-py3-none-any.whl (46 kB)
2026-10-06T23:45:23.6150805Z Using cached execnet-2.1.2-py3-none-any.whl (40 kB)
2026-10-06T23:45:23.6166108Z Using cached python_barcode-0.16.1-py3-none-any.whl (228 kB)
2026-10-06T23:45:23.6181364Z Using cached python_dotenv-1.2.4-py3-none-any.whl (23 kB)
2026-10-06T23:45:23.6201450Z Using cached python_multipart-0.0.32-py3-none-any.whl (30 kB)
2026-10-06T23:45:23.6216437Z Using cached qrcode-8.2-py3-none-any.whl (45 kB)
2026-10-06T23:45:23.6231586Z Using cached pillow-12.3.0-cp311-cp311-manylinux_2_27_x86_64.manylinux_2_28_x86_64.whl (6.9 MB)
2026-10-06T23:45:23.6272577Z Using cached ruff-0.16.10-py3-none-manylinux_2_17_x86_64.manylinux2014_x86_64.whl (10.4 MB)
2026-10-06T23:45:23.6323695Z Using cached six-1.17.0-py2.py3-none-any.whl (11 kB)
2026-10-06T23:45:23.6338457Z Using cached starlette-1.7.0-py3-none-any.whl (78 kB)
2026-10-06T23:45:23.6353183Z Using cached anyio-4.15.1-py3-none-any.whl (132 kB)
2026-10-06T23:45:23.6403678Z Downloading types_requests-2.33.0.20261006-py3-none-any.whl (21 kB)
2026-10-06T23:45:23.6438123Z Using cached typing_extensions-4.16.0-py3-none-any.whl (45 kB)
2026-10-06T23:45:23.6452878Z Using cached typing_inspection-0.4.4-py3-none-any.whl (14 kB)
2026-10-06T23:45:23.6467943Z Using cached tzdata-2026.5-py2.py3-none-any.whl (347 kB)
2026-10-06T23:45:23.6483852Z Using cached uvicorn-0.54.0-py3-none-any.whl (87 kB)
2026-10-06T23:45:23.6499426Z Using cached httptools-0.8.0-cp311-cp311-manylinux1_x86_64.manylinux_2_28_x86_64.manylinux_2_5_x86_64.whl (464 kB)
2026-10-06T23:45:23.6516075Z Using cached pyyaml-6.0.3-cp311-cp311-manylinux2014_x86_64.manylinux_2_17_x86_64.manylinux_2_28_x86_64.whl (806 kB)
2026-10-06T23:45:23.6534043Z Using cached uvloop-0.23.0-cp311-cp311-manylinux2014_x86_64.manylinux_2_17_x86_64.manylinux_2_28_x86_64.whl (4.0 MB)
2026-10-06T23:45:23.6563016Z Using cached watchfiles-1.3.0-cp310-abi3-manylinux_2_17_x86_64.manylinux2014_x86_64.whl (458 kB)
2026-10-06T23:45:23.6621751Z Downloading wcwidth-0.9.2-cp310-abi3-manylinux2014_x86_64.manylinux_2_17_x86_64.whl (769 kB)
2026-10-06T23:45:23.6715311Z    ━━━━━━━━━━━━━━━━━━━━━━━━━━━━━━━━━━━━━━━━ 769.8/769.8 kB 73.4 MB/s  0:00:00
2026-10-06T23:45:23.6731467Z Using cached websockets-17.2-cp311-cp311-manylinux1_x86_64.manylinux_2_28_x86_64.manylinux_2_5_x86_64.whl (225 kB)
2026-10-06T23:45:23.6747232Z Using cached zxing_cpp-3.1.1-cp311-cp311-manylinux_2_27_x86_64.manylinux_2_28_x86_64.whl (1.1 MB)
2026-10-06T23:45:23.6766182Z Using cached certifi-2026.7.22-py3-none-any.whl (136 kB)
2026-10-06T23:45:23.6781387Z Using cached et_xmlfile-2.0.0-py3-none-any.whl (18 kB)
2026-10-06T23:45:23.6795907Z Using cached redis-6.4.0-py3-none-any.whl (279 kB)
2026-10-06T23:45:23.6812085Z Using cached mako-1.4.3-py3-none-any.whl (80 kB)
2026-10-06T23:45:23.6827958Z Using cached markupsafe-3.0.4-cp311-cp311-manylinux2014_x86_64.manylinux_2_17_x86_64.manylinux_2_28_x86_64.whl (22 kB)
2026-10-06T23:45:23.6842490Z Using cached pycparser-3.0-py3-none-any.whl (48 kB)
2026-10-06T23:45:23.6857500Z Using cached tzlocal-5.4.4-py3-none-any.whl (18 kB)
2026-10-06T23:45:23.9427080Z Building wheels for collected packages: wms-backend
2026-10-06T23:45:23.9436552Z   Building editable for wms-backend (pyproject.toml): started
2026-10-06T23:45:24.1746445Z   Building editable for wms-backend (pyproject.toml): finished with status 'done'
2026-10-06T23:45:24.1753969Z   Created wheel for wms-backend: filename=wms_backend-0.1.0-0.editable-py3-none-any.whl size=3077 sha256=8d20958ed068c890595081de6282c45c7cb210816ab8ca5e33d235d727adf0ae
2026-10-06T23:45:24.1756367Z   Stored in directory: /tmp/pip-ephem-wheel-cache-6c357ngq/wheels/26/11/5b/89ad3c9e29691b924ee9e05063c147a3e1befbcc743214281d
2026-10-06T23:45:24.1771295Z Successfully built wms-backend
2026-10-06T23:45:24.3288231Z Installing collected packages: pypng, zxing-cpp, websockets, wcwidth, vine, uvloop, urllib3, tzlocal, tzdata, typing-extensions, six, ruff, redis, qrcode, pyyaml, python-multipart, python-dotenv, python-barcode, pymupdf, pyjwt, pygments, pycparser, psycopg-binary, pluggy, pillow, pathspec, packaging, mypy_extensions, MarkupSafe, librt, jmespath, iniconfig, idna, httptools, h11, greenlet, execnet, et-xmlfile, dnspython, click, certifi, billiard, bcrypt, asyncpg, ast-serialize, annotated-types, annotated-doc, aiosqlite, uvicorn, typing-inspection, types-requests, sqlalchemy, python-dateutil, pytest, pydantic-core, psycopg, prompt_toolkit, opentelemetry-api, openpyxl, mypy, Mako, httpcore, email-validator, click-plugins, click-didyoumean, cffi, anyio, amqp, watchfiles, starlette, pytest-xdist, pytest-asyncio, pydantic, kombu, httpx, cryptography, click-repl, botocore, alembic, s3transfer, pydantic-settings, fastapi, celery, boto3, wms-backend
2026-10-06T23:45:34.0432718Z 
2026-10-06T23:45:34.0472993Z Successfully installed Mako-1.4.3 MarkupSafe-3.0.4 aiosqlite-0.22.1 alembic-1.20.0 amqp-5.4.1 annotated-doc-0.0.5 annotated-types-0.8.0 anyio-4.15.1 ast-serialize-0.12.1 asyncpg-0.31.0 bcrypt-5.0.0 billiard-4.3.1 boto3-1.43.108 botocore-1.43.108 celery-5.6.3 certifi-2026.7.22 cffi-2.1.1 click-8.5.0 click-didyoumean-0.3.1 click-plugins-1.1.1.2 click-repl-0.4.1 cryptography-50.0.2 dnspython-2.8.0 email-validator-2.3.0 et-xmlfile-2.0.0 execnet-2.1.2 fastapi-0.142.2 greenlet-3.5.6 h11-0.16.0 httpcore-1.0.9 httptools-0.8.0 httpx-0.28.1 idna-3.20 iniconfig-2.3.1 jmespath-1.1.0 kombu-5.6.2 librt-0.16.0 mypy-2.4.0 mypy_extensions-1.1.0 openpyxl-3.1.5 opentelemetry-api-1.45.1 packaging-26.3 pathspec-1.1.1 pillow-12.3.0 pluggy-1.6.0 prompt_toolkit-3.0.53 psycopg-3.3.6 psycopg-binary-3.3.6 pycparser-3.0 pydantic-2.13.5 pydantic-core-2.46.5 pydantic-settings-2.15.0 pygments-2.21.0 pyjwt-2.15.1 pymupdf-1.28.2 pypng-0.20220715.0 pytest-9.1.1 pytest-asyncio-1.4.0 pytest-xdist-3.8.0 python-barcode-0.16.1 python-dateutil-2.9.0.post0 python-dotenv-1.2.4 python-multipart-0.0.32 pyyaml-6.0.3 qrcode-8.2 redis-6.4.0 ruff-0.16.10 s3transfer-0.19.2 six-1.17.0 sqlalchemy-2.0.54 starlette-1.7.0 types-requests-2.33.0.20261006 typing-extensions-4.16.0 typing-inspection-0.4.4 tzdata-2026.5 tzlocal-5.4.4 urllib3-2.8.0 uvicorn-0.54.0 uvloop-0.23.0 vine-5.1.0 watchfiles-1.3.0 wcwidth-0.9.2 websockets-17.2 wms-backend-0.1.0 zxing-cpp-3.1.1
2026-10-06T23:45:34.4385364Z ##[group]Run if ! command -v redis-server; then
2026-10-06T23:45:34.4385905Z [36;1mif ! command -v redis-server; then[0m
2026-10-06T23:45:34.4386231Z [36;1m  sudo apt-get update -qq[0m
2026-10-06T23:45:34.4386550Z [36;1m  sudo apt-get install -y redis-server[0m
2026-10-06T23:45:34.4386859Z [36;1mfi[0m
2026-10-06T23:45:34.4387071Z [36;1mcommand -v redis-server[0m
2026-10-06T23:45:34.4451217Z shell: /usr/bin/bash -e {0}
2026-10-06T23:45:34.4451472Z env:
2026-10-06T23:45:34.4451753Z   pythonLocation: /opt/hostedtoolcache/Python/3.11.16/x64
2026-10-06T23:45:34.4452213Z   PKG_CONFIG_PATH: /opt/hostedtoolcache/Python/3.11.16/x64/lib/pkgconfig
2026-10-06T23:45:34.4452647Z   Python_ROOT_DIR: /opt/hostedtoolcache/Python/3.11.16/x64
2026-10-06T23:45:34.4453035Z   Python2_ROOT_DIR: /opt/hostedtoolcache/Python/3.11.16/x64
2026-10-06T23:45:34.4453423Z   Python3_ROOT_DIR: /opt/hostedtoolcache/Python/3.11.16/x64
2026-10-06T23:45:34.4453853Z   LD_LIBRARY_PATH: /opt/hostedtoolcache/Python/3.11.16/x64/lib
2026-10-06T23:45:34.4454188Z ##[endgroup]
2026-10-06T23:45:39.9996753Z Reading package lists...
2026-10-06T23:45:40.1717882Z Building dependency tree...
2026-10-06T23:45:40.1724904Z Reading state information...
2026-10-06T23:45:40.3116535Z The following additional packages will be installed:
2026-10-06T23:45:40.3120848Z   libjemalloc2 liblzf1 redis-tools
2026-10-06T23:45:40.3127138Z Suggested packages:
2026-10-06T23:45:40.3127639Z   ruby-redis
2026-10-06T23:45:40.3347972Z The following NEW packages will be installed:
2026-10-06T23:45:40.3352516Z   libjemalloc2 liblzf1 redis-server redis-tools
2026-10-06T23:45:40.3526808Z 0 upgraded, 4 newly installed, 0 to remove and 29 not upgraded.
2026-10-06T23:45:40.3527469Z Need to get 1482 kB of archives.
2026-10-06T23:45:40.3528079Z After this operation, 7568 kB of additional disk space will be used.
2026-10-06T23:45:40.3528820Z Get:1 file:/etc/apt/apt-mirrors.txt Mirrorlist [144 B]
2026-10-06T23:45:40.5679626Z Get:2 http://azure.archive.ubuntu.com/ubuntu noble/universe amd64 libjemalloc2 amd64 5.3.0-2build1 [256 kB]
2026-10-06T23:45:41.0138231Z Get:3 http://azure.archive.ubuntu.com/ubuntu noble/universe amd64 liblzf1 amd64 3.6-4 [7624 B]
2026-10-06T23:45:41.0962673Z Get:4 http://azure.archive.ubuntu.com/ubuntu noble-security/universe amd64 redis-tools amd64 5:7.0.15-1ubuntu0.24.04.5 [1167 kB]
2026-10-06T23:45:41.3890105Z Get:5 http://azure.archive.ubuntu.com/ubuntu noble-security/universe amd64 redis-server amd64 5:7.0.15-1ubuntu0.24.04.5 [51.7 kB]
2026-10-06T23:45:41.6496236Z Fetched 1482 kB in 1s (1415 kB/s)
2026-10-06T23:45:41.6797242Z Selecting previously unselected package libjemalloc2:amd64.
2026-10-06T23:45:41.7085889Z (Reading database ... 
2026-10-06T23:45:41.7086395Z (Reading database ... 5%
2026-10-06T23:45:41.7086723Z (Reading database ... 10%
2026-10-06T23:45:41.7086994Z (Reading database ... 15%
2026-10-06T23:45:41.7087631Z (Reading database ... 20%
2026-10-06T23:45:41.7088090Z (Reading database ... 25%
2026-10-06T23:45:41.7088454Z (Reading database ... 30%
2026-10-06T23:45:41.7088929Z (Reading database ... 35%
2026-10-06T23:45:41.7089362Z (Reading database ... 40%
2026-10-06T23:45:41.7089796Z (Reading database ... 45%
2026-10-06T23:45:41.7090160Z (Reading database ... 50%
2026-10-06T23:45:41.7134055Z (Reading database ... 55%
2026-10-06T23:45:41.8223703Z (Reading database ... 60%
2026-10-06T23:45:42.0277760Z (Reading database ... 65%
2026-10-06T23:45:42.2747007Z (Reading database ... 70%
2026-10-06T23:45:42.4236810Z (Reading database ... 75%
2026-10-06T23:45:42.5813578Z (Reading database ... 80%
2026-10-06T23:45:42.8169993Z (Reading database ... 85%
2026-10-06T23:45:43.0249284Z (Reading database ... 90%
2026-10-06T23:45:43.1881442Z (Reading database ... 95%
2026-10-06T23:45:43.1881890Z (Reading database ... 100%
2026-10-06T23:45:43.1882430Z (Reading database ... 202296 files and directories currently installed.)
2026-10-06T23:45:43.1924292Z Preparing to unpack .../libjemalloc2_5.3.0-2build1_amd64.deb ...
2026-10-06T23:45:43.1957320Z Unpacking libjemalloc2:amd64 (5.3.0-2build1) ...
2026-10-06T23:45:43.2195766Z Selecting previously unselected package liblzf1:amd64.
2026-10-06T23:45:43.2318145Z Preparing to unpack .../liblzf1_3.6-4_amd64.deb ...
2026-10-06T23:45:43.2325637Z Unpacking liblzf1:amd64 (3.6-4) ...
2026-10-06T23:45:43.2531706Z Selecting previously unselected package redis-tools.
2026-10-06T23:45:43.2653332Z Preparing to unpack .../redis-tools_5%3a7.0.15-1ubuntu0.24.04.5_amd64.deb ...
2026-10-06T23:45:43.2660047Z Unpacking redis-tools (5:7.0.15-1ubuntu0.24.04.5) ...
2026-10-06T23:45:43.3242051Z Selecting previously unselected package redis-server.
2026-10-06T23:45:43.3369636Z Preparing to unpack .../redis-server_5%3a7.0.15-1ubuntu0.24.04.5_amd64.deb ...
2026-10-06T23:45:43.3533470Z Unpacking redis-server (5:7.0.15-1ubuntu0.24.04.5) ...
2026-10-06T23:45:43.3926518Z Setting up libjemalloc2:amd64 (5.3.0-2build1) ...
2026-10-06T23:45:43.3948809Z Setting up liblzf1:amd64 (3.6-4) ...
2026-10-06T23:45:43.3966833Z Setting up redis-tools (5:7.0.15-1ubuntu0.24.04.5) ...
2026-10-06T23:45:43.5065487Z Setting up redis-server (5:7.0.15-1ubuntu0.24.04.5) ...
2026-10-06T23:45:43.9728305Z Created symlink /etc/systemd/system/redis.service → /usr/lib/systemd/system/redis-server.service.
2026-10-06T23:45:43.9729057Z 
2026-10-06T23:45:43.9729929Z Created symlink /etc/systemd/system/multi-user.target.wants/redis-server.service → /usr/lib/systemd/system/redis-server.service.
2026-10-06T23:45:43.9730492Z 
2026-10-06T23:45:44.3402529Z Processing triggers for man-db (2.12.0-4build2) ...
2026-10-06T23:45:44.3426805Z Not building database; man-db/auto-update is not 'true'.
2026-10-06T23:45:44.3438816Z Processing triggers for libc-bin (2.39-0ubuntu8.9) ...
2026-10-06T23:45:45.4541254Z 
2026-10-06T23:45:45.4542536Z Running kernel seems to be up-to-date.
2026-10-06T23:45:45.4543065Z 
2026-10-06T23:45:45.4543311Z No services need to be restarted.
2026-10-06T23:45:45.4543658Z 
2026-10-06T23:45:45.4543822Z No containers need to be restarted.
2026-10-06T23:45:45.4544098Z 
2026-10-06T23:45:45.4544334Z No user sessions are running outdated binaries.
2026-10-06T23:45:45.4544665Z 
2026-10-06T23:45:45.4545215Z No VM guests are running outdated hypervisor (qemu) binaries on this host.
2026-10-06T23:45:46.2911264Z /usr/bin/redis-server
2026-10-06T23:45:46.3561912Z ##[group]Run actions/setup-node@v4
2026-10-06T23:45:46.3562278Z with:
2026-10-06T23:45:46.3562500Z   node-version: 20
2026-10-06T23:45:46.3562708Z   cache: npm
2026-10-06T23:45:46.3562961Z   cache-dependency-path: frontend/package-lock.json
2026-10-06T23:45:46.3563288Z   always-auth: false
2026-10-06T23:45:46.3563516Z   check-latest: false
2026-10-06T23:45:46.3566046Z   token: ***
2026-10-06T23:45:46.3566247Z env:
2026-10-06T23:45:46.3566515Z   pythonLocation: /opt/hostedtoolcache/Python/3.11.16/x64
2026-10-06T23:45:46.3566949Z   PKG_CONFIG_PATH: /opt/hostedtoolcache/Python/3.11.16/x64/lib/pkgconfig
2026-10-06T23:45:46.3567375Z   Python_ROOT_DIR: /opt/hostedtoolcache/Python/3.11.16/x64
2026-10-06T23:45:46.3567757Z   Python2_ROOT_DIR: /opt/hostedtoolcache/Python/3.11.16/x64
2026-10-06T23:45:46.3568146Z   Python3_ROOT_DIR: /opt/hostedtoolcache/Python/3.11.16/x64
2026-10-06T23:45:46.3568533Z   LD_LIBRARY_PATH: /opt/hostedtoolcache/Python/3.11.16/x64/lib
2026-10-06T23:45:46.3568906Z ##[endgroup]
2026-10-06T23:45:46.4992738Z Attempting to download 20...
2026-10-06T23:45:46.5100001Z (node:3143) [DEP0040] DeprecationWarning: The `punycode` module is deprecated. Please use a userland alternative instead.
2026-10-06T23:45:46.5100939Z (Use `node --trace-deprecation ...` to show where the warning was created)
2026-10-06T23:45:46.9344528Z Acquiring 20.20.2 - x64 from https://github.com/actions/node-versions/releases/download/20.20.2-23521894959/node-20.20.2-linux-x64.tar.gz
2026-10-06T23:45:47.3052144Z Extracting ...
2026-10-06T23:45:47.3175260Z [command]/usr/bin/tar xz --strip 1 --warning=no-unknown-keyword --overwrite -C /home/runner/work/_temp/8d4a32bf-82ea-4745-adcd-d3b1154e0d38 -f /home/runner/work/_temp/db225550-2f12-457b-88eb-525fd9d2753b
2026-10-06T23:45:48.3488080Z Adding to the cache ...
2026-10-06T23:45:50.1021011Z ##[group]Environment details
2026-10-06T23:45:50.3177238Z node: v20.20.2
2026-10-06T23:45:50.3177728Z npm: 10.8.2
2026-10-06T23:45:50.3178103Z yarn: 1.22.22
2026-10-06T23:45:50.3179008Z ##[endgroup]
2026-10-06T23:45:50.3199756Z [command]/opt/hostedtoolcache/node/20.20.2/x64/bin/npm config get cache
2026-10-06T23:45:50.4229988Z /home/runner/.npm
2026-10-06T23:45:50.4885266Z Cache hit for: node-cache-Linux-x64-npm-85763e8c3cd51fb20d591991ef5fa0a023b0d9aaf6756079ffb1291716056b32
2026-10-06T23:45:50.5004619Z (node:3143) [DEP0169] DeprecationWarning: `url.parse()` behavior is not standardized and prone to errors that have security implications. Use the WHATWG URL API instead. CVEs are not issued for `url.parse()` vulnerabilities.
2026-10-06T23:45:50.8979131Z Received 75426797 of 75426797 (100.0%), 190.8 MBs/sec
2026-10-06T23:45:50.8980004Z Cache Size: ~72 MB (75426797 B)
2026-10-06T23:45:50.9097593Z [command]/usr/bin/tar -xf /home/runner/work/_temp/ee3af175-767f-4f67-9085-dbf95783257a/cache.tzst -P -C /home/runner/work/WMS/WMS --use-compress-program unzstd
2026-10-06T23:45:51.1062203Z Cache restored successfully
2026-10-06T23:45:51.1104329Z Cache restored from key: node-cache-Linux-x64-npm-85763e8c3cd51fb20d591991ef5fa0a023b0d9aaf6756079ffb1291716056b32
2026-10-06T23:45:51.1473461Z ##[group]Run npm ci --prefix ../frontend
2026-10-06T23:45:51.1473843Z [36;1mnpm ci --prefix ../frontend[0m
2026-10-06T23:45:51.1538698Z shell: /usr/bin/bash -e {0}
2026-10-06T23:45:51.1538965Z env:
2026-10-06T23:45:51.1539248Z   pythonLocation: /opt/hostedtoolcache/Python/3.11.16/x64
2026-10-06T23:45:51.1539710Z   PKG_CONFIG_PATH: /opt/hostedtoolcache/Python/3.11.16/x64/lib/pkgconfig
2026-10-06T23:45:51.1540147Z   Python_ROOT_DIR: /opt/hostedtoolcache/Python/3.11.16/x64
2026-10-06T23:45:51.1540538Z   Python2_ROOT_DIR: /opt/hostedtoolcache/Python/3.11.16/x64
2026-10-06T23:45:51.1540927Z   Python3_ROOT_DIR: /opt/hostedtoolcache/Python/3.11.16/x64
2026-10-06T23:45:51.1541328Z   LD_LIBRARY_PATH: /opt/hostedtoolcache/Python/3.11.16/x64/lib
2026-10-06T23:45:51.1541667Z ##[endgroup]
2026-10-06T23:45:53.8957606Z npm warn deprecated whatwg-encoding@3.1.1: Use @exodus/bytes instead for a more spec-conformant and faster implementation
2026-10-06T23:46:02.1014642Z 
2026-10-06T23:46:02.1015897Z added 329 packages, and audited 330 packages in 11s
2026-10-06T23:46:02.1016517Z 
2026-10-06T23:46:02.1021062Z 85 packages are looking for funding
2026-10-06T23:46:02.1021738Z   run `npm fund` for details
2026-10-06T23:46:02.1569753Z 
2026-10-06T23:46:02.1570471Z 15 vulnerabilities (1 low, 3 moderate, 9 high, 2 critical)
2026-10-06T23:46:02.1570958Z 
2026-10-06T23:46:02.1571446Z To address issues that do not require attention, run:
2026-10-06T23:46:02.1572146Z   npm audit fix
2026-10-06T23:46:02.1572370Z 
2026-10-06T23:46:02.1573006Z To address all issues (including breaking changes), run:
2026-10-06T23:46:02.1574007Z   npm audit fix --force
2026-10-06T23:46:02.1574490Z 
2026-10-06T23:46:02.1574856Z Run `npm audit` for details.
2026-10-06T23:46:02.2459477Z ##[group]Run python ../scripts/ci/backend_shards.py run --index 1 --output "$RUNNER_TEMP/backend-shard" -- -n auto --ignore=tests/test_wms662_batch_handoff_lock_order.py --ignore=tests/test_wms662_batch_handoff_steady_state.py
2026-10-06T23:46:02.2461055Z [36;1mpython ../scripts/ci/backend_shards.py run --index 1 --output "$RUNNER_TEMP/backend-shard" -- -n auto --ignore=tests/test_wms662_batch_handoff_lock_order.py --ignore=tests/test_wms662_batch_handoff_steady_state.py[0m
2026-10-06T23:46:02.2525786Z shell: /usr/bin/bash -e {0}
2026-10-06T23:46:02.2526056Z env:
2026-10-06T23:46:02.2526348Z   pythonLocation: /opt/hostedtoolcache/Python/3.11.16/x64
2026-10-06T23:46:02.2526811Z   PKG_CONFIG_PATH: /opt/hostedtoolcache/Python/3.11.16/x64/lib/pkgconfig
2026-10-06T23:46:02.2527262Z   Python_ROOT_DIR: /opt/hostedtoolcache/Python/3.11.16/x64
2026-10-06T23:46:02.2527662Z   Python2_ROOT_DIR: /opt/hostedtoolcache/Python/3.11.16/x64
2026-10-06T23:46:02.2528106Z   Python3_ROOT_DIR: /opt/hostedtoolcache/Python/3.11.16/x64
2026-10-06T23:46:02.2528511Z   LD_LIBRARY_PATH: /opt/hostedtoolcache/Python/3.11.16/x64/lib
2026-10-06T23:46:02.2528848Z ##[endgroup]
2026-10-06T23:46:24.8012264Z ============================= test session starts ==============================
2026-10-06T23:46:24.8013378Z platform linux -- Python 3.11.16, pytest-9.1.1, pluggy-1.6.0
2026-10-06T23:46:24.8017136Z rootdir: /home/runner/work/WMS/WMS/backend
2026-10-06T23:46:24.8017827Z configfile: pyproject.toml
2026-10-06T23:46:24.8018327Z testpaths: tests
2026-10-06T23:46:24.8018949Z plugins: asyncio-1.4.0, xdist-3.8.0, anyio-4.15.1
2026-10-06T23:46:24.8020298Z asyncio: mode=Mode.AUTO, debug=False, asyncio_default_fixture_loop_scope=None, asyncio_default_test_loop_scope=function
2026-10-06T23:46:24.8021436Z collected 4631 items
2026-10-06T23:46:24.8021715Z 
2026-10-06T23:46:24.8021900Z <Dir backend>
2026-10-06T23:46:24.8022297Z   <Dir tests>
2026-10-06T23:46:24.8022691Z     <Dir guards>
2026-10-06T23:46:24.8023222Z       <Module test_guard_stock_documents.py>
2026-10-06T23:46:24.8023954Z         <Coroutine test_g_stock_1_documents_and_fbo_staging>
2026-10-06T23:46:24.8024677Z       <Module test_guard_stock_limits.py>
2026-10-06T23:46:24.8025872Z         <Coroutine test_g_stock_7_order_lifecycle_does_not_spend_operator_limit>
2026-10-06T23:46:24.8026748Z       <Module test_guard_stock_picking.py>
2026-10-06T23:46:24.8027581Z         <Coroutine test_g_stock_2_pick_undo_and_cancel_restore_exact_source>
2026-10-06T23:46:24.8028427Z       <Module test_guard_stock_printing.py>
2026-10-06T23:46:24.8029295Z         <Coroutine test_g_stock_6_print_reprint_failure_recovery_and_clear_kiz>
2026-10-06T23:46:24.8030159Z       <Module test_guard_stock_publication.py>
2026-10-06T23:46:24.8031148Z         <Coroutine test_g_stock_8_publication_min_cap_free_and_marketplace_settings>
2026-10-06T23:46:24.8032059Z       <Module test_guard_stock_reservation.py>
2026-10-06T23:46:24.8033021Z         <Coroutine test_g_stock_5_import_reserves_without_publication_and_cancel_releases>
2026-10-06T23:46:24.8033928Z       <Module test_guard_stock_shipment.py>
2026-10-06T23:46:24.8034683Z         <Coroutine test_g_stock_3_deliver_writes_three_units_once>
2026-10-06T23:46:24.8035701Z       <Module test_guard_stock_tracking.py>
2026-10-06T23:46:24.8036440Z         <Coroutine test_g_stock_4_wb_done_never_writes_off>
2026-10-06T23:46:24.8037197Z     <Module test_address_storage_cross_system.py>
2026-10-06T23:46:24.8038089Z       <Coroutine test_tenant_without_address_storage_never_needs_or_sees_a_cell>
2026-10-06T23:46:24.8038933Z     <Module test_agent_seller_rls.py>
2026-10-06T23:46:24.8039633Z       <Function test_spec_matches_models_and_has_no_cycles>
2026-10-06T23:46:24.8040607Z       <Function test_every_listed_table_gets_rls_and_exactly_one_policy_for_the_role>
2026-10-06T23:46:24.8041530Z       <Function test_role_attributes_are_minimal>
2026-10-06T23:46:24.8042459Z       <Function test_each_role_sees_exactly_its_own_rows_in_every_allowed_table[S1]>
2026-10-06T23:46:24.8043901Z       <Function test_each_role_sees_exactly_its_own_rows_in_every_allowed_table[S2]>
2026-10-06T23:46:24.8045486Z       <Function test_each_role_sees_exactly_its_own_rows_in_every_allowed_table[S3]>
2026-10-06T23:46:24.8046623Z       <Function test_each_role_sees_exactly_its_own_rows_in_every_allowed_table[S1b]>
2026-10-06T23:46:24.8047688Z       <Function test_conflicting_and_orphan_rows_are_visible_to_nobody>
2026-10-06T23:46:24.8048667Z       <Function test_tables_outside_the_list_and_secret_columns_are_denied>
2026-10-06T23:46:24.8049714Z       <Function test_where_join_union_subquery_aggregate_never_show_foreign_rows>
2026-10-06T23:46:24.8050874Z       <Function test_escape_and_write_attempts_fail[SET ROLE postgres-permission denied]>
2026-10-06T23:46:24.8052065Z       <Function test_escape_and_write_attempts_fail[SET ROLE {other}-permission denied]>
2026-10-06T23:46:24.8053386Z       <Function test_escape_and_write_attempts_fail[SET SESSION AUTHORIZATION postgres-permission denied]>
2026-10-06T23:46:24.8054913Z       <Function test_escape_and_write_attempts_fail[SELECT set_config('role', 'postgres', false)-permission denied]>
2026-10-06T23:46:24.8056664Z       <Function test_escape_and_write_attempts_fail[RESET ROLE; SET ROLE wms_agent_ro-permission denied]>
2026-10-06T23:46:24.8058097Z       <Function test_escape_and_write_attempts_fail[SELECT pg_read_file('/etc/passwd')-permission denied]>
2026-10-06T23:46:24.8059824Z       <Function test_escape_and_write_attempts_fail[SELECT lo_import('/etc/passwd')-permission denied]>
2026-10-06T23:46:24.8061247Z       <Function test_escape_and_write_attempts_fail[COPY products TO '/tmp/leak.csv'-permission denied]>
2026-10-06T23:46:24.8062652Z       <Function test_escape_and_write_attempts_fail[COPY products TO PROGRAM 'id'-permission denied]>
2026-10-06T23:46:24.8063984Z       <Function test_escape_and_write_attempts_fail[SELECT * FROM pg_authid-permission denied]>
2026-10-06T23:46:24.8065586Z       <Function test_escape_and_write_attempts_fail[SELECT public.leak_all_products()-permission denied]>
2026-10-06T23:46:24.8067036Z       <Function test_escape_and_write_attempts_fail[SELECT * FROM public.v_all_products-permission denied]>
2026-10-06T23:46:24.8068715Z       <Function test_escape_and_write_attempts_fail[INSERT INTO products (id) VALUES (gen_random_uuid())-permission denied]>
2026-10-06T23:46:24.8070221Z       <Function test_escape_and_write_attempts_fail[UPDATE products SET id = id-permission denied]>
2026-10-06T23:46:24.8071512Z       <Function test_escape_and_write_attempts_fail[DELETE FROM products-permission denied]>
2026-10-06T23:46:24.8072729Z       <Function test_escape_and_write_attempts_fail[TRUNCATE products-permission denied]>
2026-10-06T23:46:24.8074204Z       <Function test_escape_and_write_attempts_fail[CREATE TABLE public.leak (a int)-permission denied]>
2026-10-06T23:46:24.8075775Z       <Function test_escape_and_write_attempts_fail[DROP TABLE products-must be owner]>
2026-10-06T23:46:24.8077251Z       <Function test_escape_and_write_attempts_fail[ALTER TABLE products DISABLE ROW LEVEL SECURITY-must be owner]>
2026-10-06T23:46:24.8078713Z       <Function test_escape_and_write_attempts_fail[DROP POLICY agent_{hex} ON products-must be owner]>
2026-10-06T23:46:24.8080125Z       <Function test_escape_and_write_attempts_fail[GRANT SELECT ON products TO PUBLIC-permission denied]>
2026-10-06T23:46:24.8081509Z       <Function test_escape_and_write_attempts_fail[ALTER ROLE {me} BYPASSRLS-permission denied]>
2026-10-06T23:46:24.8082834Z       <Function test_escape_and_write_attempts_fail[ALTER ROLE {me} SUPERUSER-permission denied]>
2026-10-06T23:46:24.8084075Z       <Function test_escape_and_write_attempts_fail[CREATE ROLE evil-permission denied]>
2026-10-06T23:46:24.8086163Z       <Function test_escape_and_write_attempts_fail[SET default_transaction_read_only = off; INSERT INTO products (id) VALUES (gen_random_uuid())-permission denied]>
2026-10-06T23:46:24.8088314Z       <Function test_escape_and_write_attempts_fail[BEGIN READ WRITE; DELETE FROM products; COMMIT-permission denied]>
2026-10-06T23:46:24.8089746Z       <Function test_escape_and_write_attempts_fail[SELECT dblink('x', 'y')-does not exist]>
2026-10-06T23:46:24.8091433Z       <Function test_writes_are_denied_by_privileges_even_when_the_read_only_setting_is_switched_off[INSERT INTO products (id) VALUES (gen_random_uuid())]>
2026-10-06T23:46:24.8093318Z       <Function test_writes_are_denied_by_privileges_even_when_the_read_only_setting_is_switched_off[UPDATE products SET id = id]>
2026-10-06T23:46:24.8095256Z       <Function test_writes_are_denied_by_privileges_even_when_the_read_only_setting_is_switched_off[DELETE FROM products]>
2026-10-06T23:46:24.8096904Z       <Function test_writes_are_denied_by_privileges_even_when_the_read_only_setting_is_switched_off[TRUNCATE products]>
2026-10-06T23:46:24.8098617Z       <Function test_writes_are_denied_by_privileges_even_when_the_read_only_setting_is_switched_off[CREATE TABLE public.leak (a int)]>
2026-10-06T23:46:24.8100346Z       <Function test_writes_are_denied_by_privileges_even_when_the_read_only_setting_is_switched_off[CREATE SCHEMA leak]>
2026-10-06T23:46:24.8102414Z       <Function test_writes_are_denied_by_privileges_even_when_the_read_only_setting_is_switched_off[CREATE FUNCTION public.f() RETURNS int LANGUAGE sql AS 'select 1']>
2026-10-06T23:46:24.8104868Z       <Function test_writes_are_denied_by_privileges_even_when_the_read_only_setting_is_switched_off[INSERT INTO inventory_balances (id) VALUES (gen_random_uuid())]>
2026-10-06T23:46:24.8107070Z       <Function test_writes_are_denied_by_privileges_even_when_the_read_only_setting_is_switched_off[UPDATE sellers SET name = 'x']>
2026-10-06T23:46:24.8108891Z       <Function test_writes_are_denied_by_privileges_even_when_the_read_only_setting_is_switched_off[DELETE FROM fbs_orders]>
2026-10-06T23:46:24.8110215Z       <Function test_row_security_cannot_be_switched_off_to_widen_the_view>
2026-10-06T23:46:24.8111103Z       <Function test_temp_tables_do_not_shadow_or_widen>
2026-10-06T23:46:24.8111922Z       <Function test_postgres_and_shared_role_keep_their_access>
2026-10-06T23:46:24.8112864Z       <Function test_catalog_and_security_definer_functions_are_not_a_leak>
2026-10-06T23:46:24.8113780Z       <Function test_stock_by_article_is_only_the_sellers_own>
2026-10-06T23:46:24.8114782Z       <Function test_ensure_is_idempotent_and_new_tables_are_not_granted_automatically>
2026-10-06T23:46:24.8116192Z       <Function test_missing_table_or_column_in_the_database_is_skipped_not_guessed>
2026-10-06T23:46:24.8117234Z       <Function test_generator_validates_inputs_and_hides_secret_names>
2026-10-06T23:46:24.8118174Z       <Function test_gateway_refuses_everything_but_the_three_forms[]>
2026-10-06T23:46:24.8119131Z       <Function test_gateway_refuses_everything_but_the_three_forms[ls]>
2026-10-06T23:46:24.8120181Z       <Function test_gateway_refuses_everything_but_the_three_forms[sql wms_agent_ro]>
2026-10-06T23:46:24.8121319Z       <Function test_gateway_refuses_everything_but_the_three_forms[sql postgres]>
2026-10-06T23:46:24.8122460Z       <Function test_gateway_refuses_everything_but_the_three_forms[sql wms_agent_s_XYZ]>
2026-10-06T23:46:24.8123880Z       <Function test_gateway_refuses_everything_but_the_three_forms[sql wms_agent_s_aaaaaaaaaaaaaaaaaaaaaaaaaaaaaaa]>
2026-10-06T23:46:24.8125742Z       <Function test_gateway_refuses_everything_but_the_three_forms[sql wms_agent_s_aaaaaaaaaaaaaaaaaaaaaaaaaaaaaaaaa]>
2026-10-06T23:46:24.8127451Z       <Function test_gateway_refuses_everything_but_the_three_forms[sql wms_agent_s_aaaaaaaaaaaaaaaaaaaaaaaaaaaaaaaa extra]>
2026-10-06T23:46:24.8129134Z       <Function test_gateway_refuses_everything_but_the_three_forms[sql wms_agent_s_aaaaaaaaaaaaaaaaaaaaaaaaaaaaaaaa; ls]>
2026-10-06T23:46:24.8130507Z       <Function test_gateway_refuses_everything_but_the_three_forms[ensure-seller]>
2026-10-06T23:46:24.8132092Z       <Function test_gateway_refuses_everything_but_the_three_forms[ensure-seller xyz]>
2026-10-06T23:46:24.8133714Z       <Function test_gateway_refuses_everything_but_the_three_forms[ensure-seller 11111111-1111-1111-1111-111111111111; ls]>
2026-10-06T23:46:24.8135278Z       <Function test_gateway_refuses_everything_but_the_three_forms[find-seller]>
2026-10-06T23:46:24.8136416Z       <Function test_gateway_refuses_everything_but_the_three_forms[find-seller a]>
2026-10-06T23:46:24.8140667Z       <Function test_gateway_refuses_everything_but_the_three_forms[find-seller \u044f\u044f\u044f\u044f\u044f\u044f\u044f\u044f\u044f\u044f\u044f\u044f\u044f\u044f\u044f\u044f\u044f\u044f\u044f\u044f\u044f\u044f\u044f\u044f\u044f\u044f\u044f\u044f\u044f\u044f\u044f\u044f\u044f\u044f\u044f\u044f\u044f\u044f\u044f\u044f\u044f\u044f\u044f\u044f\u044f\u044f\u044f\u044f\u044f\u044f\u044f\u044f\u044f\u044f\u044f\u044f\u044f\u044f\u044f\u044f\u044f\u044f\u044f\u044f\u044f\u044f\u044f\u044f\u044f\u044f\u044f\u044f\u044f\u044f\u044f\u044f\u044f\u044f\u044f\u044f\u044f]>
2026-10-06T23:46:24.8144617Z       <Function test_gateway_refuses_everything_but_the_three_forms[find-seller x'; DROP TABLE sellers;--]>
2026-10-06T23:46:24.8146191Z       <Function test_gateway_refuses_everything_but_the_three_forms[find-seller a%]>
2026-10-06T23:46:24.8147331Z       <Function test_gateway_refuses_everything_but_the_three_forms[find-seller `id`]>
2026-10-06T23:46:24.8148488Z       <Function test_gateway_refuses_everything_but_the_three_forms[find-seller $(id)]>
2026-10-06T23:46:24.8149879Z       <Function test_gateway_refuses_everything_but_the_three_forms[find-seller a\\b]>
2026-10-06T23:46:24.8150998Z       <Function test_gateway_refuses_everything_but_the_three_forms[bash -c id]>
2026-10-06T23:46:24.8152355Z       <Function test_gateway_refuses_everything_but_the_three_forms[sql  wms_agent_s_aaaaaaaaaaaaaaaaaaaaaaaaaaaaaaaa]>
2026-10-06T23:46:24.8153975Z       <Function test_gateway_refuses_everything_but_the_three_forms[SQL wms_agent_s_aaaaaaaaaaaaaaaaaaaaaaaaaaaaaaaa]>
2026-10-06T23:46:24.8155572Z       <Function test_gateway_refuses_everything_but_the_three_forms[find-seller\tabc]>
2026-10-06T23:46:24.8156682Z       <Function test_gateway_sql_runs_under_the_sellers_role_and_returns_csv>
2026-10-06T23:46:24.8157827Z       <Function test_gateway_find_seller_is_injection_safe_and_shows_both_same_name_candidates>
2026-10-06T23:46:24.8158869Z       <Function test_gateway_ensure_unknown_seller_is_refused>
2026-10-06T23:46:24.8159795Z       <Function test_psql_meta_commands_never_reach_psql_through_the_gateway>
2026-10-06T23:46:24.8160938Z       <Function test_gateway_passes_the_query_by_dash_c_so_input_cannot_become_a_meta_command>
2026-10-06T23:46:24.8162106Z       <Function test_non_utf8_and_oversized_stdin_are_refused_without_running_psql>
2026-10-06T23:46:24.8163205Z       <Function test_gateway_contract_matches_the_client_validator_on_one_corpus>
2026-10-06T23:46:24.8164262Z       <Function test_big_stdout_is_cut_by_budget_and_the_next_query_still_works>
2026-10-06T23:46:24.8165481Z       <Function test_multibyte_field_is_cut_on_a_character_boundary>
2026-10-06T23:46:24.8166426Z       <Function test_big_stderr_is_discarded_and_the_error_is_sanitised>
2026-10-06T23:46:24.8167405Z       <Function test_gateway_run_bounded_kills_a_silent_process_on_timeout>
2026-10-06T23:46:24.8168498Z       <Function test_gateway_run_bounded_does_not_hang_on_a_noisy_stderr_and_cuts_stdout>
2026-10-06T23:46:24.8169575Z       <Function test_error_text_returned_by_the_gateway_has_no_data_values>
2026-10-06T23:46:24.8170886Z       <Function test_any_dollar_sign_is_refused_before_psql_and_nothing_is_executed[SELECT 1 AS a$$; SELECT 2 AS b$$]>
2026-10-06T23:46:24.8172482Z       <Function test_any_dollar_sign_is_refused_before_psql_and_nothing_is_executed[SELECT 1 AS a$tag$; SELECT 2 AS b$tag$]>
2026-10-06T23:46:24.8174810Z       <Function test_any_dollar_sign_is_refused_before_psql_and_nothing_is_executed[EXPLAIN SELECT 1 AS a$$; COMMIT; SET default_transaction_read_only=off; ALTER ROLE CURRENT_USER SET statement_timeout=0; SELECT 2 AS b$$]>
2026-10-06T23:46:24.8177873Z       <Function test_any_dollar_sign_is_refused_before_psql_and_nothing_is_executed[EXPLAIN SELECT 1 AS a$x$; COMMIT; ALTER ROLE CURRENT_USER SET statement_timeout=0; SELECT 2 AS b$x$]>
2026-10-06T23:46:24.8179692Z       <Function test_any_dollar_sign_is_refused_before_psql_and_nothing_is_executed[SELECT $1]>
2026-10-06T23:46:24.8180981Z       <Function test_any_dollar_sign_is_refused_before_psql_and_nothing_is_executed[SELECT '$']>
2026-10-06T23:46:24.8182276Z       <Function test_any_dollar_sign_is_refused_before_psql_and_nothing_is_executed[SELECT $$x$$]>
2026-10-06T23:46:24.8183666Z       <Function test_any_dollar_sign_is_refused_before_psql_and_nothing_is_executed[SELECT "a$b" FROM products]>
2026-10-06T23:46:24.8185286Z       <Function test_any_dollar_sign_is_refused_before_psql_and_nothing_is_executed[SELECT 1 AS a$]>
2026-10-06T23:46:24.8186575Z       <Function test_second_statement_in_any_form_is_refused[SELECT 1 AS a; SELECT 2 AS b]>
2026-10-06T23:46:24.8187751Z       <Function test_second_statement_in_any_form_is_refused[EXPLAIN SELECT 1; COMMIT]>
2026-10-06T23:46:24.8188864Z       <Function test_second_statement_in_any_form_is_refused[SELECT 1;;SELECT 2]>
2026-10-06T23:46:24.8190162Z       <Function test_second_statement_in_any_form_is_refused[SELECT 'x'; SET default_transaction_read_only=off]>
2026-10-06T23:46:24.8191343Z       <Function test_second_statement_in_any_form_is_refused[COMMIT]>
2026-10-06T23:46:24.8192802Z       <Function test_second_statement_in_any_form_is_refused[ALTER ROLE CURRENT_USER SET statement_timeout=0]>
2026-10-06T23:46:24.8194161Z       <Function test_normal_select_with_explain_still_work_and_a_semicolon_in_a_string_is_data>
2026-10-06T23:46:24.8195622Z       <Function test_session_settings_override_a_tampered_role_and_ensure_restores_the_role>
2026-10-06T23:46:24.8196829Z       <Function test_gateway_session_guard_uses_a_connection_string_not_the_environment>
2026-10-06T23:46:24.8197972Z       <Function test_repeat_ensure_on_the_current_version_takes_no_table_locks>
2026-10-06T23:46:24.8199188Z       <Function test_first_ensure_waits_about_two_seconds_then_rolls_back_without_partial_policies>
2026-10-06T23:46:24.8200321Z       <Function test_other_queries_are_not_queued_behind_a_blocked_ensure>
2026-10-06T23:46:24.8201362Z       <Function test_policies_are_recreated_only_when_the_policy_version_changes>
2026-10-06T23:46:24.8202451Z       <Function test_role_settings_are_reapplied_on_every_ensure_even_when_current>
2026-10-06T23:46:24.8203595Z       <Function test_rendered_script_has_lock_and_statement_timeouts_first>
2026-10-06T23:46:24.8204616Z       <Function test_enable_rls_and_policies_are_emitted_only_where_missing>
2026-10-06T23:46:24.8205940Z       <Function test_current_label_with_disabled_rls_is_repaired_not_reported_unchanged>
2026-10-06T23:46:24.8207015Z       <Function test_current_label_with_a_deleted_own_policy_is_repaired>
2026-10-06T23:46:24.8208009Z       <Function test_current_label_with_a_deleted_shared_policy_is_repaired>
2026-10-06T23:46:24.8209190Z       <Function test_current_branch_still_does_not_wait_for_a_held_lock_when_everything_is_in_place>
2026-10-06T23:46:24.8210418Z       <Function test_widening_the_secret_rule_revokes_a_previously_granted_column>
2026-10-06T23:46:24.8211606Z       <Function test_tenant_spec_matches_models_and_every_tenant_table_has_an_explicit_decision>
2026-10-06T23:46:24.8212854Z       <Function test_tenant_roles_are_minimal_and_every_listed_table_has_exactly_one_policy>
2026-10-06T23:46:24.8214076Z       <Function test_tenant_role_sees_exactly_its_tenant_rows_in_every_table_of_the_list[T1]>
2026-10-06T23:46:24.8215526Z       <Function test_tenant_role_sees_exactly_its_tenant_rows_in_every_table_of_the_list[T2]>
2026-10-06T23:46:24.8216714Z       <Function test_tenant_roles_never_overlap_and_see_all_sellers_of_their_own_tenant>
2026-10-06T23:46:24.8217916Z       <Function test_tenant_role_denies_credentials_secrets_and_everything_outside_the_list>
2026-10-06T23:46:24.8219094Z       <Function test_tenant_role_escape_and_cross_tenant_attempts_show_nothing_foreign>
2026-10-06T23:46:24.8220521Z       <Function test_seller_and_tenant_roles_coexist_on_the_same_tables_with_their_own_policies>
2026-10-06T23:46:24.8221724Z       <Function test_gateway_sql_under_the_tenant_role_and_ensure_is_idempotent>
2026-10-06T23:46:24.8222786Z       <Function test_gateway_refuses_malformed_tenant_commands[ensure-tenant]>
2026-10-06T23:46:24.8223869Z       <Function test_gateway_refuses_malformed_tenant_commands[ensure-tenant xyz]>
2026-10-06T23:46:24.8225420Z       <Function test_gateway_refuses_malformed_tenant_commands[ensure-tenant 11111111-1111-1111-1111-111111111111; ls]>
2026-10-06T23:46:24.8226695Z       <Function test_gateway_refuses_malformed_tenant_commands[find-tenant]>
2026-10-06T23:46:24.8227757Z       <Function test_gateway_refuses_malformed_tenant_commands[find-tenant a]>
2026-10-06T23:46:24.8228824Z       <Function test_gateway_refuses_malformed_tenant_commands[find-tenant `id`]>
2026-10-06T23:46:24.8229960Z       <Function test_gateway_refuses_malformed_tenant_commands[find-tenant $(id)]>
2026-10-06T23:46:24.8231048Z       <Function test_gateway_refuses_malformed_tenant_commands[find-tenant a\\b]>
2026-10-06T23:46:24.8232157Z       <Function test_gateway_refuses_malformed_tenant_commands[sql wms_agent_t_XYZ]>
2026-10-06T23:46:24.8233511Z       <Function test_gateway_refuses_malformed_tenant_commands[sql wms_agent_t_aaaaaaaaaaaaaaaaaaaaaaaaaaaaaaa]>
2026-10-06T23:46:24.8235506Z       <Function test_gateway_refuses_malformed_tenant_commands[sql wms_agent_x_aaaaaaaaaaaaaaaaaaaaaaaaaaaaaaaa]>
2026-10-06T23:46:24.8237116Z       <Function test_gateway_refuses_malformed_tenant_commands[sql wms_agent_t_aaaaaaaaaaaaaaaaaaaaaaaaaaaaaaaa; ls]>
2026-10-06T23:46:24.8238715Z       <Function test_gateway_refuses_malformed_tenant_commands[ENSURE-TENANT 11111111-1111-1111-1111-111111111111]>
2026-10-06T23:46:24.8240012Z       <Function test_find_tenant_ranks_by_words_counts_sellers_and_is_injection_safe>
2026-10-06T23:46:24.8241110Z       <Function test_tenant_ensure_under_a_held_lock_behaves_like_the_seller_one>
2026-10-06T23:46:24.8241972Z     <Module test_artmaks_cell_qr_mapping.py>
2026-10-06T23:46:24.8242668Z       <Function test_csv_bom_header_and_duplicates>
2026-10-06T23:46:24.8243260Z     <Module test_auth.py>
2026-10-06T23:46:24.8243953Z       <Coroutine test_same_email_has_separate_ff_and_seller_logins>
2026-10-06T23:46:24.8244861Z       <Coroutine test_ff_registration_accepts_existing_seller_email>
2026-10-06T23:46:24.8245871Z       <Coroutine test_register_login_me>
2026-10-06T23:46:24.8246566Z       <Coroutine test_register_creates_default_warehouse>
2026-10-06T23:46:24.8247284Z       <Coroutine test_register_duplicate_slug>
2026-10-06T23:46:24.8248127Z       <Coroutine test_register_duplicate_email_rolls_back_new_organization>
2026-10-06T23:46:24.8248946Z     <Module test_auth_email_links.py>
2026-10-06T23:46:24.8249647Z       <Coroutine test_public_registration_closed_by_default>
2026-10-06T23:46:24.8250453Z       <Coroutine test_invite_link_sets_password_and_logs_in>
2026-10-06T23:46:24.8251171Z       <Coroutine test_invite_link_works_once>
2026-10-06T23:46:24.8251970Z       <Coroutine test_link_rechecks_password_after_concurrent_change>
2026-10-06T23:46:24.8252732Z       <Coroutine test_password_reset_flow>
2026-10-06T23:46:24.8253484Z       <Coroutine test_password_reset_request_hides_unknown_email>
2026-10-06T23:46:24.8254322Z       <Coroutine test_broken_and_expired_links_rejected>
2026-10-06T23:46:24.8255324Z       <Coroutine test_admin_resends_invite_only_inside_own_tenant>
2026-10-06T23:46:24.8256098Z     <Module test_backfill_fbs_order_facts.py>
2026-10-06T23:46:24.8257140Z       <Coroutine test_apply_preserves_accounted_fact_dates_and_invoice_sources[issued-unbilled_charge]>
2026-10-06T23:46:24.8258473Z       <Coroutine test_apply_preserves_accounted_fact_dates_and_invoice_sources[issued-legacy]>
2026-10-06T23:46:24.8259771Z       <Coroutine test_apply_preserves_accounted_fact_dates_and_invoice_sources[issued-v2_ledger]>
2026-10-06T23:46:24.8261270Z       <Coroutine test_apply_preserves_accounted_fact_dates_and_invoice_sources[issued-v2_fact]>
2026-10-06T23:46:24.8262672Z       <Coroutine test_apply_preserves_accounted_fact_dates_and_invoice_sources[cancelled-unbilled_charge]>
2026-10-06T23:46:24.8264037Z       <Coroutine test_apply_preserves_accounted_fact_dates_and_invoice_sources[cancelled-legacy]>
2026-10-06T23:46:24.8265629Z       <Coroutine test_apply_preserves_accounted_fact_dates_and_invoice_sources[cancelled-v2_ledger]>
2026-10-06T23:46:24.8266997Z       <Coroutine test_apply_preserves_accounted_fact_dates_and_invoice_sources[cancelled-v2_fact]>
2026-10-06T23:46:24.8268127Z       <Coroutine test_unaccounted_fact_dates_dry_run_and_apply[False]>
2026-10-06T23:46:24.8269056Z       <Coroutine test_unaccounted_fact_dates_dry_run_and_apply[True]>
2026-10-06T23:46:24.8270089Z       <Coroutine test_billing_backfill_uses_handover_period_not_old_fact_date[False]>
2026-10-06T23:46:24.8271218Z       <Coroutine test_billing_backfill_uses_handover_period_not_old_fact_date[True]>
2026-10-06T23:46:24.8272534Z       <Coroutine test_backfill_uses_persisted_handover_and_ignores_unconfirmed_import[in_delivery-False]>
2026-10-06T23:46:24.8273954Z       <Coroutine test_backfill_uses_persisted_handover_and_ignores_unconfirmed_import[in_delivery-True]>
2026-10-06T23:46:24.8275548Z       <Coroutine test_backfill_uses_persisted_handover_and_ignores_unconfirmed_import[sorted-True]>
2026-10-06T23:46:24.8277135Z       <Coroutine test_backfill_uses_persisted_handover_and_ignores_unconfirmed_import[sorted-False]>
2026-10-06T23:46:24.8278502Z       <Coroutine test_backfill_uses_persisted_handover_and_ignores_unconfirmed_import[done-False]>
2026-10-06T23:46:24.8279863Z       <Coroutine test_backfill_uses_persisted_handover_and_ignores_unconfirmed_import[cancelled-True]>
2026-10-06T23:46:24.8281233Z       <Coroutine test_backfill_uses_persisted_handover_and_ignores_unconfirmed_import[defect-True]>
2026-10-06T23:46:24.8282398Z       <Coroutine test_redating_commits_at_batch_boundary_without_new_facts>
2026-10-06T23:46:24.8283205Z     <Module test_background_jobs.py>
2026-10-06T23:46:24.8283870Z       <Coroutine test_background_job_movements_digest>
2026-10-06T23:46:24.8284585Z     <Module test_billing_configuration_api.py>
2026-10-06T23:46:24.8285792Z       <Coroutine test_billing_configuration_api_validates_profiles_tariffs_and_tenant_boundary>
2026-10-06T23:46:24.8286971Z       <Coroutine test_tariff_matrix_api_is_explicit_tenant_scoped_and_atomic>
2026-10-06T23:46:24.8288118Z       <Coroutine test_tariff_matrix_api_returns_and_atomically_persists_full_versioned_draft>
2026-10-06T23:46:24.8289445Z       <Coroutine test_tariff_matrix_api_persists_product_and_employee_rates_without_cross_tenant_leak>
2026-10-06T23:46:24.8290738Z       <Coroutine test_tariff_matrix_rate_edit_closes_old_interval_and_rejects_document_rate>
2026-10-06T23:46:24.8291888Z       <Function test_matrix_out_uses_interval_active_common_not_a_future_version>
2026-10-06T23:46:24.8293003Z       <Coroutine test_creating_covering_tariffs_reprices_unpriced_entries_in_kopecks>
2026-10-06T23:46:24.8294043Z       <Coroutine test_tariff_and_repricing_overflow_are_rejected_without_partial_state>
2026-10-06T23:46:24.8295278Z       <Coroutine test_document_tariff_api_rejection_does_not_activate_or_change_billing[inbound]>
2026-10-06T23:46:24.8296518Z       <Coroutine test_document_tariff_api_rejection_does_not_activate_or_change_billing[marketplace_outbound]>
2026-10-06T23:46:24.8297504Z     <Module test_billing_configuration_service.py>
2026-10-06T23:46:24.8298171Z       <Function test_validate_inn_accepts_valid_twelve_digit_inn>
2026-10-06T23:46:24.8299036Z       <Function test_validate_inn_rejects_invalid_twelve_digit_inn_with_domain_error>
2026-10-06T23:46:24.8299817Z       <Coroutine test_tariff_versions_cannot_overlap>
2026-10-06T23:46:24.8300634Z       <Coroutine test_first_tariff_explicitly_activates_billing_from_its_start_date>
2026-10-06T23:46:24.8301573Z       <Coroutine test_tariff_rejects_unknown_service_and_invalid_unit_pair>
2026-10-06T23:46:24.8302602Z       <Coroutine test_ff_profile_rejects_whitespace_only_bank_details>
2026-10-06T23:46:24.8303521Z       <Coroutine test_document_tariff_is_rejected_before_any_database_access[inbound]>
2026-10-06T23:46:24.8304767Z       <Coroutine test_document_tariff_is_rejected_before_any_database_access[marketplace_outbound]>
2026-10-06T23:46:24.8306067Z     <Module test_billing_financial_core_migration.py>
2026-10-06T23:46:24.8306968Z       <Function test_billing_financial_core_is_in_the_single_alembic_lineage>
2026-10-06T23:46:24.8308086Z       <Function test_billing_financial_core_migration_creates_only_shared_billing_tables>
2026-10-06T23:46:24.8309162Z       <Function test_billing_invoice_number_is_unique_inside_tenant_only>
2026-10-06T23:46:24.8310205Z       <Function test_billing_models_store_money_as_kopecks_and_format_it_as_rubles>
2026-10-06T23:46:24.8311044Z     <Module test_billing_invoice_api.py>
2026-10-06T23:46:24.8311995Z       <Coroutine test_billing_http_parallel_form_uses_date_alias_and_keeps_document_snapshot>
2026-10-06T23:46:24.8313091Z       <Coroutine test_invoice_numbers_are_tenant_scoped_for_two_tenants>
2026-10-06T23:46:24.8314090Z       <Coroutine test_form_invoice_returns_empty_for_a_month_without_charges>
2026-10-06T23:46:24.8315274Z       <Coroutine test_form_invoice_api_returns_missing_ff_profile_reason>
2026-10-06T23:46:24.8316577Z       <Coroutine test_form_invoice_api_returns_missing_seller_profile_reason>
2026-10-06T23:46:24.8317624Z       <Coroutine test_billing_ledger_reversal_keeps_original_document_reference>
2026-10-06T23:46:24.8318676Z       <Coroutine test_form_invoice_keeps_unpriced_charge_as_blocking_reason>
2026-10-06T23:46:24.8319687Z       <Coroutine test_invoice_list_hides_resolved_and_nonblocking_run_issues>
2026-10-06T23:46:24.8320614Z     <Module test_billing_invoice_cross_format_duplicates.py>
2026-10-06T23:46:24.8321573Z       <Coroutine test_cross_format_overlap_is_atomic_and_cancel_releases[legacy]>
2026-10-06T23:46:24.8322622Z       <Coroutine test_cross_format_overlap_is_atomic_and_cancel_releases[v2]>
2026-10-06T23:46:24.8323501Z       <Coroutine test_storage_cancel_releases_same_days>
2026-10-06T23:46:24.8324511Z       <Coroutine test_postgres_concurrent_writers_recheck_after_shared_lock[storage-storage]>
2026-10-06T23:46:24.8325941Z       <Coroutine test_postgres_concurrent_writers_recheck_after_shared_lock[legacy-v2]>
2026-10-06T23:46:24.8327249Z       <Coroutine test_postgres_concurrent_writers_recheck_after_shared_lock[v2-legacy]>
2026-10-06T23:46:24.8328140Z     <Module test_billing_invoice_service.py>
2026-10-06T23:46:24.8328970Z       <Coroutine test_form_invoice_blocks_unpriced_with_one_current_issue>
2026-10-06T23:46:24.8329986Z       <Coroutine test_form_invoice_keeps_operational_overflow_as_a_hard_blocker>
2026-10-06T23:46:24.8331039Z       <Coroutine test_form_invoice_uses_shared_document_number_for_each_seller>
2026-10-06T23:46:24.8332083Z       <Coroutine test_form_invoice_uses_moscow_date_for_invoice_line_documents>
2026-10-06T23:46:24.8333237Z       <Coroutine test_form_invoice_returns_incomplete_seller_profile_reason_without_ff_reason>
2026-10-06T23:46:24.8334409Z       <Coroutine test_form_invoice_returns_ff_profile_reason_without_seller_reason>
2026-10-06T23:46:24.8335630Z       <Coroutine test_form_invoice_returns_each_missing_profile_reason>
2026-10-06T23:46:24.8336560Z       <Coroutine test_empty_month_is_not_persisted_as_blocking_issue>
2026-10-06T23:46:24.8337540Z       <Coroutine test_existing_invoice_clears_stale_issues_without_duplicate>
2026-10-06T23:46:24.8338672Z       <Coroutine test_storage_barrier_requires_fixed_published_statement_for_both_warehouses>
2026-10-06T23:46:24.8339874Z       <Coroutine test_storage_barrier_accepts_zero_and_measured_published_statements>
2026-10-06T23:46:24.8340820Z     <Module test_billing_invoice_shipment_selection.py>
2026-10-06T23:46:24.8341712Z       <Coroutine test_confirmed_no_gate_deduplicates_preserves_calculation>
2026-10-06T23:46:24.8342620Z       <Coroutine test_missing_price_requires_explicit_total>
2026-10-06T23:46:24.8343643Z       <Coroutine test_source_and_amount_guards[unconfirmed]>
2026-10-06T23:46:24.8344432Z       <Coroutine test_source_and_amount_guards[period]>
2026-10-06T23:46:24.8345464Z       <Coroutine test_source_and_amount_guards[seller]>
2026-10-06T23:46:24.8346218Z       <Coroutine test_source_and_amount_guards[negative]>
2026-10-06T23:46:24.8346982Z       <Coroutine test_source_and_amount_guards[overflow]>
2026-10-06T23:46:24.8348022Z       <Coroutine test_ozon_confirmed_without_local_handover_remains_invoiceable[fbs_order-ledger]>
2026-10-06T23:46:24.8349335Z       <Coroutine test_ozon_confirmed_without_local_handover_remains_invoiceable[fbs_order-source]>
2026-10-06T23:46:24.8350614Z       <Coroutine test_ozon_confirmed_without_local_handover_remains_invoiceable[packing-ledger]>
2026-10-06T23:46:24.8351920Z       <Coroutine test_ozon_confirmed_without_local_handover_remains_invoiceable[packing-source]>
2026-10-06T23:46:24.8353056Z       <Coroutine test_manual_description_cannot_hide_money[0.00-manual]>
2026-10-06T23:46:24.8354125Z       <Coroutine test_manual_description_cannot_hide_money[0.00-selected_operations]>
2026-10-06T23:46:24.8355348Z       <Coroutine test_manual_description_cannot_hide_money[1.00-manual]>
2026-10-06T23:46:24.8356414Z       <Coroutine test_manual_description_cannot_hide_money[1.00-selected_operations]>
2026-10-06T23:46:24.8357661Z       <Coroutine test_saved_unknown_calculation_survives_ledger_reprice>
2026-10-06T23:46:24.8358442Z     <Module test_billing_invoice_v2_api.py>
2026-10-06T23:46:24.8382084Z       <Coroutine test_manual_invoice_v2_preview_save_retry_and_cancel>
2026-10-06T23:46:24.8383115Z       <Coroutine test_manual_invoice_v2_rejects_decimal_float_and_missing_key>
2026-10-06T23:46:24.8384187Z       <Coroutine test_selected_operations_invoice_uses_whole_charge_reversal_chain>
2026-10-06T23:46:24.8385642Z       <Coroutine test_invoice_history_merges_legacy_and_v2_without_losing_documents>
2026-10-06T23:46:24.8386703Z       <Coroutine test_v2_invoice_marks_the_operation_as_already_billed>
2026-10-06T23:46:24.8387581Z       <Coroutine test_storage_period_cannot_be_invoiced_twice>
2026-10-06T23:46:24.8388525Z       <Coroutine test_selected_operations_invoice_carries_manually_added_lines>
2026-10-06T23:46:24.8389548Z       <Coroutine test_late_evening_utc_operation_belongs_to_the_moscow_day>
2026-10-06T23:46:24.8390544Z       <Coroutine test_p36_return_service_line_labelled_vozvrat_not_raw_code>
2026-10-06T23:46:24.8391389Z     <Module test_billing_invoice_v2_duplicates.py>
2026-10-06T23:46:24.8392303Z       <Coroutine test_overlap_rejected_atomically_cancel_releases_and_history_stays>
2026-10-06T23:46:24.8393343Z       <Coroutine test_postgres_concurrent_issue_waits_then_rechecks[False]>
2026-10-06T23:46:24.8394334Z       <Coroutine test_postgres_concurrent_issue_waits_then_rechecks[True]>
2026-10-06T23:46:24.8395365Z     <Module test_billing_ledger_service.py>
2026-10-06T23:46:24.8396251Z       <Function test_postgres_numeric_validates_finite_precision_and_scale>
2026-10-06T23:46:24.8397216Z       <Coroutine test_operational_charge_without_tariff_is_unpriced>
2026-10-06T23:46:24.8398156Z       <Coroutine test_repeated_operational_charge_returns_existing_entry>
2026-10-06T23:46:24.8399051Z       <Coroutine test_tariff_period_uses_moscow_calendar_date>
2026-10-06T23:46:24.8399976Z       <Coroutine test_operational_charge_accepts_max_postgres_integer_amount>
2026-10-06T23:46:24.8401097Z       <Coroutine test_operational_charge_rejects_rate_times_quantity_overflow_before_write>
2026-10-06T23:46:24.8402256Z       <Coroutine test_operational_charge_before_billing_activation_is_not_recorded>
2026-10-06T23:46:24.8403324Z       <Coroutine test_operational_reversal_preserves_snapshot_and_is_idempotent>
2026-10-06T23:46:24.8404393Z       <Coroutine test_charge_is_created_again_only_after_the_same_fact_is_reversed>
2026-10-06T23:46:24.8405712Z       <Coroutine test_identical_charge_calls_without_reversal_create_one_ledger_entry>
2026-10-06T23:46:24.8406811Z     <Module test_billing_models.py>
2026-10-06T23:46:24.8407546Z       <Function test_billing_ff_profile_index_is_partial_on_sqlite>
2026-10-06T23:46:24.8408561Z       <Function test_billing_unique_indexes_separate_global_and_warehouse_tariff_scopes>
2026-10-06T23:46:24.8409681Z       <Function test_billing_ledger_rejects_duplicate_source_event_and_second_reversal>
2026-10-06T23:46:24.8410554Z     <Module test_billing_piece_tariff.py>
2026-10-06T23:46:24.8411529Z       <Coroutine test_completed_multiline_intake_prices_pieces_once_and_keeps_tenant_scope[legacy]>
2026-10-06T23:46:24.8412840Z       <Coroutine test_completed_multiline_intake_prices_pieces_once_and_keeps_tenant_scope[matrix]>
2026-10-06T23:46:24.8413806Z     <Module test_billing_seller_report_api.py>
2026-10-06T23:46:24.8414791Z       <Coroutine test_wms406_confirmed_handover_drives_both_reports_despite_old_fact_dates[False]>
2026-10-06T23:46:24.8415983Z       <Coroutine test_wms406_confirmed_handover_drives_both_reports_despite_old_fact_dates[True]>
2026-10-06T23:46:24.8416692Z       <Coroutine test_wms406_fbo_shipped_units_define_packing_without_standalone_events[False]>
2026-10-06T23:46:24.8417370Z       <Coroutine test_wms406_fbo_shipped_units_define_packing_without_standalone_events[True]>
2026-10-06T23:46:24.8417993Z       <Coroutine test_wms406_legacy_fbo_packing_and_ozon_contract_remain_visible>
2026-10-06T23:46:24.8418801Z       <Coroutine test_wms406_fbo_existing_unpriced_charge_is_not_zero_or_live_repriced[False]>
2026-10-06T23:46:24.8419464Z       <Coroutine test_wms406_fbo_existing_unpriced_charge_is_not_zero_or_live_repriced[True]>
2026-10-06T23:46:24.8420049Z       <Coroutine test_seller_report_summary_and_details_are_tenant_scoped>
2026-10-06T23:46:24.8420643Z       <Coroutine test_seller_report_rejects_future_and_too_long_period_before_data_read>
2026-10-06T23:46:24.8421287Z       <Coroutine test_details_cursor_keeps_one_storage_row_and_exact_legacy_invoice_history>
2026-10-06T23:46:24.8421923Z       <Coroutine test_finance_off_hides_unpriced_and_openapi_exposes_distinct_shapes>
2026-10-06T23:46:24.8422499Z       <Coroutine test_invoice_history_counts_the_full_charge_reversal_chain>
2026-10-06T23:46:24.8423078Z       <Coroutine test_malformed_same_tenant_invoice_snapshot_makes_history_unknown>
2026-10-06T23:46:24.8423687Z       <Coroutine test_finance_operation_fact_explicitly_nulls_unpriced_and_mixed_rates>
2026-10-06T23:46:24.8424278Z       <Coroutine test_packing_charge_is_visible_and_can_be_invoiced>
2026-10-06T23:46:24.8424764Z       <Coroutine test_seller_with_storage_only_stays_in_the_summary>
2026-10-06T23:46:24.8425547Z       <Coroutine test_reversal_money_lands_on_its_own_document>
2026-10-06T23:46:24.8426078Z       <Coroutine test_wms447_fbs_box_count_lands_in_totals_by_delivered_supply[False]>
2026-10-06T23:46:24.8426676Z       <Coroutine test_wms447_fbs_box_count_lands_in_totals_by_delivered_supply[True]>
2026-10-06T23:46:24.8427223Z       <Coroutine test_wms568_return_items_are_counted_apart_from_inbound>
2026-10-06T23:46:24.8427679Z     <Module test_billing_seller_report_service.py>
2026-10-06T23:46:24.8428212Z       <Function test_exact_storage_interval_clamps_preexisting_stock_to_the_three_day_window>
2026-10-06T23:46:24.8428842Z       <Function test_storage_two_warehouse_total_and_missing_dimension_stay_explicit>
2026-10-06T23:46:24.8429450Z       <Function test_storage_fingerprint_token_is_stable_then_changes_with_source_data>
2026-10-06T23:46:24.8429979Z       <Coroutine test_finance_off_has_physical_shape_only>
2026-10-06T23:46:24.8430381Z     <Module test_billing_storage_tariff_matrix.py>
2026-10-06T23:46:24.8430826Z       <Coroutine test_storage_is_a_matrix_service_with_a_common_rate>
2026-10-06T23:46:24.8431296Z       <Coroutine test_storage_takes_an_individual_seller_rate>
2026-10-06T23:46:24.8431719Z       <Coroutine test_storage_rejects_a_per_item_unit>
2026-10-06T23:46:24.8432103Z       <Coroutine test_storage_is_not_an_employee_rate>
2026-10-06T23:46:24.8432596Z       <Coroutine test_night_prices_storage_by_the_matrix_and_prefers_the_seller_rate>
2026-10-06T23:46:24.8433201Z     <Module test_billing_tariff_matrix.py>
2026-10-06T23:46:24.8433674Z       <Coroutine test_new_tenant_gets_persisted_disabled_matrix_including_storage>
2026-10-06T23:46:24.8434266Z       <Coroutine test_matrix_bootstrap_is_idempotent_and_missing_matrix_is_not_silent>
2026-10-06T23:46:24.8434840Z       <Coroutine test_matrix_service_rejects_rate_overflow_before_writing>
2026-10-06T23:46:24.8435509Z       <Coroutine test_saving_a_matrix_rate_enables_billing_for_the_tenant>
2026-10-06T23:46:24.8436060Z       <Coroutine test_postgresql_two_sessions_accept_exactly_one_matrix_revision>
2026-10-06T23:46:24.8436669Z       <Coroutine test_postgresql_composite_ledger_line_foreign_keys_reject_foreign_tenant>
2026-10-06T23:46:24.8437267Z       <Coroutine test_postgresql_v2_scope_check_rejects_invalid_direct_inserts>
2026-10-06T23:46:24.8437802Z       <Function test_postgresql_0113_isolated_upgrade_downgrade_reupgrade>
2026-10-06T23:46:24.8438362Z       <Coroutine test_matrix_refuses_new_document_rates_but_keeps_reading_old_ones>
2026-10-06T23:46:24.8438837Z     <Module test_billing_tariff_priority.py>
2026-10-06T23:46:24.8439254Z       <Coroutine test_seller_rate_beats_a_common_rate_created_later>
2026-10-06T23:46:24.8439713Z       <Coroutine test_product_rate_beats_seller_and_common>
2026-10-06T23:46:24.8440286Z       <Coroutine test_seller_rate_never_leaks_to_another_seller>
2026-10-06T23:46:24.8440733Z       <Coroutine test_newer_rate_still_wins_inside_one_level>
2026-10-06T23:46:24.8441107Z     <Module test_billing_tasks.py>
2026-10-06T23:46:24.8441520Z       <Coroutine test_already_queued_daily_invoice_task_is_a_db_free_noop>
2026-10-06T23:46:24.8441987Z       <Function test_beat_has_no_automatic_invoice_task>
2026-10-06T23:46:24.8442405Z     <Module test_bootstrap_billing_tariff_matrix.py>
2026-10-06T23:46:24.8442912Z       <Coroutine test_bootstrap_matrix_creation_is_idempotent_for_existing_tenant>
2026-10-06T23:46:24.8443368Z     <Module test_box_barcode_service.py>
2026-10-06T23:46:24.8443824Z       <Function test_generated_box_barcodes_are_wb_compatible_and_unique[WHB]>
2026-10-06T23:46:24.8444372Z       <Function test_generated_box_barcodes_are_wb_compatible_and_unique[INB]>
2026-10-06T23:46:24.8445062Z       <Function test_every_physical_box_generator_uses_the_shared_format>
2026-10-06T23:46:24.8445697Z       <Function test_collision_budget_is_below_one_in_twenty_million_at_ten_million_boxes>
2026-10-06T23:46:24.8446332Z       <Function test_existing_box_barcode_shapes_remain_valid_inputs[WHB-ABCDEF123456]>
2026-10-06T23:46:24.8446946Z       <Function test_existing_box_barcode_shapes_remain_valid_inputs[INB-ABCDEF123456]>
2026-10-06T23:46:24.8447551Z       <Function test_existing_box_barcode_shapes_remain_valid_inputs[custom_box-123]>
2026-10-06T23:46:24.8448117Z       <Coroutine test_legacy_box_barcodes_attach_through_real_database_path>
2026-10-06T23:46:24.8448637Z       <Function test_validator_rejects_values_wb_will_not_accept[]>
2026-10-06T23:46:24.8449136Z       <Function test_validator_rejects_values_wb_will_not_accept[A-123]>
2026-10-06T23:46:24.8449736Z       <Function test_validator_rejects_values_wb_will_not_accept[WHB-123456789012345678901234567]>
2026-10-06T23:46:24.8450335Z       <Function test_validator_rejects_values_wb_will_not_accept[WB_123456]>
2026-10-06T23:46:24.8450870Z       <Function test_validator_rejects_values_wb_will_not_accept[wb_123456]>
2026-10-06T23:46:24.8451408Z       <Function test_validator_rejects_values_wb_will_not_accept[WHB 123456]>
2026-10-06T23:46:24.8452040Z       <Function test_validator_rejects_values_wb_will_not_accept[\u041a\u041e\u0420\u041e\u0411-123456]>
2026-10-06T23:46:24.8452651Z       <Function test_validator_rejects_values_wb_will_not_accept[WHB+123456]>
2026-10-06T23:46:24.8453196Z       <Function test_validator_rejects_values_wb_will_not_accept[WHB/123456]>
2026-10-06T23:46:24.8453699Z       <Function test_suffix_encoder_preserves_all_70_random_bits>
2026-10-06T23:46:24.8454276Z       <Function test_generator_rejects_invalid_prefix[]>
2026-10-06T23:46:24.8454693Z       <Function test_generator_rejects_invalid_prefix[FBS]>
2026-10-06T23:46:24.8455302Z       <Function test_generator_rejects_invalid_prefix[TOOLONG]>
2026-10-06T23:46:24.8455735Z       <Function test_generator_rejects_invalid_prefix[W-B]>
2026-10-06T23:46:24.8456188Z       <Function test_generator_rejects_invalid_prefix[\u0428\u041a]>
2026-10-06T23:46:24.8456592Z     <Module test_box_import_service.py>
2026-10-06T23:46:24.8457021Z       <Function test_parse_valid_file_groups_boxes_and_merges_duplicates>
2026-10-06T23:46:24.8457446Z       <Function test_missing_column_raises>
2026-10-06T23:46:24.8457786Z       <Function test_unsupported_file_type>
2026-10-06T23:46:24.8458127Z       <Function test_unknown_barcode_in_errors>
2026-10-06T23:46:24.8458500Z       <Function test_fractional_quantity_row_error>
2026-10-06T23:46:24.8458826Z     <Module test_catalog.py>
2026-10-06T23:46:24.8459123Z       <Coroutine test_catalog_flow>
2026-10-06T23:46:24.8459609Z       <Coroutine test_reception_shift_lead_and_inventory_staff_can_update_product_dimensions>
2026-10-06T23:46:24.8460249Z       <Coroutine test_staff_product_dimensions_validation_rejects_zero_and_partial_body>
2026-10-06T23:46:24.8460735Z       <Coroutine test_warehouse_duplicate_code>
2026-10-06T23:46:24.8461116Z       <Coroutine test_catalog_endpoints_require_auth>
2026-10-06T23:46:24.8461644Z       <Coroutine test_list_locations_unknown_warehouse>
2026-10-06T23:46:24.8461998Z     <Module test_catalog_search_limit.py>
2026-10-06T23:46:24.8462350Z       <Function test_route_has_search_and_limit>
2026-10-06T23:46:24.8462712Z       <Function test_service_passes_filters_down>
2026-10-06T23:46:24.8463091Z       <Function test_list_products_filters_in_sql>
2026-10-06T23:46:24.8463460Z     <Module test_celery_schedule_persistence.py>
2026-10-06T23:46:24.8463932Z       <Function test_beat_schedule_survives_persistent_scheduler_serialization>
2026-10-06T23:46:24.8464398Z     <Module test_cleanup_fbs_stub_test_orders.py>
2026-10-06T23:46:24.8464818Z       <Coroutine test_cleanup_refuses_order_linked_to_supply>
2026-10-06T23:46:24.8465602Z       <Coroutine test_cleanup_allows_unlinked_order_without_shipments_or_marking>
2026-10-06T23:46:24.8466191Z       <Coroutine test_cleanup_db_guard_preserves_order_and_accounting_rows[reversal]>
2026-10-06T23:46:24.8466783Z       <Coroutine test_cleanup_db_guard_preserves_order_and_accounting_rows[marking]>
2026-10-06T23:46:24.8467356Z       <Coroutine test_cleanup_reloads_locked_order_before_supply_check>
2026-10-06T23:46:24.8467787Z     <Module test_dadata_party_service.py>
2026-10-06T23:46:24.8468233Z       <Coroutine test_lookup_party_by_inn_returns_fields_on_valid_response>
2026-10-06T23:46:24.8468841Z       <Coroutine test_lookup_party_by_inn_normalizes_non_object_response_to_dadata_error[null]>
2026-10-06T23:46:24.8469545Z       <Coroutine test_lookup_party_by_inn_normalizes_non_object_response_to_dadata_error[empty-list]>
2026-10-06T23:46:24.8470245Z       <Coroutine test_lookup_party_by_inn_normalizes_non_object_response_to_dadata_error[string]>
2026-10-06T23:46:24.8470883Z       <Coroutine test_lookup_party_by_inn_empty_suggestions_is_still_party_not_found>
2026-10-06T23:46:24.8471338Z     <Module test_developer_requests.py>
2026-10-06T23:46:24.8471737Z       <Coroutine test_api_isolation_validation_and_idempotency>
2026-10-06T23:46:24.8472169Z       <Coroutine test_effective_seller_from_auth_only>
2026-10-06T23:46:24.8472609Z       <Coroutine test_concurrent_same_submission_returns_one_row>
2026-10-06T23:46:24.8473052Z       <Coroutine test_dispatch_payload_and_four_statuses>
2026-10-06T23:46:24.8473525Z       <Coroutine test_unknown_create_recovery_never_repeats_post[timeout]>
2026-10-06T23:46:24.8474069Z       <Coroutine test_unknown_create_recovery_never_repeats_post[server_error]>
2026-10-06T23:46:24.8474578Z       <Coroutine test_absent_marker_does_not_authorize_recreate>
2026-10-06T23:46:24.8475169Z       <Coroutine test_overlapping_workers_create_only_once>
2026-10-06T23:46:24.8475752Z       <Coroutine test_expired_worker_lease_recovers_by_marker>
2026-10-06T23:46:24.8476276Z       <Coroutine test_explicit_rejection_backoff_recovers_after_many_rejections>
2026-10-06T23:46:24.8476823Z       <Coroutine test_unconfigured_keeps_local_success_and_optional_label>
2026-10-06T23:46:24.8477356Z       <Coroutine test_expired_inflight_worker_cannot_overwrite_successor>
2026-10-06T23:46:24.8477873Z       <Coroutine test_public_board_and_changed_board_never_receive_cards>
2026-10-06T23:46:24.8478414Z       <Coroutine test_recovery_scans_all_trello_pages_before_linking[second_page]>
2026-10-06T23:46:24.8478983Z       <Coroutine test_recovery_scans_all_trello_pages_before_linking[duplicate]>
2026-10-06T23:46:24.8479566Z       <Coroutine test_recovery_scans_all_trello_pages_before_linking[partial_failure]>
2026-10-06T23:46:24.8480177Z       <Coroutine test_recovery_scans_all_trello_pages_before_linking[repeated_page]>
2026-10-06T23:46:24.8480776Z       <Coroutine test_description_limit_exact_boundary_and_replay[False-bug]>
2026-10-06T23:46:24.8481363Z       <Coroutine test_description_limit_exact_boundary_and_replay[False-improvement]>
2026-10-06T23:46:24.8481935Z       <Coroutine test_description_limit_exact_boundary_and_replay[True-bug]>
2026-10-06T23:46:24.8482502Z       <Coroutine test_description_limit_exact_boundary_and_replay[True-improvement]>
2026-10-06T23:46:24.8483218Z       <Coroutine test_combined_improvement_limit_rejects_without_trello_config>
2026-10-06T23:46:24.8483861Z       <Coroutine test_consecutive_scheduled_passes_ignore_http_delay_and_preserve_batch_fairness[1]>
2026-10-06T23:46:24.8484588Z       <Coroutine test_consecutive_scheduled_passes_ignore_http_delay_and_preserve_batch_fairness[51]>
2026-10-06T23:46:24.8485476Z       <Coroutine test_scheduled_error_keeps_completion_based_backoff[False]>
2026-10-06T23:46:24.8486030Z       <Coroutine test_scheduled_error_keeps_completion_based_backoff[True]>
2026-10-06T23:46:24.8486468Z     <Module test_document_events.py>
2026-10-06T23:46:24.8486938Z       <Coroutine test_inbound_status_chain_is_visible_through_document_events_api>
2026-10-06T23:46:24.8487490Z       <Coroutine test_event_write_contract_and_repeated_quantity_changes>
2026-10-06T23:46:24.8487992Z       <Coroutine test_fbs_and_marketplace_unload_status_sequences>
2026-10-06T23:46:24.8488484Z       <Coroutine test_journal_failure_does_not_rollback_document_change>
2026-10-06T23:46:24.8488961Z       <Coroutine test_all_inbound_document_data_event_types>
2026-10-06T23:46:24.8489457Z       <Coroutine test_return_status_chain_and_defect_are_recorded_through_api>
2026-10-06T23:46:24.8490012Z       <Coroutine test_background_service_status_transition_is_system_authored>
2026-10-06T23:46:24.8490537Z       <Coroutine test_inbound_direct_receiving_and_reopen_status_edges>
2026-10-06T23:46:24.8490993Z       <Coroutine test_fbs_detach_reverse_status_edges>
2026-10-06T23:46:24.8491451Z       <Coroutine test_unload_confirmed_and_collecting_cancel_status_edges>
2026-10-06T23:46:24.8492015Z       <Function test_postgresql_trigger_is_system_authored_and_failure_isolated>
2026-10-06T23:46:24.8492592Z       <Coroutine test_duplicate_authorization_headers_cannot_change_audit_actor>
2026-10-06T23:46:24.8493058Z     <Module test_document_number_service.py>
2026-10-06T23:46:24.8493469Z       <Coroutine test_next_document_number_sequential_same_day>
2026-10-06T23:46:24.8493940Z       <Coroutine test_next_document_number_independent_doc_types>
2026-10-06T23:46:24.8494404Z       <Coroutine test_next_display_number_independent_doc_types>
2026-10-06T23:46:24.8494831Z       <Function test_format_display_number_padding>
2026-10-06T23:46:24.8495386Z       <Coroutine test_next_document_number_resets_next_day>
2026-10-06T23:46:24.8495848Z       <Coroutine test_next_document_number_concurrent_no_duplicates>
2026-10-06T23:46:24.8496284Z       <Function test_format_document_number_padding>
2026-10-06T23:46:24.8496663Z       <Coroutine test_peek_next_counter_empty>
2026-10-06T23:46:24.8497166Z       <Coroutine test_peek_next_display_counter_empty>
2026-10-06T23:46:24.8497613Z       <Coroutine test_inbound_and_unload_api_assign_document_number>
2026-10-06T23:46:24.8498031Z     <Module test_fbs_auto_assign_ozon_boxes.py>
2026-10-06T23:46:24.8498513Z       <Coroutine test_auto_assign_puts_every_position_in_its_own_consecutive_box>
2026-10-06T23:46:24.8499061Z       <Coroutine test_repeat_call_does_not_duplicate_boxes_or_positions>
2026-10-06T23:46:24.8499533Z       <Coroutine test_nothing_to_assign_is_a_successful_noop>
2026-10-06T23:46:24.8500023Z       <Coroutine test_partial_layout_and_existing_empty_box_are_left_alone>
2026-10-06T23:46:24.8500468Z       <Coroutine test_cancelled_order_is_skipped>
2026-10-06T23:46:24.8500907Z       <Coroutine test_wb_supply_is_rejected_without_creating_anything>
2026-10-06T23:46:24.8501403Z       <Coroutine test_delivered_supply_is_rejected_same_as_create_boxes>
2026-10-06T23:46:24.8501951Z       <Coroutine test_more_than_one_hundred_positions_are_all_assigned_in_one_call>
2026-10-06T23:46:24.8502502Z       <Coroutine test_failure_partway_leaves_no_new_boxes_or_assignments>
2026-10-06T23:46:24.8503005Z       <Coroutine test_endpoint_reports_boxes_created_by_this_call>
2026-10-06T23:46:24.8503391Z     <Module test_fbs_autopoll.py>
2026-10-06T23:46:24.8503762Z       <Coroutine test_fbs_autopoll_syncs_orders_for_one_seller>
2026-10-06T23:46:24.8504332Z       <Coroutine test_fbs_autopoll_iterates_multiple_sellers>
2026-10-06T23:46:24.8504781Z       <Coroutine test_fbs_autopoll_continues_after_seller_error>
2026-10-06T23:46:24.8505484Z       <Coroutine test_fbs_autopoll_idempotent_upsert>
2026-10-06T23:46:24.8505942Z       <Coroutine test_fbs_autopoll_status_sync_updates_sorted_then_sold>
2026-10-06T23:46:24.8506471Z       <Coroutine test_fbs_autopoll_supplier_status_moves_new_order_out_of_new>
2026-10-06T23:46:24.8507034Z       <Coroutine test_fbs_autopoll_status_sync_splits_batches_and_skips_bad_order>
2026-10-06T23:46:24.8507572Z       <Coroutine test_fbs_autopoll_supplier_status_new_keeps_order_new>
2026-10-06T23:46:24.8508073Z       <Coroutine test_list_sellers_with_marketplace_token_filters>
2026-10-06T23:46:24.8508513Z       <Coroutine test_fbs_statuses_autopoll_all_sellers>
2026-10-06T23:46:24.8508999Z       <Coroutine test_fbs_autopoll_intake_success_skips_stock_sync_by_default>
2026-10-06T23:46:24.8509518Z       <Coroutine test_fbs_autopoll_intake_success_can_opt_into_stock_sync>
2026-10-06T23:46:24.8510022Z       <Coroutine test_fbs_autopoll_intake_error_skips_stock_sync>
2026-10-06T23:46:24.8510479Z       <Coroutine test_fbs_autopoll_all_sellers_skips_stock_sync>
2026-10-06T23:46:24.8510960Z       <Coroutine test_sync_seller_stocks_continues_after_binding_error>
2026-10-06T23:46:24.8511413Z     <Module test_fbs_box_clear_and_workspace_extras.py>
2026-10-06T23:46:24.8511840Z       <Coroutine test_clear_box_returns_orders_to_unassigned>
2026-10-06T23:46:24.8512266Z       <Coroutine test_clear_box_on_empty_box_is_idempotent>
2026-10-06T23:46:24.8512722Z       <Coroutine test_clear_box_after_supply_delivered_is_rejected>
2026-10-06T23:46:24.8513190Z       <Coroutine test_workspace_exposes_packaging_instructions>
2026-10-06T23:46:24.8513672Z       <Coroutine test_workspace_exposes_packaging_instructions_absent>
2026-10-06T23:46:24.8514194Z       <Coroutine test_wb_pack_checkbox_never_removes_pick_fallback_location>
2026-10-06T23:46:24.8514694Z       <Coroutine test_workspace_marking_pool_reports_shortage>
2026-10-06T23:46:24.8515342Z       <Coroutine test_workspace_marking_pool_empty_when_nothing_needs_marking>
2026-10-06T23:46:24.8515879Z       <Coroutine test_order_print_tape_assigns_codes_to_requested_orders>
2026-10-06T23:46:24.8516289Z     <Module test_fbs_box_scan.py>
2026-10-06T23:46:24.8516707Z       <Coroutine test_fbs_box_scan_variants_select_source_without_movement>
2026-10-06T23:46:24.8517220Z       <Coroutine test_fbs_box_scan_exact_priority_ambiguity_and_scope>
2026-10-06T23:46:24.8517638Z     <Module test_fbs_cancellations.py>
2026-10-06T23:46:24.8518150Z       <Coroutine test_cancel_new_order_releases_reserve>
2026-10-06T23:46:24.8518552Z       <Coroutine test_cancel_in_delivery_returns_409>
2026-10-06T23:46:24.8518914Z       <Function test_penalty_band_lt13>
2026-10-06T23:46:24.8519270Z       <Coroutine test_sync_statuses_sold_and_canceled>
2026-10-06T23:46:24.8519876Z       <Coroutine test_cancel_after_confirmation_preserves_only_handed_over_charges[sorted-without-handover]>
2026-10-06T23:46:24.8520648Z       <Coroutine test_cancel_after_confirmation_preserves_only_handed_over_charges[confirmed-handover]>
2026-10-06T23:46:24.8521218Z       <Coroutine test_cancel_idempotent_second_call>
2026-10-06T23:46:24.8521609Z       <Coroutine test_sync_defect_sets_status_defect>
2026-10-06T23:46:24.8521992Z       <Coroutine test_cancel_wb_error_surfaces_502>
2026-10-06T23:46:24.8522357Z     <Module test_fbs_cancelled_after_pack.py>
2026-10-06T23:46:24.8522848Z       <Coroutine test_cancelled_after_pack_includes_after_assembly_and_excludes_before>
2026-10-06T23:46:24.8523465Z       <Coroutine test_cancelled_after_pack_is_tenant_scoped_and_filters_seller_period>
2026-10-06T23:46:24.8524072Z       <Coroutine test_cancelled_list_searches_boxes_before_pagination_without_writes>
2026-10-06T23:46:24.8524666Z       <Coroutine test_pack_all_warns_only_requested_cancelled_and_never_changes_stock>
2026-10-06T23:46:24.8525304Z     <Module test_fbs_cancelled_operations.py>
2026-10-06T23:46:24.8525948Z       <Coroutine test_cancelled_order_print_is_human_readable_and_batch_remains_partial>
2026-10-06T23:46:24.8526460Z       <Coroutine test_cancelled_order_cannot_be_picked>
2026-10-06T23:46:24.8526854Z       <Coroutine test_cancelled_order_cannot_be_packed>
2026-10-06T23:46:24.8527215Z     <Module test_fbs_catalog_free_fbo.py>
2026-10-06T23:46:24.8527712Z       <Coroutine test_catalog_free_fbo_excludes_order_reserves_in_both_modes[False-1-0-1-0]>
2026-10-06T23:46:24.8528369Z       <Coroutine test_catalog_free_fbo_excludes_order_reserves_in_both_modes[False-10-2-3-5]>
2026-10-06T23:46:24.8529016Z       <Coroutine test_catalog_free_fbo_excludes_order_reserves_in_both_modes[True-10-2-3-5]>
2026-10-06T23:46:24.8529498Z     <Module test_fbs_cell_scan.py>
2026-10-06T23:46:24.8529848Z       <Coroutine test_fbs_cell_scan_formats_and_scope>
2026-10-06T23:46:24.8530239Z     <Module test_fbs_contract_error_envelope.py>
2026-10-06T23:46:24.8530651Z       <Coroutine test_print_asset_404_uses_flat_error_envelope>
2026-10-06T23:46:24.8531113Z       <Coroutine test_cargo_places_preflight_failed_envelope>
2026-10-06T23:46:24.8531634Z       <Coroutine test_pvz_missing_dims_confirmation_persists_actor_timestamp_source>
2026-10-06T23:46:24.8532153Z       <Coroutine test_deprecated_trbx_bind_returns_envelope>
2026-10-06T23:46:24.8532639Z       <Function test_legacy_sticker_endpoints_marked_deprecated_in_openapi>
2026-10-06T23:46:24.8533100Z     <Module test_fbs_create_http_connection.py>
2026-10-06T23:46:24.8533570Z       <Coroutine test_create_http_releases_pool_and_persists_identity[success]>
2026-10-06T23:46:24.8534159Z       <Coroutine test_create_http_releases_pool_and_persists_identity[transport]>
2026-10-06T23:46:24.8534727Z       <Coroutine test_create_http_releases_pool_and_persists_identity[invalid]>
2026-10-06T23:46:24.8535461Z       <Coroutine test_create_http_releases_pool_and_persists_identity[rejected]>
2026-10-06T23:46:24.8536022Z       <Coroutine test_create_http_releases_pool_and_persists_identity[cancelled]>
2026-10-06T23:46:24.8536629Z       <Coroutine test_create_http_releases_pool_and_persists_identity[readback_timeout]>
2026-10-06T23:46:24.8537246Z       <Coroutine test_create_http_releases_pool_and_persists_identity[owner_cancelled]>
2026-10-06T23:46:24.8537842Z       <Coroutine test_create_http_releases_pool_and_persists_identity[same_key]>
2026-10-06T23:46:24.8538418Z       <Coroutine test_create_http_releases_pool_and_persists_identity[rotated_key]>
2026-10-06T23:46:24.8539013Z       <Coroutine test_create_http_releases_pool_and_persists_identity[loser_failed]>
2026-10-06T23:46:24.8539808Z       <Coroutine test_create_http_releases_pool_and_persists_identity[partial_winner]>
2026-10-06T23:46:24.8540424Z       <Coroutine test_transaction_claim_shares_key_and_releases_pool_atomically>
2026-10-06T23:46:24.8540890Z     <Module test_fbs_create_lock_connection.py>
2026-10-06T23:46:24.8541377Z       <Coroutine test_waiting_creates_release_pool_but_owner_keeps_same_connection>
2026-10-06T23:46:24.8541870Z     <Module test_fbs_delivery_cancelled_exclusion.py>
2026-10-06T23:46:24.8542384Z       <Coroutine test_confirm_excludes_cancelled_box_links_without_stock_return[False]>
2026-10-06T23:46:24.8542997Z       <Coroutine test_confirm_excludes_cancelled_box_links_without_stock_return[True]>
2026-10-06T23:46:24.8543473Z     <Module test_fbs_handover_billing.py>
2026-10-06T23:46:24.8543939Z       <Coroutine test_deliver_api_records_work_before_marketplace_sorting[success]>
2026-10-06T23:46:24.8544569Z       <Coroutine test_deliver_api_records_work_before_marketplace_sorting[marketplace_error]>
2026-10-06T23:46:24.8545534Z       <Coroutine test_deliver_api_records_work_before_marketplace_sorting[billing_error]>
2026-10-06T23:46:24.8546154Z       <Coroutine test_deliver_api_records_work_before_marketplace_sorting[timeout]>
2026-10-06T23:46:24.8546754Z       <Coroutine test_deliver_api_records_work_before_marketplace_sorting[local_error]>
2026-10-06T23:46:24.8547387Z       <Coroutine test_handover_quantities_import_guard_and_cancellation[wb-quantities0]>
2026-10-06T23:46:24.8548271Z       <Coroutine test_handover_quantities_import_guard_and_cancellation[ozon-quantities1]>
2026-10-06T23:46:24.8548744Z     <Module test_fbs_kiz.py>
2026-10-06T23:46:24.8549186Z       <Function test_wb_decision_mapping_covers_safe_sync_states[filled-accepted]>
2026-10-06T23:46:24.8549832Z       <Function test_wb_decision_mapping_covers_safe_sync_states[optional-allowed_without_check]>
2026-10-06T23:46:24.8550471Z       <Function test_wb_decision_mapping_covers_safe_sync_states[pending-pending]>
2026-10-06T23:46:24.8551060Z       <Function test_wb_decision_mapping_covers_safe_sync_states[required-None]>
2026-10-06T23:46:24.8551638Z       <Function test_wb_decision_mapping_covers_safe_sync_states[invalid-rejected]>
2026-10-06T23:46:24.8552249Z       <Function test_wb_decision_mapping_covers_safe_sync_states[something-new-None]>
2026-10-06T23:46:24.8552805Z       <Function test_universal_test_kiz_is_opt_in_and_unique_per_order>
2026-10-06T23:46:24.8553317Z       <Function test_normalize_scanned_cis_strips_aim_prefix[]d2]>
2026-10-06T23:46:24.8553781Z       <Function test_normalize_scanned_cis_strips_aim_prefix[]d1]>
2026-10-06T23:46:24.8554271Z       <Function test_normalize_scanned_cis_strips_aim_prefix[]Q1]>
2026-10-06T23:46:24.8554732Z       <Function test_normalize_scanned_cis_strips_aim_prefix[]Q3]>
2026-10-06T23:46:24.8555450Z       <Function test_normalize_scanned_cis_strips_aim_prefix[]C1]>
2026-10-06T23:46:24.8556001Z       <Function test_normalize_scanned_cis_restores_gs_substitute_only_at_separator[~]>
2026-10-06T23:46:24.8556640Z       <Function test_normalize_scanned_cis_restores_gs_substitute_only_at_separator[|]>
2026-10-06T23:46:24.8557251Z       <Function test_normalize_scanned_cis_restores_gs_substitute_only_at_separator[#]>
2026-10-06T23:46:24.8557874Z       <Function test_normalize_scanned_cis_restores_gs_substitute_only_at_separator[<GS>]>
2026-10-06T23:46:24.8558505Z       <Function test_normalize_scanned_cis_restores_gs_substitute_only_at_separator[{GS}]>
2026-10-06T23:46:24.8559166Z       <Function test_normalize_scanned_cis_restores_gs_substitute_only_at_separator[\\x1d]>
2026-10-06T23:46:24.8559811Z       <Function test_normalize_scanned_cis_restores_gs_substitute_only_at_separator[<gs>]>
2026-10-06T23:46:24.8560439Z       <Function test_normalize_scanned_cis_restores_gs_substitute_only_at_separator[{gs}]>
2026-10-06T23:46:24.8560984Z       <Function test_normalize_scanned_cis_repairs_keyboard_layout>
2026-10-06T23:46:24.8561459Z       <Function test_normalize_scanned_cis_trims_scanner_suffix>
2026-10-06T23:46:24.8562129Z       <Function test_normalize_scanned_cis_repairs_keyboard_layout_and_gs_together>
2026-10-06T23:46:24.8562677Z       <Function test_normalize_scanned_cis_clean_value_has_no_hints>
2026-10-06T23:46:24.8563219Z       <Function test_normalize_scanned_cis_restores_separator_before_weight_ai>
2026-10-06T23:46:24.8563805Z       <Function test_normalize_scanned_cis_repairs_russian_aim_prefix_after_layout>
2026-10-06T23:46:24.8564351Z       <Function test_windows_russian_keyboard_layout_mapping_is_complete>
2026-10-06T23:46:24.8564805Z       <Function test_is_probably_cis_rejects_garbage>
2026-10-06T23:46:24.8565357Z       <Function test_scan_debug_masks_gs_in_edges>
2026-10-06T23:46:24.8565856Z       <Coroutine test_fbs_kiz_lookup_matches_tolerant_sticker_fields[sticker_code]>
2026-10-06T23:46:24.8566426Z       <Coroutine test_fbs_kiz_lookup_matches_tolerant_sticker_fields[wb_barcode]>
2026-10-06T23:46:24.8566939Z       <Coroutine test_fbs_kiz_lookup_garbage_sticker_returns_404>
2026-10-06T23:46:24.8567425Z       <Coroutine test_fbs_kiz_lookup_foreign_supply_sticker_returns_404>
2026-10-06T23:46:24.8567920Z       <Coroutine test_fbs_kiz_lookup_frozen_order_returns_409>
2026-10-06T23:46:24.8568408Z       <Coroutine test_fbs_kiz_lookup_existing_pool_kiz_needs_confirmation>
2026-10-06T23:46:24.8568915Z       <Coroutine test_fbs_kiz_validate_normalizes_and_does_not_write>
2026-10-06T23:46:24.8569535Z       <Coroutine test_fbs_kiz_validate_rejects_garbage_with_debug>
2026-10-06T23:46:24.8570045Z       <Coroutine test_fbs_kiz_validate_duplicate_marking_returns_order_context>
2026-10-06T23:46:24.8570559Z       <Coroutine test_fbs_kiz_validate_frozen_order_returns_409>
2026-10-06T23:46:24.8571062Z       <Coroutine test_fbs_kiz_commit_partial_success_keeps_other_transactions>
2026-10-06T23:46:24.8571639Z       <Coroutine test_fbs_kiz_commit_existing_kiz_needs_confirmation_without_writes>
2026-10-06T23:46:24.8572204Z       <Coroutine test_fbs_kiz_commit_confirmed_replaces_old_kiz_and_voids_code>
2026-10-06T23:46:24.8572753Z       <Coroutine test_fbs_kiz_commit_success_creates_records_event_and_counter>
2026-10-06T23:46:24.8573275Z       <Coroutine test_fbs_kiz_delete_wb_error_does_not_change_records>
2026-10-06T23:46:24.8573824Z       <Coroutine test_fbs_kiz_commit_same_pair_is_idempotent_without_second_wb_call>
2026-10-06T23:46:24.8574401Z       <Coroutine test_fbs_kiz_external_marking_counts_as_printed_for_pool_and_gate>
2026-10-06T23:46:24.8575143Z       <Coroutine test_fbs_kiz_validate_rejects_available_pool_code_owner_mismatches>
2026-10-06T23:46:24.8575749Z       <Coroutine test_fbs_kiz_commit_claims_available_pool_code_without_reclassifying_it>
2026-10-06T23:46:24.8576349Z       <Coroutine test_fbs_kiz_replacement_runs_registry_checks_before_wb_delete>
2026-10-06T23:46:24.8576947Z       <Coroutine test_fbs_kiz_replacement_restores_old_wb_value_when_new_value_is_rejected>
2026-10-06T23:46:24.8577557Z       <Coroutine test_fbs_kiz_replacement_persists_reason_when_wb_restore_also_fails>
2026-10-06T23:46:24.8578153Z       <Coroutine test_fbs_kiz_pool_to_external_replacement_does_not_double_count_unit>
2026-10-06T23:46:24.8578800Z       <Coroutine test_fbs_order_tape_reprints_operator_kiz_without_pool_mutation[False-accepted]>
2026-10-06T23:46:24.8579484Z       <Coroutine test_fbs_order_tape_reprints_operator_kiz_without_pool_mutation[True-pending]>
2026-10-06T23:46:24.8580158Z       <Coroutine test_fbs_order_tape_reprints_operator_kiz_without_pool_mutation[True-rejected]>
2026-10-06T23:46:24.8580796Z       <Coroutine test_fbs_marking_readers_prefer_active_row_over_newer_rejected_row>
2026-10-06T23:46:24.8581482Z       <Coroutine test_fbs_marking_wb_meta_decision_is_safe_and_preserves_raw_detail[filled-same-accepted-ok]>
2026-10-06T23:46:24.8582352Z       <Coroutine test_fbs_marking_wb_meta_decision_is_safe_and_preserves_raw_detail[optional-same-allowed_without_check-no_check]>
2026-10-06T23:46:24.8583227Z       <Coroutine test_fbs_marking_wb_meta_decision_is_safe_and_preserves_raw_detail[pending-same-pending-checking]>
2026-10-06T23:46:24.8584169Z       <Coroutine test_fbs_marking_wb_meta_decision_is_safe_and_preserves_raw_detail[required-None-missing-new]>
2026-10-06T23:46:24.8585227Z       <Coroutine test_fbs_marking_wb_meta_decision_is_safe_and_preserves_raw_detail[invalid-same-rejected-error]>
2026-10-06T23:46:24.8586091Z       <Coroutine test_fbs_marking_wb_meta_decision_is_safe_and_preserves_raw_detail[unrecognized-same-unknown-error]>
2026-10-06T23:46:24.8586909Z       <Coroutine test_fbs_marking_wb_meta_decision_is_safe_and_preserves_raw_detail[required-same-unknown-new]>
2026-10-06T23:46:24.8587753Z       <Coroutine test_fbs_marking_wb_meta_decision_is_safe_and_preserves_raw_detail[filled-other-replacement_required-error]>
2026-10-06T23:46:24.8588658Z       <Coroutine test_fbs_marking_wb_meta_decision_is_safe_and_preserves_raw_detail[invalid-other-replacement_required-error]>
2026-10-06T23:46:24.8589400Z       <Coroutine test_fbs_marking_partial_wb_row_is_unknown_without_fresh_check_time>
2026-10-06T23:46:24.8589953Z       <Coroutine test_fbs_marking_omitted_wb_row_preserves_saved_verdict>
2026-10-06T23:46:24.8590674Z       <Coroutine test_fbs_marking_orphaned_audit_is_created_once_for_concurrent_and_repeated_mismatch[required-None-missing]>
2026-10-06T23:46:24.8591619Z       <Coroutine test_fbs_marking_orphaned_audit_is_created_once_for_concurrent_and_repeated_mismatch[invalid-other-replacement_required]>
2026-10-06T23:46:24.8592585Z       <Coroutine test_fbs_marking_pool_counts_replacement_required_order_as_needing_code>
2026-10-06T23:46:24.8593142Z       <Function test_gs_restore_fixes_production_scan_byte_for_byte>
2026-10-06T23:46:24.8593623Z       <Function test_gs_restore_is_idempotent_on_production_scan>
2026-10-06T23:46:24.8594093Z       <Function test_gs_restore_handles_footwear_88_char_signature>
2026-10-06T23:46:24.8594584Z       <Function test_gs_restore_not_fooled_by_91_and_92_inside_serial>
2026-10-06T23:46:24.8595263Z       <Function test_gs_restore_leaves_already_separated_code_untouched>
2026-10-06T23:46:24.8595785Z       <Function test_gs_restore_leaves_short_form_kiz_without_crypto_tail>
2026-10-06T23:46:24.8596735Z       <Function test_gs_restore_refuses_to_guess_when_structure_does_not_match[truncated_signature-010460601234567821aXq7Tz9Km91K7pQ92MTIzNDU2Nzg5MGFiY2RlZmdoaWprbG1ub3BxcnN]>
2026-10-06T23:46:24.8598174Z       <Function test_gs_restore_refuses_to_guess_when_structure_does_not_match[signature_66-010460601234567821aXq7Tz9Km91K7pQ92AAAAAAAAAAAAAAAAAAAAAAAAAAAAAAAAAAAAAAAAAAAAAAAAAAAAAAAAAAAAAAAAAA]>
2026-10-06T23:46:24.8599642Z       <Function test_gs_restore_refuses_to_guess_when_structure_does_not_match[serial_21-010460601234567821AAAAAAAAAAAAAAAAAAAAA91K7pQ92MTIzNDU2Nzg5MGFiY2RlZmdoaWprbG1ub3BxcnN0dXY=]>
2026-10-06T23:46:24.8600947Z       <Function test_gs_restore_refuses_to_guess_when_structure_does_not_match[serial_empty-01046060123456782191K7pQ92MTIzNDU2Nzg5MGFiY2RlZmdoaWprbG1ub3BxcnN0dXY=]>
2026-10-06T23:46:24.8602225Z       <Function test_gs_restore_refuses_to_guess_when_structure_does_not_match[wrong_ai_marker-010460601234567821aXq7Tz9Km93K7pQ92MTIzNDU2Nzg5MGFiY2RlZmdoaWprbG1ub3BxcnN0dXY=]>
2026-10-06T23:46:24.8605481Z       <Function test_gs_restore_refuses_to_guess_when_structure_does_not_match[long_noise-010460601234567821XXXXXXXXXXXXXXXXXXXXXXXXXXXXXXXXXXXXXXXXXXXXXXXXXXXXXXXXXXXXXXXXXXXXXXXXXXXXXXXXXXXXXXXXXXXXXXXXXXXXXXXXXXXXXXXXXXXXXXXXXXXXXXXXXXXXXXXXXXXXXXXXXXXXXXXXXXXXXXXXXXXXXXXXXXXXXXXXXXXXXXXXXXXXXXXXXXXXXXXXXXXXXXXXXXXXXXXXXXXXXXXXXXXXXXXXXXXXXXXXXXXXXXXXXXXXXXXXXXXXXXXXXXXXXXXXXXXXXXXXXXXXXXXXXXXXXXXXXXXX]>
2026-10-06T23:46:24.8608071Z       <Function test_gs_restore_accepts_serial_length_boundaries[1]>
2026-10-06T23:46:24.8608566Z       <Function test_gs_restore_accepts_serial_length_boundaries[20]>
2026-10-06T23:46:24.8609104Z       <Function test_gs_restore_ignores_values_that_are_not_kiz_prefixed[empty-]>
2026-10-06T23:46:24.8609768Z       <Function test_gs_restore_ignores_values_that_are_not_kiz_prefixed[only_separators-\x1d\x1d\x1d]>
2026-10-06T23:46:24.8610614Z       <Function test_gs_restore_ignores_values_that_are_not_kiz_prefixed[noise-laser scanner noise]>
2026-10-06T23:46:24.8611662Z       <Function test_gs_restore_ignores_values_that_are_not_kiz_prefixed[gtin_not_digits-01ABCDEFGHIJKLMN21aXq7Tz9Km91K7pQ92MTIzNDU2Nzg5MGFiY2RlZmdoaWprbG1ub3BxcnN0dXY=]>
2026-10-06T23:46:24.8612960Z       <Function test_gs_restore_ignores_values_that_are_not_kiz_prefixed[gtin_13_digits-01000000000000021aXq7Tz9Km91K7pQ92MTIzNDU2Nzg5MGFiY2RlZmdoaWprbG1ub3BxcnN0dXY=]>
2026-10-06T23:46:24.8614202Z       <Function test_gs_restore_ignores_values_that_are_not_kiz_prefixed[no_ai21-010460601234567810aXq7Tz9Km91K7pQ92MTIzNDU2Nzg5MGFiY2RlZmdoaWprbG1ub3BxcnN0dXY=]>
2026-10-06T23:46:24.8615398Z       <Function test_gs_restore_ignores_values_that_are_not_kiz_prefixed[not_a_gs1_string_at_all-PROD-BARCODE-1234567890]>
2026-10-06T23:46:24.8616073Z       <Function test_gs_restore_survives_aim_prefix_and_russian_layout>
2026-10-06T23:46:24.8616555Z       <Function test_gs_restore_ignores_trailing_scanner_newline>
2026-10-06T23:46:24.8617059Z       <Function test_gs_restore_ignores_any_trailing_scanner_whitespace[\t]>
2026-10-06T23:46:24.8617600Z       <Function test_gs_restore_ignores_any_trailing_scanner_whitespace[ ]>
2026-10-06T23:46:24.8618143Z       <Function test_gs_restore_ignores_any_trailing_scanner_whitespace[\r\n]>
2026-10-06T23:46:24.8618695Z       <Function test_gs_restore_ignores_any_trailing_scanner_whitespace[\x0b]>
2026-10-06T23:46:24.8619366Z       <Function test_gs_restore_ignores_any_trailing_scanner_whitespace[\x0c]>
2026-10-06T23:46:24.8619931Z       <Function test_gs_restore_ignores_any_trailing_scanner_whitespace[\t\t \r\n]>
2026-10-06T23:46:24.8620508Z       <Function test_normalize_does_not_strip_separator_as_if_it_were_whitespace>
2026-10-06T23:46:24.8621020Z       <Function test_gs_restore_never_loses_payload_characters>
2026-10-06T23:46:24.8621529Z       <Function test_gs_restore_repairs_code_with_only_one_of_two_separators[91]>
2026-10-06T23:46:24.8622104Z       <Function test_gs_restore_repairs_code_with_only_one_of_two_separators[92]>
2026-10-06T23:46:24.8622672Z       <Function test_gs_restore_collapses_duplicated_separators_to_canonical_form>
2026-10-06T23:46:24.8623205Z       <Function test_gs_restore_does_not_call_a_separated_code_lost>
2026-10-06T23:46:24.8623698Z       <Coroutine test_fbs_kiz_validate_rejects_unrestorable_glued_code>
2026-10-06T23:46:24.8624236Z       <Coroutine test_fbs_kiz_validate_unrestorable_code_is_client_error_not_500>
2026-10-06T23:46:24.8624777Z       <Coroutine test_fbs_kiz_commit_never_sends_unrestorable_code_to_wb>
2026-10-06T23:46:24.8625564Z       <Coroutine test_fbs_kiz_commit_sends_restored_production_value_to_wb>
2026-10-06T23:46:24.8626136Z       <Function test_gs_restore_normalizes_trailing_gs1_terminator_without_losing_data>
2026-10-06T23:46:24.8626722Z       <Function test_gs_restore_does_not_reparse_a_code_that_already_parses>
2026-10-06T23:46:24.8627286Z       <Function test_gs_restore_leaves_alternative_crypto_tag_93_alone_when_separated>
2026-10-06T23:46:24.8628275Z       <Function test_gs_restore_refuses_rather_than_guesses_unknown_kiz_shapes[crypto_tag_93-010460601234567821aXq7Tz9Km91K7pQ93MMMMMMMMMMMMMMMMMMMMMMMMMMMMMMMMMMMMMMMMMMMM]>
2026-10-06T23:46:24.8629721Z       <Function test_gs_restore_refuses_rather_than_guesses_unknown_kiz_shapes[unknown_tail_length_60-010460601234567821aXq7Tz9Km91K7pQ92MMMMMMMMMMMMMMMMMMMMMMMMMMMMMMMMMMMMMMMMMMMMMMMMMMMMMMMMMMMM]>
2026-10-06T23:46:24.8630901Z       <Coroutine test_initial_kiz_uncertain_write_is_persisted_and_reconciled_without_rewrite[transport-filled]>
2026-10-06T23:46:24.8631677Z       <Coroutine test_initial_kiz_uncertain_write_is_persisted_and_reconciled_without_rewrite[503-filled]>
2026-10-06T23:46:24.8632430Z       <Coroutine test_initial_kiz_uncertain_write_is_persisted_and_reconciled_without_rewrite[read-filled]>
2026-10-06T23:46:24.8633180Z       <Coroutine test_initial_kiz_uncertain_write_is_persisted_and_reconciled_without_rewrite[403-refused]>
2026-10-06T23:46:24.8634107Z       <Coroutine test_initial_kiz_uncertain_write_is_persisted_and_reconciled_without_rewrite[transport-invalid]>
2026-10-06T23:46:24.8635074Z       <Coroutine test_initial_kiz_uncertain_write_is_persisted_and_reconciled_without_rewrite[transport-cancel]>
2026-10-06T23:46:24.8635639Z     <Module test_fbs_kiz_applied.py>
2026-10-06T23:46:24.8636158Z       <Coroutine test_scan_known_code_records_application_once_without_reprinting[available_pool]>
2026-10-06T23:46:24.8636879Z       <Coroutine test_scan_known_code_records_application_once_without_reprinting[available_external]>
2026-10-06T23:46:24.8637564Z       <Coroutine test_scan_known_code_records_application_once_without_reprinting[printed]>
2026-10-06T23:46:24.8638240Z       <Coroutine test_scan_known_code_records_application_once_without_reprinting[printed_bound]>
2026-10-06T23:46:24.8638924Z       <Coroutine test_scan_known_code_records_application_once_without_reprinting[reserved_bound]>
2026-10-06T23:46:24.8639597Z       <Coroutine test_scan_known_code_records_application_once_without_reprinting[wrong_line]>
2026-10-06T23:46:24.8640210Z       <Coroutine test_print_scan_history_and_reprint_keep_the_same_applied_code>
2026-10-06T23:46:24.8640671Z     <Module test_fbs_kiz_operator_detach.py>
2026-10-06T23:46:24.8641223Z       <Coroutine test_cancel_rescan_and_replay_preserve_code_and_move_line_counts[external_fbs-applied]>
2026-10-06T23:46:24.8642090Z       <Coroutine test_cancel_rescan_and_replay_preserve_code_and_move_line_counts[pool-introduced]>
2026-10-06T23:46:24.8642696Z       <Coroutine test_remote_failure_and_final_order_do_not_release_code>
2026-10-06T23:46:24.8643205Z       <Coroutine test_postgres_two_orders_claim_detached_code_only_once>
2026-10-06T23:46:24.8643635Z     <Module test_fbs_kiz_ru_layout_symbols.py>
2026-10-06T23:46:24.8644551Z       <Function test_ru_layout_raw_scan_is_repaired_with_slash_question_and_ampersand[0104600000000017215Ab/c?d&Ef9GhJ-0104600000000017215\u0424\u0438.\u0441,\u0432?\u0423\u04309\u041f\u0440\u041e]>
2026-10-06T23:46:24.8646113Z       <Function test_ru_layout_raw_scan_is_repaired_with_slash_question_and_ampersand[0104600000000017215Ab/c?d\x1d93Ef9G-0104600000000017215\u0424\u0438.\u0441,\u0432\x1d93\u0423\u04309\u041f]>
2026-10-06T23:46:24.8647304Z       <Function test_latin_scan_is_unchanged[0104600000000017215Ab/c?d&Ef9GhJ-0104600000000017215\u0424\u0438.\u0441,\u0432?\u0423\u04309\u041f\u0440\u041e]>
2026-10-06T23:46:24.8648360Z       <Function test_latin_scan_is_unchanged[0104600000000017215Ab/c?d\x1d93Ef9G-0104600000000017215\u0424\u0438.\u0441,\u0432\x1d93\u0423\u04309\u041f]>
2026-10-06T23:46:24.8649087Z       <Function test_letter_only_translation_is_not_repaired>
2026-10-06T23:46:24.8649485Z     <Module test_fbs_kiz_sticker_lookup.py>
2026-10-06T23:46:24.8649908Z       <Function test_wb_row_split_into_human_number_and_scanner_code>
2026-10-06T23:46:24.8650365Z       <Function test_scan_finds_order_by_sticker_barcode>
2026-10-06T23:46:24.8650796Z       <Function test_human_number_still_works_for_manual_entry>
2026-10-06T23:46:24.8651213Z       <Function test_unknown_code_finds_nothing>
2026-10-06T23:46:24.8651599Z       <Function test_scan_in_russian_layout_finds_order>
2026-10-06T23:46:24.8652042Z       <Function test_latin_scan_is_not_touched_by_layout_repair>
2026-10-06T23:46:24.8652501Z       <Function test_ozon_posting_number_is_an_order_identifier>
2026-10-06T23:46:24.8652956Z       <Function test_ozon_split_posting_number_finds_its_order>
2026-10-06T23:46:24.8653437Z       <Function test_ambiguous_ozon_barcode_does_not_choose_first_order>
2026-10-06T23:46:24.8653861Z     <Module test_fbs_manual_pick.py>
2026-10-06T23:46:24.8654336Z       <Coroutine test_manual_pick_selects_cell_and_picks_explicit_order_idempotently>
2026-10-06T23:46:24.8655094Z       <Coroutine test_manual_pick_rejects_wrong_cell_product_and_allows_packed_order>
2026-10-06T23:46:24.8655547Z     <Module test_fbs_marking.py>
2026-10-06T23:46:24.8655917Z       <Coroutine test_fbs_marking_sync_updates_check_status>
2026-10-06T23:46:24.8656325Z       <Coroutine test_fbs_marking_get_list_all_kinds>
2026-10-06T23:46:24.8656954Z       <Coroutine test_fbs_metadata_gate_rejected_blocks_allowed_without_check_ok>
2026-10-06T23:46:24.8657493Z       <Function test_fbs_metadata_gate_pending_blocks_filled_allows>
2026-10-06T23:46:24.8657964Z       <Coroutine test_fbs_intake_stores_required_optional_meta>
2026-10-06T23:46:24.8658556Z       <Coroutine test_fbs_marking_autopoll_batches_unique_ids_and_skips_partial_or_failed_batches>
2026-10-06T23:46:24.8659199Z       <Function test_wb_decision_sgtin_introduced_maps_to_accepted[sgtinIntroduced]>
2026-10-06T23:46:24.8659797Z       <Function test_wb_decision_sgtin_introduced_maps_to_accepted[sgtinintroduced]>
2026-10-06T23:46:24.8660394Z       <Function test_wb_decision_sgtin_introduced_maps_to_accepted[SGTININTRODUCED]>
2026-10-06T23:46:24.8660980Z       <Function test_wb_decision_sgtin_introduced_maps_to_accepted[sgtin_introduced]>
2026-10-06T23:46:24.8661577Z       <Function test_wb_decision_sgtin_introduced_maps_to_accepted[sgtin-introduced]>
2026-10-06T23:46:24.8662165Z       <Function test_wb_decision_sgtin_introduced_maps_to_accepted[sgtin introduced]>
2026-10-06T23:46:24.8662774Z       <Function test_wb_decision_sgtin_introduced_maps_to_accepted[  sgtinIntroduced  ]>
2026-10-06T23:46:24.8663364Z       <Function test_wb_decision_mapping_stays_fail_closed[rejected-rejected]>
2026-10-06T23:46:24.8664066Z       <Function test_wb_decision_mapping_stays_fail_closed[invalid-rejected]>
2026-10-06T23:46:24.8664712Z       <Function test_wb_decision_mapping_stays_fail_closed[replacementRequired-replacement_required]>
2026-10-06T23:46:24.8665645Z       <Function test_wb_decision_mapping_stays_fail_closed[pending-pending]>
2026-10-06T23:46:24.8666182Z       <Function test_wb_decision_mapping_stays_fail_closed[required-None]>
2026-10-06T23:46:24.8666780Z       <Function test_wb_decision_mapping_stays_fail_closed[sgtinIntroduce-None]>
2026-10-06T23:46:24.8667349Z       <Function test_wb_decision_mapping_stays_fail_closed[sgtinRejected-None]>
2026-10-06T23:46:24.8667927Z       <Function test_wb_decision_mapping_stays_fail_closed[sgtin-None]>
2026-10-06T23:46:24.8668457Z       <Function test_wb_decision_mapping_stays_fail_closed[introduced-None]>
2026-10-06T23:46:24.8669003Z       <Function test_wb_decision_mapping_stays_fail_closed[-None]>
2026-10-06T23:46:24.8669489Z       <Function test_wb_decision_mapping_stays_fail_closed[None-None]>
2026-10-06T23:46:24.8670731Z       <Function test_same_marking_value_ignores_only_separators[0104630710098651215VaAOh'u!tRFR91EE1292/p5ES3Y984dx9CHANLa3oqpTJkYWL0iMcO/2z6i0be4=-0104630710098651215VaAOh'u!tRFR\x1d91EE12\x1d92/p5ES3Y984dx9CHANLa3oqpTJkYWL0iMcO/2z6i0be4=-True]>
2026-10-06T23:46:24.8672530Z       <Function test_same_marking_value_ignores_only_separators[0104630710098651215VaAOh'u!tRFR\x1d91EE12\x1d92/p5ES3Y984dx9CHANLa3oqpTJkYWL0iMcO/2z6i0be4=-0104630710098651215VaAOh'u!tRFR91EE1292/p5ES3Y984dx9CHANLa3oqpTJkYWL0iMcO/2z6i0be4=-True]>
2026-10-06T23:46:24.8674342Z       <Function test_same_marking_value_ignores_only_separators[0104630710098651215VaAOh'u!tRFR\x1d91EE12\x1d92/p5ES3Y984dx9CHANLa3oqpTJkYWL0iMcO/2z6i0be4=-0104630710098651215VaAOh'u!tRFR\x1d91EE12\x1d92/p5ES3Y984dx9CHANLa3oqpTJkYWL0iMcO/2z6i0be4=-True]>
2026-10-06T23:46:24.8676300Z       <Function test_same_marking_value_ignores_only_separators[0104630710098651215VaAOh'u!tRFR91EE1292/p5ES3Y984dx9CHANLa3oqpTJkYWL0iMcO/2z6i0be4=-0104630710098651215VaAOh'u!tRFR91EE1292/p5ES3Y984dx9CHANLa3oqpTJkYWL0iMcO/2z6i0be4=-True]>
2026-10-06T23:46:24.8678066Z       <Function test_same_marking_value_ignores_only_separators[0104630710098651215VaAOh'u!tRFR91EE1292/p5ES3Y984dx9CHANLa3oqpTJkYWL0iMcO/2z6i0be4=-0104630710098651215VaAOh'u!tRFX\x1d91EE12\x1d92/p5ES3Y984dx9CHANLa3oqpTJkYWL0iMcO/2z6i0be4=-False]>
2026-10-06T23:46:24.8679922Z       <Function test_same_marking_value_ignores_only_separators[0104630710098651215VaAOh'u!tRFR\x1d91EE12\x1d92/p5ES3Y984dx9CHANLa3oqpTJkYWL0iMcO/2z6i0be4=-0104630710098651215VaAOh'u!tRFX\x1d91EE12\x1d92/p5ES3Y984dx9CHANLa3oqpTJkYWL0iMcO/2z6i0be4=-False]>
2026-10-06T23:46:24.8681886Z       <Function test_same_marking_value_ignores_only_separators[0104630710098651215VaAOh'u!tRFR91EE1292/p5ES3Y984dx9CHANLa3oqpTJkYWL0iMcO/2z6i0be4=-0104630710098651215VaAOh'u!tRFR\x1d91EE12\x1d92/p5ES3Y984dx9CHANLa3oqpTJkYWL0iMcO/2z6i0be4-False]>
2026-10-06T23:46:24.8683037Z       <Function test_same_marking_value_ignores_only_separators[None-None-True]>
2026-10-06T23:46:24.8683964Z       <Function test_same_marking_value_ignores_only_separators[None-0104630710098651215VaAOh'u!tRFR\x1d91EE12\x1d92/p5ES3Y984dx9CHANLa3oqpTJkYWL0iMcO/2z6i0be4=-False]>
2026-10-06T23:46:24.8685315Z       <Function test_same_marking_value_ignores_only_separators[0104630710098651215VaAOh'u!tRFR\x1d91EE12\x1d92/p5ES3Y984dx9CHANLa3oqpTJkYWL0iMcO/2z6i0be4=-None-False]>
2026-10-06T23:46:24.8686165Z       <Function test_same_marking_value_ignores_only_separators[--True]>
2026-10-06T23:46:24.8686692Z       <Function test_delivery_gate_accepts_glued_local_code_confirmed_by_wb>
2026-10-06T23:46:24.8687243Z       <Function test_delivery_gate_still_blocks_a_genuinely_different_code>
2026-10-06T23:46:24.8688204Z       <Function test_delivery_gate_blocks_bad_wb_answers[rejected-rejected-None-WB \u043d\u0435 \u043f\u0440\u0438\u043d\u044f\u043b \u043c\u0430\u0440\u043a\u0438\u0440\u043e\u0432\u043a\u0443.]>
2026-10-06T23:46:24.8689531Z       <Function test_delivery_gate_blocks_bad_wb_answers[invalid-rejected-None-WB \u043d\u0435 \u043f\u0440\u0438\u043d\u044f\u043b \u043c\u0430\u0440\u043a\u0438\u0440\u043e\u0432\u043a\u0443.]>
2026-10-06T23:46:24.8691092Z       <Function test_delivery_gate_blocks_bad_wb_answers[sgtinIntroduced-accepted-sgtinNoGS-WB \u043d\u0435 \u043f\u0440\u0438\u043d\u044f\u043b \u043c\u0430\u0440\u043a\u0438\u0440\u043e\u0432\u043a\u0443: sgtinNoGS]>
2026-10-06T23:46:24.8692622Z       <Function test_delivery_gate_blocks_bad_wb_answers[required-pending-None-WB \u0435\u0449\u0451 \u043d\u0435 \u043f\u043e\u0434\u0442\u0432\u0435\u0440\u0434\u0438\u043b \u043c\u0430\u0440\u043a\u0438\u0440\u043e\u0432\u043a\u0443.]>
2026-10-06T23:46:24.8694271Z       <Function test_delivery_gate_blocks_bad_wb_answers[pending-pending-None-WB \u0435\u0449\u0451 \u043d\u0435 \u043f\u043e\u0434\u0442\u0432\u0435\u0440\u0434\u0438\u043b \u043c\u0430\u0440\u043a\u0438\u0440\u043e\u0432\u043a\u0443.]>
2026-10-06T23:46:24.8695954Z       <Function test_delivery_gate_blocks_bad_wb_answers[None-pending-None-WB \u0435\u0449\u0451 \u043d\u0435 \u043f\u043e\u0434\u0442\u0432\u0435\u0440\u0434\u0438\u043b \u043c\u0430\u0440\u043a\u0438\u0440\u043e\u0432\u043a\u0443.]>
2026-10-06T23:46:24.8697507Z       <Function test_delivery_gate_blocks_bad_wb_answers[somethingNew-unknown-None-WB \u0435\u0449\u0451 \u043d\u0435 \u043f\u043e\u0434\u0442\u0432\u0435\u0440\u0434\u0438\u043b \u043c\u0430\u0440\u043a\u0438\u0440\u043e\u0432\u043a\u0443.]>
2026-10-06T23:46:24.8698582Z       <Coroutine test_fbs_marking_sync_does_not_flag_replacement_for_separator_only_diff>
2026-10-06T23:46:24.8699193Z       <Coroutine test_fbs_marking_sync_still_flags_replacement_for_a_different_code>
2026-10-06T23:46:24.8699843Z       <Function test_wb_sgtin_verdicts_are_split_into_ship_and_refuse[sgtinIntroduced-accepted]>
2026-10-06T23:46:24.8700514Z       <Function test_wb_sgtin_verdicts_are_split_into_ship_and_refuse[sgtinSoldB2B-accepted]>
2026-10-06T23:46:24.8701192Z       <Function test_wb_sgtin_verdicts_are_split_into_ship_and_refuse[deadlineExceeded-accepted]>
2026-10-06T23:46:24.8701862Z       <Function test_wb_sgtin_verdicts_are_split_into_ship_and_refuse[sgtinApplied-rejected]>
2026-10-06T23:46:24.8702553Z       <Function test_wb_sgtin_verdicts_are_split_into_ship_and_refuse[sgtinAppliedNotPaid-rejected]>
2026-10-06T23:46:24.8703233Z       <Function test_wb_sgtin_verdicts_are_split_into_ship_and_refuse[sgtinEmitted-rejected]>
2026-10-06T23:46:24.8703907Z       <Function test_wb_sgtin_verdicts_are_split_into_ship_and_refuse[sgtinWrittenOff-rejected]>
2026-10-06T23:46:24.8704579Z       <Function test_wb_sgtin_verdicts_are_split_into_ship_and_refuse[sgtinWithdrawn-rejected]>
2026-10-06T23:46:24.8705686Z       <Function test_wb_sgtin_verdicts_are_split_into_ship_and_refuse[sgtinNotFound-rejected]>
2026-10-06T23:46:24.8706378Z       <Function test_wb_sgtin_verdicts_are_split_into_ship_and_refuse[sgtinNoGS-rejected]>
2026-10-06T23:46:24.8707075Z       <Function test_wb_sgtin_verdicts_are_split_into_ship_and_refuse[sgtinInvalidFormat-rejected]>
2026-10-06T23:46:24.8707830Z       <Function test_wb_sgtin_verdicts_are_split_into_ship_and_refuse[sgtinHasNonLatinSymbols-rejected]>
2026-10-06T23:46:24.8708496Z       <Function test_refusing_verdicts_never_open_the_delivery_gate[sgtinApplied]>
2026-10-06T23:46:24.8709116Z       <Function test_refusing_verdicts_never_open_the_delivery_gate[sgtinAppliedNotPaid]>
2026-10-06T23:46:24.8709724Z       <Function test_refusing_verdicts_never_open_the_delivery_gate[sgtinEmitted]>
2026-10-06T23:46:24.8710315Z       <Function test_refusing_verdicts_never_open_the_delivery_gate[sgtinNotFound]>
2026-10-06T23:46:24.8710895Z       <Function test_refusing_verdicts_never_open_the_delivery_gate[sgtinNoGS]>
2026-10-06T23:46:24.8711480Z       <Function test_refusing_verdicts_never_open_the_delivery_gate[sgtinWrittenOff]>
2026-10-06T23:46:24.8712094Z       <Function test_refusing_verdicts_never_open_the_delivery_gate[sgtinInvalidFormat]>
2026-10-06T23:46:24.8713085Z       <Function test_refusing_verdicts_tell_the_operator_what_actually_happened[sgtinApplied-\u043d\u0435 \u0432\u0432\u0435\u0434\u0451\u043d \u0432 \u043e\u0431\u043e\u0440\u043e\u0442]>
2026-10-06T23:46:24.8714410Z       <Function test_refusing_verdicts_tell_the_operator_what_actually_happened[sgtinAppliedNotPaid-\u043d\u0435 \u043e\u043f\u043b\u0430\u0447\u0435\u043d]>
2026-10-06T23:46:24.8715668Z       <Function test_refusing_verdicts_tell_the_operator_what_actually_happened[sgtinNoGS-\u0440\u0430\u0437\u0434\u0435\u043b\u0438\u0442\u0435\u043b]>
2026-10-06T23:46:24.8716892Z       <Function test_refusing_verdicts_tell_the_operator_what_actually_happened[sgtinNotFound-\u043d\u0435 \u0437\u043d\u0430\u0435\u0442 \u0442\u0430\u043a\u043e\u0433\u043e \u043a\u043e\u0434\u0430]>
2026-10-06T23:46:24.8718233Z       <Function test_refusing_verdicts_tell_the_operator_what_actually_happened[sgtinWrittenOff-\u0432\u044b\u0432\u0435\u0434\u0435\u043d \u0438\u0437 \u043e\u0431\u043e\u0440\u043e\u0442\u0430]>
2026-10-06T23:46:24.8719108Z       <Function test_unknown_sgtin_verdict_still_blocks_delivery>
2026-10-06T23:46:24.8719611Z       <Function test_decision_key_normalization_is_separator_insensitive>
2026-10-06T23:46:24.8720071Z     <Module test_fbs_marking_presentation.py>
2026-10-06T23:46:24.8720608Z       <Coroutine test_wb_verdict_is_saved_and_reread_in_workspace[accepted-None-accepted-False]>
2026-10-06T23:46:24.8721302Z       <Coroutine test_wb_verdict_is_saved_and_reread_in_workspace[accepted-None-accepted-True]>
2026-10-06T23:46:24.8721983Z       <Coroutine test_wb_verdict_is_saved_and_reread_in_workspace[pending-None-pending-False]>
2026-10-06T23:46:24.8722657Z       <Coroutine test_wb_verdict_is_saved_and_reread_in_workspace[pending-None-pending-True]>
2026-10-06T23:46:24.8723347Z       <Coroutine test_wb_verdict_is_saved_and_reread_in_workspace[sgtinApplied-None-rejected-False]>
2026-10-06T23:46:24.8724062Z       <Coroutine test_wb_verdict_is_saved_and_reread_in_workspace[sgtinApplied-None-rejected-True]>
2026-10-06T23:46:24.8725410Z       <Coroutine test_wb_verdict_is_saved_and_reread_in_workspace[invalid-\u041a\u043e\u0434 \u043f\u0440\u0438\u043d\u0430\u0434\u043b\u0435\u0436\u0438\u0442 \u0434\u0440\u0443\u0433\u043e\u043c\u0443 \u0442\u043e\u0432\u0430\u0440\u0443-rejected-False]>
2026-10-06T23:46:24.8727061Z       <Coroutine test_wb_verdict_is_saved_and_reread_in_workspace[invalid-\u041a\u043e\u0434 \u043f\u0440\u0438\u043d\u0430\u0434\u043b\u0435\u0436\u0438\u0442 \u0434\u0440\u0443\u0433\u043e\u043c\u0443 \u0442\u043e\u0432\u0430\u0440\u0443-rejected-True]>
2026-10-06T23:46:24.8728788Z       <Coroutine test_wb_verdict_is_saved_and_reread_in_workspace[replacementRequired-\u041d\u0443\u0436\u043d\u043e \u0437\u0430\u043c\u0435\u043d\u0438\u0442\u044c \u043a\u043e\u0434-replacement_required-False]>
2026-10-06T23:46:24.8730237Z       <Coroutine test_wb_verdict_is_saved_and_reread_in_workspace[replacementRequired-\u041d\u0443\u0436\u043d\u043e \u0437\u0430\u043c\u0435\u043d\u0438\u0442\u044c \u043a\u043e\u0434-replacement_required-True]>
2026-10-06T23:46:24.8731285Z       <Coroutine test_wb_verdict_is_saved_and_reread_in_workspace[somethingNew-None-unknown-False]>
2026-10-06T23:46:24.8731995Z       <Coroutine test_wb_verdict_is_saved_and_reread_in_workspace[somethingNew-None-unknown-True]>
2026-10-06T23:46:24.8732602Z       <Coroutine test_put_refusal_exposes_only_this_orders_saved_decision>
2026-10-06T23:46:24.8733029Z     <Module test_fbs_marking_state_id.py>
2026-10-06T23:46:24.8733425Z       <Function test_marking_state_id_survives_serialization>
2026-10-06T23:46:24.8733838Z       <Function test_missing_marking_state_has_no_id>
2026-10-06T23:46:24.8734296Z       <Coroutine test_worklist_and_workspace_return_operator_marking_id>
2026-10-06T23:46:24.8734739Z     <Module test_fbs_meta_requirements_import.py>
2026-10-06T23:46:24.8735461Z       <Function test_requirement_snapshot_distinguishes_absent_from_empty[row0-required0-optional0]>
2026-10-06T23:46:24.8736189Z       <Function test_requirement_snapshot_distinguishes_absent_from_empty[row1-required1-optional1]>
2026-10-06T23:46:24.8737044Z       <Function test_requirement_snapshot_distinguishes_absent_from_empty[row2-required2-optional2]>
2026-10-06T23:46:24.8737759Z       <Function test_requirement_snapshot_distinguishes_absent_from_empty[row3-required3-optional3]>
2026-10-06T23:46:24.8738481Z       <Function test_requirement_snapshot_distinguishes_absent_from_empty[row4-required4-optional4]>
2026-10-06T23:46:24.8739192Z       <Function test_requirement_snapshot_distinguishes_absent_from_empty[row5-required5-optional5]>
2026-10-06T23:46:24.8739889Z       <Coroutine test_wb_import_persists_requirements_then_preserves_omitted_and_clears_empty>
2026-10-06T23:46:24.8740398Z     <Module test_fbs_openapi_contract.py>
2026-10-06T23:46:24.8740819Z       <Function test_fbs_openapi_generation_includes_contract_paths>
2026-10-06T23:46:24.8741268Z       <Function test_removed_fbs_marking_paths_are_absent>
2026-10-06T23:46:24.8741734Z       <Function test_deprecated_print_compatibility_marked_in_openapi>
2026-10-06T23:46:24.8742225Z       <Function test_exported_fbs_openapi_file_matches_live_schema>
2026-10-06T23:46:24.8742626Z     <Module test_fbs_operation_actor.py>
2026-10-06T23:46:24.8743007Z       <Coroutine test_actor_recorded_for_supply_from_orders>
2026-10-06T23:46:24.8743463Z       <Coroutine test_actor_recorded_for_deliver>
2026-10-06T23:46:24.8743887Z       <Coroutine test_background_operation_has_no_actor>
2026-10-06T23:46:24.8744330Z       <Function test_migration_0104_adds_created_by_user_id_column>
2026-10-06T23:46:24.8744771Z     <Module test_fbs_operator_flow_handoff.py>
2026-10-06T23:46:24.8745365Z       <Function test_handoff_md_present_with_required_sections>
2026-10-06T23:46:24.8745977Z       <Function test_handoff_openapi_and_error_catalog_artifacts>
2026-10-06T23:46:24.8746427Z       <Function test_emulator_tokens_three_sellers>
2026-10-06T23:46:24.8746834Z       <Coroutine test_tc01_three_sellers_wms_seed_isolated>
2026-10-06T23:46:24.8747263Z       <Coroutine test_tc23_emulator_admin_seed_orders_visible>
2026-10-06T23:46:24.8747740Z       <Coroutine test_full_flow_warehouse_sc_emulator>
2026-10-06T23:46:24.8748109Z       <Coroutine test_full_flow_pvz_emulator>
2026-10-06T23:46:24.8748518Z       <Coroutine test_emulator_409_from_orders_no_false_success>
2026-10-06T23:46:24.8749025Z       <Coroutine test_emulator_deliver_timeout_pending_confirmation>
2026-10-06T23:46:24.8749514Z       <Function test_tc_non_browser_coverage_map_complete>
2026-10-06T23:46:24.8749903Z     <Module test_fbs_operator_flow_migration.py>
2026-10-06T23:46:24.8750318Z       <Function test_migration_0069_upgrade_downgrade_upgrade>
2026-10-06T23:46:24.8750902Z     <Module test_fbs_operator_flow_models.py>
2026-10-06T23:46:24.8751334Z       <Coroutine test_fbs_order_operator_status_defaults>
2026-10-06T23:46:24.8751749Z       <Coroutine test_wb_operation_duplicate_idempotency>
2026-10-06T23:46:24.8752180Z       <Coroutine test_duplicate_active_pick_rejected>
2026-10-06T23:46:24.8752625Z       <Coroutine test_duplicate_active_fulfillment_rejected>
2026-10-06T23:46:24.8753042Z     <Module test_fbs_operator_permissions.py>
2026-10-06T23:46:24.8753530Z       <Coroutine test_packaging_staff_can_use_fbs_operator_routes_but_not_admin_setup>
2026-10-06T23:46:24.8754106Z       <Coroutine test_staff_without_packaging_permission_cannot_open_fbs>
2026-10-06T23:46:24.8754551Z     <Module test_fbs_order_charge_savepoint.py>
2026-10-06T23:46:24.8755156Z       <Coroutine test_charge_failure_keeps_outer_transaction_alive>
2026-10-06T23:46:24.8755587Z     <Module test_fbs_order_tape_concurrency.py>
2026-10-06T23:46:24.8756030Z       <Coroutine test_postgres_order_tape_reuses_binding_after_wait[1]>
2026-10-06T23:46:24.8756533Z       <Coroutine test_postgres_order_tape_reuses_binding_after_wait[2]>
2026-10-06T23:46:24.8757030Z       <Coroutine test_postgres_order_tape_reuses_binding_after_wait[4]>
2026-10-06T23:46:24.8757544Z       <Coroutine test_pack_all_then_first_order_tape_and_done_task_reprint>
2026-10-06T23:46:24.8758088Z       <Coroutine test_postgres_tape_with_concurrent_packing_or_kiz[pack_all]>
2026-10-06T23:46:24.8758760Z       <Coroutine test_postgres_tape_with_concurrent_packing_or_kiz[scan]>
2026-10-06T23:46:24.8759284Z       <Coroutine test_postgres_tape_with_concurrent_packing_or_kiz[unbind]>
2026-10-06T23:46:24.8759837Z       <Coroutine test_postgres_unbind_then_waiting_tape_refreshes_deleted_binding>
2026-10-06T23:46:24.8760336Z     <Module test_fbs_order_tape_print_missing_codes.py>
2026-10-06T23:46:24.8774429Z       <Coroutine test_tape_allocates_only_missing_codes_and_preserves_existing_bindings[0-True]>
2026-10-06T23:46:24.8775497Z       <Coroutine test_tape_allocates_only_missing_codes_and_preserves_existing_bindings[1-True]>
2026-10-06T23:46:24.8776207Z       <Coroutine test_tape_allocates_only_missing_codes_and_preserves_existing_bindings[2-True]>
2026-10-06T23:46:24.8776901Z       <Coroutine test_tape_allocates_only_missing_codes_and_preserves_existing_bindings[1-False]>
2026-10-06T23:46:24.8777554Z       <Coroutine test_reprint_without_code_or_requirement_still_has_nothing_to_reprint>
2026-10-06T23:46:24.8778138Z       <Coroutine test_skipped_tape_without_codes_does_not_allocate[False]>
2026-10-06T23:46:24.8778663Z       <Coroutine test_skipped_tape_without_codes_does_not_allocate[True]>
2026-10-06T23:46:24.8779100Z     <Module test_fbs_order_tape_qr_only.py>
2026-10-06T23:46:24.8779594Z       <Coroutine test_qr_only_tape_does_not_allocate_or_print_honest_sign[layout0-True]>
2026-10-06T23:46:24.8780214Z       <Coroutine test_qr_only_tape_does_not_allocate_or_print_honest_sign[layout1-False]>
2026-10-06T23:46:24.8780740Z       <Coroutine test_empty_tape_without_order_qr_is_rejected>
2026-10-06T23:46:24.8781266Z       <Coroutine test_delivered_wb_reuses_saved_code_without_packaging_task[pool]>
2026-10-06T23:46:24.8781873Z       <Coroutine test_delivered_wb_reuses_saved_code_without_packaging_task[operator]>
2026-10-06T23:46:24.8782490Z       <Coroutine test_delivered_wb_reuses_saved_code_without_packaging_task[missing]>
2026-10-06T23:46:24.8783068Z       <Coroutine test_ozon_inline_reprint_selects_only_clicked_operator_kiz>
2026-10-06T23:46:24.8783513Z     <Module test_fbs_orders_intake.py>
2026-10-06T23:46:24.8783908Z       <Coroutine test_fbs_order_upsert_idempotent_and_deadline>
2026-10-06T23:46:24.8784398Z       <Coroutine test_frequent_intake_skips_full_history_and_status_calls>
2026-10-06T23:46:24.8785132Z       <Coroutine test_fbs_order_product_mapping_success_and_missing>
2026-10-06T23:46:24.8785754Z       <Coroutine test_fbs_order_product_mapping_prefers_chrt_id_over_shared_nm_id>
2026-10-06T23:46:24.8786242Z       <Coroutine test_fbs_order_reserve_and_no_stock>
2026-10-06T23:46:24.8786891Z       <Coroutine test_fbs_order_without_publication_still_reserves>
2026-10-06T23:46:24.8787489Z       <Coroutine test_fbs_order_status_sync_supplier_confirm_moves_new_to_external_processing>
2026-10-06T23:46:24.8788066Z       <Coroutine test_fbs_order_status_sync_links_external_wb_supply>
2026-10-06T23:46:24.8788545Z       <Coroutine test_fbs_external_wb_supply_link_is_idempotent>
2026-10-06T23:46:24.8789079Z       <Coroutine test_fbs_external_wb_supply_link_skips_wb_calls_without_candidates>
2026-10-06T23:46:24.8789642Z       <Coroutine test_fbs_external_wb_supply_link_soft_fails_on_local_error>
2026-10-06T23:46:24.8790235Z       <Coroutine test_fbs_external_wb_supply_link_skips_unserved_then_imports_after_binding>
2026-10-06T23:46:24.8790815Z       <Coroutine test_fbs_order_status_sync_releases_reserve_on_cancel>
2026-10-06T23:46:24.8791280Z       <Coroutine test_fbs_sync_job_fails_on_wb_client_error>
2026-10-06T23:46:24.8791746Z       <Coroutine test_fbs_sync_keeps_new_orders_when_page_fetch_fails>
2026-10-06T23:46:24.8792301Z       <Coroutine test_fbs_history_page_updates_pickup_point_allowed_for_existing_order>
2026-10-06T23:46:24.8792863Z       <Coroutine test_fbs_sync_keeps_new_orders_when_status_fetch_fails>
2026-10-06T23:46:24.8793318Z       <Coroutine test_fbs_sync_missing_marketplace_token>
2026-10-06T23:46:24.8793768Z       <Coroutine test_fbs_cancelled_order_not_re_reserved_on_upsert>
2026-10-06T23:46:24.8794333Z       <Coroutine test_fbs_sync_ignores_body_warehouse_id>
2026-10-06T23:46:24.8794761Z       <Coroutine test_fbs_orders_bind_to_correct_wms_warehouse>
2026-10-06T23:46:24.8795398Z       <Coroutine test_fbs_orders_skip_unserved_wb_warehouses>
2026-10-06T23:46:24.8795934Z       <Coroutine test_fbs_legacy_technical_binding_repairs_to_sole_operational_warehouse>
2026-10-06T23:46:24.8796550Z       <Coroutine test_fbs_legacy_binding_with_assigned_order_is_not_repaired_or_moved>
2026-10-06T23:46:24.8797150Z       <Coroutine test_fbs_inactive_explicit_binding_is_not_revived_by_auto_binding>
2026-10-06T23:46:24.8797711Z       <Coroutine test_fbs_normal_explicit_operational_binding_is_untouched>
2026-10-06T23:46:24.8798284Z       <Coroutine test_fbs_existing_order_warehouse_is_not_moved_by_later_binding_change>
2026-10-06T23:46:24.8798811Z       <Coroutine test_fbs_order_unknown_wb_warehouse_is_skipped>
2026-10-06T23:46:24.8799328Z       <Coroutine test_fbs_order_is_skipped_without_served_operational_warehouse>
2026-10-06T23:46:24.8799840Z       <Coroutine test_fbs_order_without_local_stock_is_selectable>
2026-10-06T23:46:24.8800323Z       <Coroutine test_fbs_sole_warehouse_does_not_import_unserved_order>
2026-10-06T23:46:24.8800820Z       <Coroutine test_fbs_order_status_sync_releases_reserve_on_defect>
2026-10-06T23:46:24.8801318Z       <Coroutine test_fbs_order_reservation_conflict_keeps_warehouse>
2026-10-06T23:46:24.8801807Z       <Coroutine test_fbs_order_wb_warehouse_remap_conflict_on_resync>
2026-10-06T23:46:24.8802296Z       <Coroutine test_fbs_order_intake_does_not_touch_operator_number>
2026-10-06T23:46:24.8802698Z     <Module test_fbs_ozon_lane.py>
2026-10-06T23:46:24.8803100Z       <Coroutine test_supply_preflight_rejects_mixed_marketplaces>
2026-10-06T23:46:24.8803631Z       <Coroutine test_order_label_dispatch_uses_only_selected_marketplace_adapter>
2026-10-06T23:46:24.8804163Z       <Coroutine test_ozon_pdf_label_is_stored_and_served_as_a_pdf>
2026-10-06T23:46:24.8804742Z       <Coroutine test_ozon_label_before_handoff_explains_itself_instead_of_failing_blankly>
2026-10-06T23:46:24.8805465Z       <Coroutine test_order_label_fake_preserves_human_ozon_403_code7>
2026-10-06T23:46:24.8805950Z       <Coroutine test_manual_sync_fake_returns_human_ozon_403_code7>
2026-10-06T23:46:24.8806493Z       <Coroutine test_ozon_autopoll_positive_fake_upserts_shared_order_and_status>
2026-10-06T23:46:24.8807112Z       <Coroutine test_ozon_stock_dispatch_uses_binding_pool_with_fake_transport[True-True-2]>
2026-10-06T23:46:24.8807919Z       <Coroutine test_ozon_stock_dispatch_uses_binding_pool_with_fake_transport[True-False-0]>
2026-10-06T23:46:24.8808608Z       <Coroutine test_ozon_stock_dispatch_uses_binding_pool_with_fake_transport[False-True-10]>
2026-10-06T23:46:24.8809253Z       <Coroutine test_ozon_partial_stock_confirmation_counts_only_what_ozon_confirmed>
2026-10-06T23:46:24.8809959Z       <Coroutine test_ozon_publish_respects_configured_products_and_all_binding_flags[True-True-True-True-1]>
2026-10-06T23:46:24.8810762Z       <Coroutine test_ozon_publish_respects_configured_products_and_all_binding_flags[True-True-True-False-0]>
2026-10-06T23:46:24.8811543Z       <Coroutine test_ozon_publish_respects_configured_products_and_all_binding_flags[False-True-True-True-0]>
2026-10-06T23:46:24.8812325Z       <Coroutine test_ozon_publish_respects_configured_products_and_all_binding_flags[True-False-True-True-1]>
2026-10-06T23:46:24.8813100Z       <Coroutine test_ozon_publish_respects_configured_products_and_all_binding_flags[True-True-False-True-0]>
2026-10-06T23:46:24.8813753Z       <Coroutine test_wb_and_ozon_may_publish_the_same_last_physical_unit>
2026-10-06T23:46:24.8814256Z       <Coroutine test_ozon_import_persists_single_product_position>
2026-10-06T23:46:24.8814739Z       <Coroutine test_ozon_import_persists_all_product_positions>
2026-10-06T23:46:24.8815449Z       <Coroutine test_ozon_repeat_sync_replaces_changed_quantity_and_rereserves>
2026-10-06T23:46:24.8816079Z       <Coroutine test_ozon_ship_keeps_quantity_above_one>
2026-10-06T23:46:24.8816587Z       <Coroutine test_ozon_multi_position_ship_keeps_complete_posting_composition>
2026-10-06T23:46:24.8817143Z       <Coroutine test_ozon_handoff_sets_required_product_country_before_ship>
2026-10-06T23:46:24.8817707Z       <Coroutine test_ozon_handoff_blocks_when_required_product_country_is_missing>
2026-10-06T23:46:24.8818279Z       <Coroutine test_ozon_handoff_blocks_when_posting_exceeds_the_drop_off_limits>
2026-10-06T23:46:24.8818848Z       <Coroutine test_ozon_handoff_passes_a_posting_that_fits_the_drop_off_limits>
2026-10-06T23:46:24.8819364Z       <Coroutine test_wb_order_keeps_legacy_single_product_shape>
2026-10-06T23:46:24.8819805Z       <Coroutine test_ozon_supply_creation_never_calls_wb>
2026-10-06T23:46:24.8820249Z       <Coroutine test_ozon_boxes_are_local_and_require_distribution>
2026-10-06T23:46:24.8820794Z       <Function test_without_distribution_stage_does_not_create_navigation_blockers>
2026-10-06T23:46:24.8821408Z       <Coroutine test_ozon_supply_handoff_ships_rechecks_and_creates_carriage_without_wb>
2026-10-06T23:46:24.8821983Z       <Coroutine test_ozon_live_handoff_never_falls_back_to_fake_success>
2026-10-06T23:46:24.8822520Z       <Coroutine test_ozon_ship_failed_readback_stays_visible_and_blocks_handoff>
2026-10-06T23:46:24.8823087Z       <Coroutine test_ozon_partial_handoff_is_journalled_and_the_retry_resumes>
2026-10-06T23:46:24.8823655Z       <Coroutine test_ozon_handoff_after_approved_carriage_does_not_approve_twice>
2026-10-06T23:46:24.8824259Z       <Coroutine test_ozon_status_sync_skips_finished_orders_and_polls_the_rest_in_turns>
2026-10-06T23:46:24.8824846Z       <Coroutine test_ozon_cancellation_is_journalled_before_the_local_part>
2026-10-06T23:46:24.8825691Z       <Coroutine test_ozon_cancellation_reason_comes_from_the_caller>
2026-10-06T23:46:24.8826190Z       <Coroutine test_ozon_marking_uses_exemplar_flow_and_preserves_gs>
2026-10-06T23:46:24.8826732Z       <Coroutine test_ozon_marking_targets_its_exact_multi_product_position>
2026-10-06T23:46:24.8827353Z       <Coroutine test_ozon_scanner_binds_every_required_code_without_wb_path[ship_available-False]>
2026-10-06T23:46:24.8828060Z       <Coroutine test_ozon_scanner_binds_every_required_code_without_wb_path[ship_available-True]>
2026-10-06T23:46:24.8828782Z       <Coroutine test_ozon_scanner_binds_every_required_code_without_wb_path[validation_in_process-False]>
2026-10-06T23:46:24.8829531Z       <Coroutine test_ozon_scanner_binds_every_required_code_without_wb_path[validation_in_process-True]>
2026-10-06T23:46:24.8830392Z       <Coroutine test_ozon_preflight_warns_about_required_marking_without_product_positions>
2026-10-06T23:46:24.8831026Z       <Coroutine test_ozon_gate_requires_each_kind_and_rejects_duplicate_exemplar>
2026-10-06T23:46:24.8831628Z       <Coroutine test_ozon_status_sync_updates_only_current_rows_and_preserves_exemplars>
2026-10-06T23:46:24.8832226Z       <Coroutine test_ozon_negative_sync_does_not_fall_back_to_accepted_history>
2026-10-06T23:46:24.8832769Z       <Coroutine test_ozon_marking_rejection_uses_existing_visible_status>
2026-10-06T23:46:24.8833264Z       <Coroutine test_wb_background_marking_ignores_ozon_orders>
2026-10-06T23:46:24.8833732Z       <Coroutine test_wb_background_tracking_ignores_ozon_supplies>
2026-10-06T23:46:24.8834270Z       <Coroutine test_ozon_labels_are_not_requested_while_the_live_transport_is_off>
2026-10-06T23:46:24.8834907Z       <Coroutine test_ozon_poll_uses_served_warehouse_independently_of_publication[True-True-1]>
2026-10-06T23:46:24.8835754Z       <Coroutine test_ozon_poll_uses_served_warehouse_independently_of_publication[False-True-1]>
2026-10-06T23:46:24.8836430Z       <Coroutine test_ozon_poll_uses_served_warehouse_independently_of_publication[True-False-0]>
2026-10-06T23:46:24.8837110Z       <Coroutine test_ozon_poll_uses_served_warehouse_independently_of_publication[False-False-0]>
2026-10-06T23:46:24.8837671Z       <Coroutine test_ozon_order_row_carries_its_delivery_route>
2026-10-06T23:46:24.8838277Z       <Coroutine test_ozon_order_route_falls_back_to_the_method_id>
2026-10-06T23:46:24.8838780Z       <Coroutine test_supply_creation_refuses_a_mixed_wb_and_ozon_selection>
2026-10-06T23:46:24.8839347Z       <Function test_existing_supply_never_accepts_an_order_of_another_marketplace>
2026-10-06T23:46:24.8840025Z       <Coroutine test_ozon_pending_after_worker_exit_resumes_without_repeating_approve[None-ozon-crashed]>
2026-10-06T23:46:24.8840788Z       <Coroutine test_ozon_pending_after_worker_exit_resumes_without_repeating_approve[None-ozon-fresh-key]>
2026-10-06T23:46:24.8841540Z       <Coroutine test_ozon_pending_after_worker_exit_resumes_without_repeating_approve[901-ozon-crashed]>
2026-10-06T23:46:24.8842284Z       <Coroutine test_ozon_pending_after_worker_exit_resumes_without_repeating_approve[901-ozon-fresh-key]>
2026-10-06T23:46:24.8842931Z       <Coroutine test_ozon_lost_create_response_never_creates_a_second_carriage>
2026-10-06T23:46:24.8843479Z       <Coroutine test_ozon_live_owner_blocks_retry_before_external_calls>
2026-10-06T23:46:24.8844026Z       <Coroutine test_ozon_pack_is_only_fact_with_nonzero_reservation[line-unpacked]>
2026-10-06T23:46:24.8844657Z       <Coroutine test_ozon_pack_is_only_fact_with_nonzero_reservation[line-legacy-packed-only]>
2026-10-06T23:46:24.8845468Z       <Coroutine test_ozon_pack_is_only_fact_with_nonzero_reservation[all-unpacked]>
2026-10-06T23:46:24.8846091Z       <Coroutine test_ozon_pack_is_only_fact_with_nonzero_reservation[all-legacy-packed-only]>
2026-10-06T23:46:24.8846736Z       <Coroutine test_ozon_pack_is_only_fact_with_nonzero_reservation[confirm_shelf-unpacked]>
2026-10-06T23:46:24.8847439Z       <Coroutine test_ozon_pack_is_only_fact_with_nonzero_reservation[confirm_shelf-legacy-packed-only]>
2026-10-06T23:46:24.8847976Z     <Module test_fbs_ozon_picking_terminal.py>
2026-10-06T23:46:24.8848482Z       <Coroutine test_late_undo_cannot_return_other_sorting_stock_to_old_box[in_delivery]>
2026-10-06T23:46:24.8849090Z       <Coroutine test_late_undo_cannot_return_other_sorting_stock_to_old_box[done]>
2026-10-06T23:46:24.8849684Z       <Coroutine test_late_undo_cannot_return_other_sorting_stock_to_old_box[cancelled]>
2026-10-06T23:46:24.8850203Z       <Coroutine test_packed_ozon_undo_and_repick_still_work>
2026-10-06T23:46:24.8850761Z       <Coroutine test_delivery_checkpoint_protects_pick_mutations[pending-progress0-True]>
2026-10-06T23:46:24.8851470Z       <Coroutine test_delivery_checkpoint_protects_pick_mutations[pending_confirmation-progress1-True]>
2026-10-06T23:46:24.8852183Z       <Coroutine test_delivery_checkpoint_protects_pick_mutations[confirmed-progress2-True]>
2026-10-06T23:46:24.8852952Z       <Coroutine test_delivery_checkpoint_protects_pick_mutations[failed-progress3-True]>
2026-10-06T23:46:24.8853614Z       <Coroutine test_delivery_checkpoint_protects_pick_mutations[failed-progress4-True]>
2026-10-06T23:46:24.8854256Z       <Coroutine test_delivery_checkpoint_protects_pick_mutations[failed-progress5-True]>
2026-10-06T23:46:24.8854888Z       <Coroutine test_delivery_checkpoint_protects_pick_mutations[failed-progress6-True]>
2026-10-06T23:46:24.8855694Z       <Coroutine test_delivery_checkpoint_protects_pick_mutations[failed-progress7-False]>
2026-10-06T23:46:24.8856338Z       <Coroutine test_delivery_checkpoint_protects_pick_mutations[failed-progress8-False]>
2026-10-06T23:46:24.8856907Z       <Coroutine test_late_undo_waits_and_rereads_committed_delivery>
2026-10-06T23:46:24.8857429Z       <Coroutine test_finalization_relocks_supply_after_external_checkpoint>
2026-10-06T23:46:24.8858072Z       <Coroutine test_known_fallback_rejection_reopens_pick_but_uncertain_outcome_does_not[404-400]>
2026-10-06T23:46:24.8858774Z       <Coroutine test_known_fallback_rejection_reopens_pick_but_uncertain_outcome_does_not[404-401]>
2026-10-06T23:46:24.8859481Z       <Coroutine test_known_fallback_rejection_reopens_pick_but_uncertain_outcome_does_not[404-403]>
2026-10-06T23:46:24.8860169Z       <Coroutine test_known_fallback_rejection_reopens_pick_but_uncertain_outcome_does_not[404-422]>
2026-10-06T23:46:24.8861029Z       <Coroutine test_known_fallback_rejection_reopens_pick_but_uncertain_outcome_does_not[404-429]>
2026-10-06T23:46:24.8861719Z       <Coroutine test_known_fallback_rejection_reopens_pick_but_uncertain_outcome_does_not[404-503]>
2026-10-06T23:46:24.8862426Z       <Coroutine test_known_fallback_rejection_reopens_pick_but_uncertain_outcome_does_not[404-None]>
2026-10-06T23:46:24.8863137Z       <Coroutine test_known_fallback_rejection_reopens_pick_but_uncertain_outcome_does_not[409-400]>
2026-10-06T23:46:24.8863830Z       <Coroutine test_known_fallback_rejection_reopens_pick_but_uncertain_outcome_does_not[409-401]>
2026-10-06T23:46:24.8864527Z       <Coroutine test_known_fallback_rejection_reopens_pick_but_uncertain_outcome_does_not[409-403]>
2026-10-06T23:46:24.8865525Z       <Coroutine test_known_fallback_rejection_reopens_pick_but_uncertain_outcome_does_not[409-422]>
2026-10-06T23:46:24.8866239Z       <Coroutine test_known_fallback_rejection_reopens_pick_but_uncertain_outcome_does_not[409-429]>
2026-10-06T23:46:24.8866941Z       <Coroutine test_known_fallback_rejection_reopens_pick_but_uncertain_outcome_does_not[409-503]>
2026-10-06T23:46:24.8867645Z       <Coroutine test_known_fallback_rejection_reopens_pick_but_uncertain_outcome_does_not[409-None]>
2026-10-06T23:46:24.8868189Z     <Module test_fbs_packaging_eligibility_unit.py>
2026-10-06T23:46:24.8868643Z       <Coroutine test_eligible_orders_loads_active_picks_in_one_query>
2026-10-06T23:46:24.8868801Z     <Module test_fbs_packaging_fulfillment.py>
2026-10-06T23:46:24.8869034Z       <Coroutine test_fbs_pack_fact_keeps_stock_unpacked_until_delivery>
2026-10-06T23:46:24.8869214Z       <Coroutine test_fbs_pack_and_complete_without_pick>
2026-10-06T23:46:24.8869480Z       <Coroutine test_fbs_pack_all_completes_without_marking_or_stock_conversion>
2026-10-06T23:46:24.8869737Z       <Coroutine test_fbs_pack_all_honest_sign_skip_completes_without_promotion>
2026-10-06T23:46:24.8870072Z       <Coroutine test_fbs_pack_all_insufficient_stock_completes_without_cross_warehouse_write_off>
2026-10-06T23:46:24.8870311Z       <Coroutine test_fbs_pack_all_completes_atomically_and_is_idempotent>
2026-10-06T23:46:24.8870517Z       <Coroutine test_fbs_pack_same_sku_two_orders_third_rejected>
2026-10-06T23:46:24.8870772Z       <Coroutine test_fbs_pack_succeeds_when_line_balance_already_marked_packed>
2026-10-06T23:46:24.8871012Z       <Coroutine test_fbs_pack_continues_when_location_has_no_stock_at_all>
2026-10-06T23:46:24.8871269Z       <Coroutine test_ozon_multi_product_packaging_requires_all_posting_units>
2026-10-06T23:46:24.8871578Z     <Module test_fbs_packaging_integration.py>
2026-10-06T23:46:24.8871787Z       <Coroutine test_fbs_packaging_task_created_on_assembling>
2026-10-06T23:46:24.8871954Z       <Coroutine test_fbs_bind_packaging_box_to_trbx>
2026-10-06T23:46:24.8872203Z       <Coroutine test_fbs_bind_packaging_box_rejects_foreign_tenant_warehouse>
2026-10-06T23:46:24.8872465Z       <Coroutine test_fbs_packaging_complete_does_not_convert_or_promote_supply>
2026-10-06T23:46:24.8872681Z       <Coroutine test_fbs_supply_deliver_allowed_without_packaging>
2026-10-06T23:46:24.8872895Z       <Coroutine test_fbs_warehouse_sc_supply_gets_packaging_task>
2026-10-06T23:46:24.8873098Z       <Coroutine test_fbs_packaging_task_skips_unmapped_product>
2026-10-06T23:46:24.8873331Z       <Coroutine test_fbs_supply_legacy_add_order_allowed_after_packing>
2026-10-06T23:46:24.8873535Z       <Coroutine test_fbs_supply_manual_packed_status_rejected>
2026-10-06T23:46:24.8873751Z       <Coroutine test_fbs_marking_update_does_not_promote_wb_supply>
2026-10-06T23:46:24.8874016Z       <Coroutine test_fbs_packaging_keeps_physical_stock_reserved_until_delivery>
2026-10-06T23:46:24.8874217Z       <Coroutine test_fbs_packing_without_stock_in_line_location>
2026-10-06T23:46:24.8874469Z       <Coroutine test_fbs_packing_does_not_convert_stock_from_other_warehouse>
2026-10-06T23:46:24.8874744Z       <Coroutine test_fbs_packaging_task_completes_without_stock_or_supply_promotion>
2026-10-06T23:46:24.8875287Z       <Coroutine test_tape_covers_every_order_and_matches_picking_list>
2026-10-06T23:46:24.8875427Z     <Module test_fbs_packing_box.py>
2026-10-06T23:46:24.8875681Z       <Coroutine test_warehouse_boxes_get_cargo_places_and_orders_are_exclusive>
2026-10-06T23:46:24.8875899Z       <Coroutine test_wb_box_readiness_never_depends_on_pack_status>
2026-10-06T23:46:24.8876159Z       <Coroutine test_box_creation_key_is_idempotent_and_rejects_different_count>
2026-10-06T23:46:24.8876477Z       <Coroutine test_box_creation_wb_rejection_cleans_local_boxes_and_same_key_can_retry[404]>
2026-10-06T23:46:24.8876791Z       <Coroutine test_box_creation_wb_rejection_cleans_local_boxes_and_same_key_can_retry[409]>
2026-10-06T23:46:24.8877060Z       <Coroutine test_box_retry_after_409_reconciles_timeout_with_same_operator_key>
2026-10-06T23:46:24.8877316Z       <Coroutine test_without_distribution_boxes_do_not_accept_order_assignment>
2026-10-06T23:46:24.8877573Z       <Coroutine test_legacy_create_boxes_toggle_rejects_existing_assignment>
2026-10-06T23:46:24.8877838Z       <Coroutine test_legacy_without_distribution_marker_still_blocks_assignment>
2026-10-06T23:46:24.8878191Z       <Coroutine test_legacy_without_distribution_create_retry_returns_existing_box[no-distribution:]>
2026-10-06T23:46:24.8878534Z       <Coroutine test_legacy_without_distribution_create_retry_returns_existing_box[retired-no-dist:]>
2026-10-06T23:46:24.8878853Z       <Coroutine test_truncated_legacy_key_does_not_capture_distinct_long_key[no-distribution:]>
2026-10-06T23:46:24.8879173Z       <Coroutine test_truncated_legacy_key_does_not_capture_distinct_long_key[retired-no-dist:]>
2026-10-06T23:46:24.8879462Z       <Coroutine test_truncated_legacy_key_retry_returns_existing_box[no-distribution:]>
2026-10-06T23:46:24.8879751Z       <Coroutine test_truncated_legacy_key_retry_returns_existing_box[retired-no-dist:]>
2026-10-06T23:46:24.8880029Z       <Coroutine test_without_distribution_mode_depends_on_assignments_not_box_count>
2026-10-06T23:46:24.8880314Z       <Coroutine test_without_distribution_toggle_preserves_full_key_for_create_retry>
2026-10-06T23:46:24.8880594Z       <Coroutine test_without_distribution_keeps_distinct_max_length_idempotency_keys>
2026-10-06T23:46:24.8880910Z       <Coroutine test_boxes_without_distribution_api_persists_mode_across_empty_box_lifecycle>
2026-10-06T23:46:24.8881237Z       <Coroutine test_migration_moves_provable_legacy_marker_to_supply_before_empty_box_lifecycle>
2026-10-06T23:46:24.8881538Z       <Coroutine test_client_key_with_legacy_prefix_is_not_mode_marker_and_stays_idempotent>
2026-10-06T23:46:24.8882018Z       <Coroutine test_boxes_without_distribution_api_conflicts_when_order_is_assigned>
2026-10-06T23:46:24.8882301Z       <Function test_workspace_wb_distribution_does_not_publish_navigation_blockers>
2026-10-06T23:46:24.8882550Z       <Function test_workspace_opens_boxes_without_sticker_navigation_blocker>
2026-10-06T23:46:24.8882785Z       <Function test_workspace_active_wb_starts_with_optional_picking>
2026-10-06T23:46:24.8883057Z       <Function test_workspace_active_wb_stage_does_not_consult_packaging_progress>
2026-10-06T23:46:24.8883321Z       <Function test_workspace_completed_wb_assembling_never_returns_to_picking>
2026-10-06T23:46:24.8883538Z       <Function test_workspace_wb_never_exposes_navigation_blockers>
2026-10-06T23:46:24.8883793Z       <Function test_workspace_fresh_ozon_supply_starts_with_picking_not_boxes>
2026-10-06T23:46:24.8884023Z       <Function test_workspace_ozon_never_exposes_navigation_blockers>
2026-10-06T23:46:24.8884293Z       <Function test_workspace_completed_ozon_assembling_never_returns_to_picking>
2026-10-06T23:46:24.8884536Z       <Function test_workspace_without_distribution_skips_assignment_gate>
2026-10-06T23:46:24.8884690Z     <Module test_fbs_packing_selection.py>
2026-10-06T23:46:24.8885096Z       <Coroutine test_selected_tape_reuses_code_and_clear_never_changes_inventory>
2026-10-06T23:46:24.8885520Z       <Coroutine test_clear_after_pool_to_external_replacement_releases_marking_need>
2026-10-06T23:46:24.8885794Z       <Coroutine test_clear_rejected_pool_code_returns_available_and_keeps_history>
2026-10-06T23:46:24.8885936Z     <Module test_fbs_pick_barcode_hint.py>
2026-10-06T23:46:24.8886205Z       <Coroutine test_wrong_barcode_with_hint_has_no_writes[5594804821589-pick_scan]>
2026-10-06T23:46:24.8886508Z       <Coroutine test_wrong_barcode_with_hint_has_no_writes[5594804821589-scan_pick_product]>
2026-10-06T23:46:24.8886755Z       <Coroutine test_wrong_barcode_with_hint_has_no_writes[UNKNOWN-pick_scan]>
2026-10-06T23:46:24.8887039Z       <Coroutine test_wrong_barcode_with_hint_has_no_writes[UNKNOWN-scan_pick_product]>
2026-10-06T23:46:24.8887280Z       <Coroutine test_wrong_barcode_with_hint_has_no_writes[722-pick_scan]>
2026-10-06T23:46:24.8887545Z       <Coroutine test_wrong_barcode_with_hint_has_no_writes[722-scan_pick_product]>
2026-10-06T23:46:24.8887790Z       <Coroutine test_wrong_barcode_with_hint_has_no_writes[   -pick_scan]>
2026-10-06T23:46:24.8888054Z       <Coroutine test_wrong_barcode_with_hint_has_no_writes[   -scan_pick_product]>
2026-10-06T23:46:24.8888291Z       <Coroutine test_valid_codes_and_replay[True-4119560418722-pick_scan]>
2026-10-06T23:46:24.8888551Z       <Coroutine test_valid_codes_and_replay[True-4119560418722-scan_pick_product]>
2026-10-06T23:46:24.8888773Z       <Coroutine test_valid_codes_and_replay[True-ALIAS-pick_scan]>
2026-10-06T23:46:24.8889010Z       <Coroutine test_valid_codes_and_replay[True-ALIAS-scan_pick_product]>
2026-10-06T23:46:24.8889369Z       <Coroutine test_valid_codes_and_replay[True-\u0424\u0410_\u041c\u041e\u0414274\u0430/001/42-pick_scan]>
2026-10-06T23:46:24.8889746Z       <Coroutine test_valid_codes_and_replay[True-\u0424\u0410_\u041c\u041e\u0414274\u0430/001/42-scan_pick_product]>
2026-10-06T23:46:24.8889987Z       <Coroutine test_valid_codes_and_replay[True-ORDER-CODE-pick_scan]>
2026-10-06T23:46:24.8890247Z       <Coroutine test_valid_codes_and_replay[True-ORDER-CODE-scan_pick_product]>
2026-10-06T23:46:24.8890489Z       <Coroutine test_valid_codes_and_replay[False-4119560418722-pick_scan]>
2026-10-06T23:46:24.8890752Z       <Coroutine test_valid_codes_and_replay[False-4119560418722-scan_pick_product]>
2026-10-06T23:46:24.8890963Z       <Coroutine test_valid_codes_and_replay[False-ALIAS-pick_scan]>
2026-10-06T23:46:24.8891205Z       <Coroutine test_valid_codes_and_replay[False-ALIAS-scan_pick_product]>
2026-10-06T23:46:24.8891559Z       <Coroutine test_valid_codes_and_replay[False-\u0424\u0410_\u041c\u041e\u0414274\u0430/001/42-pick_scan]>
2026-10-06T23:46:24.8892071Z       <Coroutine test_valid_codes_and_replay[False-\u0424\u0410_\u041c\u041e\u0414274\u0430/001/42-scan_pick_product]>
2026-10-06T23:46:24.8892318Z       <Coroutine test_valid_codes_and_replay[False-ORDER-CODE-pick_scan]>
2026-10-06T23:46:24.8892586Z       <Coroutine test_valid_codes_and_replay[False-ORDER-CODE-scan_pick_product]>
2026-10-06T23:46:24.8892868Z       <Coroutine test_hint_preserves_selected_product_with_shared_order_code[pick_scan]>
2026-10-06T23:46:24.8893190Z       <Coroutine test_hint_preserves_selected_product_with_shared_order_code[scan_pick_product]>
2026-10-06T23:46:24.8893415Z       <Coroutine test_ozon_marketplace_code_and_wrong_hint[pick_scan]>
2026-10-06T23:46:24.8893665Z       <Coroutine test_ozon_marketplace_code_and_wrong_hint[scan_pick_product]>
2026-10-06T23:46:24.8893845Z       <Coroutine test_manual_pick_and_public_empty_scan>
2026-10-06T23:46:24.8894081Z       <Coroutine test_hint_cannot_cross_product_scope[wb-tenant-pick_scan]>
2026-10-06T23:46:24.8894354Z       <Coroutine test_hint_cannot_cross_product_scope[wb-tenant-scan_pick_product]>
2026-10-06T23:46:24.8894597Z       <Coroutine test_hint_cannot_cross_product_scope[wb-seller-pick_scan]>
2026-10-06T23:46:24.8894865Z       <Coroutine test_hint_cannot_cross_product_scope[wb-seller-scan_pick_product]>
2026-10-06T23:46:24.8895251Z       <Coroutine test_hint_cannot_cross_product_scope[wb-supply-pick_scan]>
2026-10-06T23:46:24.8895646Z       <Coroutine test_hint_cannot_cross_product_scope[wb-supply-scan_pick_product]>
2026-10-06T23:46:24.8895896Z       <Coroutine test_hint_cannot_cross_product_scope[ozon-tenant-pick_scan]>
2026-10-06T23:46:24.8896169Z       <Coroutine test_hint_cannot_cross_product_scope[ozon-tenant-scan_pick_product]>
2026-10-06T23:46:24.8896417Z       <Coroutine test_hint_cannot_cross_product_scope[ozon-seller-pick_scan]>
2026-10-06T23:46:24.8896690Z       <Coroutine test_hint_cannot_cross_product_scope[ozon-seller-scan_pick_product]>
2026-10-06T23:46:24.8896938Z       <Coroutine test_hint_cannot_cross_product_scope[ozon-supply-pick_scan]>
2026-10-06T23:46:24.8897207Z       <Coroutine test_hint_cannot_cross_product_scope[ozon-supply-scan_pick_product]>
2026-10-06T23:46:24.8897433Z       <Coroutine test_public_hint_rejects_wrong_code_and_allows_retry>
2026-10-06T23:46:24.8897684Z       <Coroutine test_direct_scan_replay_rejects_changed_identity[barcode-wb]>
2026-10-06T23:46:24.8897947Z       <Coroutine test_direct_scan_replay_rejects_changed_identity[barcode-ozon]>
2026-10-06T23:46:24.8898198Z       <Coroutine test_direct_scan_replay_rejects_changed_identity[product-wb]>
2026-10-06T23:46:24.8898453Z       <Coroutine test_direct_scan_replay_rejects_changed_identity[product-ozon]>
2026-10-06T23:46:24.8898745Z       <Coroutine test_hinted_sku_preserves_case_insensitive_frontend_contract[pick_scan]>
2026-10-06T23:46:24.8899072Z       <Coroutine test_hinted_sku_preserves_case_insensitive_frontend_contract[scan_pick_product]>
2026-10-06T23:46:24.8899344Z       <Coroutine test_valid_replay_after_all_product_units_are_picked[pick_scan-wb]>
2026-10-06T23:46:24.8899622Z       <Coroutine test_valid_replay_after_all_product_units_are_picked[pick_scan-ozon]>
2026-10-06T23:46:24.8899924Z       <Coroutine test_valid_replay_after_all_product_units_are_picked[scan_pick_product-wb]>
2026-10-06T23:46:24.8900229Z       <Coroutine test_valid_replay_after_all_product_units_are_picked[scan_pick_product-ozon]>
2026-10-06T23:46:24.8900375Z     <Module test_fbs_pick_options.py>
2026-10-06T23:46:24.8900642Z       <Coroutine test_fbs_pick_options_returns_two_locations_with_inventory_numbers>
2026-10-06T23:46:24.8900894Z       <Coroutine test_fbs_pick_options_reports_active_pick_for_source_location>
2026-10-06T23:46:24.8901129Z       <Coroutine test_fbs_pick_options_keeps_physical_balance_after_pick>
2026-10-06T23:46:24.8901343Z       <Coroutine test_fbs_pick_options_hides_foreign_tenant_supply>
2026-10-06T23:46:24.8901577Z       <Coroutine test_fbs_pick_options_rejects_invalid_container_reference>
2026-10-06T23:46:24.8901943Z       <Coroutine test_fbs_pick_options_returns_empty_list_for_empty_supply>
2026-10-06T23:46:24.8902229Z       <Coroutine test_product_scan_finds_packed_only_container_without_address_storage>
2026-10-06T23:46:24.8902387Z     <Module test_fbs_pick_unload_contract.py>
2026-10-06T23:46:24.8902604Z       <Function test_fbs_pick_write_models_match_marketplace_unload>
2026-10-06T23:46:24.8902828Z       <Coroutine test_fbs_pick_set_assigns_two_orders_then_removes_one>
2026-10-06T23:46:24.8903095Z       <Coroutine test_fbs_pick_set_cas_and_stable_receipt_survive_intervening_change>
2026-10-06T23:46:24.8903313Z       <Coroutine test_fbs_pick_set_concurrent_cas_allows_one_writer>
2026-10-06T23:46:24.8903543Z       <Coroutine test_fbs_pick_scan_location_then_product_is_idempotent>
2026-10-06T23:46:24.8903831Z       <Coroutine test_fbs_pick_scan_receipt_keeps_original_source_quantity_for_safe_undo>
2026-10-06T23:46:24.8904104Z       <Coroutine test_fbs_pick_scan_concurrent_writers_return_atomic_source_quantities>
2026-10-06T23:46:24.8904371Z       <Coroutine test_fbs_pick_scan_selects_container_and_keeps_it_on_product_pick>
2026-10-06T23:46:24.8904604Z       <Coroutine test_fbs_pick_set_rejects_quantity_above_waiting_orders>
2026-10-06T23:46:24.8904815Z       <Coroutine test_fbs_pick_write_hides_foreign_tenant_supply>
2026-10-06T23:46:24.8905315Z       <Coroutine test_fbs_pick_scan_works_without_visible_address>
2026-10-06T23:46:24.8905750Z       <Coroutine test_fbs_pick_scan_works_for_container_in_sorting_without_cell>
2026-10-06T23:46:24.8906012Z       <Coroutine test_fbs_pick_scan_switches_source_and_keeps_it_on_product_alias>
2026-10-06T23:46:24.8906152Z     <Module test_fbs_picking.py>
2026-10-06T23:46:24.8906383Z       <Coroutine test_fbs_pick_scan_location_product_earliest_deadline>
2026-10-06T23:46:24.8906623Z       <Coroutine test_fbs_pick_concurrent_same_order_allocation_one_success>
2026-10-06T23:46:24.8906852Z       <Coroutine test_fbs_pick_zero_stock_does_not_create_synthetic_pick>
2026-10-06T23:46:24.8907036Z       <Coroutine test_fbs_pick_sorting_last_unit_is_atomic>
2026-10-06T23:46:24.8907287Z       <Coroutine test_fbs_pick_sorting_excludes_unit_assigned_to_other_supply>
2026-10-06T23:46:24.8907460Z       <Coroutine test_fbs_pick_refresh_keeps_progress>
2026-10-06T23:46:24.8907718Z       <Coroutine test_fbs_pick_and_undo_move_stock_between_source_and_picking_area>
2026-10-06T23:46:24.8908046Z       <Coroutine test_ozon_multi_product_quantity_partial_pick_manual_finish_and_idempotent_undo>
2026-10-06T23:46:24.8908216Z       <Coroutine test_fbs_pick_undo_allowed_after_pack>
2026-10-06T23:46:24.8908410Z       <Coroutine test_fbs_pick_rejects_cross_seller_product>
2026-10-06T23:46:24.8908592Z       <Coroutine test_fbs_pick_idempotency_no_double_pick>
2026-10-06T23:46:24.8908770Z       <Coroutine test_fbs_pick_sold_out_order_is_blocked>
2026-10-06T23:46:24.8908919Z     <Module test_fbs_picking_tape_order.py>
2026-10-06T23:46:24.8909160Z       <Coroutine test_workspace_tape_order_index_matches_picking_list_order>
2026-10-06T23:46:24.8909373Z       <Coroutine test_full_tape_print_matches_picking_list_order>
2026-10-06T23:46:24.8909577Z       <Coroutine test_partial_tape_print_preserves_caller_order>
2026-10-06T23:46:24.8909818Z       <Coroutine test_cancelled_order_does_not_shift_remaining_tape_order>
2026-10-06T23:46:24.8909984Z     <Module test_fbs_pr140_shipment_write_off.py>
2026-10-06T23:46:24.8910252Z       <Coroutine test_ozon_two_products_are_written_off_from_their_packed_locations>
2026-10-06T23:46:24.8910469Z       <Coroutine test_ozon_quantity_above_one_is_written_off_in_full>
2026-10-06T23:46:24.8910722Z       <Coroutine test_ozon_cancellation_does_not_restore_written_off_positions>
2026-10-06T23:46:24.8910982Z       <Coroutine test_ozon_single_packed_unit_keeps_the_previous_one_unit_result>
2026-10-06T23:46:24.8911230Z       <Coroutine test_ozon_packaging_write_off_then_delivery_debits_stock_once>
2026-10-06T23:46:24.8911426Z       <Coroutine test_wb_delivery_keeps_single_write_off_path>
2026-10-06T23:46:24.8911838Z       <Coroutine test_wb_confirmed_checkpoint_replays_local_write_off_without_replanning>
2026-10-06T23:46:24.8912096Z       <Coroutine test_ozon_cancelled_after_packaging_is_not_written_off_again>
2026-10-06T23:46:24.8912422Z       <Coroutine test_units_shipment_consumes_once_with_or_without_reserve[True-wb-quantities0]>
2026-10-06T23:46:24.8912753Z       <Coroutine test_units_shipment_consumes_once_with_or_without_reserve[True-ozon-quantities1]>
2026-10-06T23:46:24.8913079Z       <Coroutine test_units_shipment_consumes_once_with_or_without_reserve[False-wb-quantities0]>
2026-10-06T23:46:24.8913410Z       <Coroutine test_units_shipment_consumes_once_with_or_without_reserve[False-ozon-quantities1]>
2026-10-06T23:46:24.8913571Z     <Module test_fbs_print_asset_file_missing.py>
2026-10-06T23:46:24.8913753Z       <Function test_ready_asset_with_file_is_printable>
2026-10-06T23:46:24.8913953Z       <Function test_ready_asset_without_file_is_not_printable>
2026-10-06T23:46:24.8914162Z       <Function test_asset_without_storage_path_is_not_printable>
2026-10-06T23:46:24.8914364Z       <Function test_already_failed_asset_keeps_its_own_error>
2026-10-06T23:46:24.8914523Z     <Module test_fbs_print_asset_pdf_storage.py>
2026-10-06T23:46:24.8914728Z       <Function test_pdf_label_is_stored_and_read_back_untouched>
2026-10-06T23:46:24.8915088Z       <Function test_png_and_pdf_of_one_order_are_different_files>
2026-10-06T23:46:24.8915623Z       <Function test_a_pdf_declared_as_png_is_refused>
2026-10-06T23:46:24.8915798Z       <Function test_a_png_declared_as_pdf_is_refused>
2026-10-06T23:46:24.8915989Z       <Function test_an_unknown_format_never_reaches_the_disk>
2026-10-06T23:46:24.8916171Z       <Function test_empty_content_is_still_empty_content>
2026-10-06T23:46:24.8916421Z       <Function test_reading_a_pdf_as_png_fails_instead_of_returning_garbage>
2026-10-06T23:46:24.8916561Z     <Module test_fbs_print_assets.py>
2026-10-06T23:46:24.8916750Z       <Coroutine test_tc15_one_order_sticker_binary_content>
2026-10-06T23:46:24.8916909Z       <Coroutine test_tc15_missing_file_not_ready>
2026-10-06T23:46:24.8917153Z       <Coroutine test_tc16_batch_stickers_partial_failure_and_retry_missing>
2026-10-06T23:46:24.8917367Z       <Coroutine test_tc16_retry_missing_does_not_regenerate_ready>
2026-10-06T23:46:24.8917531Z       <Coroutine test_print_asset_cross_tenant_404>
2026-10-06T23:46:24.8917706Z       <Function test_storage_traversal_path_rejected>
2026-10-06T23:46:24.8917880Z       <Coroutine test_applied_separate_from_print_opened>
2026-10-06T23:46:24.8918038Z     <Module test_fbs_print_job_delivery.py>
2026-10-06T23:46:24.8918307Z       <Coroutine test_document_replay_claim_and_queue_receipt_do_not_repeat_print>
2026-10-06T23:46:24.8918465Z     <Module test_fbs_product_barcode_source.py>
2026-10-06T23:46:24.8918662Z       <Function test_product_card_barcode_wins_over_wb_order>
2026-10-06T23:46:24.8918885Z       <Function test_wb_order_barcode_is_fallback_when_product_has_none>
2026-10-06T23:46:24.8919080Z       <Function test_unmapped_order_falls_back_to_wb_barcode>
2026-10-06T23:46:24.8919252Z       <Function test_no_barcode_anywhere_gives_none>
2026-10-06T23:46:24.8919399Z     <Module test_fbs_resume_connection.py>
2026-10-06T23:46:24.8919688Z       <Coroutine test_resume_http_releases_pool_and_rereads_before_finalizing[success]>
2026-10-06T23:46:24.8919962Z       <Coroutine test_resume_http_releases_pool_and_rereads_before_finalizing[timeout]>
2026-10-06T23:46:24.8920308Z       <Coroutine test_resume_http_releases_pool_and_rereads_before_finalizing[concurrent_confirmed]>
2026-10-06T23:46:24.8920447Z     <Module test_fbs_review_fixes.py>
2026-10-06T23:46:24.8920685Z       <Coroutine test_cancel_in_assembling_detaches_and_adjusts_packaging>
2026-10-06T23:46:24.8920940Z       <Coroutine test_cancel_last_order_in_assembling_reverts_supply_to_draft>
2026-10-06T23:46:24.8921122Z       <Coroutine test_concurrent_reserve_only_one_succeeds>
2026-10-06T23:46:24.8921320Z       <Coroutine test_sync_order_statuses_paginates_past_500>
2026-10-06T23:46:24.8921709Z       <Coroutine test_wb_packaging_promotion_is_disabled_even_after_marking_ok>
2026-10-06T23:46:24.8921932Z       <Coroutine test_cancel_in_packed_supply_demotes_to_assembling>
2026-10-06T23:46:24.8922142Z       <Coroutine test_sync_order_statuses_advances_sorted_to_sold>
2026-10-06T23:46:24.8922356Z       <Coroutine test_fbs_shipment_uses_each_planned_source_location>
2026-10-06T23:46:24.8922503Z     <Module test_fbs_seller_warehouse.py>
2026-10-06T23:46:24.8922720Z       <Coroutine test_fbs_seller_warehouses_ok_and_missing_token_403>
2026-10-06T23:46:24.8922866Z       <Coroutine test_fbs_seller_offices_ok>
2026-10-06T23:46:24.8923088Z       <Coroutine test_fbs_seller_warehouses_supplies_only_fallback_ok>
2026-10-06T23:46:24.8923296Z       <Coroutine test_fbs_seller_warehouses_content_only_fallback_ok>
2026-10-06T23:46:24.8923570Z       <Coroutine test_fbs_seller_warehouses_stale_marketplace_falls_back_to_content>
2026-10-06T23:46:24.8923759Z       <Coroutine test_fbs_seller_warehouses_cross_tenant_404>
2026-10-06T23:46:24.8923972Z       <Coroutine test_fbs_seller_warehouses_wb_upstream_error_502>
2026-10-06T23:46:24.8924139Z     <Module test_fbs_shipment_deliver_gate_unit.py>
2026-10-06T23:46:24.8924356Z       <Function test_deliver_allows_optional_pick_pack_for_in_supply>
2026-10-06T23:46:24.8924573Z       <Function test_deliver_allows_optional_pick_pack_for_assembling>
2026-10-06T23:46:24.8924808Z       <Function test_deliver_ok_when_packed>
2026-10-06T23:46:24.8925169Z       <Function test_missing_order_sticker_warns_but_never_blocks>
2026-10-06T23:46:24.8925408Z       <Function test_non_wb_delivery_does_not_require_wb_order_sticker>
2026-10-06T23:46:24.8925569Z       <Function test_terminal_order_check_not_ok>
2026-10-06T23:46:24.8925830Z       <Function test_terminal_wb_composition_order_is_visible_but_does_not_block>
2026-10-06T23:46:24.8926010Z       <Function test_warehouse_route_has_no_cargo_checks>
2026-10-06T23:46:24.8926228Z       <Function test_boxes_and_distribution_are_not_delivery_checks>
2026-10-06T23:46:24.8926434Z       <Function test_deliver_allows_boxes_without_distribution>
2026-10-06T23:46:24.8926648Z       <Function test_marking_required_is_a_warning_and_never_blocks>
2026-10-06T23:46:24.8926840Z       <Function test_skip_honest_sign_removes_our_marking_gate>
2026-10-06T23:46:24.8927039Z       <Function test_preflight_exposes_real_wb_marking_status>
2026-10-06T23:46:24.8927221Z       <Function test_wb_delivery_blocker_codes_are_frozen>
2026-10-06T23:46:24.8927460Z       <Function test_wb_supply_with_nothing_prepared_is_still_deliverable>
2026-10-06T23:46:24.8927722Z       <Function test_wb_preflight_version_ignores_every_advisory_packaging_fact>
2026-10-06T23:46:24.8927959Z       <Function test_wb_preflight_version_still_changes_for_terminal_order>
2026-10-06T23:46:24.8928218Z       <Function test_meta_validation_message_shows_order_and_concrete_wb_reason>
2026-10-06T23:46:24.8928441Z       <Function test_meta_validation_message_keeps_unknown_wb_reason>
2026-10-06T23:46:24.8928687Z       <Function test_already_delivered_supply_still_refuses_second_handoff>
2026-10-06T23:46:24.8928867Z       <Function test_empty_supply_still_refuses_handoff>
2026-10-06T23:46:24.8929098Z       <Function test_wb_checklist_survives_stock_moving_under_the_operator>
2026-10-06T23:46:24.8929375Z       <Function test_order_without_mapped_product_warns_and_does_not_stop_the_supply>
2026-10-06T23:46:24.8929657Z       <Function test_wb_dispatch_refusal_shows_order_reasons_instead_of_advice_to_wait>
2026-10-06T23:46:24.8929912Z       <Function test_wb_dispatch_refusal_without_details_still_suggests_a_retry>
2026-10-06T23:46:24.8930155Z       <Function test_real_wb_refusal_from_2026_09_02_reads_as_an_instruction>
2026-10-06T23:46:24.8930401Z       <Function test_wms653_all_pending_sgtin_rows_have_human_waiting_message>
2026-10-06T23:46:24.8931305Z       <Function test_wms653_non_waiting_meta_validation_is_not_masked[item0-\u041a\u0418\u0417 \u043e\u0442\u043a\u043b\u043e\u043d\u0451\u043d \u0432\u043b\u0430\u0434\u0435\u043b\u044c\u0446\u0435\u043c \u043a\u043e\u0434\u0430]>
2026-10-06T23:46:24.8931957Z       <Function test_wms653_non_waiting_meta_validation_is_not_masked[item1-\u041a\u0418\u0417 \u043d\u0435 \u043f\u0440\u043e\u0448\u0451\u043b \u043f\u0440\u043e\u0432\u0435\u0440\u043a\u0443]>
2026-10-06T23:46:24.8932501Z       <Function test_wms653_non_waiting_meta_validation_is_not_masked[item2-\u0423\u0418\u041d \u0435\u0449\u0451 \u043d\u0435 \u043f\u0440\u0438\u043d\u044f\u0442]>
2026-10-06T23:46:24.8932732Z       <Function test_wms653_real_kiz_refusal_keeps_order_and_wb_reason>
2026-10-06T23:46:24.8932978Z       <Function test_wms653_mixed_pending_and_refusal_keep_two_human_reasons>
2026-10-06T23:46:24.8933223Z       <Function test_wms653_edge_meta_validation_variants_are_safe_and_human>
2026-10-06T23:46:24.8933375Z     <Module test_fbs_shipment_delivery.py>
2026-10-06T23:46:24.8933607Z       <Coroutine test_tc19_delivery_preflight_checklist_and_stale_version>
2026-10-06T23:46:24.8933832Z       <Coroutine test_tc20_pvz_deliver_timeout_pending_confirmation>
2026-10-06T23:46:24.8934046Z       <Coroutine test_tc21_warehouse_sc_qr_after_deliver_route_diff>
2026-10-06T23:46:24.8934184Z     <Module test_fbs_shipment_pvz.py>
2026-10-06T23:46:24.8934436Z       <Coroutine test_tc17_pvz_cargo_places_create_qr_and_deliver_without_bind>
2026-10-06T23:46:24.8934762Z       <Coroutine test_pvz_cargo_places_transport_after_wb_side_effect_reconciles_without_recreate>
2026-10-06T23:46:24.8935296Z       <Coroutine test_pvz_cargo_places_unresolved_reconcile_returns_structured_504>
2026-10-06T23:46:24.8935498Z       <Coroutine test_tc18_pvz_cargo_places_dimension_blockers>
2026-10-06T23:46:24.8935750Z       <Coroutine test_fbs_pvz_create_trbx_ok_and_warehouse_sc_create_trbx_ok>
2026-10-06T23:46:24.8935935Z       <Coroutine test_fbs_pvz_bind_orders_deprecated_410>
2026-10-06T23:46:24.8936133Z       <Coroutine test_fbs_pvz_trbx_stickers_cached_and_wb_error>
2026-10-06T23:46:24.8936377Z       <Coroutine test_fbs_pvz_trbx_sticker_single_response_without_trbx_id>
2026-10-06T23:46:24.8936617Z       <Coroutine test_fbs_pvz_deliver_warns_about_boxes_but_does_not_stop>
2026-10-06T23:46:24.8936779Z       <Coroutine test_pvz_delete_cargo_places_ok>
2026-10-06T23:46:24.8937073Z       <Coroutine test_pvz_delete_cargo_places_transport_reconciles_without_double_delete>
2026-10-06T23:46:24.8937240Z       <Coroutine test_pvz_delete_cargo_places_guards>
2026-10-06T23:46:24.8937405Z     <Module test_fbs_shipment_source_service.py>
2026-10-06T23:46:24.8937661Z       <Coroutine test_manual_pick_wins_and_keeps_exact_container_for_reversal>
2026-10-06T23:46:24.8937877Z       <Coroutine test_auto_source_priority_and_in_plan_consumption>
2026-10-06T23:46:24.8938115Z       <Coroutine test_forced_negative_uses_supply_sorting_without_balance>
2026-10-06T23:46:24.8938269Z     <Module test_fbs_shipment_warehouse_sc.py>
2026-10-06T23:46:24.8938482Z       <Coroutine test_fbs_shipment_deliver_ok_and_orders_not_ready>
2026-10-06T23:46:24.8938770Z       <Coroutine test_wb_pick_moves_to_sorting_undo_returns_and_deliver_debits_sorting>
2026-10-06T23:46:24.8939056Z       <Coroutine test_fbs_delivery_writes_zero_stock_negative_once_and_releases_reserve>
2026-10-06T23:46:24.8939302Z       <Coroutine test_fbs_shipment_translates_temporary_dispatch_rejection>
2026-10-06T23:46:24.8939525Z       <Coroutine test_fbs_shipment_deliver_allows_optional_pick_pack>
2026-10-06T23:46:24.8939695Z       <Coroutine test_fbs_shipment_barcode_png_cached>
2026-10-06T23:46:24.8939880Z       <Coroutine test_fbs_shipment_marking_required_and_ok>
2026-10-06T23:46:24.8940095Z       <Coroutine test_fbs_shipment_deliver_wb_error_no_status_change>
2026-10-06T23:46:24.8940394Z       <Coroutine test_pending_delivery_recovers_after_process_crash_without_second_wb_call>
2026-10-06T23:46:24.8940676Z       <Coroutine test_pending_reconcile_never_overwrites_parallel_definitive_failure>
2026-10-06T23:46:24.8940923Z       <Coroutine test_stale_not_delivered_never_overwrites_parallel_ambiguity>
2026-10-06T23:46:24.8941293Z       <Coroutine test_failed_key_cannot_close_another_active_delivery_attempt>
2026-10-06T23:46:24.8941562Z       <Coroutine test_pending_retry_uses_frozen_plan_without_recomputing_sources>
2026-10-06T23:46:24.8941789Z       <Coroutine test_relock_refresh_prevents_parallel_second_wb_call>
2026-10-06T23:46:24.8942041Z       <Coroutine test_pending_delivery_key_cannot_be_rebound_to_another_supply>
2026-10-06T23:46:24.8942373Z       <Coroutine test_warehouse_sc_deliver_qr_failure_keeps_confirmed_delivery_and_retries_qr_only>
2026-10-06T23:46:24.8942561Z       <Coroutine test_retry_supply_qr_never_calls_wb_deliver>
2026-10-06T23:46:24.8942782Z       <Coroutine test_retry_supply_qr_succeeds_for_pvz_delivery_type>
2026-10-06T23:46:24.8943011Z       <Coroutine test_fbs_shipment_deliver_pvz_without_boxes_still_goes>
2026-10-06T23:46:24.8943231Z       <Coroutine test_fbs_shipment_deliver_cancelled_order_in_supply>
2026-10-06T23:46:24.8943456Z       <Coroutine test_supply_of_only_unmapped_orders_still_reaches_wb>
2026-10-06T23:46:24.8943652Z       <Coroutine test_mixed_supply_marks_every_order_delivered>
2026-10-06T23:46:24.8943915Z       <Coroutine test_supply_without_wb_number_does_not_break_the_whole_worklist>
2026-10-06T23:46:24.8944212Z       <Coroutine test_wms653_pending_kiz_response_is_safe_but_operation_keeps_raw_context>
2026-10-06T23:46:24.8944355Z     <Module test_fbs_skip_reprint.py>
2026-10-06T23:46:24.8944778Z       <Coroutine test_skip_pack_handoff_reuses_saved_code_without_new_pool_or_wb_write[False]>
2026-10-06T23:46:24.8945314Z       <Coroutine test_skip_pack_handoff_reuses_saved_code_without_new_pool_or_wb_write[True]>
2026-10-06T23:46:24.8945650Z       <Coroutine test_skipped_supply_does_not_replace_unprintable_saved_marking[operator-True]>
2026-10-06T23:46:24.8945958Z       <Coroutine test_skipped_supply_does_not_replace_unprintable_saved_marking[pool-False]>
2026-10-06T23:46:24.8946107Z     <Module test_fbs_stock_availability.py>
2026-10-06T23:46:24.8946362Z       <Coroutine test_fbs_availability_without_direction_uses_physical_stock>
2026-10-06T23:46:24.8946537Z       <Coroutine test_fbo_reserve_reduces_fbs_publish>
2026-10-06T23:46:24.8946728Z       <Coroutine test_inventory_summary_includes_fbs_reserve>
2026-10-06T23:46:24.8946928Z       <Coroutine test_negative_computed_amount_clamps_to_zero>
2026-10-06T23:46:24.8947135Z       <Coroutine test_fbs_availability_batch_query_count_bounded>
2026-10-06T23:46:24.8947416Z       <Coroutine test_sold_release_does_not_resurrect_available_after_fbs_write_off>
2026-10-06T23:46:24.8947661Z       <Coroutine test_fbs_available_stock_reserve_release_writeoff_sequence>
2026-10-06T23:46:24.8947824Z     <Module test_fbs_stock_emulator_integration.py>
2026-10-06T23:46:24.8947994Z       <Function test_prod_compose_has_no_wb_emulator>
2026-10-06T23:46:24.8948218Z       <Function test_prod_compose_runs_migrations_once_before_workers>
2026-10-06T23:46:24.8948495Z       <Coroutine test_wms_emulator_safe_sync_without_fbs_percent_ignores_legacy_pool>
2026-10-06T23:46:24.8948677Z       <Coroutine test_wms_emulator_fbs_stock_full_cycle>
2026-10-06T23:46:24.8948812Z     <Module test_fbs_stock_models.py>
2026-10-06T23:46:24.8949081Z       <Function test_ozon_binding_api_output_keeps_provider_identity[True-False]>
2026-10-06T23:46:24.8949341Z       <Function test_ozon_binding_api_output_keeps_provider_identity[False-True]>
2026-10-06T23:46:24.8949524Z       <Coroutine test_binding_unique_seller_wb_warehouse>
2026-10-06T23:46:24.8949776Z       <Coroutine test_binding_allows_one_wms_warehouse_for_many_wb_warehouses>
2026-10-06T23:46:24.8950000Z       <Coroutine test_one_physical_unit_may_be_published_to_wb_and_ozon>
2026-10-06T23:46:24.8950217Z       <Coroutine test_fbs_order_wb_warehouse_separate_from_office>
2026-10-06T23:46:24.8950409Z       <Coroutine test_fbs_order_unmapped_warehouse_nullable>
2026-10-06T23:46:24.8950589Z       <Coroutine test_stock_sync_item_unique_binding_chrt>
2026-10-06T23:46:24.8950764Z       <Coroutine test_stock_sync_item_status_and_amounts>
2026-10-06T23:46:24.8951075Z       <Coroutine test_binding_lease_and_sync_metadata>
2026-10-06T23:46:24.8951251Z     <Module test_fbs_stock_publish_on_movement.py>
2026-10-06T23:46:24.8951547Z       <Coroutine test_publish_lock_survives_business_commits_and_does_not_block_delivery>
2026-10-06T23:46:24.8951750Z       <Coroutine test_movement_publishes_stock_once_per_seller>
2026-10-06T23:46:24.8951983Z       <Coroutine test_schedule_collapses_duplicates_and_skips_rollback>
2026-10-06T23:46:24.8952175Z       <Function test_read_only_wb_token_is_reported_distinctly>
2026-10-06T23:46:24.8952365Z       <Coroutine test_outbound_reservation_publishes_stock>
2026-10-06T23:46:24.8952545Z       <Function test_picking_service_allows_sorting_zone>
2026-10-06T23:46:24.8952831Z       <Function test_drain_removes_finished_task_even_when_its_done_callback_has_not_run>
2026-10-06T23:46:24.8952979Z     <Module test_fbs_stock_rule_service.py>
2026-10-06T23:46:24.8953141Z       <Function test_amount_from_percent_rounds_down>
2026-10-06T23:46:24.8953363Z       <Function test_validate_rule_allows_each_binding_up_to_hundred>
2026-10-06T23:46:24.8953556Z       <Function test_validate_rule_rejects_off_step_percent>
2026-10-06T23:46:24.8953767Z       <Function test_split_amounts_caps_each_binding_by_free_stock>
2026-10-06T23:46:24.8953936Z       <Coroutine test_rule_view_shows_three_numbers>
2026-10-06T23:46:24.8954340Z       <Coroutine test_rule_view_counts_global_direction_reserve_once_across_warehouses>
2026-10-06T23:46:24.8954560Z       <Coroutine test_rule_view_keeps_single_warehouse_direction_math>
2026-10-06T23:46:24.8954755Z       <Coroutine test_bulk_rule_views_match_single_rule_math>
2026-10-06T23:46:24.8955078Z       <Coroutine test_bulk_rule_rejects_mixed_sellers>
2026-10-06T23:46:24.8955254Z       <Coroutine test_publish_takes_number_from_rule>
2026-10-06T23:46:24.8955535Z       <Coroutine test_disabled_rule_save_does_not_enable_bindings_or_schedule_publish>
2026-10-06T23:46:24.8955747Z       <Coroutine test_product_without_rule_ignores_old_stored_number>
2026-10-06T23:46:24.8955941Z       <Coroutine test_units_mode_publishes_numbers_as_given>
2026-10-06T23:46:24.8956155Z       <Coroutine test_units_quota_is_eaten_only_by_its_own_warehouse>
2026-10-06T23:46:24.8956350Z       <Coroutine test_cancelled_before_handover_returns_quota>
2026-10-06T23:46:24.8956560Z       <Coroutine test_cancelled_after_handover_keeps_quota_spent>
2026-10-06T23:46:24.8956764Z       <Coroutine test_old_orders_do_not_eat_a_freshly_set_number>
2026-10-06T23:46:24.8957042Z       <Coroutine test_inventory_deducts_allocation_and_receiving_does_not_restore_it>
2026-10-06T23:46:24.8957255Z       <Coroutine test_units_caps_are_independent_between_bindings>
2026-10-06T23:46:24.8957440Z       <Coroutine test_receiving_does_not_raise_units_quota>
2026-10-06T23:46:24.8957687Z       <Coroutine test_zero_edit_cancel_and_repeated_events_preserve_reserve>
2026-10-06T23:46:24.8957871Z       <Coroutine test_inventory_uses_ordinary_stock_then_fbs>
2026-10-06T23:46:24.8958055Z       <Coroutine test_switching_modes_preserves_reserves>
2026-10-06T23:46:24.8958263Z       <Coroutine test_ozon_reserves_product_quantities_atomically>
2026-10-06T23:46:24.8958490Z       <Coroutine test_available_stock_migration_keeps_current_remainder>
2026-10-06T23:46:24.8958724Z       <Coroutine test_share_rule_keeps_allocation_the_rule_does_not_reach>
2026-10-06T23:46:24.8958937Z       <Coroutine test_percent_rules_are_independent_for_wb_and_ozon>
2026-10-06T23:46:24.8959199Z       <Coroutine test_same_everywhere_may_publish_full_share_to_each_marketplace>
2026-10-06T23:46:24.8959459Z       <Coroutine test_one_physical_unit_is_never_promised_to_both_marketplaces>
2026-10-06T23:46:24.8959727Z       <Coroutine test_rule_refuses_when_two_marketplaces_share_a_warehouse_number>
2026-10-06T23:46:24.8960096Z       <Coroutine test_existing_pools_do_not_alias_when_another_marketplace_uses_same_warehouse_id[True-True]>
2026-10-06T23:46:24.8960655Z       <Coroutine test_existing_pools_do_not_alias_when_another_marketplace_uses_same_warehouse_id[True-False]>
2026-10-06T23:46:24.8961036Z       <Coroutine test_existing_pools_do_not_alias_when_another_marketplace_uses_same_warehouse_id[False-True]>
2026-10-06T23:46:24.8961419Z       <Coroutine test_existing_pools_do_not_alias_when_another_marketplace_uses_same_warehouse_id[False-False]>
2026-10-06T23:46:24.8961721Z       <Function test_units_publication_caps_each_marketplace_after_outbound[0-expected0]>
2026-10-06T23:46:24.8962026Z       <Function test_units_publication_caps_each_marketplace_after_outbound[10-expected1]>
2026-10-06T23:46:24.8962316Z       <Function test_units_publication_caps_each_marketplace_after_outbound[20-expected2]>
2026-10-06T23:46:24.8962610Z       <Coroutine test_named_direction_never_exposes_existing_fbs_reservations_to_fbo[0]>
2026-10-06T23:46:24.8962899Z       <Coroutine test_named_direction_never_exposes_existing_fbs_reservations_to_fbo[25]>
2026-10-06T23:46:24.8963191Z       <Coroutine test_named_direction_never_exposes_existing_fbs_reservations_to_fbo[100]>
2026-10-06T23:46:24.8963578Z       <Coroutine test_qualified_warehouse_keys_round_trip_both_marketplaces_and_keep_combined_limit[False]>
2026-10-06T23:46:24.8963936Z       <Coroutine test_qualified_warehouse_keys_round_trip_both_marketplaces_and_keep_combined_limit[True]>
2026-10-06T23:46:24.8964203Z       <Function test_remaining_units_respect_the_supplied_binding_filter[False]>
2026-10-06T23:46:24.8964583Z       <Function test_remaining_units_respect_the_supplied_binding_filter[True]>
2026-10-06T23:46:24.8964879Z       <Coroutine test_unused_mode_warehouse_keys_do_not_block_saving_the_active_rule[False]>
2026-10-06T23:46:24.8965328Z       <Coroutine test_unused_mode_warehouse_keys_do_not_block_saving_the_active_rule[True]>
2026-10-06T23:46:24.8965533Z       <Coroutine test_manual_cap_is_preserved_when_stock_falls>
2026-10-06T23:46:24.8965762Z       <Coroutine test_bulk_legacy_save_remains_atomic_for_each_product>
2026-10-06T23:46:24.8965965Z       <Coroutine test_cap_is_not_fbo_reservation_but_order_is>
2026-10-06T23:46:24.8966185Z       <Coroutine test_disabled_publication_still_clamps_manual_value>
2026-10-06T23:46:24.8966405Z       <Coroutine test_manual_cap_endpoint_keeps_marketplace_identity>
2026-10-06T23:46:24.8966640Z       <Coroutine test_old_session_cap_is_refreshed_before_clamping_save>
2026-10-06T23:46:24.8966787Z     <Module test_fbs_stock_share_wave2.py>
2026-10-06T23:46:24.8967002Z       <Coroutine test_fbs_seller_warehouses_contract_get_and_put>
2026-10-06T23:46:24.8967224Z       <Coroutine test_fbs_import_skips_unserved_and_unknown_warehouses>
2026-10-06T23:46:24.8967430Z       <Coroutine test_fbs_assembly_time_period_and_seller_filter>
2026-10-06T23:46:24.8967601Z       <Coroutine test_fbs_assembly_time_empty_period>
2026-10-06T23:46:24.8967790Z       <Coroutine test_fbs_wave2_routes_are_tenant_isolated>
2026-10-06T23:46:24.8968075Z       <Coroutine test_fbs_legacy_limits_reset_requires_rule_and_preserves_operator_cap>
2026-10-06T23:46:24.8968206Z     <Module test_fbs_stock_sync.py>
2026-10-06T23:46:24.8968467Z       <Coroutine test_disabled_product_gets_one_farewell_zero_and_then_silence>
2026-10-06T23:46:24.8968704Z       <Function test_build_publish_plan_reads_amounts_directly_from_pool>
2026-10-06T23:46:24.8968981Z       <Function test_build_publish_plan_sends_zero_only_when_something_was_published>
2026-10-06T23:46:24.8969251Z       <Coroutine test_sync_does_not_zero_disabled_product_from_stale_confirmed_item>
2026-10-06T23:46:24.8969513Z       <Coroutine test_sync_skips_product_without_percent_despite_old_pool_number>
2026-10-06T23:46:24.8969744Z       <Coroutine test_zero_percent_means_no_rule_and_nothing_is_published>
2026-10-06T23:46:24.8969972Z       <Coroutine test_units_mode_publishes_even_though_percent_is_zero>
2026-10-06T23:46:24.8970238Z       <Coroutine test_unserved_binding_still_publishes_when_its_own_switch_is_on>
2026-10-06T23:46:24.8970461Z       <Coroutine test_sync_skips_binding_with_publication_switched_off>
2026-10-06T23:46:24.8970864Z       <Coroutine test_rule_failure_marks_binding_error_without_old_pool_fallback>
2026-10-06T23:46:24.8971048Z       <Coroutine test_sync_confirms_when_readback_matches>
2026-10-06T23:46:24.8971363Z       <Coroutine test_repair_subset_publishes_only_selected_and_keeps_duplicate_guard[False]>
2026-10-06T23:46:24.8971670Z       <Coroutine test_repair_subset_publishes_only_selected_and_keeps_duplicate_guard[True]>
2026-10-06T23:46:24.8971876Z       <Coroutine test_sync_publishes_amount_calculated_by_rule>
2026-10-06T23:46:24.8972081Z       <Coroutine test_sync_publishes_rule_amounts_per_binding>
2026-10-06T23:46:24.8972383Z       <Coroutine test_seller_catalog_prefers_active_confirmed_readback_over_irrelevant_error>
2026-10-06T23:46:24.8972673Z       <Coroutine test_seller_catalog_keeps_active_safe_error_without_confirmed_readback>
2026-10-06T23:46:24.8972866Z       <Coroutine test_sync_marks_error_on_readback_mismatch>
2026-10-06T23:46:24.8973140Z       <Coroutine test_sync_skips_previously_published_absent_product_without_zeroing>
2026-10-06T23:46:24.8973369Z       <Coroutine test_sync_skips_missing_chrt_and_conflicts_duplicates>
2026-10-06T23:46:24.8973564Z       <Coroutine test_sync_splits_1001_items_into_two_batches>
2026-10-06T23:46:24.8973768Z       <Coroutine test_sync_upstream_error_marks_batch_error[401]>
2026-10-06T23:46:24.8973975Z       <Coroutine test_sync_upstream_error_marks_batch_error[409]>
2026-10-06T23:46:24.8974332Z       <Coroutine test_sync_429_after_retry_marks_binding_upstream_error>
2026-10-06T23:46:24.8974585Z       <Coroutine test_sync_transport_error_marks_binding_not_readback_mismatch>
2026-10-06T23:46:24.8974761Z       <Coroutine test_sync_429_retries_once_then_succeeds>
2026-10-06T23:46:24.8975079Z       <Coroutine test_default_rate_limiter_paces_wb_calls>
2026-10-06T23:46:24.8975313Z       <Coroutine test_sync_429_honors_retry_after_on_production_limiter>
2026-10-06T23:46:24.8975477Z       <Coroutine test_sync_skips_when_lease_active>
2026-10-06T23:46:24.8975709Z       <Coroutine test_try_acquire_lease_handles_naive_loaded_lease_until>
2026-10-06T23:46:24.8975928Z       <Coroutine test_partial_batch_failure_leaves_confirmed_batch>
2026-10-06T23:46:24.8976129Z       <Coroutine test_try_acquire_lease_atomic_under_concurrency>
2026-10-06T23:46:24.8976347Z       <Coroutine test_farewell_zero_skips_cards_we_never_published>
2026-10-06T23:46:24.8976491Z     <Module test_fbs_supply_assembly.py>
2026-10-06T23:46:24.8976635Z       <Coroutine test_fbs_supply_create_ok>
2026-10-06T23:46:24.8976822Z       <Coroutine test_fbs_supply_create_wb_error_no_db_row>
2026-10-06T23:46:24.8976969Z       <Coroutine test_fbs_supply_add_order_ok>
2026-10-06T23:46:24.8977193Z       <Coroutine test_fbs_supply_deliver_in_supply_goes_without_boxes>
2026-10-06T23:46:24.8977403Z       <Coroutine test_fbs_supply_add_order_already_in_other_supply>
2026-10-06T23:46:24.8977590Z       <Coroutine test_fbs_supply_add_order_concurrent_race>
2026-10-06T23:46:24.8977786Z       <Coroutine test_fbs_supply_add_order_warehouse_mismatch>
2026-10-06T23:46:24.8978002Z       <Coroutine test_fbs_supply_add_order_wb_error_leaves_order_new>
2026-10-06T23:46:24.8978177Z       <Coroutine test_fbs_supply_picking_list_grouping>
2026-10-06T23:46:24.8978335Z       <Coroutine test_fbs_supply_stickers_cached>
2026-10-06T23:46:24.8978498Z       <Coroutine test_fbs_supply_stickers_wb_error>
2026-10-06T23:46:24.8978671Z       <Coroutine test_fbs_supply_stickers_incomplete>
2026-10-06T23:46:24.8978839Z       <Coroutine test_fbs_supply_add_order_bad_status>
2026-10-06T23:46:24.8979013Z     <Module test_fbs_supply_composition_service.py>
2026-10-06T23:46:24.8979218Z       <Coroutine test_packed_supply_absorbs_late_known_wb_order>
2026-10-06T23:46:24.8979478Z       <Coroutine test_actual_composition_never_moves_order_from_another_supply>
2026-10-06T23:46:24.8979627Z     <Module test_fbs_supply_from_orders.py>
2026-10-06T23:46:24.8979781Z       <Coroutine test_tc01_from_orders_per_seller>
2026-10-06T23:46:24.8979978Z       <Coroutine test_tc02_preflight_different_wb_warehouses>
2026-10-06T23:46:24.8980291Z       <Coroutine test_tc03_preflight_b2c_b2b_incompatible>
2026-10-06T23:46:24.8980481Z       <Coroutine test_tc04_preflight_different_cargo_types>
2026-10-06T23:46:24.8980702Z       <Coroutine test_tc05_preflight_pvz_ignores_legacy_can_pvz_gate>
2026-10-06T23:46:24.8980876Z       <Coroutine test_tc06_atomic_from_orders_workspace>
2026-10-06T23:46:24.8981125Z       <Coroutine test_fbs_cutoff_autoplans_supply_manual_date_and_calendar>
2026-10-06T23:46:24.8981406Z       <Coroutine test_supplier_processed_order_hidden_from_new_and_rejected_by_create>
2026-10-06T23:46:24.8981579Z       <Coroutine test_from_orders_idempotency_same_key>
2026-10-06T23:46:24.8981784Z       <Coroutine test_parallel_from_orders_one_order_one_supply>
2026-10-06T23:46:24.8982017Z       <Coroutine test_batch_timeout_pending_confirmation_no_false_success>
2026-10-06T23:46:24.8982217Z       <Coroutine test_add_failure_no_false_success_legacy_path>
2026-10-06T23:46:24.8982461Z       <Coroutine test_from_orders_add_failure_persists_wb_supply_reference>
2026-10-06T23:46:24.8982718Z       <Coroutine test_from_orders_partial_readback_binds_only_confirmed_orders>
2026-10-06T23:46:24.8982940Z       <Coroutine test_supply_worklist_groups_active_orders_by_supply>
2026-10-06T23:46:24.8983225Z       <Coroutine test_existing_supply_add_orders_partial_readback_binds_only_confirmed>
2026-10-06T23:46:24.8983628Z       <Coroutine test_wms683_existing_add_waits_for_wb_without_resending[True]>
2026-10-06T23:46:24.8983885Z       <Coroutine test_wms683_existing_add_waits_for_wb_without_resending[False]>
2026-10-06T23:46:24.8984071Z       <Coroutine test_start_work_idempotent_packaging_task>
2026-10-06T23:46:24.8984213Z     <Module test_fbs_supply_history.py>
2026-10-06T23:46:24.8984467Z       <Coroutine test_cancelled_order_keeps_its_number_in_the_supply_history>
2026-10-06T23:46:24.8984622Z     <Module test_fbs_supply_honest_sign_skip.py>
2026-10-06T23:46:24.8984840Z       <Coroutine test_honest_sign_skip_sets_flag_and_is_idempotent>
2026-10-06T23:46:24.8985378Z       <Coroutine test_honest_sign_skip_blocks_code_release_on_print>
2026-10-06T23:46:24.8985601Z       <Coroutine test_honest_sign_skip_preserves_existing_codes>
2026-10-06T23:46:24.8985818Z       <Coroutine test_honest_sign_skip_blocked_on_submitted_supply>
2026-10-06T23:46:24.8985991Z       <Coroutine test_honest_sign_skipped_in_workspace>
2026-10-06T23:46:24.8986154Z     <Module test_fbs_supply_repair_from_wb.py>
2026-10-06T23:46:24.8986330Z       <Coroutine test_readback_lag_keeps_composition>
2026-10-06T23:46:24.8986533Z       <Coroutine test_partial_readback_binds_confirmed_orders>
2026-10-06T23:46:24.8986722Z       <Coroutine test_repair_endpoint_restores_composition>
2026-10-06T23:46:24.8986878Z       <Coroutine test_repair_skips_cancelled_order>
2026-10-06T23:46:24.8987047Z       <Coroutine test_repair_rejects_shipped_supply>
2026-10-06T23:46:24.8987221Z       <Coroutine test_autopoll_repairs_pending_supply>
2026-10-06T23:46:24.8987485Z       <Coroutine test_composition_repair_only_confirms_its_own_operation_kind>
2026-10-06T23:46:24.8987627Z     <Module test_fbs_supply_transfer.py>
2026-10-06T23:46:24.8987849Z       <Coroutine test_transfer_preserves_kiz_packing_and_replays_once>
2026-10-06T23:46:24.8988092Z       <Coroutine test_unknown_patch_partial_then_reconcile_without_replay>
2026-10-06T23:46:24.8988352Z       <Coroutine test_unknown_create_recovers_named_supply_without_second_post>
2026-10-06T23:46:24.8988547Z       <Coroutine test_known_rejection_is_failed_not_unknown>
2026-10-06T23:46:24.8988769Z       <Coroutine test_targets_and_mutations_enforce_scope_and_draft>
2026-10-06T23:46:24.8989033Z       <Coroutine test_packed_transfer_can_start_target_without_second_fulfillment>
2026-10-06T23:46:24.8989257Z       <Coroutine test_crash_between_batches_resumes_only_unsent_batch>
2026-10-06T23:46:24.8989514Z       <Coroutine test_target_started_during_wb_wait_receives_incoming_task_line>
2026-10-06T23:46:24.8989689Z     <Module test_fbs_tape_background_concurrency.py>
2026-10-06T23:46:24.8990189Z       <Coroutine test_postgres_background_status_http_overlaps_tape_with_reverse_uuid_dates[False]>
2026-10-06T23:46:24.8990538Z       <Coroutine test_postgres_background_status_http_overlaps_tape_with_reverse_uuid_dates[True]>
2026-10-06T23:46:24.8990781Z       <Coroutine test_postgres_slow_tape_http_allows_other_product_work[qr]>
2026-10-06T23:46:24.8991028Z       <Coroutine test_postgres_slow_tape_http_allows_other_product_work[cz]>
2026-10-06T23:46:24.8991300Z       <Coroutine test_tape_uncertain_wb_write_keeps_code_and_retries_get_only[put]>
2026-10-06T23:46:24.8991565Z       <Coroutine test_tape_uncertain_wb_write_keeps_code_and_retries_get_only[get]>
2026-10-06T23:46:24.8991822Z       <Coroutine test_postgres_metadata_poll_and_tape_use_same_order_lock_order>
2026-10-06T23:46:24.8992088Z       <Coroutine test_metadata_get_does_not_overwrite_a_new_binding_after_http[False]>
2026-10-06T23:46:24.8992361Z       <Coroutine test_metadata_get_does_not_overwrite_a_new_binding_after_http[True]>
2026-10-06T23:46:24.8992622Z       <Coroutine test_ozon_delayed_status_preserves_replacement[ship_available]>
2026-10-06T23:46:24.8992906Z       <Coroutine test_ozon_delayed_status_preserves_replacement[validation_in_process]>
2026-10-06T23:46:24.8993040Z     <Module test_fbs_tracking.py>
2026-10-06T23:46:24.8993263Z       <Coroutine test_tc22_partial_acceptance_mixed_orders_preserved>
2026-10-06T23:46:24.8993604Z       <Coroutine test_tc22_sync_tracking_api_updates_workspace>
2026-10-06T23:46:24.8993841Z       <Coroutine test_tc22_autopoll_sync_in_delivery_supplies_per_seller>
2026-10-06T23:46:24.8994101Z       <Coroutine test_wb_done_is_authoritative_for_assembling_supply[True-done]>
2026-10-06T23:46:24.8994385Z       <Coroutine test_wb_done_is_authoritative_for_assembling_supply[False-assembling]>
2026-10-06T23:46:24.8994601Z       <Coroutine test_supply_details_error_keeps_order_sync_working>
2026-10-06T23:46:24.8994803Z       <Coroutine test_tc22_stale_sync_warning_when_last_sync_old>
2026-10-06T23:46:24.8995143Z     <Module test_fbs_tracking_supply_done_rate_limit.py>
2026-10-06T23:46:24.8995454Z       <Coroutine test_supply_closes_from_list_even_when_per_supply_endpoint_is_rate_limited>
2026-10-06T23:46:24.8995740Z       <Coroutine test_list_unavailable_and_detail_429_twice_leaves_supply_and_logs_skip>
2026-10-06T23:46:24.8996013Z       <Coroutine test_wb_not_done_but_all_local_orders_terminal_for_in_delivery_supply>
2026-10-06T23:46:24.8996298Z       <Coroutine test_seller_without_marketplace_token_makes_no_wb_calls_and_warns_once>
2026-10-06T23:46:24.8996588Z       <Coroutine test_eight_open_supplies_cost_one_list_request_and_zero_detail_requests>
2026-10-06T23:46:24.8996817Z       <Coroutine test_wb_request_count_does_not_grow_with_supply_count>
2026-10-06T23:46:24.8997095Z       <Coroutine test_zero_cursor_on_non_empty_page_causes_repeated_identical_requests>
2026-10-06T23:46:24.8997374Z       <Coroutine test_in_delivery_supply_with_done_hint_closes_and_still_syncs_orders>
2026-10-06T23:46:24.8997638Z       <Coroutine test_empty_wb_supply_id_is_not_closed_by_list_endpoint_response>
2026-10-06T23:46:24.8997837Z       <Coroutine test_not_done_supply_with_all_orders_cancelled>
2026-10-06T23:46:24.8998051Z       <Coroutine test_same_wb_supply_id_in_two_tenants_is_isolated>
2026-10-06T23:46:24.8998275Z       <Coroutine test_retry_after_is_capped_so_one_pass_cannot_stall>
2026-10-06T23:46:24.8998478Z       <Function test_retry_after_seconds_never_exceeds_the_cap>
2026-10-06T23:46:24.8998750Z       <Coroutine test_list_429_recovers_on_retry_and_keeps_per_supply_calls_at_zero>
2026-10-06T23:46:24.8998990Z       <Coroutine test_token_is_resolved_once_per_supply_not_once_per_seller>
2026-10-06T23:46:24.8999261Z       <Coroutine test_done_hint_closes_supply_even_when_order_status_endpoint_fails>
2026-10-06T23:46:24.8999411Z     <Module test_fbs_warehouse_binding.py>
2026-10-06T23:46:24.8999606Z       <Coroutine test_fbs_warehouse_binding_crud_happy_path>
2026-10-06T23:46:24.8999790Z       <Coroutine test_fbs_warehouse_binding_two_wb_two_wms>
2026-10-06T23:46:24.9000124Z       <Coroutine test_fbs_warehouse_binding_cross_tenant_404>
2026-10-06T23:46:24.9000389Z       <Coroutine test_fbs_warehouse_binding_wms_shared_across_wb_warehouses>
2026-10-06T23:46:24.9000649Z       <Coroutine test_fbs_warehouse_binding_blocked_by_active_reservations_409>
2026-10-06T23:46:24.9000943Z       <Coroutine test_fbs_warehouse_binding_disable_blocked_by_active_reservations_409>
2026-10-06T23:46:24.9001142Z       <Coroutine test_fbs_warehouse_binding_invalid_wb_id_400>
2026-10-06T23:46:24.9001363Z       <Coroutine test_fbs_warehouse_binding_reactivate_after_disable>
2026-10-06T23:46:24.9001537Z       <Coroutine test_fbs_manual_stock_sync_inline_200>
2026-10-06T23:46:24.9001709Z       <Coroutine test_fbs_manual_stock_sync_celery_202>
2026-10-06T23:46:24.9001866Z       <Coroutine test_fbs_stock_sync_status_read>
2026-10-06T23:46:24.9002037Z       <Coroutine test_fbs_stock_sync_cross_tenant_404>
2026-10-06T23:46:24.9002259Z       <Coroutine test_fbs_stock_sync_ignores_auto_technical_warehouse>
2026-10-06T23:46:24.9002471Z       <Coroutine test_wb_stock_sync_does_not_publish_ozon_binding>
2026-10-06T23:46:24.9002754Z       <Coroutine test_ozon_warehouse_binding_can_be_created_and_found_by_a_posting>
2026-10-06T23:46:24.9003039Z       <Coroutine test_binding_marketplace_defaults_to_wb_and_keeps_external_id_empty>
2026-10-06T23:46:24.9003425Z       <Coroutine test_unknown_marketplace_is_refused_with_a_readable_error>
2026-10-06T23:46:24.9003670Z       <Coroutine test_ozon_binding_is_addressed_separately_from_the_wb_one>
2026-10-06T23:46:24.9003969Z       <Coroutine test_configure_seller_warehouse_takes_the_marketplace_and_makes_no_wb_twin>
2026-10-06T23:46:24.9004274Z       <Coroutine test_ozon_warehouse_directory_says_why_it_is_empty_while_the_switch_is_off>
2026-10-06T23:46:24.9004603Z       <Coroutine test_ozon_warehouse_directory_offers_the_cabinet_list_with_entrusted_acceptance>
2026-10-06T23:46:24.9004874Z       <Coroutine test_ozon_warehouse_directory_refuses_a_seller_without_a_cabinet>
2026-10-06T23:46:24.9005284Z       <Coroutine test_unserving_a_warehouse_keeps_stock_publication_untouched>
2026-10-06T23:46:24.9005548Z       <Coroutine test_serving_a_new_warehouse_does_not_start_publishing_by_itself>
2026-10-06T23:46:24.9005801Z       <Coroutine test_operator_can_switch_publication_off_on_the_live_endpoint>
2026-10-06T23:46:24.9006058Z       <Coroutine test_serving_a_new_warehouse_still_does_not_start_publishing>
2026-10-06T23:46:24.9006230Z     <Module test_fbs_wb_exact_kiz_confirmation.py>
2026-10-06T23:46:24.9006562Z       <Coroutine test_optional_without_value_keeps_binding_and_recovers_exact_value[resend-tape]>
2026-10-06T23:46:24.9006885Z       <Coroutine test_optional_without_value_keeps_binding_and_recovers_exact_value[resend-scan]>
2026-10-06T23:46:24.9007224Z       <Coroutine test_optional_without_value_keeps_binding_and_recovers_exact_value[empty_kind-tape]>
2026-10-06T23:46:24.9007565Z       <Coroutine test_optional_without_value_keeps_binding_and_recovers_exact_value[empty_kind-scan]>
2026-10-06T23:46:24.9007894Z       <Coroutine test_optional_without_value_keeps_binding_and_recovers_exact_value[delayed-tape]>
2026-10-06T23:46:24.9008219Z       <Coroutine test_optional_without_value_keeps_binding_and_recovers_exact_value[delayed-scan]>
2026-10-06T23:46:24.9008544Z       <Coroutine test_optional_without_value_keeps_binding_and_recovers_exact_value[pending-tape]>
2026-10-06T23:46:24.9008870Z       <Coroutine test_optional_without_value_keeps_binding_and_recovers_exact_value[pending-scan]>
2026-10-06T23:46:24.9009204Z       <Coroutine test_optional_without_value_keeps_binding_and_recovers_exact_value[other_order-tape]>
2026-10-06T23:46:24.9009540Z       <Coroutine test_optional_without_value_keeps_binding_and_recovers_exact_value[other_order-scan]>
2026-10-06T23:46:24.9009872Z       <Coroutine test_optional_without_value_keeps_binding_and_recovers_exact_value[read_error-tape]>
2026-10-06T23:46:24.9010347Z       <Coroutine test_optional_without_value_keeps_binding_and_recovers_exact_value[read_error-scan]>
2026-10-06T23:46:24.9010687Z       <Coroutine test_optional_without_value_keeps_binding_and_recovers_exact_value[retry_lost-tape]>
2026-10-06T23:46:24.9011017Z       <Coroutine test_optional_without_value_keeps_binding_and_recovers_exact_value[retry_lost-scan]>
2026-10-06T23:46:24.9011268Z       <Coroutine test_initial_put_without_echo_keeps_pending_operation[empty]>
2026-10-06T23:46:24.9011542Z       <Coroutine test_initial_put_without_echo_keeps_pending_operation[absent_kind]>
2026-10-06T23:46:24.9011809Z       <Coroutine test_initial_put_without_echo_keeps_pending_operation[absent_row]>
2026-10-06T23:46:24.9012021Z       <Coroutine test_normal_exact_echo_keeps_single_put_and_get>
2026-10-06T23:46:24.9012292Z       <Coroutine test_concurrent_same_scan_recovery_uses_one_binding_and_one_resend>
2026-10-06T23:46:24.9012466Z     <Module test_fbs_worklist_marketplace_identity.py>
2026-10-06T23:46:24.9012768Z       <Function test_worklist_identifiers_stay_with_order_marketplace[OZON-BARCODE-ozon]>
2026-10-06T23:46:24.9013059Z       <Function test_worklist_identifiers_stay_with_order_marketplace[OZON-BARCODE-wb]>
2026-10-06T23:46:24.9013324Z       <Function test_worklist_identifiers_stay_with_order_marketplace[None-ozon]>
2026-10-06T23:46:24.9013582Z       <Function test_worklist_identifiers_stay_with_order_marketplace[None-wb]>
2026-10-06T23:46:24.9013936Z       <Function test_ozon_positions_keep_own_catalog_metadata_and_identity>
2026-10-06T23:46:24.9014085Z     <Module test_fbs_worklist_query_count.py>
2026-10-06T23:46:24.9014258Z       <Coroutine test_fbs_worklist_happy_path[False]>
2026-10-06T23:46:24.9014424Z       <Coroutine test_fbs_worklist_happy_path[True]>
2026-10-06T23:46:24.9014687Z       <Coroutine test_fbs_worklist_hides_locations_when_address_storage_disabled>
2026-10-06T23:46:24.9015041Z       <Coroutine test_fbs_worklist_searches_operator_identifiers>
2026-10-06T23:46:24.9015237Z       <Coroutine test_fbs_worklist_delivery_and_done_groups>
2026-10-06T23:46:24.9015546Z       <Coroutine test_tsd_working_worklist_includes_only_actionable_statuses_and_paginates>
2026-10-06T23:46:24.9015818Z       <Coroutine test_tsd_working_worklist_keeps_tenant_and_served_warehouse_scope>
2026-10-06T23:46:24.9016060Z       <Coroutine test_fbs_worklist_new_and_expired_groups_split_by_deadline>
2026-10-06T23:46:24.9016280Z       <Coroutine test_fbs_worklist_filters_new_orders_by_warehouse>
2026-10-06T23:46:24.9016505Z       <Coroutine test_fbs_worklist_hides_orders_from_unserved_warehouse>
2026-10-06T23:46:24.9016679Z       <Coroutine test_fbs_worklist_query_count_bounded>
2026-10-06T23:46:24.9016821Z     <Module test_fbs_worklist_search.py>
2026-10-06T23:46:24.9017064Z       <Coroutine test_search_finds_order_after_500_and_counts_before_cursor>
2026-10-06T23:46:24.9017304Z       <Coroutine test_supply_search_numbers_members_duplicates_and_scope>
2026-10-06T23:46:24.9017485Z     <Module test_fbs_writeoff_sold_and_reversal_guard.py>
2026-10-06T23:46:24.9017731Z       <Coroutine test_sold_status_without_our_handover_does_not_touch_stock>
2026-10-06T23:46:24.9018043Z       <Coroutine test_cancellation_never_receives_previously_written_off_goods[cancel-True]>
2026-10-06T23:46:24.9018355Z       <Coroutine test_cancellation_never_receives_previously_written_off_goods[cancel-False]>
2026-10-06T23:46:24.9018658Z       <Coroutine test_cancellation_never_receives_previously_written_off_goods[cancel-None]>
2026-10-06T23:46:24.9018977Z       <Coroutine test_cancellation_never_receives_previously_written_off_goods[complete-None]>
2026-10-06T23:46:24.9019269Z       <Coroutine test_cancellation_never_receives_previously_written_off_goods[new-False]>
2026-10-06T23:46:24.9019581Z       <Coroutine test_cancellation_never_receives_previously_written_off_goods[confirm-False]>
2026-10-06T23:46:24.9019901Z       <Coroutine test_cancellation_never_receives_previously_written_off_goods[assembly-False]>
2026-10-06T23:46:24.9020040Z     <Module test_fbs_zero_refresh.py>
2026-10-06T23:46:24.9020491Z       <Coroutine test_zero_without_history_refreshes_after_ten_minutes_and_stops_on_restock[False]>
2026-10-06T23:46:24.9020814Z       <Coroutine test_zero_without_history_refreshes_after_ten_minutes_and_stops_on_restock[True]>
2026-10-06T23:46:24.9021084Z       <Coroutine test_by_binding_zero_clear_and_reenable_resets_confirmed_item_once>
2026-10-06T23:46:24.9021395Z       <Coroutine test_unmanaged_and_rounding_zero_never_enter_refresh[disabled_product]>
2026-10-06T23:46:24.9021671Z       <Coroutine test_unmanaged_and_rounding_zero_never_enter_refresh[zero_percent]>
2026-10-06T23:46:24.9021924Z       <Coroutine test_unmanaged_and_rounding_zero_never_enter_refresh[no_rule]>
2026-10-06T23:46:24.9022199Z       <Coroutine test_unmanaged_and_rounding_zero_never_enter_refresh[missing_units]>
2026-10-06T23:46:24.9022460Z       <Coroutine test_unmanaged_and_rounding_zero_never_enter_refresh[binding_off]>
2026-10-06T23:46:24.9022747Z       <Coroutine test_unmanaged_and_rounding_zero_never_enter_refresh[binding_inactive]>
2026-10-06T23:46:24.9023017Z       <Coroutine test_unmanaged_and_rounding_zero_never_enter_refresh[rounding]>
2026-10-06T23:46:24.9023318Z       <Coroutine test_unmanaged_and_rounding_zero_never_enter_refresh[zero_binding_percent]>
2026-10-06T23:46:24.9023635Z       <Coroutine test_unmanaged_and_rounding_zero_never_enter_refresh[missing_binding_percent]>
2026-10-06T23:46:24.9023989Z       <Coroutine test_zero_failure_readback_and_next_cycle_retry[refused]>
2026-10-06T23:46:24.9024225Z       <Coroutine test_zero_failure_readback_and_next_cycle_retry[mismatch]>
2026-10-06T23:46:24.9024487Z       <Coroutine test_zero_failure_readback_and_next_cycle_retry[lost_response]>
2026-10-06T23:46:24.9024650Z       <Coroutine test_zero_eligibility_is_wb_only>
2026-10-06T23:46:24.9025194Z       <Coroutine test_committed_events_publish_first_zero_immediately[movement]>
2026-10-06T23:46:24.9025523Z       <Coroutine test_committed_events_publish_first_zero_immediately[reserve]>
2026-10-06T23:46:24.9025801Z       <Coroutine test_committed_events_publish_first_zero_immediately[operator_zero]>
2026-10-06T23:46:24.9026013Z       <Coroutine test_concurrent_zero_refresh_uses_binding_lease>
2026-10-06T23:46:24.9026248Z       <Coroutine test_same_chrt_in_other_seller_targets_only_its_binding>
2026-10-06T23:46:24.9026552Z       <Coroutine test_eta_refresh_at_ten_minutes_after_off_phase_event_and_duplicate_delivery>
2026-10-06T23:46:24.9026728Z       <Function test_zero_scheduler_uses_broker_eta>
2026-10-06T23:46:24.9027011Z       <Coroutine test_delayed_worker_recalculates_current_rules_and_publishes_only_zero>
2026-10-06T23:46:24.9027379Z       <Coroutine test_stale_eta_preserves_binding_summary_and_ignores_unrelated_conflicts[confirmed-None]>
2026-10-06T23:46:24.9027771Z       <Coroutine test_stale_eta_preserves_binding_summary_and_ignores_unrelated_conflicts[error-wb_http_error_500]>
2026-10-06T23:46:24.9028081Z       <Coroutine test_percentage_to_units_clears_omitted_units_and_preserves_percentages[wb]>
2026-10-06T23:46:24.9028400Z       <Coroutine test_percentage_to_units_clears_omitted_units_and_preserves_percentages[ozon]>
2026-10-06T23:46:24.9028709Z       <Coroutine test_historical_zero_does_not_prove_operator_intent_but_explicit_save_does[0]>
2026-10-06T23:46:24.9029013Z       <Coroutine test_historical_zero_does_not_prove_operator_intent_but_explicit_save_does[5]>
2026-10-06T23:46:24.9029252Z       <Function test_units_intent_migration_preserves_legacy_quantities>
2026-10-06T23:46:24.9029525Z       <Coroutine test_legacy_zero_keeps_one_time_transition_but_never_starts_refresh>
2026-10-06T23:46:24.9029844Z       <Coroutine test_successful_nonempty_zero_refresh_preserves_another_products_error_summary>
2026-10-06T23:46:24.9030108Z       <Coroutine test_reentering_explicit_zero_after_unset_publishes_immediately>
2026-10-06T23:46:24.9030447Z       <Coroutine test_release_zero_only_preserves_production_publication_boundary[disabled_product]>
2026-10-06T23:46:24.9030885Z       <Coroutine test_release_zero_only_preserves_production_publication_boundary[no_rule]>
2026-10-06T23:46:24.9031194Z       <Coroutine test_release_zero_only_preserves_production_publication_boundary[positive]>
2026-10-06T23:46:24.9031528Z       <Coroutine test_release_zero_only_preserves_production_publication_boundary[disabled_binding]>
2026-10-06T23:46:24.9031789Z       <Coroutine test_explicit_zero_survives_percentage_mode_and_resumes_refresh>
2026-10-06T23:46:24.9032065Z       <Coroutine test_delayed_worker_stops_after_binding_moves_to_auto_fbs_warehouse>
2026-10-06T23:46:24.9032174Z     <Module test_health.py>
2026-10-06T23:46:24.9032309Z       <Function test_health_ok>
2026-10-06T23:46:24.9032456Z     <Module test_inbound_acceptance_act.py>
2026-10-06T23:46:24.9032691Z       <Coroutine test_wms586_acceptance_act_has_plan_fact_and_difference>
2026-10-06T23:46:24.9032948Z       <Coroutine test_wms586_acceptance_act_refused_before_reception_is_closed>
2026-10-06T23:46:24.9033093Z     <Module test_inbound_box_acceptance.py>
2026-10-06T23:46:24.9033295Z       <Coroutine test_inbound_box_plan_vs_actual_discrepancy>
2026-10-06T23:46:24.9033466Z       <Coroutine test_on_demand_boxes_and_mark_label>
2026-10-06T23:46:24.9033663Z       <Coroutine test_patch_rejects_invalid_planned_box_count>
2026-10-06T23:46:24.9033807Z     <Module test_inbound_box_import_api.py>
2026-10-06T23:46:24.9033994Z       <Coroutine test_inbound_import_boxes_preview_and_apply>
2026-10-06T23:46:24.9034340Z       <Coroutine test_inbound_import_boxes_bad_file_no_boxes>
2026-10-06T23:46:24.9034479Z     <Module test_inbound_box_intake.py>
2026-10-06T23:46:24.9034681Z       <Coroutine test_inbound_box_intake_manual_qty_and_verify>
2026-10-06T23:46:24.9034870Z       <Coroutine test_inbound_box_zero_qty_sets_actual_zero>
2026-10-06T23:46:24.9035196Z       <Coroutine test_inbound_box_over_receive_allowed>
2026-10-06T23:46:24.9035382Z       <Coroutine test_inbound_box_line_qty_auto_opens_box>
2026-10-06T23:46:24.9035602Z       <Coroutine test_inbound_manual_actual_allowed_when_boxes_exist>
2026-10-06T23:46:24.9035766Z       <Coroutine test_inbound_unknown_inb_barcode>
2026-10-06T23:46:24.9035983Z       <Coroutine test_inbound_box_line_quantity_accepts_up_to_999999>
2026-10-06T23:46:24.9036205Z       <Coroutine test_inbound_box_clear_removes_units_and_allows_delete>
2026-10-06T23:46:24.9036367Z     <Module test_inbound_box_reconciliation.py>
2026-10-06T23:46:24.9036667Z       <Coroutine test_reconciliation_caps_by_current_stock_and_preserves_original_boxes>
2026-10-06T23:46:24.9036816Z     <Module test_inbound_cargo_place_api.py>
2026-10-06T23:46:24.9037057Z       <Coroutine test_cargo_place_quantity_scan_update_and_remove_one_line>
2026-10-06T23:46:24.9037309Z       <Coroutine test_cargo_place_scan_increases_accepted_qty_and_posts_stock>
2026-10-06T23:46:24.9037540Z       <Coroutine test_box_and_cargo_place_are_counted_once_across_reopen>
2026-10-06T23:46:24.9037748Z       <Coroutine test_cargo_place_rejects_product_not_on_request>
2026-10-06T23:46:24.9037969Z       <Coroutine test_cargo_place_scan_resolves_ozon_external_barcode>
2026-10-06T23:46:24.9038190Z       <Coroutine test_cargo_place_quantity_cannot_drop_below_posted>
2026-10-06T23:46:24.9038403Z       <Coroutine test_foreign_tenant_cannot_see_or_edit_cargo_place>
2026-10-06T23:46:24.9038541Z     <Module test_inbound_distribution.py>
2026-10-06T23:46:24.9038789Z       <Coroutine test_inbound_distribution_lines_validate_limits_and_lock>
2026-10-06T23:46:24.9039034Z       <Coroutine test_whole_box_putaway_moves_every_product_to_one_location>
2026-10-06T23:46:24.9039248Z       <Coroutine test_concurrent_same_box_putaway_is_applied_once>
2026-10-06T23:46:24.9039425Z       <Coroutine test_resync_sorting_stock_idempotent>
2026-10-06T23:46:24.9039609Z       <Coroutine test_empty_distribution_complete_rejected>
2026-10-06T23:46:24.9039842Z       <Coroutine test_distribution_scan_cell_then_product_and_complete>
2026-10-06T23:46:24.9040096Z       <Coroutine test_delete_location_with_stock_requires_move_and_hides_cell>
2026-10-06T23:46:24.9040421Z       <Coroutine test_distribution_reopen_after_stuck_lock>
2026-10-06T23:46:24.9040565Z     <Module test_inbound_intake.py>
2026-10-06T23:46:24.9040728Z       <Coroutine test_inbound_intake_flow_post_all>
2026-10-06T23:46:24.9040995Z       <Coroutine test_ff_created_request_begins_receiving_and_reads_cargo_places>
2026-10-06T23:46:24.9041304Z       <Coroutine test_rec03_seller_created_requires_submit_but_ff_created_receives_directly>
2026-10-06T23:46:24.9041499Z       <Coroutine test_inbound_partial_receive_then_complete>
2026-10-06T23:46:24.9041695Z       <Coroutine test_inbound_patch_storage_after_line_create>
2026-10-06T23:46:24.9041872Z       <Coroutine test_inbound_post_missing_storage_on_line>
2026-10-06T23:46:24.9042054Z       <Coroutine test_inbound_duplicate_line_while_draft>
2026-10-06T23:46:24.9042310Z       <Coroutine test_ff_created_inbound_summary_keeps_seller_and_product_terms>
2026-10-06T23:46:24.9042454Z       <Coroutine test_inbound_requires_auth>
2026-10-06T23:46:24.9042651Z       <Coroutine test_inbound_patch_wrong_warehouse_location>
2026-10-06T23:46:24.9042821Z       <Coroutine test_inbound_create_unknown_warehouse>
2026-10-06T23:46:24.9043044Z       <Coroutine test_inbound_draft_patch_qty_delete_patch_planned>
2026-10-06T23:46:24.9043344Z       <Coroutine test_inbound_receiving_scan_accepts_planned_local_product_without_wb_ids>
2026-10-06T23:46:24.9043884Z       <Coroutine test_inbound_scan_rejects_catalog_product_not_on_request_until_added>
2026-10-06T23:46:24.9044162Z       <Coroutine test_inbound_receiving_accepts_seller_catalog_product_as_discrepancy>
2026-10-06T23:46:24.9044430Z       <Coroutine test_inbound_receiving_lines_accepts_same_seller_catalog_product>
2026-10-06T23:46:24.9044711Z       <Coroutine test_inbound_receiving_lines_accepts_local_same_seller_catalog_product>
2026-10-06T23:46:24.9045131Z       <Coroutine test_inbound_receiving_lines_rejects_foreign_seller_product>
2026-10-06T23:46:24.9045287Z     <Module test_inbound_intake_api_be03.py>
2026-10-06T23:46:24.9045469Z       <Coroutine test_primary_accept_endpoint_removed>
2026-10-06T23:46:24.9045635Z       <Coroutine test_loose_scan_increments_actual>
2026-10-06T23:46:24.9045890Z       <Coroutine test_loose_scan_mutation_id_replays_without_duplicate_increment>
2026-10-06T23:46:24.9046080Z       <Coroutine test_two_boxes_manual_qty_effective_in_get>
2026-10-06T23:46:24.9046244Z       <Coroutine test_loose_scan_unknown_barcode_422>
2026-10-06T23:46:24.9046406Z       <Coroutine test_manual_actual_qty_absolute>
2026-10-06T23:46:24.9046563Z       <Coroutine test_create_box_and_scan_into_box>
2026-10-06T23:46:24.9046745Z       <Coroutine test_complete_receiving_with_discrepancy>
2026-10-06T23:46:24.9046957Z       <Coroutine test_complete_receiving_mixed_box_then_loose_api>
2026-10-06T23:46:24.9047219Z       <Coroutine test_complete_receiving_matched_goods_still_reports_missing_box>
2026-10-06T23:46:24.9047475Z       <Coroutine test_reopen_receiving_reverses_sorting_and_allows_recomplete>
2026-10-06T23:46:24.9047712Z       <Coroutine test_complete_receiving_reports_box_count_discrepancy>
2026-10-06T23:46:24.9047878Z       <Coroutine test_inbound_box_damaged_flag_toggle>
2026-10-06T23:46:24.9048090Z       <Coroutine test_inbound_box_damaged_flag_rejects_unknown_box>
2026-10-06T23:46:24.9048315Z       <Coroutine test_complete_receiving_zero_boxes_compares_with_plan>
2026-10-06T23:46:24.9048584Z       <Coroutine test_ff_list_hides_only_seller_drafts_and_preserves_seller_scope>
2026-10-06T23:46:24.9048746Z     <Module test_inbound_intake_box_ondemand.py>
2026-10-06T23:46:24.9048946Z       <Coroutine test_create_three_boxes_on_demand_are_distinct>
2026-10-06T23:46:24.9049104Z       <Coroutine test_box_two_scans_only_box_two>
2026-10-06T23:46:24.9049301Z       <Coroutine test_box_scan_resolves_ozon_external_barcode>
2026-10-06T23:46:24.9049576Z       <Coroutine test_ambiguous_external_barcode_does_not_change_box_or_cargo_place>
2026-10-06T23:46:24.9049838Z       <Coroutine test_receiving_scans_limit_catalog_lookup_to_request_products>
2026-10-06T23:46:24.9050224Z       <Coroutine test_product_hint_skips_catalog_and_updates_only_requested_line>
2026-10-06T23:46:24.9050499Z       <Coroutine test_box_total_validation_keeps_zero_quantity_box_line_membership>
2026-10-06T23:46:24.9050710Z       <Coroutine test_loose_scan_api_does_not_reload_full_request>
2026-10-06T23:46:24.9050866Z       <Coroutine test_delete_empty_box_on_demand>
2026-10-06T23:46:24.9051141Z       <Coroutine test_loose_scan_stays_loose_and_completion_does_not_require_close>
2026-10-06T23:46:24.9051283Z     <Module test_inbound_intake_excel.py>
2026-10-06T23:46:24.9051537Z       <Coroutine test_seller_intake_excel_import_is_atomic_scoped_and_repeatable>
2026-10-06T23:46:24.9051697Z     <Module test_inbound_intake_service_be01.py>
2026-10-06T23:46:24.9051920Z       <Coroutine test_loose_only_receiving_flags_missing_planned_box>
2026-10-06T23:46:24.9052091Z       <Coroutine test_mixed_box_then_loose_fact_is_sum>
2026-10-06T23:46:24.9052262Z       <Coroutine test_mixed_loose_then_box_fact_is_sum>
2026-10-06T23:46:24.9052486Z       <Coroutine test_under_receive_sets_has_discrepancy_but_completes>
2026-10-06T23:46:24.9052662Z       <Coroutine test_over_receive_sets_has_discrepancy>
2026-10-06T23:46:24.9052844Z       <Coroutine test_status_transitions_collapsed_chain>
2026-10-06T23:46:24.9053045Z       <Coroutine test_box_only_under_receive_sets_discrepancy>
2026-10-06T23:46:24.9053363Z       <Coroutine test_primary_accept_does_not_create_boxes>
2026-10-06T23:46:24.9053533Z     <Module test_inbound_intake_service_sort_be01.py>
2026-10-06T23:46:24.9053761Z       <Coroutine test_complete_receiving_exposes_sorting_remaining_qty>
2026-10-06T23:46:24.9053952Z       <Coroutine test_mixed_distribution_lines_across_cells>
2026-10-06T23:46:24.9054154Z       <Coroutine test_mixed_distribution_rejects_over_accepted>
2026-10-06T23:46:24.9054361Z       <Coroutine test_mixed_distribution_rejects_loose_over_pool>
2026-10-06T23:46:24.9054560Z       <Coroutine test_complete_distribution_mixed_box_and_loose>
2026-10-06T23:46:24.9054795Z       <Coroutine test_billing_overflow_does_not_block_completed_inbound>
2026-10-06T23:46:24.9055208Z       <Coroutine test_zero_actual_intake_closes_and_charges_document_tariff_once>
2026-10-06T23:46:24.9055459Z       <Coroutine test_zero_actual_intake_closes_with_zero_item_tariff_amount>
2026-10-06T23:46:24.9055598Z     <Module test_inbound_marking.py>
2026-10-06T23:46:24.9055823Z       <Coroutine test_attach_preserves_full_code_qty_and_idempotency>
2026-10-06T23:46:24.9056066Z       <Coroutine test_capacity_and_existing_lifecycle_are_not_overwritten>
2026-10-06T23:46:24.9056349Z       <Coroutine test_background_check_is_idempotent_and_has_no_stock_effect[applied]>
2026-10-06T23:46:24.9056643Z       <Coroutine test_background_check_is_idempotent_and_has_no_stock_effect[introduced]>
2026-10-06T23:46:24.9056916Z       <Coroutine test_background_check_is_idempotent_and_has_no_stock_effect[http451]>
2026-10-06T23:46:24.9057188Z       <Coroutine test_background_check_is_idempotent_and_has_no_stock_effect[offline]>
2026-10-06T23:46:24.9057375Z       <Function test_xlsx_only_problems_keeps_codes_as_text>
2026-10-06T23:46:24.9057560Z       <Coroutine test_wb_only_admits_unbound_received_code>
2026-10-06T23:46:24.9057842Z       <Coroutine test_failed_check_scheduling_cannot_undo_posting_or_successful_replay>
2026-10-06T23:46:24.9058146Z       <Coroutine test_receiving_code_binds_as_external_once_and_cannot_be_printed[False-wb]>
2026-10-06T23:46:24.9058465Z       <Coroutine test_receiving_code_binds_as_external_once_and_cannot_be_printed[False-ozon]>
2026-10-06T23:46:24.9058757Z       <Coroutine test_receiving_code_binds_as_external_once_and_cannot_be_printed[True-wb]>
2026-10-06T23:46:24.9059064Z       <Coroutine test_receiving_code_binds_as_external_once_and_cannot_be_printed[True-ozon]>
2026-10-06T23:46:24.9059485Z       <Coroutine test_existing_lifecycle_is_rejected_without_silent_reassignment[pool-available-marking_code_in_pool]>
2026-10-06T23:46:24.9060071Z       <Coroutine test_existing_lifecycle_is_rejected_without_silent_reassignment[external_fbs-applied-marking_code_already_used]>
2026-10-06T23:46:24.9060530Z       <Coroutine test_existing_lifecycle_is_rejected_without_silent_reassignment[external_fbs-shipped-marking_code_already_used]>
2026-10-06T23:46:24.9060970Z       <Coroutine test_existing_lifecycle_is_rejected_without_silent_reassignment[external_fbs-void-marking_code_already_used]>
2026-10-06T23:46:24.9061253Z       <Coroutine test_concurrent_receipt_scan_serializes_capacity_and_duplicate[True]>
2026-10-06T23:46:24.9061540Z       <Coroutine test_concurrent_receipt_scan_serializes_capacity_and_duplicate[False]>
2026-10-06T23:46:24.9061769Z       <Coroutine test_failed_job_is_persisted_when_receipt_was_deleted>
2026-10-06T23:46:24.9062053Z       <Coroutine test_automatic_check_preserves_finished_answers_manual_check_rechecks>
2026-10-06T23:46:24.9062326Z       <Coroutine test_delete_wrong_input_releases_capacity_and_allows_correct_product>
2026-10-06T23:46:24.9062601Z       <Coroutine test_deletion_during_check_and_rescan_are_drained_without_stuck_job>
2026-10-06T23:46:24.9062843Z       <Coroutine test_delete_preserves_existing_history_and_scope[history]>
2026-10-06T23:46:24.9063088Z       <Coroutine test_delete_preserves_existing_history_and_scope[printed]>
2026-10-06T23:46:24.9063327Z       <Coroutine test_delete_preserves_existing_history_and_scope[shipped]>
2026-10-06T23:46:24.9063701Z       <Coroutine test_delete_preserves_existing_history_and_scope[other_receipt]>
2026-10-06T23:46:24.9063939Z       <Coroutine test_delete_preserves_existing_history_and_scope[posted]>
2026-10-06T23:46:24.9064242Z       <Coroutine test_printed_pool_inspection_and_removal_preserve_original_code_and_history>
2026-10-06T23:46:24.9064464Z       <Coroutine test_delete_never_erases_code_referenced_by_fbs_order>
2026-10-06T23:46:24.9064697Z       <Coroutine test_delete_api_is_authenticated_and_returns_no_content>
2026-10-06T23:46:24.9065218Z       <Coroutine test_expired_check_cannot_overwrite_replacement_pending_snapshot>
2026-10-06T23:46:24.9065395Z     <Module test_inbound_package_catalog.py>
2026-10-06T23:46:24.9065640Z       <Coroutine test_catalog_list_and_lookup_are_tenant_scoped_read_only>
2026-10-06T23:46:24.9065913Z       <Coroutine test_catalog_list_keeps_original_package_numbers_after_distribution>
2026-10-06T23:46:24.9066149Z       <Coroutine test_catalog_box_lookup_has_bounded_read_only_query_path>
2026-10-06T23:46:24.9066411Z       <Coroutine test_catalog_package_access_matches_catalog_read_permissions>
2026-10-06T23:46:24.9066581Z     <Module test_inbound_receiving_concurrency.py>
2026-10-06T23:46:24.9066791Z       <Coroutine test_concurrent_completion_posts_once[commit]>
2026-10-06T23:46:24.9066996Z       <Coroutine test_concurrent_completion_posts_once[rollback]>
2026-10-06T23:46:24.9067169Z     <Module test_inbound_sorting_object_putaway.py>
2026-10-06T23:46:24.9067410Z       <Coroutine test_sorting_object_place_moves_inbound_box_stock_to_cell>
2026-10-06T23:46:24.9067569Z     <Module test_inventory_atomic_increment.py>
2026-10-06T23:46:24.9067801Z       <Function test_positive_balance_upsert_compiles_for_postgresql>
2026-10-06T23:46:24.9068028Z       <Coroutine test_concurrent_positive_movements_do_not_lose_balance>
2026-10-06T23:46:24.9068263Z       <Coroutine test_import_and_pack_overlap_without_lost_bucket_update>
2026-10-06T23:46:24.9068505Z       <Coroutine test_import_and_deduct_overlap_without_lost_bucket_update>
2026-10-06T23:46:24.9068669Z     <Module test_inventory_balances_summary.py>
2026-10-06T23:46:24.9068868Z       <Coroutine test_inventory_balances_summary_seller_scope>
2026-10-06T23:46:24.9069097Z       <Coroutine test_available_includes_sorting_before_and_after_putaway>
2026-10-06T23:46:24.9069258Z     <Module test_inventory_count_print_sheet.py>
2026-10-06T23:46:24.9069470Z       <Coroutine test_print_sheet_header_matches_document_screen>
2026-10-06T23:46:24.9069705Z       <Coroutine test_print_sheet_prints_only_the_filters_set_at_creation>
2026-10-06T23:46:24.9070083Z       <Coroutine test_print_sheet_object_source_prints_only_by_object>
2026-10-06T23:46:24.9070319Z       <Coroutine test_print_sheet_selected_products_persist_after_reopen>
2026-10-06T23:46:24.9070548Z       <Coroutine test_print_sheet_without_selection_has_no_products_line>
2026-10-06T23:46:24.9070771Z       <Coroutine test_print_sheet_one_row_per_product_across_locations>
2026-10-06T23:46:24.9071044Z       <Coroutine test_print_sheet_totals_match_balances_summary_with_reservations>
2026-10-06T23:46:24.9071303Z       <Coroutine test_print_sheet_movement_after_creation_shows_current_numbers>
2026-10-06T23:46:24.9071572Z       <Coroutine test_print_sheet_ozon_only_product_uses_link_barcode_and_offer_id>
2026-10-06T23:46:24.9071822Z       <Coroutine test_print_sheet_product_without_any_article_falls_back_to_sku>
2026-10-06T23:46:24.9072029Z       <Coroutine test_print_sheet_negative_balance_prints_as_is>
2026-10-06T23:46:24.9072217Z       <Coroutine test_print_sheet_works_for_posted_document>
2026-10-06T23:46:24.9072419Z       <Coroutine test_print_sheet_works_for_cancelled_document>
2026-10-06T23:46:24.9072574Z       <Coroutine test_print_sheet_is_read_only>
2026-10-06T23:46:24.9072771Z       <Coroutine test_print_sheet_requires_inventory_permission>
2026-10-06T23:46:24.9072936Z       <Coroutine test_print_sheet_is_tenant_scoped>
2026-10-06T23:46:24.9073079Z     <Module test_inventory_counts.py>
2026-10-06T23:46:24.9073451Z       <Coroutine test_inventory_count_shows_actual_wb_alias_and_ozon_barcodes>
2026-10-06T23:46:24.9073763Z       <Coroutine test_inventory_count_seller_and_category_filters_do_not_leak_other_products>
2026-10-06T23:46:24.9074024Z       <Coroutine test_inventory_count_selected_products_narrow_existing_scope>
2026-10-06T23:46:24.9081040Z       <Coroutine test_inventory_count_object_keeps_existing_location_and_product_scopes>
2026-10-06T23:46:24.9081338Z       <Coroutine test_inventory_count_uses_human_label_for_sorting_location>
2026-10-06T23:46:24.9081572Z       <Coroutine test_inventory_count_by_box_uses_exact_box_balances>
2026-10-06T23:46:24.9081863Z       <Coroutine test_inventory_count_by_cargo_place_uses_exact_cargo_place_balances>
2026-10-06T23:46:24.9082136Z       <Coroutine test_inventory_count_by_pallet_includes_nested_container_balances>
2026-10-06T23:46:24.9082433Z       <Coroutine test_inventory_count_by_empty_container_is_visible_before_confirmation>
2026-10-06T23:46:24.9082694Z       <Coroutine test_inventory_count_is_tenant_scoped_for_list_get_and_post>
2026-10-06T23:46:24.9083002Z       <Coroutine test_inventory_count_zero_blank_match_and_mismatch_create_exact_movements>
2026-10-06T23:46:24.9083293Z       <Coroutine test_inventory_count_posts_against_current_balance_and_returns_warning>
2026-10-06T23:46:24.9083601Z       <Coroutine test_inventory_count_empty_document_is_rejected_and_draft_can_be_cancelled>
2026-10-06T23:46:24.9083909Z       <Coroutine test_inventory_count_without_address_storage_hides_and_does_not_require_cell>
2026-10-06T23:46:24.9084174Z       <Coroutine test_inventory_count_includes_negative_balance_and_skips_zero>
2026-10-06T23:46:24.9084453Z       <Coroutine test_inventory_count_found_creates_line_and_second_scan_increments>
2026-10-06T23:46:24.9084706Z       <Coroutine test_inventory_count_found_survives_scanner_layout_and_case>
2026-10-06T23:46:24.9085149Z       <Coroutine test_inventory_count_found_rejects_container_from_another_warehouse>
2026-10-06T23:46:24.9085413Z       <Coroutine test_inventory_count_found_without_place_goes_to_sorting_zone>
2026-10-06T23:46:24.9085640Z       <Coroutine test_inventory_count_found_is_idempotent_per_scan>
2026-10-06T23:46:24.9085944Z       <Coroutine test_inventory_count_scan_of_expected_line_increments_without_found_notice>
2026-10-06T23:46:24.9086252Z       <Coroutine test_inventory_count_scan_with_line_id_resolves_same_barcode_across_sellers>
2026-10-06T23:46:24.9086523Z       <Coroutine test_inventory_count_drops_empty_places_but_keeps_them_scannable>
2026-10-06T23:46:24.9087023Z       <Coroutine test_inventory_count_create_container_keeps_it_visible_but_not_other_empty_boxes>
2026-10-06T23:46:24.9087311Z       <Coroutine test_inventory_count_container_and_document_link_commit_together[box]>
2026-10-06T23:46:24.9087630Z       <Coroutine test_inventory_count_container_and_document_link_commit_together[cargo_place]>
2026-10-06T23:46:24.9087938Z       <Coroutine test_inventory_count_container_and_document_link_commit_together[pallet]>
2026-10-06T23:46:24.9088202Z       <Coroutine test_inventory_count_create_container_rejects_posted_document>
2026-10-06T23:46:24.9088478Z       <Coroutine test_inventory_count_records_found_into_container_dropped_as_empty>
2026-10-06T23:46:24.9088753Z       <Coroutine test_inventory_count_reports_physical_shortage_without_consuming_cap>
2026-10-06T23:46:24.9089027Z       <Coroutine test_inventory_count_manual_line_without_selection_uses_sorting_zone>
2026-10-06T23:46:24.9089333Z       <Coroutine test_inventory_count_manual_line_into_selected_container_binds_its_location>
2026-10-06T23:46:24.9089561Z       <Coroutine test_inventory_count_manual_line_into_selected_cell>
2026-10-06T23:46:24.9089857Z       <Coroutine test_inventory_count_manual_line_merges_into_existing_line_at_same_place>
2026-10-06T23:46:24.9090126Z       <Coroutine test_inventory_count_manual_line_rejects_product_from_other_seller>
2026-10-06T23:46:24.9090360Z       <Coroutine test_inventory_count_manual_line_rejects_posted_document>
2026-10-06T23:46:24.9090746Z       <Coroutine test_inventory_count_manual_line_rejects_non_positive_quantity>
2026-10-06T23:46:24.9091023Z       <Coroutine test_inventory_count_create_container_places_into_selected_cell[box]>
2026-10-06T23:46:24.9091333Z       <Coroutine test_inventory_count_create_container_places_into_selected_cell[cargo_place]>
2026-10-06T23:46:24.9091629Z       <Coroutine test_inventory_count_create_container_places_into_selected_cell[pallet]>
2026-10-06T23:46:24.9091879Z       <Coroutine test_inventory_count_create_container_rejects_foreign_cell>
2026-10-06T23:46:24.9092133Z       <Coroutine test_inventory_count_create_container_without_cell_still_works>
2026-10-06T23:46:24.9092383Z       <Coroutine test_inventory_count_lines_put_preserves_comment_by_default>
2026-10-06T23:46:24.9092636Z       <Coroutine test_inventory_count_lines_put_updates_comment_when_flag_set>
2026-10-06T23:46:24.9092905Z       <Coroutine test_inventory_count_lines_put_clears_comment_with_empty_string>
2026-10-06T23:46:24.9093177Z       <Coroutine test_inventory_count_move_line_transfers_balance_and_line_address>
2026-10-06T23:46:24.9093416Z       <Coroutine test_inventory_count_move_line_rejects_when_already_there>
2026-10-06T23:46:24.9093712Z       <Coroutine test_inventory_count_move_line_rejects_product_already_at_destination>
2026-10-06T23:46:24.9093938Z       <Coroutine test_inventory_count_move_line_rejects_empty_source>
2026-10-06T23:46:24.9094171Z       <Coroutine test_inventory_count_move_line_rejects_posted_document>
2026-10-06T23:46:24.9094409Z       <Coroutine test_inventory_count_delete_container_removes_empty_box>
2026-10-06T23:46:24.9094652Z       <Coroutine test_inventory_count_delete_container_removes_empty_pallet>
2026-10-06T23:46:24.9094886Z       <Coroutine test_inventory_count_delete_container_rejects_non_empty>
2026-10-06T23:46:24.9095290Z       <Coroutine test_inventory_count_delete_container_rejects_pallet_with_children>
2026-10-06T23:46:24.9095543Z       <Coroutine test_inventory_count_delete_container_rejects_inbound_linked>
2026-10-06T23:46:24.9095805Z       <Coroutine test_inventory_count_delete_container_rejects_posted_document>
2026-10-06T23:46:24.9096141Z       <Coroutine test_empty_container_without_goods_is_confirmed_reloaded_and_removed_on_post[box]>
2026-10-06T23:46:24.9096499Z       <Coroutine test_empty_container_without_goods_is_confirmed_reloaded_and_removed_on_post[cargo_place]>
2026-10-06T23:46:24.9096848Z       <Coroutine test_empty_container_without_goods_is_confirmed_reloaded_and_removed_on_post[pallet]>
2026-10-06T23:46:24.9097140Z       <Coroutine test_confirm_empty_zeros_previously_counted_goods_and_removes_container>
2026-10-06T23:46:24.9097513Z       <Coroutine test_stale_comment_update_preserves_other_operators_edit>
2026-10-06T23:46:24.9097750Z       <Coroutine test_recount_after_empty_confirmation_keeps_container>
2026-10-06T23:46:24.9098030Z       <Coroutine test_new_stock_in_confirmed_empty_container_blocks_removal_atomically>
2026-10-06T23:46:24.9098203Z       <Coroutine test_save_rereads_stale_count_status>
2026-10-06T23:46:24.9098529Z       <Coroutine test_truly_empty_cell_confirmation_survives_reload_and_posts_without_movements>
2026-10-06T23:46:24.9098762Z       <Coroutine test_move_rejects_destination_stock_missing_from_count>
2026-10-06T23:46:24.9099012Z       <Coroutine test_empty_cell_does_not_schedule_inbound_container_deletion>
2026-10-06T23:46:24.9099331Z       <Coroutine test_confirmed_empty_container_deleted_by_other_count_is_idempotent[False-box]>
2026-10-06T23:46:24.9099680Z       <Coroutine test_confirmed_empty_container_deleted_by_other_count_is_idempotent[False-cargo_place]>
2026-10-06T23:46:24.9100020Z       <Coroutine test_confirmed_empty_container_deleted_by_other_count_is_idempotent[False-pallet]>
2026-10-06T23:46:24.9100338Z       <Coroutine test_confirmed_empty_container_deleted_by_other_count_is_idempotent[True-box]>
2026-10-06T23:46:24.9100685Z       <Coroutine test_confirmed_empty_container_deleted_by_other_count_is_idempotent[True-cargo_place]>
2026-10-06T23:46:24.9101129Z       <Coroutine test_confirmed_empty_container_deleted_by_other_count_is_idempotent[True-pallet]>
2026-10-06T23:46:24.9101435Z       <Coroutine test_stale_empty_confirmation_does_not_hide_foreign_container[save-tenant]>
2026-10-06T23:46:24.9101747Z       <Coroutine test_stale_empty_confirmation_does_not_hide_foreign_container[save-warehouse]>
2026-10-06T23:46:24.9102048Z       <Coroutine test_stale_empty_confirmation_does_not_hide_foreign_container[save-kind]>
2026-10-06T23:46:24.9102357Z       <Coroutine test_stale_empty_confirmation_does_not_hide_foreign_container[post-tenant]>
2026-10-06T23:46:24.9102677Z       <Coroutine test_stale_empty_confirmation_does_not_hide_foreign_container[post-warehouse]>
2026-10-06T23:46:24.9102975Z       <Coroutine test_stale_empty_confirmation_does_not_hide_foreign_container[post-kind]>
2026-10-06T23:46:24.9103301Z       <Coroutine test_stale_empty_confirmation_keeps_missing_and_nonempty_errors_distinct[False]>
2026-10-06T23:46:24.9103620Z       <Coroutine test_stale_empty_confirmation_keeps_missing_and_nonempty_errors_distinct[True]>
2026-10-06T23:46:24.9103791Z     <Module test_inventory_movement_actor.py>
2026-10-06T23:46:24.9104113Z       <Coroutine test_inbound_post_records_authenticated_actor_and_returns_it_from_movement_api>
2026-10-06T23:46:24.9104430Z       <Coroutine test_transfer_uses_authenticated_actor_on_both_legs_and_ignores_spoofed_actor>
2026-10-06T23:46:24.9104706Z       <Coroutine test_inventory_movement_api_returns_null_actor_for_historical_row>
2026-10-06T23:46:24.9105261Z       <Function test_inventory_movement_actor_schema_and_additive_migration_contract>
2026-10-06T23:46:24.9105462Z     <Module test_inventory_movement_actor_flows.py>
2026-10-06T23:46:24.9105730Z       <Coroutine test_outbound_post_records_actor_in_row_and_both_movement_apis>
2026-10-06T23:46:24.9105992Z       <Coroutine test_discrepancy_act_approval_records_approving_user_as_actor>
2026-10-06T23:46:24.9106222Z       <Coroutine test_ozon_packaging_write_off_records_operator_actor>
2026-10-06T23:46:24.9106526Z       <Coroutine test_fbs_cancellation_preserves_shipment_actor_without_returning_stock>
2026-10-06T23:46:24.9106757Z       <Coroutine test_marketplace_unload_box_add_and_remove_record_actor>
2026-10-06T23:46:24.9107004Z       <Coroutine test_system_cancellation_does_not_create_a_return_movement>
2026-10-06T23:46:24.9107211Z     <Module test_inventory_movement_reporting_dimensions.py>
2026-10-06T23:46:24.9107459Z       <Function test_inventory_movement_has_immutable_reporting_dimensions>
2026-10-06T23:46:24.9107907Z       <Function test_reporting_dimensions_migration_backfills_as_legacy_and_creates_indexes>
2026-10-06T23:46:24.9108072Z     <Module test_inventory_movements_report.py>
2026-10-06T23:46:24.9108324Z       <Coroutine test_inventory_movements_summary_groups_and_period_filter>
2026-10-06T23:46:24.9108560Z       <Coroutine test_inventory_movements_summary_seller_scope_forbidden>
2026-10-06T23:46:24.9108708Z     <Module test_inventory_reservation.py>
2026-10-06T23:46:24.9108970Z       <Coroutine test_second_outbound_line_blocks_when_reserved_exceeds_on_hand>
2026-10-06T23:46:24.9109187Z       <Coroutine test_stock_transfer_blocked_by_outbound_reservation>
2026-10-06T23:46:24.9109417Z       <Coroutine test_inventory_balances_include_reserved_and_available>
2026-10-06T23:46:24.9109616Z     <Module test_inventory_service_reporting_dimensions.py>
2026-10-06T23:46:24.9109844Z       <Coroutine test_movement_keeps_seller_and_warehouse_at_write_time>
2026-10-06T23:46:24.9110003Z     <Module test_inventory_stock_cap_wms338.py>
2026-10-06T23:46:24.9110210Z       <Coroutine test_reservation_does_not_change_operator_cap>
2026-10-06T23:46:24.9110450Z       <Coroutine test_cancel_before_transfer_does_not_change_operator_cap>
2026-10-06T23:46:24.9110674Z       <Coroutine test_inventory_shortage_does_not_change_operator_cap>
2026-10-06T23:46:24.9110943Z       <Coroutine test_transfer_without_reserve_does_not_change_operator_cap[True]>
2026-10-06T23:46:24.9111337Z       <Coroutine test_transfer_without_reserve_does_not_change_operator_cap[False]>
2026-10-06T23:46:24.9111588Z       <Coroutine test_apply_fbs_supply_write_off_still_rejects_foreign_order>
2026-10-06T23:46:24.9111774Z       <Coroutine test_publication_is_min_cap_and_free_stock>
2026-10-06T23:46:24.9111976Z       <Coroutine test_concurrent_orders_reserve_last_unit_once>
2026-10-06T23:46:24.9112141Z     <Module test_marketplace_account_service.py>
2026-10-06T23:46:24.9112404Z       <Coroutine test_tc_s32_ozon_009_adapter_allows_only_one_read_only_empty_post>
2026-10-06T23:46:24.9112677Z       <Coroutine test_tc_s32_ozon_004_adapter_preserves_provider_failure_class[401]>
2026-10-06T23:46:24.9112937Z       <Coroutine test_tc_s32_ozon_004_adapter_preserves_provider_failure_class[403]>
2026-10-06T23:46:24.9113198Z       <Coroutine test_tc_s32_ozon_004_adapter_preserves_provider_failure_class[429]>
2026-10-06T23:46:24.9113456Z       <Coroutine test_tc_s32_ozon_004_adapter_preserves_provider_failure_class[500]>
2026-10-06T23:46:24.9113721Z       <Coroutine test_tc_s32_ozon_004_adapter_preserves_provider_failure_class[502]>
2026-10-06T23:46:24.9113982Z       <Coroutine test_tc_s32_ozon_004_adapter_preserves_provider_failure_class[418]>
2026-10-06T23:46:24.9114218Z       <Coroutine test_tc_s32_ozon_005_real_db_equal_replay_keeps_one_primary>
2026-10-06T23:46:24.9114468Z       <Coroutine test_tc_s32_ozon_007_real_db_cross_tenant_scope_is_fail_closed>
2026-10-06T23:46:24.9114798Z       <Coroutine test_tc_s32_ozon_008_real_db_disconnect_erases_ciphertext_and_public_status_is_safe>
2026-10-06T23:46:24.9115128Z     <Module test_marketplace_accounts_migration.py>
2026-10-06T23:46:24.9115408Z       <Function test_tc_s32_ozon_013_revision_is_additive_and_has_the_required_parent>
2026-10-06T23:46:24.9115684Z       <Function test_tc_s32_ozon_013_migration_contains_no_wb_backfill_or_provider_code>
2026-10-06T23:46:24.9115972Z       <Function test_tc_s32_ozon_013_upgrade_and_downgrade_are_limited_to_new_account_table>
2026-10-06T23:46:24.9116129Z     <Module test_marketplace_foundation.py>
2026-10-06T23:46:24.9116382Z       <Coroutine test_autopoll_failure_is_isolated_by_seller_and_marketplace>
2026-10-06T23:46:24.9116619Z       <Coroutine test_autopoll_429_backoff_skips_only_limited_marketplace>
2026-10-06T23:46:24.9116880Z       <Coroutine test_movement_publish_attempts_each_marketplace_independently>
2026-10-06T23:46:24.9117179Z       <Function test_marketplace_entities_keep_wb_as_backward_compatible_default[FbsOrder]>
2026-10-06T23:46:24.9117485Z       <Function test_marketplace_entities_keep_wb_as_backward_compatible_default[FbsSupply]>
2026-10-06T23:46:24.9117960Z       <Function test_marketplace_entities_keep_wb_as_backward_compatible_default[FbsWarehouseBinding]>
2026-10-06T23:46:24.9118338Z       <Function test_marketplace_entities_keep_wb_as_backward_compatible_default[MarketplaceUnloadRequest]>
2026-10-06T23:46:24.9118595Z       <Function test_product_marketplace_link_is_generic_and_multi_provider>
2026-10-06T23:46:24.9118814Z       <Function test_lock_key_is_scoped_by_seller_and_marketplace>
2026-10-06T23:46:24.9119017Z       <Function test_backoff_is_independent_for_each_marketplace>
2026-10-06T23:46:24.9120092Z       <Function test_ozon_errors_have_operator_safe_messages[403-payload0-\u041a\u0430\u0431\u0438\u043d\u0435\u0442 Ozon \u0437\u0430\u0431\u043b\u043e\u043a\u0438\u0440\u043e\u0432\u0430\u043d. \u041e\u0431\u0440\u0430\u0442\u0438\u0442\u0435\u0441\u044c \u0432 \u043f\u043e\u0434\u0434\u0435\u0440\u0436\u043a\u0443 Ozon.]>
2026-10-06T23:46:24.9120888Z       <Function test_ozon_errors_have_operator_safe_messages[401-payload1-Ozon \u043e\u0442\u043a\u043b\u043e\u043d\u0438\u043b \u0434\u0430\u043d\u043d\u044b\u0435 \u043f\u043e\u0434\u043a\u043b\u044e\u0447\u0435\u043d\u0438\u044f.]>
2026-10-06T23:46:24.9121800Z       <Function test_ozon_errors_have_operator_safe_messages[429-payload2-Ozon \u0432\u0440\u0435\u043c\u0435\u043d\u043d\u043e \u043e\u0433\u0440\u0430\u043d\u0438\u0447\u0438\u043b \u0447\u0430\u0441\u0442\u043e\u0442\u0443 \u0437\u0430\u043f\u0440\u043e\u0441\u043e\u0432.]>
2026-10-06T23:46:24.9122588Z       <Function test_ozon_errors_have_operator_safe_messages[503-payload3-Ozon \u0432\u0440\u0435\u043c\u0435\u043d\u043d\u043e \u043d\u0435\u0434\u043e\u0441\u0442\u0443\u043f\u0435\u043d.]>
2026-10-06T23:46:24.9122817Z       <Coroutine test_ozon_provider_uses_injected_fake_transport_only>
2026-10-06T23:46:24.9123070Z       <Coroutine test_ozon_order_labels_use_dedicated_fake_transport_contract>
2026-10-06T23:46:24.9123303Z       <Coroutine test_ozon_blocked_response_stops_remaining_cycle_calls>
2026-10-06T23:46:24.9123462Z     <Module test_marketplace_scope_guards.py>
2026-10-06T23:46:24.9123628Z       <Function test_wildberries_document_passes>
2026-10-06T23:46:24.9123798Z       <Function test_ozon_document_is_not_wildberries>
2026-10-06T23:46:24.9123978Z       <Function test_missing_document_is_not_wildberries>
2026-10-06T23:46:24.9124199Z       <Function test_message_names_the_marketplace_and_the_operation>
2026-10-06T23:46:24.9124491Z       <Coroutine test_cancel_refuses_an_unknown_marketplace_before_touching_wildberries>
2026-10-06T23:46:24.9124733Z       <Coroutine test_cancel_of_an_ozon_order_never_runs_on_the_local_fake>
2026-10-06T23:46:24.9125113Z       <Function test_ozon_order_shows_its_own_number_not_the_synthetic_hash>
2026-10-06T23:46:24.9125316Z       <Function test_status_labels_name_the_right_marketplace>
2026-10-06T23:46:24.9125495Z     <Module test_marketplace_unload_address_storage.py>
2026-10-06T23:46:24.9125723Z       <Coroutine test_collect_without_location_when_address_storage_off>
2026-10-06T23:46:24.9125952Z       <Coroutine test_collect_requires_location_when_address_storage_on>
2026-10-06T23:46:24.9126143Z     <Module test_marketplace_unload_and_discrepancy_acts.py>
2026-10-06T23:46:24.9126371Z       <Coroutine test_marketplace_unload_and_discrepancy_act_crud_smoke>
2026-10-06T23:46:24.9126558Z       <Coroutine test_marketplace_unload_unknown_warehouse>
2026-10-06T23:46:24.9126722Z       <Coroutine test_discrepancy_act_bad_inbound>
2026-10-06T23:46:24.9126917Z       <Coroutine test_marketplace_unload_add_line_and_detail>
2026-10-06T23:46:24.9127068Z       <Coroutine test_discrepancy_act_add_line>
2026-10-06T23:46:24.9127281Z       <Coroutine test_marketplace_unload_submit_delete_and_blocks>
2026-10-06T23:46:24.9127622Z       <Coroutine test_marketplace_unload_allows_draft_without_wb_warehouse_and_requires_it_on_submit>
2026-10-06T23:46:24.9127842Z       <Coroutine test_discrepancy_act_submit_and_inbound_line_rules>
2026-10-06T23:46:24.9128080Z       <Coroutine test_discrepancy_act_approve_reject_moves_sorting_stock>
2026-10-06T23:46:24.9128456Z       <Coroutine test_marketplace_unload_ship_deducts_stock_by_pick_and_scan>
2026-10-06T23:46:24.9128741Z       <Coroutine test_marketplace_unload_pick_set_allocation_increase_decrease_zero>
2026-10-06T23:46:24.9128985Z       <Coroutine test_marketplace_unload_ship_no_double_inventory_movement>
2026-10-06T23:46:24.9129225Z       <Coroutine test_marketplace_unload_concurrent_collect_same_location>
2026-10-06T23:46:24.9129438Z       <Coroutine test_marketplace_unload_ship_deletes_empty_boxes>
2026-10-06T23:46:24.9129711Z       <Coroutine test_marketplace_unload_ship_blocked_when_distribution_incomplete>
2026-10-06T23:46:24.9129934Z       <Coroutine test_marketplace_unload_packaging_task_only_on_confirm>
2026-10-06T23:46:24.9130156Z       <Coroutine test_marketplace_unload_pick_allocations_admin_only>
2026-10-06T23:46:24.9130427Z       <Coroutine test_marketplace_unload_packaging_one_row_per_product_across_cells>
2026-10-06T23:46:24.9130618Z       <Coroutine test_marketplace_unload_create_boxes_batch>
2026-10-06T23:46:24.9130847Z       <Coroutine test_marketplace_unload_create_boxes_batch_one_by_one>
2026-10-06T23:46:24.9131048Z       <Coroutine test_marketplace_unload_attach_allow_over_plan>
2026-10-06T23:46:24.9131249Z       <Coroutine test_marketplace_unload_box_remove_copy_delete>
2026-10-06T23:46:24.9131508Z       <Coroutine test_marketplace_unload_box_ops_allowed_before_packaging_done>
2026-10-06T23:46:24.9131853Z       <Coroutine test_marketplace_unload_ship_rejects_empty_boxes_only>
2026-10-06T23:46:24.9132144Z       <Coroutine test_marketplace_unload_cancel_partial_distribution_restores_inventory>
2026-10-06T23:46:24.9132317Z     <Module test_marketplace_unload_availability.py>
2026-10-06T23:46:24.9132572Z       <Coroutine test_mp_availability_includes_sorting_reserves_and_isolation>
2026-10-06T23:46:24.9132860Z       <Coroutine test_mp_availability_uses_free_fbo_after_directions_and_active_reserves>
2026-10-06T23:46:24.9133030Z     <Module test_marketplace_unload_box_source.py>
2026-10-06T23:46:24.9133286Z       <Coroutine test_box_scan_keeps_container_and_loose_allocations_separate>
2026-10-06T23:46:24.9133539Z       <Coroutine test_box_scan_places_previously_picked_without_new_inventory>
2026-10-06T23:46:24.9133802Z       <Coroutine test_box_scan_rejects_invalid_or_exhausted_source_without_fallback>
2026-10-06T23:46:24.9134032Z       <Coroutine test_mixed_box_scan_failure_does_not_commit_placement>
2026-10-06T23:46:24.9134202Z     <Module test_marketplace_unload_completion.py>
2026-10-06T23:46:24.9134391Z       <Coroutine test_ship_unload_without_discrepancy_http>
2026-10-06T23:46:24.9134637Z       <Coroutine test_ship_unload_with_discrepancy_rejects_without_ack_http>
2026-10-06T23:46:24.9134871Z       <Coroutine test_ship_unload_with_discrepancy_succeeds_with_ack_http>
2026-10-06T23:46:24.9135207Z       <Coroutine test_complete_unload_without_discrepancy>
2026-10-06T23:46:24.9135456Z       <Coroutine test_ozon_unload_completes_locally_exactly_like_wildberries>
2026-10-06T23:46:24.9135741Z       <Coroutine test_billing_overflow_does_not_block_completed_unload_and_is_visible>
2026-10-06T23:46:24.9135962Z       <Coroutine test_complete_unload_with_discrepancy_requires_ack>
2026-10-06T23:46:24.9136175Z       <Coroutine test_scan_barcode_into_box_service_wrapper_parity>
2026-10-06T23:46:24.9136368Z       <Coroutine test_loose_pick_still_allows_filling_a_box>
2026-10-06T23:46:24.9136566Z     <Module test_marketplace_unload_pick_from_container.py>
2026-10-06T23:46:24.9136783Z       <Coroutine test_pick_set_takes_stock_from_the_named_container>
2026-10-06T23:46:24.9136970Z     <Module test_marketplace_unload_tsd_scan_contract.py>
2026-10-06T23:46:24.9137175Z       <Coroutine test_tsd_box_scan_location_then_product_sequence>
2026-10-06T23:46:24.9137479Z       <Coroutine test_tsd_box_scan_mutation_id_replays_original_result_without_second_debit>
2026-10-06T23:46:24.9137658Z       <Coroutine test_tsd_box_scan_error_codes_contract>
2026-10-06T23:46:24.9137998Z       <Coroutine test_tsd_box_create_allowed_before_packaging_done>
2026-10-06T23:46:24.9138178Z       <Coroutine test_pick_scan_deprecated_still_works>
2026-10-06T23:46:24.9138365Z       <Coroutine test_box_scan_product_after_location_mp018>
2026-10-06T23:46:24.9138559Z       <Coroutine test_box_scan_ready_box_into_open_box_mp018>
2026-10-06T23:46:24.9138724Z     <Module test_marking_catalog_product_print.py>
2026-10-06T23:46:24.9138914Z       <Coroutine test_catalog_print_write_off_personal_pool>
2026-10-06T23:46:24.9139137Z       <Coroutine test_catalog_print_shared_basket_product_b_gets_next>
2026-10-06T23:46:24.9139387Z       <Coroutine test_catalog_print_shortage_without_allow_partial_rolls_back>
2026-10-06T23:46:24.9139564Z       <Coroutine test_catalog_print_records_printed_event>
2026-10-06T23:46:24.9139706Z     <Module test_marking_cis_restore.py>
2026-10-06T23:46:24.9139962Z       <Coroutine test_restore_dry_run_apply_and_repeat_keep_every_other_column>
2026-10-06T23:46:24.9140248Z       <Coroutine test_restore_refuses_unproven_or_used_sources[printed-not_available]>
2026-10-06T23:46:24.9140518Z       <Coroutine test_restore_refuses_unproven_or_used_sources[linked-linked_code]>
2026-10-06T23:46:24.9140826Z       <Coroutine test_restore_refuses_unproven_or_used_sources[binding_value-target_conflict]>
2026-10-06T23:46:24.9141114Z       <Coroutine test_restore_refuses_unproven_or_used_sources[prefix-prefix_mismatch]>
2026-10-06T23:46:24.9141547Z       <Coroutine test_restore_refuses_unproven_or_used_sources[ambiguous-ambiguous_artifact]>
2026-10-06T23:46:24.9141840Z       <Coroutine test_restore_refuses_unproven_or_used_sources[conflict-target_conflict]>
2026-10-06T23:46:24.9142131Z       <Coroutine test_restore_refuses_unproven_or_used_sources[product-product_mismatch]>
2026-10-06T23:46:24.9142401Z       <Coroutine test_restore_refuses_unproven_or_used_sources[owner-owner_mismatch]>
2026-10-06T23:46:24.9142661Z       <Coroutine test_restore_refuses_unproven_or_used_sources[same-unchanged]>
2026-10-06T23:46:24.9142948Z       <Coroutine test_restore_refuses_unproven_or_used_sources[no_pdf-missing_artifact]>
2026-10-06T23:46:24.9143312Z       <Coroutine test_decode_does_not_hold_lock_and_apply_rereads_source[status-printed-not_available]>
2026-10-06T23:46:24.9143797Z       <Coroutine test_decode_does_not_hold_lock_and_apply_rereads_source[cis_code-010460000000000121SYNTHETIC0961CHANGED-source_changed]>
2026-10-06T23:46:24.9143961Z     <Module test_marking_code_batch_counts.py>
2026-10-06T23:46:24.9144186Z       <Coroutine test_large_catalog_uses_bounded_postgres_parameters>
2026-10-06T23:46:24.9144437Z       <Coroutine test_batched_counts_keep_pool_direct_seller_and_tenant_rules>
2026-10-06T23:46:24.9144580Z     <Module test_marking_code_events.py>
2026-10-06T23:46:24.9144752Z       <Coroutine test_import_records_imported_events>
2026-10-06T23:46:24.9145298Z       <Coroutine test_wb_orphaned_event_is_recorded_without_releasing_code>
2026-10-06T23:46:24.9145552Z       <Coroutine test_print_records_printed_and_reprint_records_reprinted>
2026-10-06T23:46:24.9145694Z     <Module test_marking_codes.py>
2026-10-06T23:46:24.9145880Z       <Coroutine test_marking_import_and_packaging_print>
2026-10-06T23:46:24.9146043Z       <Coroutine test_marking_insufficient_codes>
2026-10-06T23:46:24.9146239Z       <Coroutine test_marking_pdf_import_links_by_gtin_ean13>
2026-10-06T23:46:24.9146421Z       <Coroutine test_marking_import_with_pool_product_link>
2026-10-06T23:46:24.9146604Z       <Coroutine test_marking_import_requires_pools_json>
2026-10-06T23:46:24.9146756Z     <Module test_marking_credentials_api.py>
2026-10-06T23:46:24.9146942Z       <Coroutine test_marking_credentials_get_requires_auth>
2026-10-06T23:46:24.9147160Z       <Coroutine test_marking_credentials_forbidden_for_ff_on_self>
2026-10-06T23:46:24.9147448Z       <Coroutine test_marking_credentials_patch_get_roundtrip_and_no_secrets_in_response>
2026-10-06T23:46:24.9147636Z       <Coroutine test_marking_credentials_patch_validation>
2026-10-06T23:46:24.9147800Z     <Module test_marking_deprecated_openapi.py>
2026-10-06T23:46:24.9148147Z       <Function test_deprecated_marking_endpoints_in_openapi>
2026-10-06T23:46:24.9148297Z     <Module test_marking_forecast.py>
2026-10-06T23:46:24.9148451Z       <Coroutine test_compute_forecast_days_unit>
2026-10-06T23:46:24.9148651Z       <Coroutine test_pool_list_includes_forecast_from_events>
2026-10-06T23:46:24.9148803Z       <Coroutine test_set_pool_threshold_api>
2026-10-06T23:46:24.9148969Z       <Coroutine test_low_stock_job_notifies_seller>
2026-10-06T23:46:24.9149125Z     <Module test_marking_import_datamatrix.py>
2026-10-06T23:46:24.9149364Z       <Function test_decoder_keeps_pixel_buffer_alive_during_native_read[1]>
2026-10-06T23:46:24.9149615Z       <Function test_decoder_keeps_pixel_buffer_alive_during_native_read[3]>
2026-10-06T23:46:24.9149872Z       <Coroutine test_pdf_preview_import_and_artifact_keep_decoded_bytes[True]>
2026-10-06T23:46:24.9150131Z       <Coroutine test_pdf_preview_import_and_artifact_keep_decoded_bytes[False]>
2026-10-06T23:46:24.9150371Z       <Function test_pdf_caption_without_datamatrix_cannot_create_a_code>
2026-10-06T23:46:24.9150834Z       <Function test_text_import_keeps_gs_inside_each_record[010460000000000121SYNTHETIC0831\x1d91ABCD\x1d92SYNTHETIC+/=CRYPTO083]>
2026-10-06T23:46:24.9151480Z       <Function test_text_import_keeps_gs_inside_each_record[010460000000000121SYNTHETIC0831\x1d91ABCD\x1d92SYNTHETIC+/=CRYPTO083\r\n010460000000000121SECOND083\x1d93OTHER+/=TAIL]>
2026-10-06T23:46:24.9152074Z       <Function test_text_import_keeps_gs_inside_each_record[cis\n010460000000000121SYNTHETIC0831\x1d91ABCD\x1d92SYNTHETIC+/=CRYPTO083]>
2026-10-06T23:46:24.9152321Z       <Function test_grid_import_artifacts_each_retain_one_whole_datamatrix>
2026-10-06T23:46:24.9152466Z     <Module test_marking_import_pools.py>
2026-10-06T23:46:24.9152736Z       <Coroutine test_import_rejects_all_empty_product_assignments_before_writes>
2026-10-06T23:46:24.9153016Z       <Coroutine test_import_rejects_mixed_covered_and_uncovered_gtins_before_writes>
2026-10-06T23:46:24.9153327Z       <Coroutine test_import_rejects_explicit_empty_mixed_spec_without_changing_existing_data>
2026-10-06T23:46:24.9153599Z       <Coroutine test_existing_cis_lookup_chunks_above_postgresql_parameter_limit>
2026-10-06T23:46:24.9153840Z       <Coroutine test_import_single_gtin_creates_pool_and_links_products>
2026-10-06T23:46:24.9154026Z       <Coroutine test_import_two_gtins_creates_two_pools>
2026-10-06T23:46:24.9154194Z       <Coroutine test_import_duplicates_and_invalid>
2026-10-06T23:46:24.9154387Z       <Coroutine test_import_assigns_document_number_on_batch>
2026-10-06T23:46:24.9154555Z       <Coroutine test_import_preview_groups_by_gtin>
2026-10-06T23:46:24.9154840Z       <Coroutine test_import_preview_ignores_existing_same_gtin_pools_without_mutation>
2026-10-06T23:46:24.9155269Z       <Coroutine test_import_creates_fresh_pool_and_leaves_same_gtin_pools_untouched>
2026-10-06T23:46:24.9155503Z       <Coroutine test_fresh_import_pool_is_isolated_by_tenant_and_seller>
2026-10-06T23:46:24.9155678Z       <Coroutine test_import_same_cis_twice_idempotent>
2026-10-06T23:46:24.9155826Z     <Module test_marking_inventory_api.py>
2026-10-06T23:46:24.9156021Z       <Coroutine test_inventory_api_personal_and_shared_shape>
2026-10-06T23:46:24.9156217Z       <Coroutine test_marking_overview_personal_and_shared>
2026-10-06T23:46:24.9156408Z       <Coroutine test_marking_overview_tenant_isolation_404>
2026-10-06T23:46:24.9156586Z       <Coroutine test_marking_overview_seller_scope_403>
2026-10-06T23:46:24.9156748Z     <Module test_marking_inventory_cz_filter.py>
2026-10-06T23:46:24.9156984Z       <Coroutine test_inventory_excludes_regular_product_without_pools>
2026-10-06T23:46:24.9157210Z       <Coroutine test_inventory_includes_product_with_honest_sign_flag>
2026-10-06T23:46:24.9157441Z       <Coroutine test_inventory_includes_product_with_linked_pool_no_flag>
2026-10-06T23:46:24.9157663Z       <Coroutine test_inventory_tenant_isolation_same_sku_pool_title>
2026-10-06T23:46:24.9157995Z       <Coroutine test_inventory_seller_isolation_same_sku_pool_title>
2026-10-06T23:46:24.9158183Z     <Module test_marking_inventory_personal_shared.py>
2026-10-06T23:46:24.9158403Z       <Coroutine test_inventory_personal_and_shared_no_double_count>
2026-10-06T23:46:24.9158557Z       <Coroutine test_inventory_only_shared_pool>
2026-10-06T23:46:24.9158736Z       <Coroutine test_inventory_two_personal_pools_sum>
2026-10-06T23:46:24.9158970Z       <Coroutine test_inventory_counts_available_codes_in_unlinked_pool>
2026-10-06T23:46:24.9159121Z       <Coroutine test_inventory_empty_seller>
2026-10-06T23:46:24.9159272Z     <Module test_marking_ledger_external.py>
2026-10-06T23:46:24.9159574Z       <Coroutine test_ledger_and_export_include_external_events_with_existing_scope_filters>
2026-10-06T23:46:24.9159745Z     <Module test_marking_ledger_import_aggregate.py>
2026-10-06T23:46:24.9159955Z       <Coroutine test_ledger_collapses_import_batch_to_single_row>
2026-10-06T23:46:24.9160138Z       <Coroutine test_ledger_printed_events_stay_separate>
2026-10-06T23:46:24.9160319Z       <Coroutine test_ledger_pagination_on_collapsed_rows>
2026-10-06T23:46:24.9160539Z       <Coroutine test_ledger_honest_total_and_pagination_under_raw_cap>
2026-10-06T23:46:24.9160806Z       <Coroutine test_ledger_rejects_raw_events_beyond_cap_instead_of_wrong_total>
2026-10-06T23:46:24.9161081Z     <Module test_marking_pdf_label_artifact.py>
2026-10-06T23:46:24.9161282Z       <Coroutine test_pdf_import_stores_label_artifact_per_cis>
2026-10-06T23:46:24.9161505Z       <Coroutine test_pdf_import_succeeds_when_source_storage_disabled>
2026-10-06T23:46:24.9161683Z       <Coroutine test_csv_import_does_not_store_source_pdf>
2026-10-06T23:46:24.9161972Z       <Coroutine test_pdf_import_stores_artifact_when_page_has_product_text_plus_one_cis>
2026-10-06T23:46:24.9162225Z       <Coroutine test_pdf_import_parses_cis_wrapped_in_parens_across_two_lines>
2026-10-06T23:46:24.9162468Z       <Coroutine test_pdf_import_does_not_reuse_multi_label_page_as_artifact>
2026-10-06T23:46:24.9162640Z       <Coroutine test_csv_import_has_no_label_artifact>
2026-10-06T23:46:24.9162837Z       <Function test_pdf_bytes_to_png_trims_whitespace_margins>
2026-10-06T23:46:24.9163035Z       <Coroutine test_label_artifact_tape_merges_pdfs_in_order>
2026-10-06T23:46:24.9163279Z       <Coroutine test_label_artifact_tape_merges_outside_event_loop_thread>
2026-10-06T23:46:24.9163474Z       <Function test_merge_label_artifact_pdfs_empty_raises>
2026-10-06T23:46:24.9163704Z       <Function test_fit_label_artifact_pdf_to_page_sets_tall_page_size>
2026-10-06T23:46:24.9164026Z       <Function test_native_artifact_print_repairs_anisotropic_modules_and_preserves_cis[short]>
2026-10-06T23:46:24.9164370Z       <Function test_native_artifact_print_repairs_anisotropic_modules_and_preserves_cis[long-with-gs]>
2026-10-06T23:46:24.9164661Z       <Coroutine test_png_artifact_retrieval_repairs_distortion_without_mutating_storage>
2026-10-06T23:46:24.9165027Z       <Function test_png_artifact_retrieval_keeps_healthy_render_byte_exact>
2026-10-06T23:46:24.9165258Z       <Function test_native_artifact_tape_repairs_each_page_in_order>
2026-10-06T23:46:24.9165520Z       <Function test_native_artifact_keeps_valid_rectangular_datamatrix_modules>
2026-10-06T23:46:24.9165782Z       <Function test_native_artifact_repair_preserves_supported_page_sizes[58-40]>
2026-10-06T23:46:24.9166047Z       <Function test_native_artifact_repair_preserves_supported_page_sizes[60-40]>
2026-10-06T23:46:24.9166311Z       <Function test_native_artifact_repair_preserves_supported_page_sizes[60-80]>
2026-10-06T23:46:24.9166929Z       <Function test_native_artifact_repair_preserves_supported_page_sizes[70-120]>
2026-10-06T23:46:24.9167144Z       <Function test_fit_label_artifact_pdf_all_label_sizes[58-40]>
2026-10-06T23:46:24.9167352Z       <Function test_fit_label_artifact_pdf_all_label_sizes[60-40]>
2026-10-06T23:46:24.9167553Z       <Function test_fit_label_artifact_pdf_all_label_sizes[60-80]>
2026-10-06T23:46:24.9167887Z       <Function test_fit_label_artifact_pdf_all_label_sizes[70-120]>
2026-10-06T23:46:24.9168100Z       <Function test_fit_label_artifact_pdf_all_label_sizes[80-60]>
2026-10-06T23:46:24.9168303Z       <Function test_fit_label_artifact_pdf_all_label_sizes[40-58]>
2026-10-06T23:46:24.9168445Z     <Module test_marking_pending.py>
2026-10-06T23:46:24.9168636Z       <Coroutine test_pending_marking_lists_unprinted_lines>
2026-10-06T23:46:24.9168849Z       <Coroutine test_pending_marking_pagination_and_available>
2026-10-06T23:46:24.9169019Z     <Module test_marking_pool_linked_products.py>
2026-10-06T23:46:24.9169262Z       <Coroutine test_pool_list_and_detail_linked_products_flags[0-False]>
2026-10-06T23:46:24.9169498Z       <Coroutine test_pool_list_and_detail_linked_products_flags[1-False]>
2026-10-06T23:46:24.9169723Z       <Coroutine test_pool_list_and_detail_linked_products_flags[2-True]>
2026-10-06T23:46:24.9169923Z       <Coroutine test_api_pool_list_personal_and_shared_flags>
2026-10-06T23:46:24.9170127Z       <Coroutine test_api_pool_detail_shared_with_composition>
2026-10-06T23:46:24.9170273Z     <Module test_marking_pool_products.py>
2026-10-06T23:46:24.9170449Z       <Coroutine test_set_pool_products_replaces_list>
2026-10-06T23:46:24.9170675Z       <Coroutine test_set_pool_products_foreign_seller_product_rejected>
2026-10-06T23:46:24.9170843Z       <Coroutine test_add_and_remove_pool_products>
2026-10-06T23:46:24.9171358Z     <Module test_marking_pools.py>
2026-10-06T23:46:24.9171543Z       <Coroutine test_create_pool_link_product_and_code>
2026-10-06T23:46:24.9171770Z       <Coroutine test_migration_backfill_creates_pool_for_legacy_code>
2026-10-06T23:46:24.9171970Z       <Coroutine test_list_inventory_does_not_auto_link_by_gtin>
2026-10-06T23:46:24.9172112Z     <Module test_marking_pools_read.py>
2026-10-06T23:46:24.9172276Z       <Coroutine test_list_pools_status_aggregates>
2026-10-06T23:46:24.9172425Z       <Coroutine test_pool_detail_and_codes>
2026-10-06T23:46:24.9172611Z       <Coroutine test_pool_codes_foreign_pool_returns_404>
2026-10-06T23:46:24.9172747Z       <Coroutine test_ledger_filters>
2026-10-06T23:46:24.9172965Z       <Coroutine test_ledger_includes_external_fbs_registry_events>
2026-10-06T23:46:24.9173125Z       <Coroutine test_ledger_date_range_filter>
2026-10-06T23:46:24.9173273Z       <Coroutine test_ledger_cis_mask_filter>
2026-10-06T23:46:24.9173418Z       <Coroutine test_ledger_export_csv>
2026-10-06T23:46:24.9173558Z       <Coroutine test_code_history_timeline>
2026-10-06T23:46:24.9173699Z     <Module test_marking_print_all.py>
2026-10-06T23:46:24.9173860Z       <Coroutine test_print_all_returns_410>
2026-10-06T23:46:24.9173998Z     <Module test_marking_print_pool.py>
2026-10-06T23:46:24.9174169Z       <Coroutine test_print_from_pool_full_quantity>
2026-10-06T23:46:24.9174358Z       <Coroutine test_sequential_print_does_not_reuse_codes>
2026-10-06T23:46:24.9174568Z       <Coroutine test_concurrent_print_from_pool_no_double_issue>
2026-10-06T23:46:24.9174862Z       <Coroutine test_postgres_same_line_print_waits_and_refreshes_remaining_need[None]>
2026-10-06T23:46:24.9175298Z       <Coroutine test_postgres_same_line_print_waits_and_refreshes_remaining_need[1]>
2026-10-06T23:46:24.9175449Z     <Module test_marking_product_binding.py>
2026-10-06T23:46:24.9175715Z       <Coroutine test_print_does_not_reassign_code_bound_to_other_product[catalog]>
2026-10-06T23:46:24.9175995Z       <Coroutine test_print_does_not_reassign_code_bound_to_other_product[packaging]>
2026-10-06T23:46:24.9176224Z       <Coroutine test_replacement_does_not_reassign_other_product_code>
2026-10-06T23:46:24.9176432Z       <Coroutine test_ledger_and_csv_are_not_available_to_seller>
2026-10-06T23:46:24.9176758Z       <Coroutine test_ledger_keeps_print_context_without_attributing_mixed_import_to_one_product>
2026-10-06T23:46:24.9176934Z     <Module test_marking_product_codes_pool_filter.py>
2026-10-06T23:46:24.9177204Z       <Coroutine test_list_product_codes_includes_pool_import_without_product_id>
2026-10-06T23:46:24.9177599Z       <Coroutine test_list_product_codes_excludes_external_fbs_registry_code>
2026-10-06T23:46:24.9177838Z       <Coroutine test_list_product_codes_tenant_isolation_same_sku_pool>
2026-10-06T23:46:24.9178088Z       <Coroutine test_list_product_codes_seller_isolation_same_sku_pool>
2026-10-06T23:46:24.9178230Z     <Module test_marking_reprint_defect.py>
2026-10-06T23:46:24.9178452Z       <Coroutine test_defect_creates_pending_reprint_request[False]>
2026-10-06T23:46:24.9178667Z       <Coroutine test_defect_creates_pending_reprint_request[True]>
2026-10-06T23:46:24.9178844Z       <Coroutine test_defect_requires_packaging_access>
2026-10-06T23:46:24.9179057Z       <Coroutine test_replace_reprint_request_clears_queue[False]>
2026-10-06T23:46:24.9179264Z       <Coroutine test_replace_reprint_request_clears_queue[True]>
2026-10-06T23:46:24.9179462Z       <Coroutine test_approve_reprint_rejects_non_printed_code>
2026-10-06T23:46:24.9179690Z       <Coroutine test_defect_does_not_include_unprinted_external_code>
2026-10-06T23:46:24.9179832Z     <Module test_marking_scan_print.py>
2026-10-06T23:46:24.9179997Z       <Coroutine test_scan_print_one_unit_per_scan>
2026-10-06T23:46:24.9180238Z       <Coroutine test_completed_task_reprints_without_allocating_new_code>
2026-10-06T23:46:24.9180385Z     <Module test_marking_state_value_tail.py>
2026-10-06T23:46:24.9180569Z       <Function test_value_tail_survives_serialization>
2026-10-06T23:46:24.9180866Z       <Function test_state_without_code_keeps_empty_tail>
2026-10-06T23:46:24.9181007Z     <Module test_marking_verify_pair.py>
2026-10-06T23:46:24.9181180Z       <Coroutine test_verify_pair_match_applies_code>
2026-10-06T23:46:24.9181358Z       <Coroutine test_verify_pair_mismatch_does_not_apply>
2026-10-06T23:46:24.9181585Z       <Coroutine test_verify_pair_second_apply_is_idempotent_no_event>
2026-10-06T23:46:24.9181748Z     <Module test_marking_write_off_invariants.py>
2026-10-06T23:46:24.9181949Z       <Coroutine test_packaging_line_print_write_off_invariant>
2026-10-06T23:46:24.9182155Z       <Coroutine test_catalog_product_print_write_off_invariant>
2026-10-06T23:46:24.9182346Z       <Coroutine test_reprint_does_not_change_available_count>
2026-10-06T23:46:24.9182497Z     <Module test_notification_triggers.py>
2026-10-06T23:46:24.9182652Z       <Coroutine test_inbound_create_notifies_ff>
2026-10-06T23:46:24.9182843Z       <Coroutine test_marketplace_unload_create_notifies_ff>
2026-10-06T23:46:24.9182985Z     <Module test_notifications.py>
2026-10-06T23:46:24.9183162Z       <Coroutine test_notifications_user_scope_isolated>
2026-10-06T23:46:24.9183345Z       <Coroutine test_notifications_seller_scope_isolated>
2026-10-06T23:46:24.9183586Z       <Coroutine test_notifications_ff_portal_visible_to_admin_not_seller>
2026-10-06T23:46:24.9183770Z       <Coroutine test_notifications_mark_read_and_read_all>
2026-10-06T23:46:24.9183980Z       <Coroutine test_notifications_mark_read_foreign_returns_404>
2026-10-06T23:46:24.9184127Z     <Module test_operation_fact_recovery.py>
2026-10-06T23:46:24.9184387Z       <Coroutine test_recovery_preflight_counts_only_requested_tenant_facts>
2026-10-06T23:46:24.9184623Z       <Coroutine test_retry_key_cannot_be_reused_for_another_source_tuple>
2026-10-06T23:46:24.9184873Z       <Coroutine test_wb_fbs_pick_undo_and_redo_write_three_real_source_facts>
2026-10-06T23:46:24.9185487Z       <Coroutine test_recovery_scopes_durable_unload_and_system_cancel_to_period_and_sources>
2026-10-06T23:46:24.9185638Z     <Module test_operation_facts.py>
2026-10-06T23:46:24.9185857Z       <Coroutine test_writer_creates_immutable_fact_with_item_lines>
2026-10-06T23:46:24.9186112Z       <Coroutine test_writer_returns_existing_source_tuple_without_duplicate>
2026-10-06T23:46:24.9186387Z       <Coroutine test_writer_rejects_user_source_without_actor_and_mismatched_lines>
2026-10-06T23:46:24.9186687Z       <Coroutine test_marketplace_cancel_retry_returns_same_reversal_and_preserves_actor>
2026-10-06T23:46:24.9186930Z       <Coroutine test_packaging_event_source_tuple_does_not_create_duplicate>
2026-10-06T23:46:24.9187357Z       <Function test_correction_schema_exposes_tenant_lines_and_durable_unload_markers>
2026-10-06T23:46:24.9187673Z       <Coroutine test_writer_rejects_foreign_relations_and_keeps_actor_snapshot_after_rename>
2026-10-06T23:46:24.9187820Z     <Module test_outbound_delete_line.py>
2026-10-06T23:46:24.9188021Z       <Coroutine test_delete_draft_line_releases_reservation>
2026-10-06T23:46:24.9188198Z       <Coroutine test_delete_line_not_draft_returns_409>
2026-10-06T23:46:24.9188338Z     <Module test_outbound_shipment.py>
2026-10-06T23:46:24.9188522Z       <Coroutine test_outbound_shipment_decrements_stock>
2026-10-06T23:46:24.9188710Z       <Coroutine test_outbound_partial_ship_then_post_rest>
2026-10-06T23:46:24.9188968Z       <Coroutine test_outbound_post_duplicate_after_fully_shipped_returns_409>
2026-10-06T23:46:24.9189200Z       <Coroutine test_outbound_shipment_summary_has_no_marketplace_label>
2026-10-06T23:46:24.9189351Z     <Module test_outbound_submit_storage.py>
2026-10-06T23:46:24.9189577Z       <Coroutine test_outbound_submit_warehouse_reserve_without_cell>
2026-10-06T23:46:24.9189739Z     <Module test_ownership_transfer_service.py>
2026-10-06T23:46:24.9190024Z       <Coroutine test_transfer_is_atomic_keeps_cell_receives_shortage_and_is_idempotent>
2026-10-06T23:46:24.9190237Z       <Coroutine test_stale_dry_run_token_does_not_write_anything>
2026-10-06T23:46:24.9190556Z       <Coroutine test_missing_target_product_blocks_whole_plan>
2026-10-06T23:46:24.9190798Z       <Function test_workbook_parser_excludes_all_j308_and_corrects_row_69>
2026-10-06T23:46:24.9190934Z     <Module test_ozon_box_assembly.py>
2026-10-06T23:46:24.9191158Z       <Coroutine test_qr_sends_every_box_and_repeat_never_ships_again>
2026-10-06T23:46:24.9191400Z       <Coroutine test_partial_assignment_fails_before_any_external_request>
2026-10-06T23:46:24.9191603Z       <Coroutine test_timeout_retries_readback_without_resending>
2026-10-06T23:46:24.9191823Z       <Coroutine test_packages_take_live_quantity_only_from_position>
2026-10-06T23:46:24.9192020Z       <Function test_pdf_contains_every_result_posting_label>
2026-10-06T23:46:24.9192266Z       <Function test_one_missing_split_label_never_yields_partial_ready_pdf>
2026-10-06T23:46:24.9192466Z       <Coroutine test_partial_ship_result_cannot_be_handed_off>
2026-10-06T23:46:24.9192678Z       <Coroutine test_handoff_revalidates_the_complete_position_set>
2026-10-06T23:46:24.9192951Z       <Coroutine test_confirmed_ship_failure_unfreezes_contents_and_allows_retry>
2026-10-06T23:46:24.9193196Z       <Coroutine test_retry_qr_surfaces_ozon_label_error_and_keeps_assembly>
2026-10-06T23:46:24.9193501Z       <Coroutine test_label_error_persists_on_every_box_of_the_order_until_a_label_succeeds>
2026-10-06T23:46:24.9193800Z       <Coroutine test_assembly_failure_with_a_real_session_user_returns_the_original_error>
2026-10-06T23:46:24.9194003Z       <Coroutine test_wb_box_rows_never_carry_an_ozon_label_error>
2026-10-06T23:46:24.9194214Z       <Coroutine test_ready_label_hides_a_stale_remembered_error>
2026-10-06T23:46:24.9194514Z       <Coroutine test_label_error_write_never_clobbers_a_concurrently_saved_assembly_marker>
2026-10-06T23:46:24.9194744Z       <Coroutine test_error_is_never_saved_to_a_different_supplys_order>
2026-10-06T23:46:24.9195185Z       <Coroutine test_error_follows_the_order_actually_locked_after_box_contents_change>
2026-10-06T23:46:24.9195467Z       <Coroutine test_error_on_a_box_assigned_after_being_empty_follows_the_new_order>
2026-10-06T23:46:24.9195602Z     <Module test_ozon_box_positions.py>
2026-10-06T23:46:24.9195950Z       <Coroutine test_whole_positions_distribute_independently_and_readiness_requires_every_position>
2026-10-06T23:46:24.9196223Z       <Coroutine test_ozon_box_rejects_other_orders_and_positions_outside_its_supply>
2026-10-06T23:46:24.9196448Z       <Coroutine test_assembled_ozon_order_freezes_all_box_membership>
2026-10-06T23:46:24.9196699Z       <Coroutine test_database_prevents_duplicate_whole_position_assignments>
2026-10-06T23:46:24.9197153Z       <Function test_migration_preserves_wb_uniqueness_and_allows_distinct_ozon_positions>
2026-10-06T23:46:24.9197301Z     <Module test_ozon_cancel_posting.py>
2026-10-06T23:46:24.9197570Z       <Coroutine test_cancel_asks_for_reasons_then_cancels_with_the_out_of_stock_one>
2026-10-06T23:46:24.9197831Z       <Coroutine test_a_buyer_reason_is_not_a_permission_for_the_seller_to_cancel>
2026-10-06T23:46:24.9198097Z       <Coroutine test_a_reason_ozon_does_not_offer_is_refused_before_the_mutation>
2026-10-06T23:46:24.9198348Z       <Coroutine test_reason_other_without_a_message_never_leaves_the_process>
2026-10-06T23:46:24.9198563Z       <Coroutine test_reason_other_with_a_message_carries_it_to_ozon>
2026-10-06T23:46:24.9198797Z       <Coroutine test_an_answer_without_result_true_is_not_a_cancellation>
2026-10-06T23:46:24.9199001Z       <Coroutine test_an_empty_posting_number_never_reaches_ozon>
2026-10-06T23:46:24.9199262Z       <Coroutine test_a_blocked_cabinet_surfaces_as_itself_and_stops_the_mutation>
2026-10-06T23:46:24.9199427Z     <Module test_ozon_delivery_confirmation.py>
2026-10-06T23:46:24.9199778Z       <Coroutine test_ozon_known_shortage_requires_confirmation_and_uses_staged_or_sorting_source[False]>
2026-10-06T23:46:24.9200125Z       <Coroutine test_ozon_known_shortage_requires_confirmation_and_uses_staged_or_sorting_source[True]>
2026-10-06T23:46:24.9200535Z       <Coroutine test_ozon_shortage_appearing_after_preflight_requires_new_confirmation>
2026-10-06T23:46:24.9200740Z       <Coroutine test_ozon_stock_polling_is_not_another_delivery>
2026-10-06T23:46:24.9201041Z       <Coroutine test_ozon_known_external_handoff_recovers_without_a_new_minus_confirmation>
2026-10-06T23:46:24.9201189Z     <Module test_ozon_fbs_openapi_models.py>
2026-10-06T23:46:24.9201426Z       <Function test_generated_module_is_current_with_checked_in_openapi>
2026-10-06T23:46:24.9201698Z       <Function test_all_openapi_components_have_exact_model_fields_and_requiredness>
2026-10-06T23:46:24.9201935Z       <Function test_requirement_sku_lists_accept_numbers_from_live_ozon>
2026-10-06T23:46:24.9202089Z     <Module test_ozon_fbs_process_contract.py>
2026-10-06T23:46:24.9202371Z       <Coroutine test_exemplar_set_carries_every_code_of_the_posting_not_only_the_last>
2026-10-06T23:46:24.9202590Z       <Coroutine test_rejected_codes_are_not_resent_with_the_full_set>
2026-10-06T23:46:24.9202824Z       <Coroutine test_empty_exemplar_answer_is_a_typed_error_not_a_crash>
2026-10-06T23:46:24.9203097Z       <Function test_restrictions_of_a_real_drop_off_point_are_limits_not_violations>
2026-10-06T23:46:24.9203358Z       <Function test_restrictions_still_stop_a_posting_that_really_exceeds_them>
2026-10-06T23:46:24.9203559Z       <Coroutine test_posting_weight_is_summed_over_positions>
2026-10-06T23:46:24.9203774Z       <Function test_shipping_list_uses_the_method_ozon_still_serves>
2026-10-06T23:46:24.9204020Z       <Coroutine test_handoff_asks_for_the_shipping_list_by_the_live_path>
2026-10-06T23:46:24.9204165Z     <Module test_ozon_integration_api.py>
2026-10-06T23:46:24.9204515Z       <Coroutine test_wms506_save_and_recheck_use_roles_without_additional_permission_gate[roles_body0]>
2026-10-06T23:46:24.9204856Z       <Coroutine test_wms506_save_and_recheck_use_roles_without_additional_permission_gate[roles_body1]>
2026-10-06T23:46:24.9205356Z       <Coroutine test_wms506_save_and_recheck_use_roles_without_additional_permission_gate[roles_body2]>
2026-10-06T23:46:24.9205614Z       <Coroutine test_wms615_catalog_job_reports_failure_and_retry_clears_error>
2026-10-06T23:46:24.9206120Z       <Coroutine test_wms506_roles_failure_preserves_credentials_and_allows_retry[401-None-422-ozon_credentials_invalid-credentials_invalid]>
2026-10-06T23:46:24.9206616Z       <Coroutine test_wms506_roles_failure_preserves_credentials_and_allows_retry[403-None-422-ozon_credentials_invalid-credentials_invalid]>
2026-10-06T23:46:24.9207221Z       <Coroutine test_wms506_roles_failure_preserves_credentials_and_allows_retry[429-None-503-ozon_validation_unavailable-rate_limited]>
2026-10-06T23:46:24.9207740Z       <Coroutine test_wms506_roles_failure_preserves_credentials_and_allows_retry[500-None-503-ozon_validation_unavailable-provider_unavailable]>
2026-10-06T23:46:24.9208215Z       <Coroutine test_wms506_roles_failure_preserves_credentials_and_allows_retry[302-None-502-ozon_validation_failed-unexpected_status]>
2026-10-06T23:46:24.9208686Z       <Coroutine test_wms506_roles_failure_preserves_credentials_and_allows_retry[418-None-502-ozon_validation_failed-unexpected_status]>
2026-10-06T23:46:24.9209184Z       <Coroutine test_wms506_roles_failure_preserves_credentials_and_allows_retry[200-error6-503-ozon_validation_unavailable-transport_error]>
2026-10-06T23:46:24.9209680Z       <Coroutine test_wms506_roles_failure_preserves_credentials_and_allows_retry[200-error7-503-ozon_validation_unavailable-transport_error]>
2026-10-06T23:46:24.9209886Z       <Coroutine test_tc_s32_ozon_006_self_account_requires_auth>
2026-10-06T23:46:24.9210246Z       <Coroutine test_tc_s32_ozon_002_invalid_payload_never_reaches_provider[payload0-client_id_required]>
2026-10-06T23:46:24.9210598Z       <Coroutine test_tc_s32_ozon_002_invalid_payload_never_reaches_provider[payload1-client_id_required]>
2026-10-06T23:46:24.9210945Z       <Coroutine test_tc_s32_ozon_002_invalid_payload_never_reaches_provider[payload2-client_id_required]>
2026-10-06T23:46:24.9211394Z       <Coroutine test_tc_s32_ozon_002_invalid_payload_never_reaches_provider[payload3-api_key_required]>
2026-10-06T23:46:24.9211732Z       <Coroutine test_tc_s32_ozon_002_invalid_payload_never_reaches_provider[payload4-api_key_required]>
2026-10-06T23:46:24.9212067Z       <Coroutine test_tc_s32_ozon_002_invalid_payload_never_reaches_provider[payload5-api_key_required]>
2026-10-06T23:46:24.9212364Z       <Coroutine test_tc_s32_ozon_002_invalid_payload_never_reaches_provider[payload6-None]>
2026-10-06T23:46:24.9212659Z       <Coroutine test_tc_s32_ozon_002_invalid_payload_never_reaches_provider[payload7-None]>
2026-10-06T23:46:24.9212951Z       <Coroutine test_tc_s32_ozon_002_invalid_payload_never_reaches_provider[payload8-None]>
2026-10-06T23:46:24.9213204Z       <Coroutine test_tc_s32_ozon_002_put_request_schema_is_strict_and_documented>
2026-10-06T23:46:24.9213456Z       <Coroutine test_tc_s32_ozon_009_ordinary_validator_path_uses_the_adapter>
2026-10-06T23:46:24.9213732Z       <Coroutine test_tc_s32_ozon_003_004_provider_failure_contract[result0-200-None]>
2026-10-06T23:46:24.9214082Z       <Coroutine test_tc_s32_ozon_003_004_provider_failure_contract[result1-422-ozon_credentials_invalid]>
2026-10-06T23:46:24.9214423Z       <Coroutine test_tc_s32_ozon_003_004_provider_failure_contract[result2-422-ozon_credentials_invalid]>
2026-10-06T23:46:24.9214776Z       <Coroutine test_tc_s32_ozon_003_004_provider_failure_contract[result3-503-ozon_validation_unavailable]>
2026-10-06T23:46:24.9215281Z       <Coroutine test_tc_s32_ozon_003_004_provider_failure_contract[result4-503-ozon_validation_unavailable]>
2026-10-06T23:46:24.9215638Z       <Coroutine test_tc_s32_ozon_003_004_provider_failure_contract[result5-503-ozon_validation_unavailable]>
2026-10-06T23:46:24.9215972Z       <Coroutine test_tc_s32_ozon_003_004_provider_failure_contract[result6-502-ozon_validation_failed]>
2026-10-06T23:46:24.9216234Z       <Coroutine test_tc_s32_ozon_003_invalid_candidate_keeps_disconnected_status>
2026-10-06T23:46:24.9216526Z       <Coroutine test_tc_s32_ozon_003_invalid_replacement_preserves_working_public_status>
2026-10-06T23:46:24.9216845Z       <Coroutine test_tc_s32_ozon_005_parallel_equal_puts_are_both_successful_and_leave_one_status>
2026-10-06T23:46:24.9217077Z       <Coroutine test_tc_s32_ozon_010_manual_check_uses_safe_status_only>
2026-10-06T23:46:24.9217310Z       <Coroutine test_tc_s32_ozon_009_no_body_is_allowed_for_manual_check>
2026-10-06T23:46:24.9217604Z       <Coroutine test_tc_s32_ozon_014_public_schema_hides_account_identity_and_future_facts>
2026-10-06T23:46:24.9217853Z       <Coroutine test_public_status_reports_actual_exchange_setting[False]>
2026-10-06T23:46:24.9218225Z       <Coroutine test_public_status_reports_actual_exchange_setting[True]>
2026-10-06T23:46:24.9218366Z     <Module test_ozon_live_contract.py>
2026-10-06T23:46:24.9218591Z       <Function test_new_orders_request_can_be_built_with_a_real_date>
2026-10-06T23:46:24.9218820Z       <Function test_posting_list_request_can_be_built_with_a_real_date>
2026-10-06T23:46:24.9219043Z       <Function test_posting_with_scheduled_tariff_change_is_parsed>
2026-10-06T23:46:24.9219206Z     <Module test_ozon_marketplace_transport.py>
2026-10-06T23:46:24.9219436Z       <Coroutine test_json_call_sends_credentials_and_returns_parsed_body>
2026-10-06T23:46:24.9219656Z       <Coroutine test_obsolete_method_becomes_a_typed_provider_error>
2026-10-06T23:46:24.9219935Z       <Coroutine test_account_blocked_stays_recognisable_through_the_live_transport>
2026-10-06T23:46:24.9220179Z       <Coroutine test_rate_limit_carries_retry_after_for_the_shared_backoff>
2026-10-06T23:46:24.9220425Z       <Coroutine test_network_failure_is_the_retryable_transport_error_code>
2026-10-06T23:46:24.9220672Z       <Coroutine test_binary_answer_is_normalised_into_the_same_file_envelope>
2026-10-06T23:46:24.9220959Z       <Coroutine test_warehouses_are_walked_page_by_page_and_carry_entrusted_acceptance>
2026-10-06T23:46:24.9221219Z       <Coroutine test_warehouse_walk_stops_when_ozon_says_there_is_no_next_page>
2026-10-06T23:46:24.9221630Z       <Coroutine test_unfulfilled_orders_are_walked_page_by_page_with_barcodes_asked_for>
2026-10-06T23:46:24.9221910Z       <Coroutine test_statuses_are_read_back_per_posting_and_a_vanished_one_is_skipped>
2026-10-06T23:46:24.9222165Z       <Coroutine test_supply_qr_is_the_carriage_barcode_and_comes_back_as_bytes>
2026-10-06T23:46:24.9222367Z       <Coroutine test_supply_qr_refuses_a_placeholder_supply_id>
2026-10-06T23:46:24.9222647Z       <Coroutine test_stocks_go_out_signed_by_product_id_without_the_removed_quant_size>
2026-10-06T23:46:24.9222938Z       <Coroutine test_stocks_fall_back_to_the_seller_article_when_there_is_no_product_id>
2026-10-06T23:46:24.9223194Z       <Coroutine test_stocks_are_split_into_batches_of_the_hundred_ozon_allows>
2026-10-06T23:46:24.9223458Z       <Coroutine test_a_rejected_stock_row_is_an_error_and_carries_ozons_own_code>
2026-10-06T23:46:24.9223759Z       <Coroutine test_failed_first_stock_batch_does_not_starve_the_remaining_fifty[row-149]>
2026-10-06T23:46:24.9224067Z       <Coroutine test_failed_first_stock_batch_does_not_starve_the_remaining_fifty[empty-50]>
2026-10-06T23:46:24.9224368Z       <Coroutine test_failed_first_stock_batch_does_not_starve_the_remaining_fifty[http-50]>
2026-10-06T23:46:24.9224626Z       <Coroutine test_one_invalid_stock_identity_does_not_prevent_valid_batches>
2026-10-06T23:46:24.9225249Z       <Coroutine test_account_wide_refusal_preserves_earlier_confirmations_and_stops_requests[403]>
2026-10-06T23:46:24.9225614Z       <Coroutine test_account_wide_refusal_preserves_earlier_confirmations_and_stops_requests[429]>
2026-10-06T23:46:24.9225865Z       <Coroutine test_a_silently_skipped_stock_row_is_not_a_confirmation>
2026-10-06T23:46:24.9226131Z       <Coroutine test_a_confirmation_for_another_product_does_not_confirm_ours>
2026-10-06T23:46:24.9226397Z       <Coroutine test_a_confirmation_for_another_warehouse_does_not_confirm_ours>
2026-10-06T23:46:24.9226616Z       <Coroutine test_a_full_confirmation_reports_every_sent_row>
2026-10-06T23:46:24.9226898Z       <Coroutine test_an_answer_without_result_rows_is_not_treated_as_a_confirmation>
2026-10-06T23:46:24.9227180Z       <Coroutine test_a_stock_without_warehouse_or_identifier_never_reaches_the_network>
2026-10-06T23:46:24.9227411Z       <Coroutine test_publishing_an_empty_list_makes_no_request_at_all>
2026-10-06T23:46:24.9227681Z       <Function test_factory_keeps_the_local_fake_until_the_setting_is_switched_on>
2026-10-06T23:46:24.9227953Z       <Function test_factory_keeps_the_blocked_operation_semantics_of_the_local_fake>
2026-10-06T23:46:24.9228306Z       <Coroutine test_labels_are_asked_one_posting_at_a_time>
2026-10-06T23:46:24.9228547Z       <Coroutine test_one_unready_posting_does_not_take_the_others_down>
2026-10-06T23:46:24.9228757Z       <Coroutine test_a_blocked_account_stops_the_whole_label_run>
2026-10-06T23:46:24.9228914Z     <Module test_ozon_marketplace_unload.py>
2026-10-06T23:46:24.9229173Z       <Coroutine test_ozon_unload_keeps_marketplace_scope_without_wb_warehouse>
2026-10-06T23:46:24.9229331Z     <Module test_ozon_operator_surfaces.py>
2026-10-06T23:46:24.9229606Z       <Function test_operator_gate_shows_the_number_a_person_can_find_in_the_cabinet>
2026-10-06T23:46:24.9229809Z       <Function test_operator_gate_keeps_the_wb_number_untouched>
2026-10-06T23:46:24.9230052Z       <Function test_ozon_error_code_has_a_human_fallback_like_the_wb_one>
2026-10-06T23:46:24.9230281Z       <Function test_marketplace_dictionary_is_one_at_the_fact_boundary>
2026-10-06T23:46:24.9230424Z     <Module test_ozon_posting_contract.py>
2026-10-06T23:46:24.9230745Z       <Coroutine test_explicit_posting_intake_without_publication_keeps_warehouse_scope[True]>
2026-10-06T23:46:24.9231059Z       <Coroutine test_explicit_posting_intake_without_publication_keeps_warehouse_scope[False]>
2026-10-06T23:46:24.9231423Z       <Coroutine test_automatic_intake_without_publication_preserves_settings_and_repeats[publication0]>
2026-10-06T23:46:24.9231896Z       <Coroutine test_automatic_intake_without_publication_preserves_settings_and_repeats[publication1]>
2026-10-06T23:46:24.9232245Z       <Coroutine test_automatic_intake_without_publication_preserves_settings_and_repeats[publication2]>
2026-10-06T23:46:24.9232547Z       <Coroutine test_automatic_intake_rejects_warehouses_outside_served_mapping[unserved]>
2026-10-06T23:46:24.9232845Z       <Coroutine test_automatic_intake_rejects_warehouses_outside_served_mapping[inactive]>
2026-10-06T23:46:24.9233134Z       <Coroutine test_automatic_intake_rejects_warehouses_outside_served_mapping[missing]>
2026-10-06T23:46:24.9233435Z       <Coroutine test_automatic_intake_rejects_warehouses_outside_served_mapping[seller]>
2026-10-06T23:46:24.9233723Z       <Coroutine test_automatic_intake_rejects_warehouses_outside_served_mapping[tenant]>
2026-10-06T23:46:24.9234035Z       <Coroutine test_automatic_intake_rejects_warehouses_outside_served_mapping[marketplace]>
2026-10-06T23:46:24.9234308Z       <Coroutine test_warehouse_is_read_from_delivery_method_not_from_the_top_level>
2026-10-06T23:46:24.9234589Z       <Coroutine test_binding_created_through_the_normal_path_matches_a_real_posting>
2026-10-06T23:46:24.9234868Z       <Coroutine test_posting_barcode_price_and_creation_date_come_from_the_real_fields>
2026-10-06T23:46:24.9235253Z       <Coroutine test_assembled_posting_is_not_offered_to_the_operator_as_new>
2026-10-06T23:46:24.9235453Z       <Coroutine test_delivered_substatus_finishes_the_order>
2026-10-06T23:46:24.9235680Z       <Coroutine test_poll_never_drags_an_order_out_of_our_own_workflow>
2026-10-06T23:46:24.9235968Z       <Coroutine test_marking_requirement_arrives_from_ozon_and_opens_the_gate_honestly>
2026-10-06T23:46:24.9236199Z       <Coroutine test_empty_requirements_from_ozon_mean_no_marking_needed>
2026-10-06T23:46:24.9236470Z       <Coroutine test_markable_product_requires_marking_even_when_ozon_stays_silent>
2026-10-06T23:46:24.9236739Z       <Coroutine test_unknown_requirement_is_not_an_answer_and_never_a_permission>
2026-10-06T23:46:24.9236983Z       <Coroutine test_delivery_method_id_is_stored_for_the_future_carriage>
2026-10-06T23:46:24.9237228Z       <Coroutine test_accepted_posting_is_charged_like_a_confirmed_wb_order>
2026-10-06T23:46:24.9237544Z       <Function test_status_dictionary_matches_the_official_list[awaiting_packaging-None-new]>
2026-10-06T23:46:24.9237885Z       <Function test_status_dictionary_matches_the_official_list[acceptance_in_progress-None-sorted]>
2026-10-06T23:46:24.9238329Z       <Function test_status_dictionary_matches_the_official_list[awaiting_deliver-posting_in_carriage-external_processing]>
2026-10-06T23:46:24.9238853Z       <Function test_status_dictionary_matches_the_official_list[awaiting_approve-None-external_processing]>
2026-10-06T23:46:24.9239253Z       <Function test_status_dictionary_matches_the_official_list[awaiting_verification-None-external_processing]>
2026-10-06T23:46:24.9239567Z       <Function test_status_dictionary_matches_the_official_list[delivering-None-in_delivery]>
2026-10-06T23:46:24.9239908Z       <Function test_status_dictionary_matches_the_official_list[delivering-posting_received-done]>
2026-10-06T23:46:24.9240191Z       <Function test_status_dictionary_matches_the_official_list[delivered-None-done]>
2026-10-06T23:46:24.9240499Z       <Function test_status_dictionary_matches_the_official_list[cancelled-None-cancelled]>
2026-10-06T23:46:24.9240878Z       <Function test_status_dictionary_matches_the_official_list[cancelled_from_split_pending-None-cancelled]>
2026-10-06T23:46:24.9241256Z       <Function test_status_dictionary_matches_the_official_list[client_arbitration-None-external_processing]>
2026-10-06T23:46:24.9241610Z       <Function test_status_dictionary_matches_the_official_list[arbitration-None-external_processing]>
2026-10-06T23:46:24.9241878Z       <Coroutine test_repeat_sync_metadata_preserves_position_and_box_assignment>
2026-10-06T23:46:24.9242138Z       <Coroutine test_repeat_sync_after_assembly_preserves_original_composition>
2026-10-06T23:46:24.9242532Z       <Function test_repeat_sync_reordered_metadata_matches_the_product_not_the_index>
2026-10-06T23:46:24.9242835Z       <Coroutine test_import_absent_requirements_does_not_claim_complete_knowledge[False]>
2026-10-06T23:46:24.9243128Z       <Coroutine test_import_absent_requirements_does_not_claim_complete_knowledge[True]>
2026-10-06T23:46:24.9243376Z       <Coroutine test_status_refresh_preserves_catalog_marking_requirement>
2026-10-06T23:46:24.9243634Z       <Coroutine test_mixed_posting_requires_codes_only_for_the_marked_sku[ozon]>
2026-10-06T23:46:24.9243904Z       <Coroutine test_mixed_posting_requires_codes_only_for_the_marked_sku[catalog]>
2026-10-06T23:46:24.9244185Z       <Coroutine test_requirement_for_sku_missing_from_saved_composition_is_not_ready>
2026-10-06T23:46:24.9244332Z     <Module test_ozon_product_import.py>
2026-10-06T23:46:24.9244620Z       <Coroutine test_fetch_product_cards_reads_all_fifteen_thousand_without_silent_cap>
2026-10-06T23:46:24.9245111Z       <Coroutine test_fetch_product_cards_rejects_repeated_cursor_instead_of_partial_success>
2026-10-06T23:46:24.9245350Z       <Coroutine test_import_fills_dimensions_so_storage_can_be_charged>
2026-10-06T23:46:24.9245603Z       <Coroutine test_import_fills_the_product_id_that_stock_publishing_needs>
2026-10-06T23:46:24.9245841Z       <Coroutine test_import_never_overwrites_a_measurement_a_human_chose>
2026-10-06T23:46:24.9246060Z       <Coroutine test_unknown_units_are_skipped_rather_than_guessed>
2026-10-06T23:46:24.9246292Z       <Coroutine test_sync_never_creates_a_product_for_an_unmatched_card>
2026-10-06T23:46:24.9246573Z       <Coroutine test_second_sync_of_an_unmatched_card_does_not_duplicate_the_snapshot>
2026-10-06T23:46:24.9246829Z       <Coroutine test_empty_complete_catalog_clears_only_that_seller_snapshot>
2026-10-06T23:46:24.9247043Z       <Coroutine test_scanner_finds_the_product_by_the_ozon_barcode>
2026-10-06T23:46:24.9247267Z       <Coroutine test_scanner_still_finds_nothing_for_an_unknown_code>
2026-10-06T23:46:24.9247535Z       <Coroutine test_link_is_computed_from_the_article_assembled_by_the_transfer>
2026-10-06T23:46:24.9247731Z       <Coroutine test_link_is_computed_from_the_seller_article>
2026-10-06T23:46:24.9247960Z       <Coroutine test_barcode_picks_the_right_size_out_of_a_dozen_cards>
2026-10-06T23:46:24.9248196Z       <Coroutine test_ambiguous_article_links_nothing_and_creates_nothing>
2026-10-06T23:46:24.9248469Z       <Coroutine test_ozon_own_barcode_never_matches_and_never_blocks_the_next_signal>
2026-10-06T23:46:24.9248702Z       <Coroutine test_photo_from_the_ozon_card_is_readable_by_the_screens>
2026-10-06T23:46:24.9249072Z       <Coroutine test_photo_falls_back_to_the_first_image_of_the_card>
2026-10-06T23:46:24.9249272Z       <Coroutine test_last_free_size_is_not_a_disambiguation>
2026-10-06T23:46:24.9249418Z     <Module test_ozon_return_service.py>
2026-10-06T23:46:24.9249664Z       <Coroutine test_preview_reports_manual_path_when_giveout_is_disabled>
2026-10-06T23:46:24.9249934Z       <Coroutine test_preview_imports_one_selected_giveout_after_full_pagination>
2026-10-06T23:46:24.9250176Z       <Coroutine test_imported_giveouts_are_isolated_by_request_and_tenant>
2026-10-06T23:46:24.9250419Z       <Coroutine test_same_product_from_two_giveouts_keeps_both_source_groups>
2026-10-06T23:46:24.9250723Z       <Coroutine test_return_rate_limit_blocks_follow_up_calls_without_hitting_provider>
2026-10-06T23:46:24.9250920Z       <Coroutine test_giveout_pass_pdf_decodes_base64_payload>
2026-10-06T23:46:24.9251144Z       <Coroutine test_provider_failure_does_not_create_import_records>
2026-10-06T23:46:24.9251282Z     <Module test_ozon_returns_api.py>
2026-10-06T23:46:24.9251591Z       <Coroutine test_ozon_return_endpoints_use_all_return_operations_through_fake_transport>
2026-10-06T23:46:24.9251831Z       <Coroutine test_marketplace_is_return_only_and_is_in_request_output>
2026-10-06T23:46:24.9252102Z       <Coroutine test_return_defective_quantity_uses_the_inbound_service_constraint>
2026-10-06T23:46:24.9252505Z       <Coroutine test_empty_ozon_answer_gives_a_readable_error_instead_of_a_five_hundred>
2026-10-06T23:46:24.9252785Z       <Coroutine test_posted_ozon_return_refresh_is_best_effort_and_uses_fake_provider>
2026-10-06T23:46:24.9252941Z     <Module test_ozon_returns_openapi_models.py>
2026-10-06T23:46:24.9253176Z       <Function test_generated_module_is_current_with_checked_in_openapi>
2026-10-06T23:46:24.9253451Z       <Function test_all_openapi_components_have_exact_model_fields_and_requiredness>
2026-10-06T23:46:24.9253595Z     <Module test_ozon_shipment_sources.py>
2026-10-06T23:46:24.9253957Z       <Coroutine test_ozon_without_fulfillment_snapshots_stock_before_handoff_and_writes_off_once>
2026-10-06T23:46:24.9254221Z       <Coroutine test_ozon_missing_product_fails_before_any_provider_handoff>
2026-10-06T23:46:24.9254502Z       <Coroutine test_ozon_legacy_packing_fact_cannot_override_sorting_container_source>
2026-10-06T23:46:24.9254738Z       <Coroutine test_ozon_shortage_uses_existing_negative_source_policy>
2026-10-06T23:46:24.9255215Z       <Coroutine test_ozon_staged_recipe_updates_quantity_if_an_earlier_attempt_preceded_assembly>
2026-10-06T23:46:24.9255458Z       <Coroutine test_ozon_packaging_fact_does_not_choose_shipment_source>
2026-10-06T23:46:24.9255616Z     <Module test_ozon_stock_binding_cleanup.py>
2026-10-06T23:46:24.9255885Z       <Coroutine test_ozon_binding_cleanup_preserves_target_until_confirmed[disable]>
2026-10-06T23:46:24.9256158Z       <Coroutine test_ozon_binding_cleanup_preserves_target_until_confirmed[replace]>
2026-10-06T23:46:24.9256426Z       <Coroutine test_ozon_binding_cleanup_preserves_target_until_confirmed[reject]>
2026-10-06T23:46:24.9256722Z       <Coroutine test_ozon_binding_cleanup_preserves_target_until_confirmed[invalid_new]>
2026-10-06T23:46:24.9257002Z       <Coroutine test_ozon_binding_cleanup_preserves_target_until_confirmed[unserved]>
2026-10-06T23:46:24.9257295Z       <Coroutine test_ozon_warehouse_off_keeps_enabled_until_zero_and_retries[http_error]>
2026-10-06T23:46:24.9257572Z       <Coroutine test_ozon_warehouse_off_keeps_enabled_until_zero_and_retries[partial]>
2026-10-06T23:46:24.9257732Z     <Module test_pack_progress_idempotency.py>
2026-10-06T23:46:24.9257929Z       <Coroutine test_lost_response_replay_then_new_attempt>
2026-10-06T23:46:24.9258162Z       <Coroutine test_blank_key_preserves_independent_operations[None]>
2026-10-06T23:46:24.9258380Z       <Coroutine test_blank_key_preserves_independent_operations[]>
2026-10-06T23:46:24.9258609Z       <Coroutine test_blank_key_preserves_independent_operations[ \t\r\n]>
2026-10-06T23:46:24.9258839Z       <Coroutine test_blank_key_preserves_independent_operations[\xa0]>
2026-10-06T23:46:24.9259177Z       <Coroutine test_nonblank_keys_are_opaque_and_uuid_replays>
2026-10-06T23:46:24.9259370Z       <Coroutine test_payload_conflicts_and_tenant_boundary>
2026-10-06T23:46:24.9259571Z       <Coroutine test_replay_after_completion_and_legacy_no_key>
2026-10-06T23:46:24.9259790Z       <Coroutine test_replay_after_undo_does_not_restore_reversed_work>
2026-10-06T23:46:24.9260016Z       <Coroutine test_concurrent_deliveries_do_not_exceed_plan[True]>
2026-10-06T23:46:24.9260238Z       <Coroutine test_concurrent_deliveries_do_not_exceed_plan[False]>
2026-10-06T23:46:24.9260469Z       <Coroutine test_concurrent_key_reused_across_documents_is_conflict>
2026-10-06T23:46:24.9260676Z       <Coroutine test_failure_rolls_back_quantity_event_and_fact>
2026-10-06T23:46:24.9260822Z     <Module test_packaging_fact_contract.py>
2026-10-06T23:46:24.9261073Z       <Coroutine test_manual_pack_scan_undo_and_confirm_leave_stock_untouched>
2026-10-06T23:46:24.9261348Z       <Coroutine test_ozon_single_repeat_and_mass_pack_are_facts_before_picking[0]>
2026-10-06T23:46:24.9261613Z       <Coroutine test_ozon_single_repeat_and_mass_pack_are_facts_before_picking[3]>
2026-10-06T23:46:24.9261889Z       <Coroutine test_unload_marking_requirement_does_not_depend_on_packing_progress>
2026-10-06T23:46:24.9262025Z     <Module test_packaging_tasks.py>
2026-10-06T23:46:24.9262387Z       <Coroutine test_mp_box_packaging_uses_source_captured_in_box[0-3-3-0-0]>
2026-10-06T23:46:24.9262634Z       <Coroutine test_mp_box_packaging_uses_source_captured_in_box[2-1-3-0-0]>
2026-10-06T23:46:24.9262875Z       <Coroutine test_mp_box_packaging_uses_source_captured_in_box[3-0-3-0-0]>
2026-10-06T23:46:24.9263116Z       <Coroutine test_mp_box_packaging_uses_source_captured_in_box[0-2-2-1-0]>
2026-10-06T23:46:24.9263385Z       <Coroutine test_packaging_task_manual_records_fact_without_inventory_convert>
2026-10-06T23:46:24.9263625Z       <Coroutine test_packaging_create_rejects_mixed_seller_and_decimal_qty>
2026-10-06T23:46:24.9263845Z       <Coroutine test_packaging_scan_manual_undo_and_done_history>
2026-10-06T23:46:24.9264056Z       <Coroutine test_packaging_does_not_block_mp_ship_until_done>
2026-10-06T23:46:24.9264274Z       <Coroutine test_mp_unload_detail_includes_packaging_progress>
2026-10-06T23:46:24.9264442Z       <Coroutine test_cancel_manual_packaging_task>
2026-10-06T23:46:24.9264631Z       <Coroutine test_cancel_linked_packaging_task_rejected>
2026-10-06T23:46:24.9265152Z       <Coroutine test_packaging_done_unload_plan_stays_done_when_line_delete_rejected>
2026-10-06T23:46:24.9265402Z       <Coroutine test_complete_packaging_explicit>
2026-10-06T23:46:24.9265598Z       <Coroutine test_complete_packaging_marking_not_done>
2026-10-06T23:46:24.9265828Z       <Coroutine test_mark_prepacked_external_satisfies_marking_gate>
2026-10-06T23:46:24.9266061Z       <Coroutine test_pack_without_prepacked_leaves_marking_external_zero>
2026-10-06T23:46:24.9266272Z       <Coroutine test_box_create_allowed_before_packaging_done>
2026-10-06T23:46:24.9266477Z       <Coroutine test_mp_unload_pack_counter_without_inventory>
2026-10-06T23:46:24.9266623Z     <Module test_pallet_combine_api.py>
2026-10-06T23:46:24.9266925Z       <Coroutine test_combine_inbound_boxes_creates_one_pallet_and_returns_it_in_document>
2026-10-06T23:46:24.9267189Z       <Coroutine test_reception_only_staff_can_list_and_combine_inbound_pallets>
2026-10-06T23:46:24.9267424Z       <Coroutine test_empty_new_pallet_combine_rolls_back_created_pallet>
2026-10-06T23:46:24.9267686Z       <Coroutine test_combine_rejects_box_from_another_receipt_on_same_warehouse>
2026-10-06T23:46:24.9267869Z       <Coroutine test_combine_rejects_completed_receipt>
2026-10-06T23:46:24.9268036Z     <Module test_pick_option_container_sources.py>
2026-10-06T23:46:24.9268307Z       <Coroutine test_shared_pick_locations_keep_totals_and_expose_physical_paths>
2026-10-06T23:46:24.9268560Z       <Coroutine test_container_paths_fail_closed_outside_tenant_and_warehouse>
2026-10-06T23:46:24.9268842Z     <Module test_print_templates.py>
2026-10-06T23:46:24.9269105Z       <Coroutine test_resolve_default_template_product_over_seller_over_system>
2026-10-06T23:46:24.9269247Z       <Coroutine test_print_template_crud>
2026-10-06T23:46:24.9269422Z       <Coroutine test_is_default_clears_previous_flag>
2026-10-06T23:46:24.9269638Z       <Coroutine test_user_last_layout_preferred_over_seller_default>
2026-10-06T23:46:24.9269831Z       <Coroutine test_two_users_get_different_last_layouts>
2026-10-06T23:46:24.9270006Z       <Coroutine test_print_auto_saves_user_last_layout>
2026-10-06T23:46:24.9270187Z       <Coroutine test_label_options_survive_save_and_read>
2026-10-06T23:46:24.9270411Z       <Coroutine test_old_template_without_options_prints_everything>
2026-10-06T23:46:24.9270903Z       <Coroutine test_seller_template_is_visible_to_every_operator>
2026-10-06T23:46:24.9271206Z       <Coroutine test_operator_layout_does_not_carry_label_options_across_sellers>
2026-10-06T23:46:24.9271596Z       <Coroutine test_seller_label_options_do_not_change_the_print_tape>
2026-10-06T23:46:24.9271982Z       <Coroutine test_seller_label_options_keep_an_existing_seller_tape>
2026-10-06T23:46:24.9272342Z       <Coroutine test_label_options_do_not_reach_a_seller_without_a_template>
2026-10-06T23:46:24.9272596Z       <Coroutine test_old_seller_template_keeps_its_tape_even_with_the_same_name>
2026-10-06T23:46:24.9272966Z       <Coroutine test_composition_template_never_owns_the_tape>
2026-10-06T23:46:24.9273171Z       <Coroutine test_second_save_of_label_options_is_persisted>
2026-10-06T23:46:24.9273397Z       <Coroutine test_label_template_switch_off_keeps_the_old_printing>
2026-10-06T23:46:24.9273534Z     <Module test_prod_deploy_backup.py>
2026-10-06T23:46:24.9273757Z       <Function test_deploy_requires_verified_backup_before_migration[]>
2026-10-06T23:46:24.9274005Z       <Function test_deploy_requires_verified_backup_before_migration[dump]>
2026-10-06T23:46:24.9274263Z       <Function test_deploy_requires_verified_backup_before_migration[archive]>
2026-10-06T23:46:24.9274515Z       <Function test_deploy_requires_verified_backup_before_migration[listing]>
2026-10-06T23:46:24.9274767Z       <Function test_deploy_requires_verified_backup_before_migration[empty]>
2026-10-06T23:46:24.9275380Z       <Function test_deploy_requires_verified_backup_before_migration[network]>
2026-10-06T23:46:24.9275749Z       <Function test_deploy_requires_verified_backup_before_migration[retry]>
2026-10-06T23:46:24.9276017Z       <Function test_workflow_bootstrap_checks_git_and_separates_stdin[False]>
2026-10-06T23:46:24.9276271Z       <Function test_workflow_bootstrap_checks_git_and_separates_stdin[True]>
2026-10-06T23:46:24.9276449Z     <Module test_prod_deploy_backup_gate_boundary.py>
2026-10-06T23:46:24.9276725Z       <Function test_all_seven_backup_variants_and_original_assertions_are_preserved>
2026-10-06T23:46:24.9277035Z       <Function test_backup_fixture_server_ci_boundary_precedes_every_docker_action[accepted]>
2026-10-06T23:46:24.9277341Z       <Function test_backup_fixture_server_ci_boundary_precedes_every_docker_action[failed]>
2026-10-06T23:46:24.9277663Z       <Function test_backup_fixture_server_ci_boundary_precedes_every_docker_action[unavailable]>
2026-10-06T23:46:24.9277976Z       <Function test_backup_fixture_server_ci_boundary_precedes_every_docker_action[wrong-sha]>
2026-10-06T23:46:24.9278302Z       <Function test_backup_fixture_server_ci_boundary_precedes_every_docker_action[missing]>
2026-10-06T23:46:24.9278444Z     <Module test_product_categories.py>
2026-10-06T23:46:24.9278775Z       <Coroutine test_wb_subject_category_is_trimmed_for_every_variant_and_blank_resync_preserves_it>
2026-10-06T23:46:24.9279066Z       <Coroutine test_product_categories_are_unique_sorted_nonempty_and_tenant_isolated>
2026-10-06T23:46:24.9279352Z       <Coroutine test_product_categories_follow_effective_seller_scope_and_empty_state>
2026-10-06T23:46:24.9279678Z       <Coroutine test_categories_trim_duplicate_values_keep_exact_distinct_names_and_static_route>
2026-10-06T23:46:24.9280188Z       <Coroutine test_categories_follow_switched_effective_seller_but_admin_sees_tenant_scope>
2026-10-06T23:46:24.9280449Z       <Function test_product_category_migration_is_additive_and_the_only_head>
2026-10-06T23:46:24.9280611Z     <Module test_product_dimension_history.py>
2026-10-06T23:46:24.9280896Z       <Coroutine test_manual_measurement_and_container_override_create_active_versions>
2026-10-06T23:46:24.9281254Z       <Coroutine test_wb_observation_does_not_replace_manual_measurement_and_restore_makes_new_active_wb>
2026-10-06T23:46:24.9281531Z       <Coroutine test_repeated_manual_measurement_keeps_both_immutable_observations>
2026-10-06T23:46:24.9281699Z     <Module test_product_fbs_rule_bulk_read_api.py>
2026-10-06T23:46:24.9281914Z       <Coroutine test_bulk_read_returns_rules_for_multiple_products>
2026-10-06T23:46:24.9282118Z       <Coroutine test_bulk_read_hides_product_from_other_tenant>
2026-10-06T23:46:24.9282338Z       <Coroutine test_bulk_read_rejects_product_from_other_seller>
2026-10-06T23:46:24.9282568Z       <Coroutine test_bulk_read_rejects_more_than_two_hundred_products>
2026-10-06T23:46:24.9282727Z     <Module test_product_fbs_stock_sync_api.py>
2026-10-06T23:46:24.9282975Z       <Coroutine test_fbs_stock_sync_bulk_does_not_touch_other_seller_products>
2026-10-06T23:46:24.9283191Z       <Coroutine test_fbs_stock_sync_bulk_keeps_per_product_limits>
2026-10-06T23:46:24.9283534Z       <Coroutine test_enabling_fbs_sync_publishes_stock_immediately>
2026-10-06T23:46:24.9283682Z     <Module test_product_location_hints.py>
2026-10-06T23:46:24.9283897Z       <Coroutine test_locations_by_product_returns_cells_with_stock>
2026-10-06T23:46:24.9284058Z     <Module test_product_merge_service_wms349.py>
2026-10-06T23:46:24.9284353Z       <Coroutine test_postgres_merge_refuses_busy_order_without_deadlocking_cancellation>
2026-10-06T23:46:24.9284630Z       <Coroutine test_merge_reports_stock_cap_collision_before_changing_any_balance>
2026-10-06T23:46:24.9285107Z       <Coroutine test_postgres_merge_replays_committed_movement_with_stale_balances[source]>
2026-10-06T23:46:24.9285415Z       <Coroutine test_postgres_merge_replays_committed_movement_with_stale_balances[target]>
2026-10-06T23:46:24.9285682Z       <Coroutine test_merge_takes_product_locks_in_ascending_id_order_input_forward>
2026-10-06T23:46:24.9285949Z       <Coroutine test_merge_takes_product_locks_in_ascending_id_order_input_reversed>
2026-10-06T23:46:24.9286160Z       <Coroutine test_merge_reads_balances_under_for_update_lock>
2026-10-06T23:46:24.9286397Z       <Coroutine test_merge_still_sums_stock_end_to_end_after_lock_change>
2026-10-06T23:46:24.9286645Z       <Coroutine test_merge_reports_missing_product_before_touching_balances>
2026-10-06T23:46:24.9286815Z     <Module test_product_packaging_instructions.py>
2026-10-06T23:46:24.9287002Z       <Coroutine test_seller_patches_packaging_instructions>
2026-10-06T23:46:24.9287236Z       <Coroutine test_bulk_requires_honest_sign_updates_selected_products>
2026-10-06T23:46:24.9287501Z       <Coroutine test_seller_bulk_requires_honest_sign_updates_only_own_products>
2026-10-06T23:46:24.9287723Z       <Coroutine test_mp_plan_allowed_without_packaging_instructions>
2026-10-06T23:46:24.9287934Z       <Coroutine test_packaging_task_defaults_to_sorting_location>
2026-10-06T23:46:24.9288133Z       <Coroutine test_ff_catalog_includes_packaging_instructions>
2026-10-06T23:46:24.9288303Z     <Module test_product_tz_declared_quantity.py>
2026-10-06T23:46:24.9288580Z       <Function test_parse_ignores_quantity_columns_and_uses_first_matching_sheet_once>
2026-10-06T23:46:24.9288816Z       <Coroutine test_quantity_columns_do_not_create_inventory_movements>
2026-10-06T23:46:24.9289048Z       <Coroutine test_invalid_quantity_values_are_not_catalog_row_errors>
2026-10-06T23:46:24.9289259Z       <Coroutine test_quantity_columns_do_not_require_warehouse[0]>
2026-10-06T23:46:24.9289466Z       <Coroutine test_quantity_columns_do_not_require_warehouse[2]>
2026-10-06T23:46:24.9289752Z     <Module test_product_tz_idempotency.py>
2026-10-06T23:46:24.9290006Z       <Function test_only_named_import_unique_error_is_idempotency_conflict>
2026-10-06T23:46:24.9290214Z       <Coroutine test_concurrent_same_file_applies_catalog_once>
2026-10-06T23:46:24.9290427Z       <Coroutine test_same_file_hash_is_scoped_by_tenant_and_seller>
2026-10-06T23:46:24.9290568Z     <Module test_product_tz_import.py>
2026-10-06T23:46:24.9290797Z       <Function test_parse_product_tz_xlsx_expands_merged_tz_and_vendor>
2026-10-06T23:46:24.9291012Z       <Function test_parse_product_tz_xlsx_sheet_name_is_irrelevant>
2026-10-06T23:46:24.9291241Z       <Function test_parse_product_tz_xlsx_reads_clean_name_and_wb_nm_id>
2026-10-06T23:46:24.9291487Z       <Function test_parse_product_tz_xlsx_picks_matching_sheet_among_others>
2026-10-06T23:46:24.9291706Z       <Function test_parse_product_tz_xlsx_missing_column_in_every_sheet>
2026-10-06T23:46:24.9291891Z       <Coroutine test_product_tz_import_preview_and_apply>
2026-10-06T23:46:24.9292058Z       <Coroutine test_product_tz_template_download>
2026-10-06T23:46:24.9292236Z       <Coroutine test_create_product_null_dims_and_fields>
2026-10-06T23:46:24.9292439Z       <Coroutine test_tz_import_cross_seller_barcode_in_preview>
2026-10-06T23:46:24.9292570Z     <Module test_products_api.py>
2026-10-06T23:46:24.9292843Z       <Coroutine test_inventory_staff_saves_both_measurements_and_reads_ui_history>
2026-10-06T23:46:24.9293227Z       <Coroutine test_invalid_measurements_and_foreign_tenant_do_not_write_history>
2026-10-06T23:46:24.9293442Z       <Coroutine test_only_admin_can_restore_latest_wb_dimensions>
2026-10-06T23:46:24.9293614Z     <Module test_products_fbs_stock_from_balance.py>
2026-10-06T23:46:24.9293827Z       <Coroutine test_apply_from_balance_sets_limit_to_actual_stock>
2026-10-06T23:46:24.9294022Z       <Coroutine test_apply_from_balance_subtracts_reserved>
2026-10-06T23:46:24.9294276Z       <Coroutine test_apply_from_balance_resets_pool_to_zero_without_deleting>
2026-10-06T23:46:24.9294573Z       <Coroutine test_apply_from_balance_reports_reset_warehouses_count>
2026-10-06T23:46:24.9294823Z       <Coroutine test_apply_from_balance_does_not_touch_other_tenant_product>
2026-10-06T23:46:24.9295152Z       <Coroutine test_apply_from_balance_sums_across_warehouses>
2026-10-06T23:46:24.9295369Z       <Coroutine test_apply_from_balance_rejects_empty_product_ids>
2026-10-06T23:46:24.9295521Z     <Module test_products_ozon_catalog.py>
2026-10-06T23:46:24.9295784Z       <Coroutine test_products_search_and_marketplace_filter_include_ozon_links>
2026-10-06T23:46:24.9296002Z       <Coroutine test_ff_catalog_page_searches_ozon_sku_and_offer_id>
2026-10-06T23:46:24.9296245Z       <Coroutine test_ff_catalog_page_ozon_search_keeps_unique_rows_and_total>
2026-10-06T23:46:24.9296515Z       <Coroutine test_ozon_catalog_links_do_not_cross_seller_or_tenant_boundaries>
2026-10-06T23:46:24.9296759Z       <Coroutine test_warehouse_ozon_link_requires_seller_with_explicit_422>
2026-10-06T23:46:24.9297069Z       <Coroutine test_existing_product_ozon_link_update_is_warehouse_only_and_tenant_scoped>
2026-10-06T23:46:24.9297270Z       <Coroutine test_ozon_sku_cannot_be_linked_to_two_products>
2026-10-06T23:46:24.9297530Z       <Coroutine test_seller_catalog_keeps_ozon_marker_without_connected_account>
2026-10-06T23:46:24.9297772Z       <Coroutine test_seller_catalog_status_marks_only_connected_ozon_account>
2026-10-06T23:46:24.9297978Z       <Coroutine test_ff_catalog_row_reports_own_marketplaces>
2026-10-06T23:46:24.9298203Z       <Coroutine test_merge_two_products_sums_stock_and_keeps_wb_card>
2026-10-06T23:46:24.9298421Z       <Coroutine test_merge_rejects_three_cards_and_foreign_seller>
2026-10-06T23:46:24.9298640Z       <Coroutine test_merge_survives_dimension_history_on_both_cards>
2026-10-06T23:46:24.9298912Z       <Coroutine test_catalog_print_exposes_imported_ozon_codes_without_replacing_wb>
2026-10-06T23:46:24.9299065Z     <Module test_products_wb_catalog.py>
2026-10-06T23:46:24.9299412Z       <Coroutine test_seller_wb_catalog_enriched_from_imported_card>
2026-10-06T23:46:24.9299590Z       <Coroutine test_wb_catalog_forbidden_for_admin>
2026-10-06T23:46:24.9299779Z       <Coroutine test_ff_catalog_lists_all_tenant_products>
2026-10-06T23:46:24.9299972Z       <Coroutine test_linked_wb_catalog_before_stock_movement>
2026-10-06T23:46:24.9300147Z       <Coroutine test_ff_catalog_forbidden_for_seller>
2026-10-06T23:46:24.9300298Z     <Module test_public_marking_check.py>
2026-10-06T23:46:24.9300541Z       <Function test_recorded_semantic_response_fields[payload0-problem]>
2026-10-06T23:46:24.9300793Z       <Function test_recorded_semantic_response_fields[payload1-introduced]>
2026-10-06T23:46:24.9301082Z       <Function test_malformed_or_nonpositive_result_never_turns_green[checkResult-true]>
2026-10-06T23:46:24.9301365Z       <Function test_malformed_or_nonpositive_result_never_turns_green[checkResult-1]>
2026-10-06T23:46:24.9301655Z       <Function test_malformed_or_nonpositive_result_never_turns_green[checkResult-None]>
2026-10-06T23:46:24.9301959Z       <Function test_malformed_or_nonpositive_result_never_turns_green[checkResult-False]>
2026-10-06T23:46:24.9302263Z       <Function test_malformed_or_nonpositive_result_never_turns_green[outerStatus-value4]>
2026-10-06T23:46:24.9302569Z       <Function test_malformed_or_nonpositive_result_never_turns_green[outerStatus-UNKNOWN]>
2026-10-06T23:46:24.9302978Z       <Function test_malformed_or_nonpositive_result_never_turns_green[codeFounded-true]>
2026-10-06T23:46:24.9303252Z       <Function test_malformed_or_nonpositive_result_never_turns_green[status-wrong]>
2026-10-06T23:46:24.9303560Z       <Function test_malformed_or_nonpositive_result_never_turns_green[warning-not_verified]>
2026-10-06T23:46:24.9303791Z       <Function test_malformed_resolved_flags_are_unknown[verified-true]>
2026-10-06T23:46:24.9304016Z       <Function test_malformed_resolved_flags_are_unknown[verified-1]>
2026-10-06T23:46:24.9304239Z       <Function test_malformed_resolved_flags_are_unknown[verified-None]>
2026-10-06T23:46:24.9304492Z       <Function test_malformed_resolved_flags_are_unknown[isBlocked-false]>
2026-10-06T23:46:24.9304719Z       <Function test_malformed_resolved_flags_are_unknown[isBlocked-0]>
2026-10-06T23:46:24.9305210Z       <Function test_malformed_resolved_flags_are_unknown[isBlocked-None]>
2026-10-06T23:46:24.9305417Z       <Function test_missing_evidence_is_unknown[None]>
2026-10-06T23:46:24.9305613Z       <Function test_missing_evidence_is_unknown[payload1]>
2026-10-06T23:46:24.9305782Z       <Function test_missing_evidence_is_unknown[bad]>
2026-10-06T23:46:24.9305966Z       <Function test_missing_evidence_is_unknown[payload3]>
2026-10-06T23:46:24.9306148Z       <Function test_missing_evidence_is_unknown[payload4]>
2026-10-06T23:46:24.9306329Z       <Function test_missing_evidence_is_unknown[payload5]>
2026-10-06T23:46:24.9306693Z       <Function test_explicit_negative_results[not_found-\u043d\u0435 \u043d\u0430\u0439\u0434\u0435\u043d]>
2026-10-06T23:46:24.9307153Z       <Function test_explicit_negative_results[unverified-\u041a\u0440\u0438\u043f\u0442\u043e\u043f\u043e\u0434\u043f\u0438\u0441\u044c]>
2026-10-06T23:46:24.9307577Z       <Function test_explicit_negative_results[blocked-\u0437\u0430\u0431\u043b\u043e\u043a\u0438\u0440\u043e\u0432\u0430\u043d]>
2026-10-06T23:46:24.9308281Z       <Coroutine test_no_token_full_gs_request_and_raw_response[200-{"outerStatus": "INTRODUCED", "checkResult": true, "status": "ok", "warning": "ok", "codeResolveData": {"verified": true}}-introduced]>
2026-10-06T23:46:24.9308580Z       <Coroutine test_no_token_full_gs_request_and_raw_response[200-not-json-unavailable]>
2026-10-06T23:46:24.9308848Z       <Coroutine test_no_token_full_gs_request_and_raw_response[451--unavailable]>
2026-10-06T23:46:24.9309131Z       <Coroutine test_no_token_full_gs_request_and_raw_response[401-denied-unavailable]>
2026-10-06T23:46:24.9309422Z       <Coroutine test_no_token_full_gs_request_and_raw_response[429-rate limit-unavailable]>
2026-10-06T23:46:24.9310247Z       <Coroutine test_no_token_full_gs_request_and_raw_response[503-{"outerStatus": "INTRODUCED", "checkResult": true, "status": "ok", "warning": "ok", "codeResolveData": {"verified": true}}-unavailable]>
2026-10-06T23:46:24.9310443Z       <Coroutine test_pause_before_next_single_code_query>
2026-10-06T23:46:24.9310626Z     <Module test_reconcile_fbs_unlinked_shipments.py>
2026-10-06T23:46:24.9310909Z       <Coroutine test_reconcile_unlinked_delivered_order_is_guarded_and_idempotent>
2026-10-06T23:46:24.9311053Z     <Module test_reports_inventory.py>
2026-10-06T23:46:24.9311322Z       <Coroutine test_reports_require_inventory_for_ff_staff_but_keep_allowed_roles>
2026-10-06T23:46:24.9311631Z       <Coroutine test_reports_inventory_paginates_aggregates_and_searches_all_product_fields>
2026-10-06T23:46:24.9311907Z       <Coroutine test_reports_inventory_uses_only_whitelisted_sorting_and_groupings>
2026-10-06T23:46:24.9312198Z       <Coroutine test_reports_inventory_interprets_offsetless_boundaries_as_moscow_time>
2026-10-06T23:46:24.9312501Z       <Coroutine test_reports_inventory_never_counts_transfers_even_for_selected_warehouse>
2026-10-06T23:46:24.9312771Z       <Coroutine test_reports_inventory_counts_stock_documents_not_location_moves>
2026-10-06T23:46:24.9313036Z       <Coroutine test_reports_inventory_groups_by_seller_with_products_and_balance>
2026-10-06T23:46:24.9313403Z       <Coroutine test_return_document_is_a_separate_operation_in_the_report>
2026-10-06T23:46:24.9313547Z     <Module test_reports_movements.py>
2026-10-06T23:46:24.9313782Z       <Coroutine test_movements_of_one_product_carry_name_and_document>
2026-10-06T23:46:24.9313996Z       <Coroutine test_movements_can_be_opened_by_operation_group>
2026-10-06T23:46:24.9314216Z       <Coroutine test_movements_of_a_return_are_not_filed_under_intake>
2026-10-06T23:46:24.9314399Z       <Coroutine test_movements_say_when_the_list_is_cut>
2026-10-06T23:46:24.9314615Z       <Coroutine test_movements_require_a_product_or_an_operation>
2026-10-06T23:46:24.9314872Z       <Coroutine test_ozon_report_links_exact_recipe_movement_ids_only[True]>
2026-10-06T23:46:24.9315297Z       <Coroutine test_ozon_report_links_exact_recipe_movement_ids_only[False]>
2026-10-06T23:46:24.9315634Z       <Coroutine test_ozon_identity_search_has_one_scope_for_rows_overview_and_csv[OZON-ONLY-OFFER]>
2026-10-06T23:46:24.9315965Z       <Coroutine test_ozon_identity_search_has_one_scope_for_rows_overview_and_csv[OZON-ONLY-SKU]>
2026-10-06T23:46:24.9316109Z     <Module test_reports_overview.py>
2026-10-06T23:46:24.9316353Z       <Coroutine test_reports_overview_rejects_period_longer_than_366_days>
2026-10-06T23:46:24.9316558Z       <Coroutine test_reports_overview_requires_authentication>
2026-10-06T23:46:24.9316847Z       <Coroutine test_reports_overview_uses_moscow_half_open_dates_and_fills_daily_gaps>
2026-10-06T23:46:24.9317095Z       <Coroutine test_reports_overview_never_counts_location_moves_as_stock>
2026-10-06T23:46:24.9317353Z       <Coroutine test_reports_overview_seller_scope_overrides_requested_seller>
2026-10-06T23:46:24.9317600Z       <Coroutine test_overview_opening_balance_is_the_stock_at_period_start>
2026-10-06T23:46:24.9317740Z     <Module test_reports_wms531.py>
2026-10-06T23:46:24.9317998Z       <Coroutine test_all_movement_types_get_correct_label_document_and_group>
2026-10-06T23:46:24.9318258Z       <Coroutine test_equation_holds_across_periods_products_seller_and_overview>
2026-10-06T23:46:24.9318468Z       <Coroutine test_product_with_balance_never_moved_is_shown>
2026-10-06T23:46:24.9318640Z       <Coroutine test_warehouse_id_is_fully_ignored>
2026-10-06T23:46:24.9318876Z       <Coroutine test_load_more_reaches_every_product_and_every_movement>
2026-10-06T23:46:24.9319135Z       <Coroutine test_split_fbs_writeoff_is_not_flagged_as_incomplete_transfer>
2026-10-06T23:46:24.9319412Z       <Coroutine test_incomplete_location_pair_marks_product_without_warehouse_filter>
2026-10-06T23:46:24.9319665Z       <Coroutine test_ozon_positions_lookup_is_scoped_to_the_requested_period>
2026-10-06T23:46:24.9320071Z       <Coroutine test_excel_export_by_product_matches_screen_with_outline_and_totals>
2026-10-06T23:46:24.9320351Z       <Coroutine test_excel_export_by_operation_fills_product_column_on_movement_rows>
2026-10-06T23:46:24.9320622Z       <Coroutine test_excel_export_for_seller_cabinet_has_no_seller_column_or_level>
2026-10-06T23:46:24.9320799Z       <Coroutine test_excel_export_rejects_empty_period>
2026-10-06T23:46:24.9320961Z     <Module test_reports_wms531_review_fixes.py>
2026-10-06T23:46:24.9321187Z       <Coroutine test_f1_excel_builds_in_roughly_linear_time_at_scale>
2026-10-06T23:46:24.9321479Z       <Coroutine test_f2_second_ozon_position_document_found_when_ledger_predates_period>
2026-10-06T23:46:24.9321721Z       <Coroutine test_f3_split_second_position_inherits_document_via_group>
2026-10-06T23:46:24.9321918Z       <Coroutine test_f4_movements_expansion_respects_search>
2026-10-06T23:46:24.9322203Z       <Coroutine test_f5_overview_daily_series_uses_current_seller_not_movement_snapshot>
2026-10-06T23:46:24.9322460Z       <Coroutine test_f6_ungrouped_location_movement_flags_incomplete_transfer>
2026-10-06T23:46:24.9322689Z       <Coroutine test_f7_seller_cabinet_excel_has_no_unnamed_totals_row>
2026-10-06T23:46:24.9322937Z       <Coroutine test_f9_excel_document_text_carries_the_document_kind_prefix>
2026-10-06T23:46:24.9323276Z       <Coroutine test_f10_text_fields_are_not_written_as_excel_formulas>
2026-10-06T23:46:24.9323494Z       <Coroutine test_f1_round4_ozon_position_index_scoped_per_seller>
2026-10-06T23:46:24.9323718Z       <Coroutine test_f8_round2_reversal_label_requires_confirmed_link>
2026-10-06T23:46:24.9323940Z       <Coroutine test_f8_round2_confirmed_reversal_still_gets_the_label>
2026-10-06T23:46:24.9324206Z       <Coroutine test_f11_multi_product_box_move_does_not_flag_incomplete_transfer>
2026-10-06T23:46:24.9324467Z       <Coroutine test_f8_round3_reversal_confirmation_not_leaked_to_ozon_sibling>
2026-10-06T23:46:24.9324716Z       <Coroutine test_f12_pallet_multi_box_same_product_not_flagged_incomplete>
2026-10-06T23:46:24.9325110Z       <Coroutine test_f1_round3_operation_grouping_streams_without_full_buffer>
2026-10-06T23:46:24.9325294Z     <Module test_return_intake_shortcut_and_defects.py>
2026-10-06T23:46:24.9325532Z       <Coroutine test_manual_and_wb_returns_skip_separate_receiving[None]>
2026-10-06T23:46:24.9325796Z       <Coroutine test_manual_and_wb_returns_skip_separate_receiving[wildberries]>
2026-10-06T23:46:24.9326046Z       <Coroutine test_ff_inbound_draft_shows_plan_then_starts_a_fresh_recount>
2026-10-06T23:46:24.9326266Z       <Coroutine test_seller_inbound_draft_keeps_plan_and_fact_separate>
2026-10-06T23:46:24.9326530Z       <Coroutine test_return_defects_are_posted_to_one_non_operational_warehouse>
2026-10-06T23:46:24.9326671Z     <Module test_scan_resolver_api.py>
2026-10-06T23:46:24.9326922Z       <Coroutine test_scan_resolve_route_returns_match_and_structured_failures>
2026-10-06T23:46:24.9327066Z     <Module test_scan_resolver_service.py>
2026-10-06T23:46:24.9327282Z       <Coroutine test_each_supported_type_is_found_by_its_scan_code>
2026-10-06T23:46:24.9327497Z       <Coroutine test_tenant_cannot_resolve_another_tenants_object>
2026-10-06T23:46:24.9327730Z       <Coroutine test_ambiguous_code_returns_all_matches_instead_of_first>
2026-10-06T23:46:24.9327909Z       <Coroutine test_unknown_code_returns_clear_failure>
2026-10-06T23:46:24.9328190Z       <Coroutine test_cell_code_normalization_removes_controls_trims_and_ignores_case>
2026-10-06T23:46:24.9328460Z       <Coroutine test_warehouse_filter_narrows_matches_and_rejects_another_warehouse>
2026-10-06T23:46:24.9328603Z     <Module test_seller_inbound_draft.py>
2026-10-06T23:46:24.9328852Z       <Coroutine test_seller_inbound_draft_visible_and_own_product_line_only>
2026-10-06T23:46:24.9328994Z     <Module test_seller_isolation.py>
2026-10-06T23:46:24.9329221Z       <Coroutine test_inbound_rejects_second_line_from_different_seller>
2026-10-06T23:46:24.9329579Z       <Coroutine test_outbound_rejects_second_line_from_different_seller>
2026-10-06T23:46:24.9329820Z       <Coroutine test_seller_does_not_see_inbound_with_other_seller_lines>
2026-10-06T23:46:24.9329992Z     <Module test_seller_marketplace_requisites.py>
2026-10-06T23:46:24.9330206Z       <Coroutine test_c1_wb_valid_response_keeps_only_inn_and_name>
2026-10-06T23:46:24.9330499Z       <Coroutine test_c1_wb_missing_or_invalid_tin_yields_none_without_exception[missing]>
2026-10-06T23:46:24.9330777Z       <Coroutine test_c1_wb_missing_or_invalid_tin_yields_none_without_exception[null]>
2026-10-06T23:46:24.9331049Z       <Coroutine test_c1_wb_missing_or_invalid_tin_yields_none_without_exception[empty]>
2026-10-06T23:46:24.9331366Z       <Coroutine test_c1_wb_missing_or_invalid_tin_yields_none_without_exception[bad_checksum]>
2026-10-06T23:46:24.9331544Z       <Coroutine test_c1_wb_e2e_mock_flag_skips_network>
2026-10-06T23:46:24.9331733Z       <Coroutine test_c2_ozon_uses_legal_name_when_present>
2026-10-06T23:46:24.9331962Z       <Coroutine test_c2_ozon_falls_back_to_name_when_legal_name_empty>
2026-10-06T23:46:24.9332284Z       <Coroutine test_c2_ozon_missing_company_or_inn_yields_none_without_exception[no_company_key]>
2026-10-06T23:46:24.9332603Z       <Coroutine test_c2_ozon_missing_company_or_inn_yields_none_without_exception[company_null]>
2026-10-06T23:46:24.9333061Z       <Coroutine test_c2_ozon_missing_company_or_inn_yields_none_without_exception[company_not_dict]>
2026-10-06T23:46:24.9333409Z       <Coroutine test_c2_ozon_missing_company_or_inn_yields_none_without_exception[company_without_inn]>
2026-10-06T23:46:24.9333598Z       <Coroutine test_c2_ozon_account_blocked_is_recognized>
2026-10-06T23:46:24.9333824Z       <Coroutine test_c3_dadata_overlay_replaces_name_and_fills_kpp>
2026-10-06T23:46:24.9334147Z       <Coroutine test_c3_dadata_failure_keeps_marketplace_data_without_kpp[dadata_not_configured]>
2026-10-06T23:46:24.9334437Z       <Coroutine test_c3_dadata_failure_keeps_marketplace_data_without_kpp[inn_invalid]>
2026-10-06T23:46:24.9334742Z       <Coroutine test_c3_dadata_failure_keeps_marketplace_data_without_kpp[dadata_rejected]>
2026-10-06T23:46:24.9335204Z       <Coroutine test_c3_dadata_failure_keeps_marketplace_data_without_kpp[dadata_unavailable]>
2026-10-06T23:46:24.9335509Z       <Coroutine test_c3_dadata_failure_keeps_marketplace_data_without_kpp[party_not_found]>
2026-10-06T23:46:24.9335829Z       <Coroutine test_c3_malformed_dadata_response_via_real_client_keeps_marketplace_data[null]>
2026-10-06T23:46:24.9336171Z       <Coroutine test_c3_malformed_dadata_response_via_real_client_keeps_marketplace_data[empty-list]>
2026-10-06T23:46:24.9336496Z       <Coroutine test_c3_malformed_dadata_response_via_real_client_keeps_marketplace_data[string]>
2026-10-06T23:46:24.9336695Z       <Coroutine test_endpoint_wb_success_with_dadata_overlay>
2026-10-06T23:46:24.9336960Z       <Coroutine test_endpoint_wb_success_without_dadata_keeps_marketplace_name>
2026-10-06T23:46:24.9337178Z       <Coroutine test_endpoint_wb_without_usable_inn_is_inn_missing>
2026-10-06T23:46:24.9337331Z       <Coroutine test_endpoint_wb_rate_limited>
2026-10-06T23:46:24.9337500Z       <Coroutine test_endpoint_ozon_account_blocked>
2026-10-06T23:46:24.9337711Z       <Coroutine test_c12_wrong_tenant_and_missing_seller_are_404>
2026-10-06T23:46:24.9337890Z       <Coroutine test_c12_seller_role_user_is_forbidden>
2026-10-06T23:46:24.9338108Z       <Coroutine test_c12_key_not_connected_never_calls_marketplace>
2026-10-06T23:46:24.9338325Z       <Coroutine test_c12_no_secret_values_leak_into_response_or_logs>
2026-10-06T23:46:24.9338482Z     <Module test_seller_marketplace_unload.py>
2026-10-06T23:46:24.9338705Z       <Coroutine test_seller_mp_unload_plan_reserves_and_ff_confirms>
2026-10-06T23:46:24.9338908Z       <Coroutine test_seller_cannot_see_other_seller_mp_unload>
2026-10-06T23:46:24.9339083Z       <Coroutine test_seller_can_read_wb_mp_warehouses>
2026-10-06T23:46:24.9339224Z     <Module test_seller_outbound_draft.py>
2026-10-06T23:46:24.9339585Z       <Coroutine test_seller_outbound_draft_create_and_line_own_sku_only>
2026-10-06T23:46:24.9339750Z     <Module test_seller_outbound_list_filter.py>
2026-10-06T23:46:24.9339965Z       <Coroutine test_seller_outbound_list_only_own_seller_requests>
2026-10-06T23:46:24.9340115Z     <Module test_seller_products_sync_job.py>
2026-10-06T23:46:24.9340292Z       <Coroutine test_seller_can_start_wb_cards_sync_self>
2026-10-06T23:46:24.9340427Z     <Module test_seller_rbac.py>
2026-10-06T23:46:24.9340658Z       <Coroutine test_seller_sees_only_own_products_and_filtered_inbound>
2026-10-06T23:46:24.9340850Z       <Coroutine test_non_admin_cannot_create_seller_account>
2026-10-06T23:46:24.9341006Z     <Module test_seller_requisites_autofill.py>
2026-10-06T23:46:24.9341311Z       <Coroutine test_c4_wb_self_service_creates_requisites_with_single_call_and_journal_event>
2026-10-06T23:46:24.9341520Z       <Coroutine test_c5_admin_patch_wb_token_creates_requisites>
2026-10-06T23:46:24.9341718Z       <Coroutine test_c5_ozon_self_service_creates_requisites>
2026-10-06T23:46:24.9341925Z       <Coroutine test_c6_full_manual_profile_untouched_by_wb_key>
2026-10-06T23:46:24.9342194Z       <Coroutine test_c6_manual_profile_with_matching_inn_and_empty_kpp_untouched>
2026-10-06T23:46:24.9342465Z       <Coroutine test_c7_wb_seller_info_failure_does_not_affect_key_save_response[401]>
2026-10-06T23:46:24.9342862Z       <Coroutine test_c7_wb_seller_info_failure_does_not_affect_key_save_response[429]>
2026-10-06T23:46:24.9343134Z       <Coroutine test_c7_wb_seller_info_failure_does_not_affect_key_save_response[500]>
2026-10-06T23:46:24.9343431Z       <Coroutine test_c7_wb_seller_info_failure_does_not_affect_key_save_response[bad_json]>
2026-10-06T23:46:24.9343724Z       <Coroutine test_c7_wb_seller_info_failure_does_not_affect_key_save_response[timeout]>
2026-10-06T23:46:24.9343980Z       <Coroutine test_c7_ozon_account_blocked_does_not_affect_key_save_response>
2026-10-06T23:46:24.9344242Z       <Coroutine test_c8_manual_save_via_http_wins_when_committed_before_autofill>
2026-10-06T23:46:24.9344505Z       <Coroutine test_f1_manual_save_via_http_wins_even_when_autofill_inserts_first>
2026-10-06T23:46:24.9344652Z     <Module test_seller_shop_allowlist.py>
2026-10-06T23:46:24.9345171Z       <Function test_email_markers_do_not_grant_shop_management[vitalik@mail.ru]>
2026-10-06T23:46:24.9345526Z       <Function test_email_markers_do_not_grant_shop_management[shop.vitaliy@example.com]>
2026-10-06T23:46:24.9345907Z       <Function test_email_markers_do_not_grant_shop_management[\u0432\u0438\u0442\u0430\u043b\u0438\u0439@mail.ru]>
2026-10-06T23:46:24.9346173Z       <Function test_email_markers_do_not_grant_shop_management[denmarks@mail.ru]>
2026-10-06T23:46:24.9346470Z       <Function test_email_markers_do_not_grant_shop_management[owner.denmark@company.ru]>
2026-10-06T23:46:24.9346685Z       <Function test_regular_seller_email_denied[regular@mail.ru]>
2026-10-06T23:46:24.9346922Z       <Function test_regular_seller_email_denied[seller123@company.ru]>
2026-10-06T23:46:24.9347146Z       <Function test_regular_seller_email_denied[admin@example.com]>
2026-10-06T23:46:24.9347313Z       <Function test_db_flag_allows_any_seller_email>
2026-10-06T23:46:24.9347506Z       <Function test_non_seller_role_denied_even_with_marker>
2026-10-06T23:46:24.9347748Z       <Function test_environment_allowlist_does_not_grant_shop_management>
2026-10-06T23:46:24.9347895Z     <Module test_seller_shop_scope.py>
2026-10-06T23:46:24.9348163Z       <Coroutine test_shop_manager_scope_requires_enabled_delegation_for_products>
2026-10-06T23:46:24.9348299Z     <Module test_seller_shop_switch.py>
2026-10-06T23:46:24.9348514Z       <Coroutine test_seller_shop_switch_acts_as_delegated_seller>
2026-10-06T23:46:24.9348710Z       <Coroutine test_seller_cannot_switch_without_delegation>
2026-10-06T23:46:24.9348891Z       <Coroutine test_regular_seller_cannot_manage_shops>
2026-10-06T23:46:24.9349061Z     <Module test_seller_staff_and_delete_drafts.py>
2026-10-06T23:46:24.9349455Z       <Coroutine test_seller_owner_creates_staff_user_and_updates_permissions>
2026-10-06T23:46:24.9349641Z       <Coroutine test_seller_delete_only_draft_documents>
2026-10-06T23:46:24.9349805Z     <Module test_seller_staff_invites_wms463.py>
2026-10-06T23:46:24.9350041Z       <Coroutine test_email_invitation_resend_activation_and_permissions>
2026-10-06T23:46:24.9350263Z       <Coroutine test_creation_validation_duplicate_and_concurrency>
2026-10-06T23:46:24.9350488Z       <Coroutine test_mail_failure_preserves_account_and_resend_recovers>
2026-10-06T23:46:24.9350707Z       <Coroutine test_legacy_email_transition_and_foreign_isolation>
2026-10-06T23:46:24.9350867Z     <Module test_seller_wb_catalog_isolation.py>
2026-10-06T23:46:24.9351073Z       <Coroutine test_seller_wb_catalog_only_own_seller_products>
2026-10-06T23:46:24.9351286Z       <Coroutine test_regular_seller_ignores_jwt_seller_override>
2026-10-06T23:46:24.9351397Z     <Module test_sellers.py>
2026-10-06T23:46:24.9351580Z       <Coroutine test_create_seller_with_account_atomic>
2026-10-06T23:46:24.9351834Z       <Coroutine test_create_seller_with_account_email_taken_no_orphan>
2026-10-06T23:46:24.9352026Z       <Coroutine test_create_seller_and_product_with_seller>
2026-10-06T23:46:24.9352179Z       <Coroutine test_product_unknown_seller>
2026-10-06T23:46:24.9352435Z     <Module test_sellers_wb_status.py>
2026-10-06T23:46:24.9353108Z       <Coroutine test_seller_list_reports_saved_wb_states_without_decryption>
2026-10-06T23:46:24.9353356Z     <Module test_settings_prod_gate.py>
2026-10-06T23:46:24.9353627Z       <Function test_prod_requires_fernet_key>
2026-10-06T23:46:24.9353907Z       <Function test_prod_rejects_default_jwt_secret>
2026-10-06T23:46:24.9354075Z       <Function test_prod_accepts_explicit_secrets>
2026-10-06T23:46:24.9354269Z       <Function test_development_allows_missing_fernet_key>
2026-10-06T23:46:24.9354484Z       <Function test_plain_postgresql_database_url_is_normalized>
2026-10-06T23:46:24.9354698Z       <Function test_async_postgresql_database_url_stays_unchanged>
2026-10-06T23:46:24.9354880Z       <Function test_cors_origins_adds_staging_entries>
2026-10-06T23:46:24.9355168Z     <Module test_shift_lead.py>
2026-10-06T23:46:24.9355359Z       <Coroutine test_reprint_requests_require_shift_lead>
2026-10-06T23:46:24.9355543Z       <Coroutine test_reprint_mutations_require_shift_lead>
2026-10-06T23:46:24.9355708Z     <Module test_sorting_object_creation_api.py>
2026-10-06T23:46:24.9356049Z       <Coroutine test_created_sorting_object_is_unassigned_on_map_and_resolvable_by_barcode[pallet]>
2026-10-06T23:46:24.9356368Z       <Coroutine test_created_sorting_object_is_unassigned_on_map_and_resolvable_by_barcode[box]>
2026-10-06T23:46:24.9356723Z       <Coroutine test_created_sorting_object_is_unassigned_on_map_and_resolvable_by_barcode[cargo_place]>
2026-10-06T23:46:24.9356973Z       <Coroutine test_sorting_object_creation_and_listing_are_tenant_scoped>
2026-10-06T23:46:24.9357203Z       <Coroutine test_sorting_object_creation_rejects_missing_warehouse>
2026-10-06T23:46:24.9357495Z       <Coroutine test_created_sorting_object_can_be_bound_to_one_inbound_request[pallet]>
2026-10-06T23:46:24.9357775Z       <Coroutine test_created_sorting_object_can_be_bound_to_one_inbound_request[box]>
2026-10-06T23:46:24.9358078Z       <Coroutine test_created_sorting_object_can_be_bound_to_one_inbound_request[cargo_place]>
2026-10-06T23:46:24.9358240Z     <Module test_sorting_objects_by_document.py>
2026-10-06T23:46:24.9358449Z       <Coroutine test_without_parameter_returns_whole_warehouse>
2026-10-06T23:46:24.9358698Z       <Coroutine test_with_parameter_returns_only_selected_document_contents>
2026-10-06T23:46:24.9358905Z       <Coroutine test_other_document_containers_are_not_returned>
2026-10-06T23:46:24.9359126Z       <Coroutine test_accepted_counter_is_limited_to_selected_document>
2026-10-06T23:46:24.9359271Z     <Module test_sorting_objects_cells.py>
2026-10-06T23:46:24.9359480Z       <Coroutine test_object_in_cell_is_returned_with_cell_holder>
2026-10-06T23:46:24.9359839Z       <Coroutine test_empty_target_returns_object_to_unassigned>
2026-10-06T23:46:24.9360017Z       <Coroutine test_to_id_places_box_inside_pallet>
2026-10-06T23:46:24.9360217Z       <Coroutine test_product_in_cell_is_returned_with_quantity>
2026-10-06T23:46:24.9360362Z     <Module test_sorting_print_wms442.py>
2026-10-06T23:46:24.9360627Z       <Coroutine test_windows_pairing_accepts_real_unicode_queue_name[asyncio]>
2026-10-06T23:46:24.9360872Z       <Coroutine test_pairing_rejects_blank_or_control_queue_name[asyncio- ]>
2026-10-06T23:46:24.9361160Z       <Coroutine test_pairing_rejects_blank_or_control_queue_name[asyncio-Printer\n58]>
2026-10-06T23:46:24.9361488Z       <Coroutine test_sorting_labels_marketplace_location_immutable_replay_and_no_stock_effects>
2026-10-06T23:46:24.9361734Z       <Coroutine test_real_http_concurrent_intent_claim_and_conflicting_ack>
2026-10-06T23:46:24.9362052Z       <Coroutine test_opaque_credentials_cannot_access_employee_api_and_scope_cannot_be_forged>
2026-10-06T23:46:24.9362331Z       <Coroutine test_missing_codes_and_changed_destination_do_not_create_empty_jobs>
2026-10-06T23:46:24.9362586Z       <Coroutine test_lost_claim_response_is_unknown_never_returned_to_pending>
2026-10-06T23:46:24.9362914Z       <Coroutine test_fbs_ready_png_and_operator_pdf_use_same_agent_snapshot_without_state_changes>
2026-10-06T23:46:24.9363264Z       <Coroutine test_unpaired_expired_and_foreign_pairing_are_rejected>
2026-10-06T23:46:24.9363570Z       <Function test_print_migration_after_identity_upgrade_downgrade_in_isolated_pg_schema>
2026-10-06T23:46:24.9363723Z     <Module test_staff_packaging_billing.py>
2026-10-06T23:46:24.9363959Z       <Coroutine test_staff_packaging_billing_counts_only_packed_in_task>
2026-10-06T23:46:24.9364207Z       <Coroutine test_staff_without_packaging_permission_cannot_create_task>
2026-10-06T23:46:24.9364406Z       <Coroutine test_wb_billing_credits_each_fulfillment_actor>
2026-10-06T23:46:24.9364575Z     <Module test_staff_reception_inbound_draft.py>
2026-10-06T23:46:24.9364878Z       <Coroutine test_staff_with_reception_permission_can_create_and_submit_inbound_draft>
2026-10-06T23:46:24.9365312Z       <Coroutine test_staff_without_reception_permission_cannot_create_inbound_draft>
2026-10-06T23:46:24.9365445Z     <Module test_staff_users.py>
2026-10-06T23:46:24.9365686Z       <Coroutine test_admin_creates_staff_user_first_login_and_permissions>
2026-10-06T23:46:24.9365899Z       <Coroutine test_ff_staff_rights_fail_closed_by_work_block>
2026-10-06T23:46:24.9366041Z     <Module test_stock_directions.py>
2026-10-06T23:46:24.9366271Z       <Function test_current_snapshot_month_uses_moscow_business_month>
2026-10-06T23:46:24.9366476Z       <Coroutine test_seller_stock_directions_summary_and_scope>
2026-10-06T23:46:24.9366684Z       <Coroutine test_directions_reserve_from_stock_and_mp_free_fbo>
2026-10-06T23:46:24.9366903Z       <Coroutine test_monthly_stock_snapshot_captures_distribution>
2026-10-06T23:46:24.9367157Z       <Coroutine test_monthly_stock_snapshot_get_requires_ff_inventory_access>
2026-10-06T23:46:24.9367450Z       <Coroutine test_monthly_stock_snapshot_concurrent_first_run_returns_persisted_slice>
2026-10-06T23:46:24.9367734Z       <Coroutine test_monthly_stock_snapshot_historical_month_without_rows_fails_closed>
2026-10-06T23:46:24.9367989Z       <Coroutine test_monthly_stock_snapshot_empty_current_month_can_run_later>
2026-10-06T23:46:24.9368125Z     <Module test_stock_transfer.py>
2026-10-06T23:46:24.9368326Z       <Coroutine test_stock_transfer_moves_balance_and_journal>
2026-10-06T23:46:24.9368486Z       <Coroutine test_stock_transfer_insufficient>
2026-10-06T23:46:24.9368627Z     <Module test_storage_daily_charge.py>
2026-10-06T23:46:24.9368897Z       <Coroutine test_nightly_run_charges_one_row_per_product_and_repeats_safely>
2026-10-06T23:46:24.9380577Z       <Coroutine test_seller_rate_beats_the_common_one>
2026-10-06T23:46:24.9381091Z       <Coroutine test_missing_rate_leaves_a_visible_unpriced_row>
2026-10-06T23:46:24.9381746Z       <Coroutine test_tenant_without_billing_start_date_is_not_charged>
2026-10-06T23:46:24.9382139Z       <Coroutine test_report_takes_storage_from_the_nightly_charges>
2026-10-06T23:46:24.9382474Z       <Coroutine test_missed_night_is_charged_on_the_next_run>
2026-10-06T23:46:24.9382912Z       <Coroutine test_product_measured_later_is_charged_for_the_days_it_was_missed>
2026-10-06T23:46:24.9383370Z       <Coroutine test_partially_measured_day_is_topped_up_after_later_measurement>
2026-10-06T23:46:24.9383727Z       <Coroutine test_repeat_pass_never_reduces_an_existing_charge>
2026-10-06T23:46:24.9384085Z       <Coroutine test_invoiced_day_is_topped_up_by_a_separate_line>
2026-10-06T23:46:24.9384361Z     <Module test_storage_measurement_service.py>
2026-10-06T23:46:24.9384760Z       <Function test_previous_month_defaults_to_completed_calendar_month>
2026-10-06T23:46:24.9385316Z       <Function test_month_bounds_rejects_invalid_month>
2026-10-06T23:46:24.9385684Z       <Function test_stock_segments_keep_fractional_day_boundaries>
2026-10-06T23:46:24.9386074Z       <Function test_stock_segments_reject_negative_reconstructed_stock>
2026-10-06T23:46:24.9386578Z       <Function test_stock_segments_net_same_timestamp_internal_movements>
2026-10-06T23:46:24.9386922Z       <Function test_current_month_stops_at_current_moscow_instant>
2026-10-06T23:46:24.9387394Z       <Function test_volume_segments_split_continuous_stock_at_dimension_change>
2026-10-06T23:46:24.9388057Z       <Function test_volume_segments_do_not_apply_later_measurement_to_earlier_stock>
2026-10-06T23:46:24.9388559Z       <Function test_wb_observation_after_manual_measurement_does_not_change_storage_volume>
2026-10-06T23:46:24.9389045Z       <Function test_wb_restore_changes_open_timeline_without_recalculating_closed_period>
2026-10-06T23:46:24.9389566Z       <Coroutine test_rebuild_and_list_cover_fractional_missing_zero_idempotency_and_scope>
2026-10-06T23:46:24.9389859Z       <Coroutine test_storage_api_rejects_future_month>
2026-10-06T23:46:24.9390078Z     <Module test_storage_models.py>
2026-10-06T23:46:24.9390515Z       <Function test_statement_is_unique_for_tenant_seller_warehouse_and_month>
2026-10-06T23:46:24.9390988Z       <Function test_measurement_is_unique_for_tenant_seller_warehouse_sku_and_month>
2026-10-06T23:46:24.9391357Z       <Function test_storage_rows_reject_negative_accumulated_values>
2026-10-06T23:46:24.9391784Z       <Function test_measurement_keeps_immutable_movement_boundary_references>
2026-10-06T23:46:24.9392115Z       <Function test_storage_models_have_no_financial_columns>
2026-10-06T23:46:24.9392361Z     <Module test_storage_movement_scope.py>
2026-10-06T23:46:24.9392747Z       <Function test_inventory_movement_has_frozen_storage_dimensions>
2026-10-06T23:46:24.9393204Z       <Function test_migrations_backfill_movements_and_exclude_technical_warehouses>
2026-10-06T23:46:24.9393601Z       <Coroutine test_movement_freezes_seller_and_warehouse_at_write_time>
2026-10-06T23:46:24.9393857Z     <Module test_storage_report_unmapped.py>
2026-10-06T23:46:24.9394304Z       <Coroutine test_missing_card_keeps_money_but_is_not_assigned_to_a_category>
2026-10-06T23:46:24.9394563Z     <Module test_storage_statement_matrix.py>
2026-10-06T23:46:24.9395213Z       <Coroutine test_storage_facade_writes_only_common_and_seller_v2_rates>
2026-10-06T23:46:24.9395634Z       <Coroutine test_stale_storage_submit_rolls_back_the_common_seller_pair>
2026-10-06T23:46:24.9396075Z       <Coroutine test_common_storage_rate_covers_every_operational_warehouse>
2026-10-06T23:46:24.9396667Z       <Coroutine test_statement_report_and_invoice_use_seller_matrix_rate_not_legacy_warehouse_rate>
2026-10-06T23:46:24.9397156Z       <Coroutine test_tariff_starting_at_moscow_midnight_does_not_pay_for_the_day_before>
2026-10-06T23:46:24.9397711Z       <Coroutine test_fractional_measurements_keep_statement_report_and_invoice_at_one_kopeck>
2026-10-06T23:46:24.9398202Z       <Coroutine test_fractional_warehouse_statements_sum_to_seller_report_and_invoice>
2026-10-06T23:46:24.9398864Z       <Coroutine test_warehouse_filter_preserves_cross_warehouse_fractional_allocation>
2026-10-06T23:46:24.9399309Z       <Coroutine test_storage_statement_list_loads_night_charges_in_one_query>
2026-10-06T23:46:24.9399779Z       <Coroutine test_cross_dated_tariff_history_returns_the_new_common_seller_pair>
2026-10-06T23:46:24.9400041Z     <Module test_storage_statement_service.py>
2026-10-06T23:46:24.9400486Z       <Function test_zero_statement_uses_its_own_id_as_the_single_ledger_source>
2026-10-06T23:46:24.9400940Z       <Function test_measurement_statement_uses_each_measurement_as_its_ledger_source>
2026-10-06T23:46:24.9401382Z       <Function test_print_rows_do_not_pair_a_zero_ledger_entry_with_a_missing_sku>
2026-10-06T23:46:24.9401899Z       <Function test_print_row_uses_charged_ledger_quantity_instead_of_full_month_measurement>
2026-10-06T23:46:24.9402380Z       <Function test_night_rate_snapshot_does_not_expose_decimal_division_noise>
2026-10-06T23:46:24.9402815Z       <Function test_night_charge_without_a_rate_shows_liter_days_but_no_money>
2026-10-06T23:46:24.9403172Z       <Function test_product_without_night_charges_keeps_the_dash>
2026-10-06T23:46:24.9403627Z       <Function test_storage_ledger_quantity_is_rounded_within_numeric_14_4>
2026-10-06T23:46:24.9404292Z       <Function test_storage_ledger_quantity_rejects_values_outside_numeric_14_4[quantity0]>
2026-10-06T23:46:24.9405454Z       <Function test_storage_ledger_quantity_rejects_values_outside_numeric_14_4[quantity1]>
2026-10-06T23:46:24.9410746Z       <Function test_storage_ledger_quantity_rejects_values_outside_numeric_14_4[quantity2]>
2026-10-06T23:46:24.9411401Z       <Function test_storage_ledger_quantity_rejects_values_outside_numeric_14_4[quantity3]>
2026-10-06T23:46:24.9411874Z       <Coroutine test_draft_calculation_prints_and_lists_the_same_numbers>
2026-10-06T23:46:24.9412324Z       <Coroutine test_screen_shows_no_money_until_the_night_has_charged>
2026-10-06T23:46:24.9412841Z       <Coroutine test_screen_and_report_show_the_same_seller_rate_from_the_night>
2026-10-06T23:46:24.9413125Z     <Module test_storage_tariff_api.py>
2026-10-06T23:46:24.9413453Z       <Coroutine test_admin_creates_warehouse_tariff>
2026-10-06T23:46:24.9413834Z       <Coroutine test_admin_creates_tariff_with_seller_exception>
2026-10-06T23:46:24.9414145Z       <Coroutine test_staff_inventory_cannot_set_tariff>
2026-10-06T23:46:24.9414540Z       <Coroutine test_tariff_amount_must_be_positive[warehouse-0]>
2026-10-06T23:46:24.9415217Z       <Coroutine test_tariff_amount_must_be_positive[warehouse--0.01]>
2026-10-06T23:46:24.9415653Z       <Coroutine test_tariff_amount_must_be_positive[warehouse-0.001]>
2026-10-06T23:46:24.9416084Z       <Coroutine test_tariff_amount_must_be_positive[seller_exception-0]>
2026-10-06T23:46:24.9416538Z       <Coroutine test_tariff_amount_must_be_positive[seller_exception--0.01]>
2026-10-06T23:46:24.9417001Z       <Coroutine test_tariff_amount_must_be_positive[seller_exception-0.001]>
2026-10-06T23:46:24.9417560Z       <Coroutine test_storage_tariff_service_rejects_amount_rounding_to_zero[warehouse]>
2026-10-06T23:46:24.9418180Z       <Coroutine test_storage_tariff_service_rejects_amount_rounding_to_zero[seller_exception]>
2026-10-06T23:46:24.9420271Z       <Coroutine test_tariff_amount_rounding_that_stays_positive_is_saved>
2026-10-06T23:46:24.9420721Z       <Coroutine test_tariff_valid_from_cannot_be_in_the_past[warehouse]>
2026-10-06T23:46:24.9441997Z       <Coroutine test_tariff_valid_from_cannot_be_in_the_past[seller_exception]>
2026-10-06T23:46:24.9442385Z       <Coroutine test_tariff_scope_must_belong_to_tenant_and_operational_warehouse>
2026-10-06T23:46:24.9442675Z       <Coroutine test_new_tariff_does_not_rewrite_what_the_night_already_charged>
2026-10-06T23:46:24.9442966Z       <Coroutine test_tariff_rejects_rubles_above_postgres_kopeck_limit_without_write>
2026-10-06T23:46:24.9443112Z     <Module test_subscription.py>
2026-10-06T23:46:24.9443291Z       <Function test_state_without_date_never_blocks>
2026-10-06T23:46:24.9443737Z       <Function test_state_counts_days_and_blocks_after_last_day>
2026-10-06T23:46:24.9443958Z       <Coroutine test_subscription_endpoint_reports_days_left>
2026-10-06T23:46:24.9444184Z       <Coroutine test_expired_subscription_blocks_work_but_not_login>
2026-10-06T23:46:24.9444420Z       <Coroutine test_subscription_of_one_tenant_does_not_touch_another>
2026-10-06T23:46:24.9444576Z     <Module test_subscription_payment.py>
2026-10-06T23:46:24.9444749Z       <Function test_extension_never_burns_paid_days>
2026-10-06T23:46:24.9445207Z       <Coroutine test_pay_without_keys_reports_conflict>
2026-10-06T23:46:24.9445455Z       <Coroutine test_payment_creates_link_and_activates_after_success>
2026-10-06T23:46:24.9445630Z       <Coroutine test_one_payment_extends_only_once>
2026-10-06T23:46:24.9445870Z       <Coroutine test_overlapping_payment_sync_preserves_both_paid_months>
2026-10-06T23:46:24.9446031Z       <Coroutine test_blocked_tenant_can_still_pay>
2026-10-06T23:46:24.9446200Z       <Coroutine test_payment_is_scoped_to_its_tenant>
2026-10-06T23:46:24.9446423Z       <Coroutine test_paid_invoice_counts_even_when_a_newer_one_hangs>
2026-10-06T23:46:24.9446584Z       <Coroutine test_seller_cannot_start_payment>
2026-10-06T23:46:24.9446724Z     <Module test_support_agent_api.py>
2026-10-06T23:46:24.9446965Z       <Coroutine test_agent_reads_requests_of_all_clients_with_all_fields>
2026-10-06T23:46:24.9447346Z       <Coroutine test_cursor_returns_only_newer_records_oldest_first>
2026-10-06T23:46:24.9447589Z       <Coroutine test_key_is_required_wrong_key_rejected_and_off_without_key>
2026-10-06T23:46:24.9447824Z       <Coroutine test_key_does_not_open_user_endpoints_and_cannot_write>
2026-10-06T23:46:24.9448088Z       <Coroutine test_seller_author_record_carries_server_side_seller_and_tenant>
2026-10-06T23:46:24.9448227Z     <Module test_tenant_settings.py>
2026-10-06T23:46:24.9448455Z       <Coroutine test_me_includes_address_storage_enabled_default_true>
2026-10-06T23:46:24.9448716Z       <Coroutine test_me_includes_separate_marking_print_enabled_default_false>
2026-10-06T23:46:24.9448879Z       <Coroutine test_tenant_settings_get_and_patch>
2026-10-06T23:46:24.9449094Z       <Coroutine test_tenant_settings_patch_separate_marking_print>
2026-10-06T23:46:24.9449304Z       <Coroutine test_tenant_settings_patch_no_fields_returns_422>
2026-10-06T23:46:24.9449484Z       <Coroutine test_tenant_settings_forbidden_for_staff>
2026-10-06T23:46:24.9449712Z       <Coroutine test_disable_address_storage_migrates_stock_to_sorting>
2026-10-06T23:46:24.9449824Z     <Module test_tokens.py>
2026-10-06T23:46:24.9449994Z       <Function test_access_token_has_no_expiration>
2026-10-06T23:46:24.9450173Z       <Function test_expired_access_tokens_are_rejected>
2026-10-06T23:46:24.9450408Z       <Function test_signed_session_without_expiration_remains_valid[0]>
2026-10-06T23:46:24.9450660Z       <Function test_signed_session_without_expiration_remains_valid[3650]>
2026-10-06T23:46:24.9450875Z       <Function test_access_token_still_rejects_a_foreign_signature>
2026-10-06T23:46:24.9451028Z     <Module test_true_api_marking_check.py>
2026-10-06T23:46:24.9451366Z       <Function test_crypto_aggregate_requires_complete_unambiguous_answer[payload0-expected0]>
2026-10-06T23:46:24.9451700Z       <Function test_crypto_aggregate_requires_complete_unambiguous_answer[payload1-expected1]>
2026-10-06T23:46:24.9452021Z       <Function test_crypto_aggregate_requires_complete_unambiguous_answer[payload2-expected2]>
2026-10-06T23:46:24.9452330Z       <Function test_crypto_aggregate_requires_complete_unambiguous_answer[payload3-expected3]>
2026-10-06T23:46:24.9452643Z       <Function test_crypto_aggregate_requires_complete_unambiguous_answer[payload4-expected4]>
2026-10-06T23:46:24.9452957Z       <Function test_crypto_aggregate_requires_complete_unambiguous_answer[payload5-expected5]>
2026-10-06T23:46:24.9453275Z       <Function test_crypto_aggregate_requires_complete_unambiguous_answer[payload6-expected6]>
2026-10-06T23:46:24.9453705Z       <Function test_crypto_aggregate_requires_complete_unambiguous_answer[payload7-expected7]>
2026-10-06T23:46:24.9454029Z       <Function test_crypto_aggregate_requires_complete_unambiguous_answer[payload8-expected8]>
2026-10-06T23:46:24.9454340Z       <Function test_crypto_aggregate_requires_complete_unambiguous_answer[payload9-expected9]>
2026-10-06T23:46:24.9454672Z       <Function test_crypto_aggregate_requires_complete_unambiguous_answer[payload10-expected10]>
2026-10-06T23:46:24.9455212Z       <Function test_crypto_aggregate_requires_complete_unambiguous_answer[payload11-expected11]>
2026-10-06T23:46:24.9455556Z       <Function test_crypto_aggregate_requires_complete_unambiguous_answer[payload12-expected12]>
2026-10-06T23:46:24.9455848Z       <Function test_crypto_short_invalid_code_cannot_identify_two_different_signatures>
2026-10-06T23:46:24.9456213Z       <Function test_status_and_crypto_are_separate_required_confirmations[INTRODUCED-True-introduced]>
2026-10-06T23:46:24.9456602Z       <Function test_status_and_crypto_are_separate_required_confirmations[INTRODUCED-None-unavailable]>
2026-10-06T23:46:24.9456946Z       <Function test_status_and_crypto_are_separate_required_confirmations[INTRODUCED-1-unavailable]>
2026-10-06T23:46:24.9457287Z       <Function test_status_and_crypto_are_separate_required_confirmations[INTRODUCED-False-problem]>
2026-10-06T23:46:24.9457613Z       <Function test_status_and_crypto_are_separate_required_confirmations[None-True-unavailable]>
2026-10-06T23:46:24.9458107Z       <Function test_status_and_crypto_are_separate_required_confirmations[FUTURE_STATUS-True-unavailable]>
2026-10-06T23:46:24.9458432Z       <Function test_status_and_crypto_are_separate_required_confirmations[RETIRED-True-problem]>
2026-10-06T23:46:24.9458749Z       <Function test_status_and_crypto_are_separate_required_confirmations[APPLIED-True-problem]>
2026-10-06T23:46:24.9459004Z       <Function test_info_reordering_duplicates_unknown_and_per_code_errors>
2026-10-06T23:46:24.9459288Z       <Coroutine test_http_short_info_full_crypto_and_truthful_unavailability[None]>
2026-10-06T23:46:24.9459562Z       <Coroutine test_http_short_info_full_crypto_and_truthful_unavailability[401]>
2026-10-06T23:46:24.9459832Z       <Coroutine test_http_short_info_full_crypto_and_truthful_unavailability[429]>
2026-10-06T23:46:24.9460091Z       <Coroutine test_http_short_info_full_crypto_and_truthful_unavailability[451]>
2026-10-06T23:46:24.9460380Z       <Coroutine test_http_short_info_full_crypto_and_truthful_unavailability[offline]>
2026-10-06T23:46:24.9460672Z       <Coroutine test_http_short_info_full_crypto_and_truthful_unavailability[malformed]>
2026-10-06T23:46:24.9460949Z       <Coroutine test_http_short_info_full_crypto_and_truthful_unavailability[missing]>
2026-10-06T23:46:24.9461196Z       <Coroutine test_missing_token_or_unprojectable_code_never_calls_http>
2026-10-06T23:46:24.9461418Z       <Coroutine test_pacing_reserves_two_seconds_between_requests>
2026-10-06T23:46:24.9461622Z       <Coroutine test_credential_scope_and_only_cz_is_decrypted>
2026-10-06T23:46:24.9461957Z       <Coroutine test_receiving_checks_two_pending_codes_without_token_and_preserves_full_values>
2026-10-06T23:46:24.9462229Z       <Coroutine test_expired_worker_cannot_overwrite_retry_while_saving_response>
2026-10-06T23:46:24.9462376Z     <Module test_true_api_withdrawal.py>
2026-10-06T23:46:24.9462644Z       <Coroutine test_exact_auth_contract_uuid_field_expiry_and_no_secret_repr[2]>
2026-10-06T23:46:24.9462907Z       <Coroutine test_exact_auth_contract_uuid_field_expiry_and_no_secret_repr[12]>
2026-10-06T23:46:24.9463181Z       <Coroutine test_auth_does_not_accept_legacy_token_or_leak_auth_body[response0]>
2026-10-06T23:46:24.9463448Z       <Coroutine test_auth_does_not_accept_legacy_token_or_leak_auth_body[response1]>
2026-10-06T23:46:24.9463774Z       <Coroutine test_create_sends_original_bytes_exact_four_fields_and_returns_only_id[200-True]>
2026-10-06T23:46:24.9464111Z       <Coroutine test_create_sends_original_bytes_exact_four_fields_and_returns_only_id[200-False]>
2026-10-06T23:46:24.9464562Z       <Coroutine test_create_sends_original_bytes_exact_four_fields_and_returns_only_id[201-True]>
2026-10-06T23:46:24.9465224Z       <Coroutine test_create_sends_original_bytes_exact_four_fields_and_returns_only_id[201-False]>
2026-10-06T23:46:24.9465557Z       <Coroutine test_create_preserves_error_bytes_and_never_retries_or_redirects[400]>
2026-10-06T23:46:24.9465848Z       <Coroutine test_create_preserves_error_bytes_and_never_retries_or_redirects[401]>
2026-10-06T23:46:24.9466135Z       <Coroutine test_create_preserves_error_bytes_and_never_retries_or_redirects[403]>
2026-10-06T23:46:24.9466411Z       <Coroutine test_create_preserves_error_bytes_and_never_retries_or_redirects[422]>
2026-10-06T23:46:24.9466688Z       <Coroutine test_create_preserves_error_bytes_and_never_retries_or_redirects[429]>
2026-10-06T23:46:24.9466960Z       <Coroutine test_create_preserves_error_bytes_and_never_retries_or_redirects[500]>
2026-10-06T23:46:24.9467244Z       <Coroutine test_create_preserves_error_bytes_and_never_retries_or_redirects[502]>
2026-10-06T23:46:24.9467520Z       <Coroutine test_create_preserves_error_bytes_and_never_retries_or_redirects[503]>
2026-10-06T23:46:24.9467795Z       <Coroutine test_create_preserves_error_bytes_and_never_retries_or_redirects[302]>
2026-10-06T23:46:24.9468043Z       <Coroutine test_uncertain_create_never_performs_second_post[timeout]>
2026-10-06T23:46:24.9468442Z       <Coroutine test_uncertain_create_never_performs_second_post[disconnect]>
2026-10-06T23:46:24.9468690Z       <Coroutine test_uncertain_create_never_performs_second_post[connect]>
2026-10-06T23:46:24.9468943Z       <Coroutine test_uncertain_create_never_performs_second_post[bad_json]>
2026-10-06T23:46:24.9469185Z       <Coroutine test_uncertain_create_never_performs_second_post[fake_id]>
2026-10-06T23:46:24.9469474Z       <Coroutine test_cises_official_batch_preserves_nullable_facts_and_per_code_errors>
2026-10-06T23:46:24.9469724Z       <Coroutine test_cises_404_is_a_per_code_answer_not_transport_exception>
2026-10-06T23:46:24.9470058Z       <Coroutine test_v4_info_array_exact_query_errors_and_withdrawal_statuses[CHECKED_OK-succeeded]>
2026-10-06T23:46:24.9470405Z       <Coroutine test_v4_info_array_exact_query_errors_and_withdrawal_statuses[CHECKED_NOT_OK-failed]>
2026-10-06T23:46:24.9470741Z       <Coroutine test_v4_info_array_exact_query_errors_and_withdrawal_statuses[PARSE_ERROR-failed]>
2026-10-06T23:46:24.9471097Z       <Coroutine test_v4_info_array_exact_query_errors_and_withdrawal_statuses[PROCESSING_ERROR-failed]>
2026-10-06T23:46:24.9471434Z       <Coroutine test_v4_info_array_exact_query_errors_and_withdrawal_statuses[IN_PROGRESS-pending]>
2026-10-06T23:46:24.9471811Z       <Coroutine test_v4_info_array_exact_query_errors_and_withdrawal_statuses[WAIT_FOR_CONTINUATION-pending]>
2026-10-06T23:46:24.9472125Z       <Coroutine test_v4_info_array_exact_query_errors_and_withdrawal_statuses[UNDEFINED-unknown]>
2026-10-06T23:46:24.9472446Z       <Coroutine test_v4_info_array_exact_query_errors_and_withdrawal_statuses[ACCEPTED-unknown]>
2026-10-06T23:46:24.9472766Z       <Coroutine test_v4_info_array_exact_query_errors_and_withdrawal_statuses[NEW_STATUS-unknown]>
2026-10-06T23:46:24.9473071Z       <Coroutine test_v4_info_array_exact_query_errors_and_withdrawal_statuses[None-unknown]>
2026-10-06T23:46:24.9473300Z       <Coroutine test_v4_list_exact_reconciliation_filters_and_cursor>
2026-10-06T23:46:24.9473635Z       <Coroutine test_cross_environment_participant_expired_or_jwt_auth_never_leaves_server[auth0]>
2026-10-06T23:46:24.9473962Z       <Coroutine test_cross_environment_participant_expired_or_jwt_auth_never_leaves_server[auth1]>
2026-10-06T23:46:24.9474293Z       <Coroutine test_cross_environment_participant_expired_or_jwt_auth_never_leaves_server[auth2]>
2026-10-06T23:46:24.9474621Z       <Coroutine test_cross_environment_participant_expired_or_jwt_auth_never_leaves_server[auth3]>
2026-10-06T23:46:24.9474879Z       <Coroutine test_limiter_failure_prevents_outbound_and_does_not_fallback>
2026-10-06T23:46:24.9475530Z       <Coroutine test_limiter_waits_then_reacquires_same_participant_key>
2026-10-06T23:46:24.9475771Z       <Coroutine test_create_boundary_failures_happen_before_http[count]>
2026-10-06T23:46:24.9476002Z       <Coroutine test_create_boundary_failures_happen_before_http[bytes]>
2026-10-06T23:46:24.9476262Z       <Coroutine test_create_boundary_failures_happen_before_http[duplicate]>
2026-10-06T23:46:24.9476514Z       <Coroutine test_create_boundary_failures_happen_before_http[signature]>
2026-10-06T23:46:24.9476768Z       <Function test_environment_selects_an_inseparable_pair_of_official_urls>
2026-10-06T23:46:24.9476978Z       <Function test_document_from_different_type_cannot_succeed>
2026-10-06T23:46:24.9477256Z       <Coroutine test_atomic_lua_limiter_across_three_clients_with_real_isolated_redis>
2026-10-06T23:46:24.9477462Z       <Coroutine test_actual_document_code_count_boundary[30000]>
2026-10-06T23:46:24.9477665Z       <Coroutine test_actual_document_code_count_boundary[30001]>
2026-10-06T23:46:24.9477977Z       <Function test_cis_parser_never_discards_facts_required_by_business_preflight[change0]>
2026-10-06T23:46:24.9478283Z       <Function test_cis_parser_never_discards_facts_required_by_business_preflight[change1]>
2026-10-06T23:46:24.9478579Z       <Function test_cis_parser_never_discards_facts_required_by_business_preflight[change2]>
2026-10-06T23:46:24.9478999Z       <Function test_cis_parser_never_discards_facts_required_by_business_preflight[change3]>
2026-10-06T23:46:24.9479300Z       <Function test_cis_parser_never_discards_facts_required_by_business_preflight[change4]>
2026-10-06T23:46:24.9479597Z       <Function test_cis_parser_never_discards_facts_required_by_business_preflight[change5]>
2026-10-06T23:46:24.9479823Z       <Coroutine test_info_contract_mismatch_is_not_success[wrong_id]>
2026-10-06T23:46:24.9480056Z       <Coroutine test_info_contract_mismatch_is_not_success[wrong_group]>
2026-10-06T23:46:24.9480269Z       <Coroutine test_info_contract_mismatch_is_not_success[object]>
2026-10-06T23:46:24.9480495Z       <Coroutine test_info_contract_mismatch_is_not_success[multiple]>
2026-10-06T23:46:24.9480825Z       <Coroutine test_production_create_gate_does_not_block_auth_or_sandbox[False-sign_in-sandbox]>
2026-10-06T23:46:24.9481169Z       <Coroutine test_production_create_gate_does_not_block_auth_or_sandbox[False-sign_in-production]>
2026-10-06T23:46:24.9481546Z       <Coroutine test_production_create_gate_does_not_block_auth_or_sandbox[False-create_document-sandbox]>
2026-10-06T23:46:24.9481915Z       <Coroutine test_production_create_gate_does_not_block_auth_or_sandbox[False-create_document-production]>
2026-10-06T23:46:24.9482238Z       <Coroutine test_production_create_gate_does_not_block_auth_or_sandbox[True-sign_in-sandbox]>
2026-10-06T23:46:24.9482573Z       <Coroutine test_production_create_gate_does_not_block_auth_or_sandbox[True-sign_in-production]>
2026-10-06T23:46:24.9482933Z       <Coroutine test_production_create_gate_does_not_block_auth_or_sandbox[True-create_document-sandbox]>
2026-10-06T23:46:24.9483305Z       <Coroutine test_production_create_gate_does_not_block_auth_or_sandbox[True-create_document-production]>
2026-10-06T23:46:24.9483612Z       <Coroutine test_invalid_or_missing_action_date_rejected_before_limiter_and_http[None]>
2026-10-06T23:46:24.9483927Z       <Coroutine test_invalid_or_missing_action_date_rejected_before_limiter_and_http[20260923_0]>
2026-10-06T23:46:24.9484226Z       <Coroutine test_invalid_or_missing_action_date_rejected_before_limiter_and_http[True]>
2026-10-06T23:46:24.9484511Z       <Coroutine test_invalid_or_missing_action_date_rejected_before_limiter_and_http[]>
2026-10-06T23:46:24.9484829Z       <Coroutine test_invalid_or_missing_action_date_rejected_before_limiter_and_http[20260923_1]>
2026-10-06T23:46:24.9485409Z       <Coroutine test_invalid_or_missing_action_date_rejected_before_limiter_and_http[2026-9-23]>
2026-10-06T23:46:24.9485735Z       <Coroutine test_invalid_or_missing_action_date_rejected_before_limiter_and_http[2026-02-30]>
2026-10-06T23:46:24.9486292Z       <Coroutine test_invalid_or_missing_action_date_rejected_before_limiter_and_http[2026-09-23T00:00:00Z]>
2026-10-06T23:46:24.9486616Z       <Coroutine test_invalid_or_missing_action_date_rejected_before_limiter_and_http[2026-09-24]>
2026-10-06T23:46:24.9486935Z       <Coroutine test_invalid_or_missing_action_date_rejected_before_limiter_and_http[2021-09-22]>
2026-10-06T23:46:24.9487234Z       <Coroutine test_malformed_product_rows_or_invalid_cost_rejected_before_http[None]>
2026-10-06T23:46:24.9487541Z       <Coroutine test_malformed_product_rows_or_invalid_cost_rejected_before_http[product1]>
2026-10-06T23:46:24.9487843Z       <Coroutine test_malformed_product_rows_or_invalid_cost_rejected_before_http[invalid]>
2026-10-06T23:46:24.9488115Z       <Coroutine test_malformed_product_rows_or_invalid_cost_rejected_before_http[1]>
2026-10-06T23:46:24.9488415Z       <Coroutine test_malformed_product_rows_or_invalid_cost_rejected_before_http[product4]>
2026-10-06T23:46:24.9488716Z       <Coroutine test_malformed_product_rows_or_invalid_cost_rejected_before_http[product5]>
2026-10-06T23:46:24.9489015Z       <Coroutine test_malformed_product_rows_or_invalid_cost_rejected_before_http[product6]>
2026-10-06T23:46:24.9489314Z       <Coroutine test_malformed_product_rows_or_invalid_cost_rejected_before_http[product7]>
2026-10-06T23:46:24.9489730Z       <Coroutine test_malformed_product_rows_or_invalid_cost_rejected_before_http[product8]>
2026-10-06T23:46:24.9490023Z       <Coroutine test_malformed_product_rows_or_invalid_cost_rejected_before_http[product9]>
2026-10-06T23:46:24.9490327Z       <Coroutine test_malformed_product_rows_or_invalid_cost_rejected_before_http[product10]>
2026-10-06T23:46:24.9490636Z       <Coroutine test_malformed_product_rows_or_invalid_cost_rejected_before_http[product11]>
2026-10-06T23:46:24.9490938Z       <Coroutine test_malformed_product_rows_or_invalid_cost_rejected_before_http[product12]>
2026-10-06T23:46:24.9491289Z       <Coroutine test_inclusive_date_and_cost_boundaries_preserve_original_payload_bytes[2021-09-23-0]>
2026-10-06T23:46:24.9491692Z       <Coroutine test_inclusive_date_and_cost_boundaries_preserve_original_payload_bytes[2021-09-23-99999999999999999]>
2026-10-06T23:46:24.9492027Z       <Coroutine test_inclusive_date_and_cost_boundaries_preserve_original_payload_bytes[2026-09-23-0]>
2026-10-06T23:46:24.9492427Z       <Coroutine test_inclusive_date_and_cost_boundaries_preserve_original_payload_bytes[2026-09-23-99999999999999999]>
2026-10-06T23:46:24.9492628Z       <Function test_five_calendar_year_boundary_on_leap_day>
2026-10-06T23:46:24.9492868Z       <Function test_action_date_uses_moscow_calendar_at_utc_day_boundary>
2026-10-06T23:46:24.9493043Z     <Module test_user_identity_migration_wms443.py>
2026-10-06T23:46:24.9493255Z       <Function test_existing_accounts_survive_identity_migration>
2026-10-06T23:46:24.9493405Z     <Module test_user_identity_wms443.py>
2026-10-06T23:46:24.9493689Z       <Coroutine test_cold_legacy_admin_fills_self_and_keeps_old_token_and_password>
2026-10-06T23:46:24.9493949Z       <Coroutine test_homonyms_same_and_other_organization_never_select_first>
2026-10-06T23:46:24.9494188Z       <Coroutine test_profile_permissions_scope_and_immutable_identity>
2026-10-06T23:46:24.9494391Z       <Coroutine test_name_login_rate_limit_and_invalid_creation>
2026-10-06T23:46:24.9494660Z       <Coroutine test_historical_display_preserves_real_name_and_neutral_system>
2026-10-06T23:46:24.9495122Z       <Coroutine test_seller_named_staff_create_edit_and_other_seller_scope>
2026-10-06T23:46:24.9495299Z     <Module test_warehouse_map_api.py>
2026-10-06T23:46:24.9495541Z       <Coroutine test_map_totals_moves_sorting_disband_and_tenant_scope>
2026-10-06T23:46:24.9495797Z       <Coroutine test_address_storage_disabled_hides_cells_and_rejects_place>
2026-10-06T23:46:24.9496047Z       <Coroutine test_empty_inbound_container_keeps_cell_after_map_reload[box]>
2026-10-06T23:46:24.9496333Z       <Coroutine test_empty_inbound_container_keeps_cell_after_map_reload[cargo_place]>
2026-10-06T23:46:24.9496737Z       <Coroutine test_map_shows_unposted_contents_of_unfinished_inbound_containers>
2026-10-06T23:46:24.9497018Z       <Coroutine test_map_shows_legacy_label_for_system_generated_inbound_box_barcode>
2026-10-06T23:46:24.9497237Z       <Function test_numbered_inbound_box_labels_only_for_imperiya>
2026-10-06T23:46:24.9497434Z       <Coroutine test_empty_container_can_be_taken_off_a_cell>
2026-10-06T23:46:24.9497592Z     <Module test_warehouse_structure_wave1.py>
2026-10-06T23:46:24.9497849Z       <Coroutine test_tenant_b_cannot_add_product_to_tenant_a_pallet_or_list_it>
2026-10-06T23:46:24.9498080Z       <Coroutine test_parallel_pallet_creation_reserves_distinct_codes>
2026-10-06T23:46:24.9498317Z       <Coroutine test_pallet_counter_continues_after_existing_legacy_code>
2026-10-06T23:46:24.9498579Z       <Coroutine test_same_product_same_cell_in_two_boxes_keeps_both_balance_rows>
2026-10-06T23:46:24.9498836Z       <Coroutine test_duplicate_loose_product_balance_in_one_cell_is_rejected>
2026-10-06T23:46:24.9499102Z       <Coroutine test_container_reference_requires_kind_and_id_together[box-None]>
2026-10-06T23:46:24.9499411Z       <Coroutine test_container_reference_requires_kind_and_id_together[None-container_id1]>
2026-10-06T23:46:24.9499616Z       <Coroutine test_service_refuses_to_take_stock_below_zero>
2026-10-06T23:46:24.9499959Z       <Coroutine test_confirmed_fbs_delivery_is_allowed_to_go_negative>
2026-10-06T23:46:24.9500212Z       <Coroutine test_two_concurrent_deductions_of_30_from_40_write_off_only_30>
2026-10-06T23:46:24.9500498Z       <Coroutine test_combine_and_disband_pallet_moves_contents_to_sorting_without_loss>
2026-10-06T23:46:24.9500747Z       <Coroutine test_warehouse_cargo_place_is_not_accepted_as_warehouse_box>
2026-10-06T23:46:24.9501002Z       <Coroutine test_cargo_place_accepts_products_and_returns_its_composition>
2026-10-06T23:46:24.9501247Z       <Coroutine test_inbound_document_and_container_free_text_are_persisted>
2026-10-06T23:46:24.9501381Z     <Module test_warehouses.py>
2026-10-06T23:46:24.9501640Z       <Function test_migration_does_not_promote_tenant_only_technical_warehouse>
2026-10-06T23:46:24.9501857Z       <Coroutine test_operational_warehouse_list_and_scan_resolver>
2026-10-06T23:46:24.9501998Z     <Module test_wb_card_enrichment.py>
2026-10-06T23:46:24.9502147Z       <Function test_subject_name_from_card>
2026-10-06T23:46:24.9502302Z       <Function test_collect_skus_from_card_sizes>
2026-10-06T23:46:24.9502457Z       <Function test_first_photo_url_priority>
2026-10-06T23:46:24.9502599Z       <Function test_primary_sku_display>
2026-10-06T23:46:24.9502736Z       <Function test_brand_from_card>
2026-10-06T23:46:24.9502881Z       <Function test_color_from_card_by_name>
2026-10-06T23:46:24.9503019Z       <Function test_composition_from_card>
2026-10-06T23:46:24.9503201Z       <Function test_country_of_origin_from_card_by_name>
2026-10-06T23:46:24.9503380Z       <Function test_country_of_origin_from_card_missing>
2026-10-06T23:46:24.9503545Z       <Function test_shelf_life_from_card_by_name>
2026-10-06T23:46:24.9503700Z       <Function test_shelf_life_from_card_missing>
2026-10-06T23:46:24.9503847Z       <Function test_size_from_card_for_barcode>
2026-10-06T23:46:24.9504008Z     <Module test_wb_card_enrichment_variants.py>
2026-10-06T23:46:24.9504182Z       <Function test_iter_size_variants_one_per_size>
2026-10-06T23:46:24.9504455Z       <Function test_iter_size_variants_keeps_all_barcodes_and_groups_same_chrt_id>
2026-10-06T23:46:24.9504630Z       <Function test_sku_code_suffix_for_multi_variant>
2026-10-06T23:46:24.9504768Z     <Module test_wb_catalog_schedule.py>
2026-10-06T23:46:24.9505231Z       <Function test_hourly_schedule_uses_existing_task_executor>
2026-10-06T23:46:24.9505520Z       <Coroutine test_connected_sellers_isolated_and_http_has_no_open_read_session>
2026-10-06T23:46:24.9505819Z       <Coroutine test_active_manual_job_skipped_then_terminal_job_allows_import[pending]>
2026-10-06T23:46:24.9506242Z       <Coroutine test_active_manual_job_skipped_then_terminal_job_allows_import[running]>
2026-10-06T23:46:24.9506448Z       <Coroutine test_disconnect_during_http_discards_response>
2026-10-06T23:46:24.9506719Z       <Coroutine test_scheduled_old_generation_cannot_overwrite_new_foreground_job>
2026-10-06T23:46:24.9506885Z     <Module test_wb_import_country_shelf_life.py>
2026-10-06T23:46:24.9507118Z       <Coroutine test_country_and_shelf_life_filled_when_card_has_them>
2026-10-06T23:46:24.9507368Z       <Coroutine test_country_and_shelf_life_stay_empty_when_card_lacks_them>
2026-10-06T23:46:24.9507600Z       <Coroutine test_reimport_does_not_overwrite_manually_entered_value>
2026-10-06T23:46:24.9507749Z     <Module test_wb_import_dimensions.py>
2026-10-06T23:46:24.9508020Z       <Coroutine test_import_leaves_dimensions_empty_when_card_has_no_dimensions>
2026-10-06T23:46:24.9508223Z       <Coroutine test_reimport_pulls_real_dimensions_over_stub>
2026-10-06T23:46:24.9508437Z       <Coroutine test_reimport_does_not_overwrite_real_dimensions>
2026-10-06T23:46:24.9508689Z       <Coroutine test_wb_import_preserves_manual_and_container_override_volume>
2026-10-06T23:46:24.9508963Z       <Coroutine test_dimension_history_keeps_one_active_version_with_audit_context>
2026-10-06T23:46:24.9509133Z     <Module test_wb_import_same_sku_two_sellers.py>
2026-10-06T23:46:24.9509469Z       <Coroutine test_same_vendor_and_size_imports_for_both_sellers>
2026-10-06T23:46:24.9509669Z       <Coroutine test_same_seller_same_sku_still_deduplicated>
2026-10-06T23:46:24.9509831Z     <Module test_wb_import_seller_isolation.py>
2026-10-06T23:46:24.9510051Z       <Coroutine test_wb_import_does_not_claim_orphan_product_by_sku>
2026-10-06T23:46:24.9510220Z     <Module test_wb_marketplace_orders_service.py>
2026-10-06T23:46:24.9510418Z       <Coroutine test_adoption_with_supplies_list_done_true>
2026-10-06T23:46:24.9510646Z       <Coroutine test_adoption_uses_supplies_dict_no_individual_fetch>
2026-10-06T23:46:24.9510863Z       <Coroutine test_supplies_list_failure_fallback_no_exception>
2026-10-06T23:46:24.9511048Z       <Coroutine test_supplies_pagination_merged_into_dict>
2026-10-06T23:46:24.9511247Z       <Coroutine test_supplies_page_always_sends_next_param>
2026-10-06T23:46:24.9511450Z       <Coroutine test_supplies_pagination_stops_on_empty_page>
2026-10-06T23:46:24.9511591Z     <Module test_wb_mp_warehouses.py>
2026-10-06T23:46:24.9511839Z       <Coroutine test_wb_mp_warehouses_lazy_sync_from_seller_content_token>
2026-10-06T23:46:24.9512070Z       <Coroutine test_wb_mp_warehouses_tries_content_after_supplies_fails>
2026-10-06T23:46:24.9512311Z       <Coroutine test_wb_mp_warehouses_tries_supplies_when_content_fails>
2026-10-06T23:46:24.9512481Z     <Module test_wb_order_price_snapshot.py>
2026-10-06T23:46:24.9512656Z       <Function test_exact_rub_kopecks[fields0-12345]>
2026-10-06T23:46:24.9512822Z       <Function test_exact_rub_kopecks[fields1-0]>
2026-10-06T23:46:24.9513034Z       <Function test_exact_rub_kopecks[fields2-99999999999999999]>
2026-10-06T23:46:24.9513210Z       <Function test_exact_rub_kopecks[fields3-12345]>
2026-10-06T23:46:24.9513385Z       <Function test_exact_rub_kopecks[fields4-12345]>
2026-10-06T23:46:24.9513548Z       <Function test_exact_rub_kopecks[fields5-12345]>
2026-10-06T23:46:24.9513834Z       <Function test_invalid_price_is_a_typed_error[fields0-missing_rub_final_price]>
2026-10-06T23:46:24.9514115Z       <Function test_invalid_price_is_a_typed_error[fields1-missing_rub_final_price]>
2026-10-06T23:46:24.9514389Z       <Function test_invalid_price_is_a_typed_error[fields2-missing_rub_final_price]>
2026-10-06T23:46:24.9514657Z       <Function test_invalid_price_is_a_typed_error[fields3-missing_rub_final_price]>
2026-10-06T23:46:24.9515152Z       <Function test_invalid_price_is_a_typed_error[fields4-rub_price_out_of_range]>
2026-10-06T23:46:24.9515471Z       <Function test_invalid_price_is_a_typed_error[fields5-rub_price_out_of_range]>
2026-10-06T23:46:24.9515736Z       <Function test_invalid_price_is_a_typed_error[fields6-invalid_rub_price]>
2026-10-06T23:46:24.9516134Z       <Function test_invalid_price_is_a_typed_error[fields7-invalid_rub_price]>
2026-10-06T23:46:24.9516391Z       <Function test_invalid_price_is_a_typed_error[fields8-invalid_rub_price]>
2026-10-06T23:46:24.9516665Z       <Function test_invalid_price_is_a_typed_error[fields9-conflicting_rub_prices]>
2026-10-06T23:46:24.9516933Z       <Function test_invalid_price_is_a_typed_error[fields10-rub_price_out_of_range]>
2026-10-06T23:46:24.9517169Z       <Coroutine test_import_update_persists_versions_and_deduplicates>
2026-10-06T23:46:24.9517333Z       <Coroutine test_orm_cannot_delete_snapshot>
2026-10-06T23:46:24.9517605Z       <Function test_migrated_database_retains_snapshot_and_parent_until_downgrade>
2026-10-06T23:46:24.9517824Z       <Coroutine test_missing_and_bad_fields_never_use_legacy_price>
2026-10-06T23:46:24.9518034Z       <Coroutine test_partial_new_feed_preserves_snapshot_and_scope>
2026-10-06T23:46:24.9518334Z       <Coroutine test_imported_price_cases_survive_reload[fields0-99999999999999999-None]>
2026-10-06T23:46:24.9518580Z       <Coroutine test_imported_price_cases_survive_reload[fields1-0-None]>
2026-10-06T23:46:24.9518836Z       <Coroutine test_imported_price_cases_survive_reload[fields2-16005-None]>
2026-10-06T23:46:24.9519164Z       <Coroutine test_imported_price_cases_survive_reload[fields3-None-missing_rub_final_price]>
2026-10-06T23:46:24.9519615Z       <Coroutine test_imported_price_cases_survive_reload[fields4-None-conflicting_rub_prices]>
2026-10-06T23:46:24.9519823Z       <Coroutine test_concurrent_capture_serializes_one_revision>
2026-10-06T23:46:24.9520080Z       <Coroutine test_existing_orders_backfill_uses_real_paginated_30_day_feed>
2026-10-06T23:46:24.9520237Z     <Module test_wildberries_cards_sync_job.py>
2026-10-06T23:46:24.9520410Z       <Coroutine test_wb_cards_sync_job_happy_path[0]>
2026-10-06T23:46:24.9520578Z       <Coroutine test_wb_cards_sync_job_happy_path[2]>
2026-10-06T23:46:24.9520752Z       <Coroutine test_wb_cards_sync_job_happy_path[200]>
2026-10-06T23:46:24.9520930Z       <Coroutine test_wb_cards_sync_job_happy_path[205]>
2026-10-06T23:46:24.9521148Z       <Coroutine test_wb_cards_sync_job_fails_without_content_token>
2026-10-06T23:46:24.9521318Z       <Coroutine test_wb_cards_sync_start_validation>
2026-10-06T23:46:24.9521678Z       <Coroutine test_wb_full_import_does_not_save_incomplete_fetch[cards-repeat-wb_pagination_stalled]>
2026-10-06T23:46:24.9522050Z       <Coroutine test_wb_full_import_does_not_save_incomplete_fetch[cards-missing_cursor-wb_invalid_response]>
2026-10-06T23:46:24.9522387Z       <Coroutine test_wb_full_import_does_not_save_incomplete_fetch[cards-http-wb_upstream_error_429]>
2026-10-06T23:46:24.9522752Z       <Coroutine test_wb_full_import_does_not_save_incomplete_fetch[supplies-repeat-wb_pagination_stalled]>
2026-10-06T23:46:24.9523106Z       <Coroutine test_wb_full_import_does_not_save_incomplete_fetch[supplies-http-wb_upstream_error_429]>
2026-10-06T23:46:24.9523250Z     <Module test_wildberries_client.py>
2026-10-06T23:46:24.9523468Z       <Coroutine test_fetch_cards_list_uses_post_and_returns_json>
2026-10-06T23:46:24.9523636Z       <Coroutine test_fetch_cards_list_upstream_error>
2026-10-06T23:46:24.9523804Z       <Coroutine test_fetch_cards_list_invalid_json[]>
2026-10-06T23:46:24.9524049Z       <Coroutine test_fetch_cards_list_invalid_json[<html>not json</html>]>
2026-10-06T23:46:24.9524217Z       <Coroutine test_fetch_supplies_list_e2e_stub>
2026-10-06T23:46:24.9524371Z       <Coroutine test_fetch_cards_list_e2e_stub>
2026-10-06T23:46:24.9524635Z       <Coroutine test_fetch_marketplace_orders_page_first_request_sends_next_zero>
2026-10-06T23:46:24.9524882Z       <Function test_build_marketplace_order_meta_put_body_official_shapes>
2026-10-06T23:46:24.9525361Z       <Coroutine test_put_marketplace_order_meta_uses_kind_specific_payload>
2026-10-06T23:46:24.9525546Z     <Module test_wildberries_client_trbx_delete_mock.py>
2026-10-06T23:46:24.9525762Z       <Coroutine test_mock_trbx_delete_removes_only_requested_ids>
2026-10-06T23:46:24.9526081Z     <Module test_wildberries_imported_cards_api.py>
2026-10-06T23:46:24.9526274Z       <Coroutine test_wb_imported_cards_get_requires_auth>
2026-10-06T23:46:24.9526455Z       <Coroutine test_wb_imported_cards_not_found_seller>
2026-10-06T23:46:24.9526650Z       <Coroutine test_wb_imported_cards_empty_for_new_seller>
2026-10-06T23:46:24.9526815Z     <Module test_wildberries_legacy_old_mark.py>
2026-10-06T23:46:24.9527012Z       <Coroutine test_multi_size_sync_marks_legacy_product_old>
2026-10-06T23:46:24.9527193Z     <Module test_wildberries_marketplace_fbs_client.py>
2026-10-06T23:46:24.9527356Z       <Function test_openapi_reference_date_is_set>
2026-10-06T23:46:24.9528223Z       <Function test_known_wb_operator_messages_are_translated[Supply not found-\u043d\u0435 \u043d\u0430\u0448\u0451\u043b \u044d\u0442\u0443 \u043f\u043e\u0441\u0442\u0430\u0432\u043a\u0443]>
2026-10-06T23:46:24.9528836Z       <Function test_known_wb_operator_messages_are_translated[fix them to dispatch items-\u043f\u0440\u043e\u0441\u0438\u0442 \u0438\u0441\u043f\u0440\u0430\u0432\u0438\u0442\u044c]>
2026-10-06T23:46:24.9529666Z       <Function test_known_wb_operator_messages_are_translated[MetaValidationFail: uinBadStatus-\u043e\u0442\u043a\u043b\u043e\u043d\u0438\u043b \u0434\u0430\u043d\u043d\u044b\u0435 \u043c\u0430\u0440\u043a\u0438\u0440\u043e\u0432\u043a\u0438]>
2026-10-06T23:46:24.9530662Z       <Function test_known_wb_operator_messages_are_translated[mandatory mark is required-\u0442\u0440\u0435\u0431\u0443\u0435\u0442 \u043e\u0431\u044f\u0437\u0430\u0442\u0435\u043b\u044c\u043d\u0443\u044e \u043c\u0430\u0440\u043a\u0438\u0440\u043e\u0432\u043a\u0443]>
2026-10-06T23:46:24.9530922Z       <Function test_wb_response_body_uses_translation_instead_of_raw_english>
2026-10-06T23:46:24.9531151Z       <Coroutine test_add_orders_to_supply_batch_exact_contract_and_204>
2026-10-06T23:46:24.9531381Z       <Coroutine test_fetch_supply_order_ids_exact_contract_and_parse>
2026-10-06T23:46:24.9531612Z       <Coroutine test_fetch_orders_meta_batch_exact_contract_and_parse>
2026-10-06T23:46:24.9531879Z       <Coroutine test_fetch_orders_meta_batch_retries_429_once_after_retry_after>
2026-10-06T23:46:24.9532122Z       <Coroutine test_fetch_orders_meta_batch_honors_retry_after_http_date>
2026-10-06T23:46:24.9532347Z       <Coroutine test_fetch_orders_meta_batch_mock_returns_meta_details>
2026-10-06T23:46:24.9532607Z       <Coroutine test_fetch_orders_meta_batch_does_not_retry_other_errors[400]>
2026-10-06T23:46:24.9532857Z       <Coroutine test_fetch_orders_meta_batch_does_not_retry_other_errors[500]>
2026-10-06T23:46:24.9533177Z       <Coroutine test_fetch_orders_meta_batch_rejects_malformed_response_after_single_429_retry>
2026-10-06T23:46:24.9533618Z       <Coroutine test_delete_order_meta_exact_contract_and_204>
2026-10-06T23:46:24.9533812Z       <Coroutine test_fetch_trbx_list_and_delete_trbx_contract>
2026-10-06T23:46:24.9533974Z       <Coroutine test_fetch_supply_details_parse>
2026-10-06T23:46:24.9534189Z       <Function test_split_marketplace_order_id_batches_101_items>
2026-10-06T23:46:24.9535865Z       <Coroutine test_add_orders_rejects_101_items_before_network>
2026-10-06T23:46:24.9536113Z       <Coroutine test_deliver_supply_parses_meta_validation_fail_409>
2026-10-06T23:46:24.9536282Z       <Coroutine test_deliver_supply_transport_error>
2026-10-06T23:46:24.9536903Z       <Coroutine test_deliver_supply_429_single_request_no_retry>
2026-10-06T23:46:24.9537310Z       <Coroutine test_deliver_supply_409_meta_fail_single_request_no_retry>
2026-10-06T23:46:24.9537815Z       <Function test_wb_meta_validation_is_parsed_from_nested_data_envelope>
2026-10-06T23:46:24.9538131Z     <Module test_wildberries_marketplace_stocks_client.py>
2026-10-06T23:46:24.9538456Z       <Coroutine test_put_marketplace_stocks_exact_contract_and_204_empty>
2026-10-06T23:46:24.9539308Z       <Coroutine test_fetch_marketplace_stocks_exact_contract_and_parse>
2026-10-06T23:46:24.9539658Z       <Function test_split_marketplace_stocks_batches_1001_items>
2026-10-06T23:46:24.9540209Z       <Coroutine test_put_marketplace_stocks_rejects_1001_items_before_network>
2026-10-06T23:46:24.9540422Z       <Coroutine test_put_then_readback_returns_matching_amounts>
2026-10-06T23:46:24.9541349Z       <Coroutine test_fetch_marketplace_stocks_malformed_readback_fails[response_json0-duplicate]>
2026-10-06T23:46:24.9541687Z       <Coroutine test_fetch_marketplace_stocks_malformed_readback_fails[response_json1-string_id]>
2026-10-06T23:46:24.9542037Z       <Coroutine test_fetch_marketplace_stocks_malformed_readback_fails[response_json2-string_amount]>
2026-10-06T23:46:24.9542570Z       <Coroutine test_fetch_marketplace_stocks_malformed_readback_fails[response_json3-zero_id]>
2026-10-06T23:46:24.9542994Z       <Coroutine test_fetch_marketplace_stocks_malformed_readback_fails[response_json4-negative_amount]>
2026-10-06T23:46:24.9543978Z       <Coroutine test_fetch_marketplace_stocks_malformed_readback_fails[response_json5-missing_stocks_key]>
2026-10-06T23:46:24.9544337Z       <Coroutine test_fetch_marketplace_stocks_malformed_readback_fails[response_json6-stocks_not_list]>
2026-10-06T23:46:24.9544705Z       <Coroutine test_put_marketplace_stocks_upstream_error[401]>
2026-10-06T23:46:24.9545369Z       <Coroutine test_put_marketplace_stocks_upstream_error[409]>
2026-10-06T23:46:24.9546330Z       <Coroutine test_put_marketplace_stocks_upstream_error[429]>
2026-10-06T23:46:24.9546807Z       <Coroutine test_fetch_marketplace_stocks_transport_error>
2026-10-06T23:46:24.9547371Z       <Coroutine test_marketplace_stocks_validation_before_network[stocks0-None-invalid_request]>
2026-10-06T23:46:24.9548212Z       <Coroutine test_marketplace_stocks_validation_before_network[None-chrt_ids1-invalid_request]>
2026-10-06T23:46:24.9548668Z       <Coroutine test_marketplace_stocks_validation_before_network[stocks2-None-invalid_request]>
2026-10-06T23:46:24.9549107Z       <Coroutine test_marketplace_stocks_validation_before_network[stocks3-None-invalid_request]>
2026-10-06T23:46:24.9549609Z       <Coroutine test_marketplace_stocks_validation_before_network[stocks4-None-invalid_request]>
2026-10-06T23:46:24.9549942Z       <Coroutine test_marketplace_stocks_validation_before_network[None-chrt_ids5-invalid_request]>
2026-10-06T23:46:24.9550897Z       <Coroutine test_marketplace_stocks_validation_before_network[None-chrt_ids6-invalid_request]>
2026-10-06T23:46:24.9551074Z     <Module test_wildberries_product_import_sizes.py>
2026-10-06T23:46:24.9551259Z       <Coroutine test_self_sync_creates_product_per_size>
2026-10-06T23:46:24.9551614Z       <Coroutine test_self_content_token_skips_packhub_duplicate_sku_conflict_idempotently[merged_size]>
2026-10-06T23:46:24.9552247Z       <Coroutine test_self_content_token_skips_packhub_duplicate_sku_conflict_idempotently[swapped_sizes]>
2026-10-06T23:46:24.9552487Z     <Module test_wildberries_product_link_api.py>
2026-10-06T23:46:24.9552636Z       <Coroutine test_link_product_to_wb_card>
2026-10-06T23:46:24.9553304Z       <Coroutine test_link_product_wb_card_not_found>
2026-10-06T23:46:24.9553568Z     <Module test_wildberries_products_full_sync.py>
2026-10-06T23:46:24.9553877Z       <Coroutine test_products_import_all_pages_then_existing_order_maps_and_reserves_once>
2026-10-06T23:46:24.9554237Z       <Coroutine test_products_sync_rejects_partial_page_fetch>
2026-10-06T23:46:24.9554472Z     <Module test_wildberries_status_api.py>
2026-10-06T23:46:24.9554664Z       <Coroutine test_wildberries_status_requires_auth>
2026-10-06T23:46:24.9554863Z       <Coroutine test_wildberries_status_forbidden_for_seller>
2026-10-06T23:46:24.9555387Z       <Coroutine test_wildberries_status_returns_bases>
2026-10-06T23:46:24.9555664Z     <Module test_wildberries_supplies_sync_job.py>
2026-10-06T23:46:24.9555951Z       <Coroutine test_wb_supplies_sync_job_happy_path[0]>
2026-10-06T23:46:24.9556294Z       <Coroutine test_wb_supplies_sync_job_happy_path[2]>
2026-10-06T23:46:24.9557196Z       <Coroutine test_wb_supplies_sync_job_happy_path[200]>
2026-10-06T23:46:24.9557982Z       <Coroutine test_wb_supplies_sync_job_happy_path[205]>
2026-10-06T23:46:24.9558200Z       <Coroutine test_wb_supplies_sync_fails_without_token>
2026-10-06T23:46:24.9558342Z     <Module test_wildberries_tokens_api.py>
2026-10-06T23:46:24.9558503Z       <Coroutine test_wb_tokens_get_requires_auth>
2026-10-06T23:46:24.9558674Z       <Coroutine test_wb_tokens_forbidden_for_seller>
2026-10-06T23:46:24.9559109Z       <Coroutine test_wb_tokens_patch_get_roundtrip_and_clear>
2026-10-06T23:46:24.9559484Z       <Coroutine test_seller_single_wb_key_also_enables_marketplace_token>
2026-10-06T23:46:24.9559760Z       <Coroutine test_self_content_token_does_not_enable_marketplace_without_scope>
2026-10-06T23:46:24.9560669Z       <Coroutine test_self_content_token_keeps_200_when_marketplace_validation_unavailable>
2026-10-06T23:46:24.9560967Z       <Coroutine test_self_content_token_returns_failed_job_when_task_registration_fails>
2026-10-06T23:46:24.9561214Z       <Coroutine test_self_content_token_reports_background_import_failure>
2026-10-06T23:46:24.9561463Z       <Coroutine test_self_content_token_maps_invalid_wb_json_to_bad_gateway>
2026-10-06T23:46:24.9561764Z       <Coroutine test_wb_tokens_patch_validation>
2026-10-06T23:46:24.9562009Z       <Coroutine test_wb_tokens_seller_not_found>
2026-10-06T23:46:24.9562489Z       <Coroutine test_self_content_token_failed_marketplace_check_preserves_existing_marketplace_token>
2026-10-06T23:46:24.9563500Z       <Coroutine test_legacy_content_only_credentials_still_serve_marketplace_calls>
2026-10-06T23:46:24.9563645Z     <Module test_withdrawal_access.py>
2026-10-06T23:46:24.9564044Z       <Function test_c1_invalid_configuration_closes_entire_list[]>
2026-10-06T23:46:24.9564346Z       <Function test_c1_invalid_configuration_closes_entire_list[,]>
2026-10-06T23:46:24.9564607Z       <Function test_c1_invalid_configuration_closes_entire_list[,not-a-uuid]>
2026-10-06T23:46:24.9565798Z       <Function test_c1_invalid_configuration_closes_entire_list[,*]>
2026-10-06T23:46:24.9566230Z       <Function test_c1_invalid_configuration_closes_entire_list[, ]>
2026-10-06T23:46:24.9566565Z       <Function test_c1_invalid_configuration_closes_entire_list[,null]>
2026-10-06T23:46:24.9566775Z       <Function test_c2_exact_uuid_only_and_settings_default_closed>
2026-10-06T23:46:24.9567603Z       <Coroutine test_c1_c3_every_endpoint_denies_before_runtime_or_ledger>
2026-10-06T23:46:24.9567886Z       <Coroutine test_c2_c4_capability_follows_real_delegated_seller_switch>
2026-10-06T23:46:24.9568102Z       <Coroutine test_c2_c5_allowed_registry_and_idempotent_create>
2026-10-06T23:46:24.9568635Z       <Coroutine test_c6_denied_documents_never_claimed_or_mutated[pending_signature]>
2026-10-06T23:46:24.9568924Z       <Coroutine test_c6_denied_documents_never_claimed_or_mutated[submitting]>
2026-10-06T23:46:24.9569678Z       <Coroutine test_c6_denied_documents_never_claimed_or_mutated[reconciling]>
2026-10-06T23:46:24.9570057Z       <Coroutine test_c6_denied_documents_never_claimed_or_mutated[submitted]>
2026-10-06T23:46:24.9570309Z       <Coroutine test_c6_revoked_seller_cannot_execute_or_apply_held_recovery>
2026-10-06T23:46:24.9570521Z       <Coroutine test_c7_master_gate_blocks_create_retry_and_worker>
2026-10-06T23:46:24.9570763Z       <Function test_c10_frontend_contains_no_rollout_identity_or_allowlist>
2026-10-06T23:46:24.9570991Z       <Function test_c10_compose_processes_share_default_closed_allowlist>
2026-10-06T23:46:24.9571134Z     <Module test_withdrawal_ledger.py>
2026-10-06T23:46:24.9571401Z       <Coroutine test_registry_server_scope_and_moscow_date>
2026-10-06T23:46:24.9571799Z       <Coroutine test_create_reload_and_overlap_resume_without_duplicate>
2026-10-06T23:46:24.9572069Z       <Coroutine test_unshipped_and_forged_selection_is_rejected>
2026-10-06T23:46:24.9572808Z       <Coroutine test_price_less_order_feed_keeps_price_sent_with_new_order>
2026-10-06T23:46:24.9573141Z       <Coroutine test_registry_missing_price_is_an_actual_local_error>
2026-10-06T23:46:24.9573726Z       <Coroutine test_partial_success_survives_neighbour_failure_and_retry>
2026-10-06T23:46:24.9574098Z       <Coroutine test_possible_duplicate_incident_cannot_disappear_on_later_read>
2026-10-06T23:46:24.9574315Z       <Coroutine test_retry_retains_old_price_error_and_new_attempt>
2026-10-06T23:46:24.9575548Z       <Coroutine test_only_checked_ok_is_success_and_errors_survive_reload[CHECKED_OK-succeeded]>
2026-10-06T23:46:24.9576017Z       <Coroutine test_only_checked_ok_is_success_and_errors_survive_reload[CHECKED_NOT_OK-failed]>
2026-10-06T23:46:24.9576509Z       <Coroutine test_only_checked_ok_is_success_and_errors_survive_reload[PARSE_ERROR-failed]>
2026-10-06T23:46:24.9577423Z       <Coroutine test_only_checked_ok_is_success_and_errors_survive_reload[PROCESSING_ERROR-failed]>
2026-10-06T23:46:24.9577795Z       <Coroutine test_only_checked_ok_is_success_and_errors_survive_reload[IN_PROGRESS-submitted]>
2026-10-06T23:46:24.9578300Z       <Coroutine test_only_checked_ok_is_success_and_errors_survive_reload[WAIT_FOR_CONTINUATION-submitted]>
2026-10-06T23:46:24.9578794Z       <Coroutine test_only_checked_ok_is_success_and_errors_survive_reload[UNDEFINED-reconciling]>
2026-10-06T23:46:24.9579651Z       <Coroutine test_only_checked_ok_is_success_and_errors_survive_reload[ACCEPTED-reconciling]>
2026-10-06T23:46:24.9580074Z       <Coroutine test_only_checked_ok_is_success_and_errors_survive_reload[NEW_STATUS-reconciling]>
2026-10-06T23:46:24.9580478Z       <Coroutine test_create_reject_vs_uncertain_keeps_exact_body[400]>
2026-10-06T23:46:24.9580705Z       <Coroutine test_create_reject_vs_uncertain_keeps_exact_body[401]>
2026-10-06T23:46:24.9581050Z       <Coroutine test_create_reject_vs_uncertain_keeps_exact_body[403]>
2026-10-06T23:46:24.9581417Z       <Coroutine test_create_reject_vs_uncertain_keeps_exact_body[422]>
2026-10-06T23:46:24.9581685Z       <Coroutine test_create_reject_vs_uncertain_keeps_exact_body[500]>
2026-10-06T23:46:24.9582409Z       <Coroutine test_create_reject_vs_uncertain_keeps_exact_body[503]>
2026-10-06T23:46:24.9582740Z       <Coroutine test_create_reject_vs_uncertain_keeps_exact_body[None]>
2026-10-06T23:46:24.9582961Z       <Coroutine test_lost_create_read_reconciliation_never_posts[0]>
2026-10-06T23:46:24.9583178Z       <Coroutine test_lost_create_read_reconciliation_never_posts[1]>
2026-10-06T23:46:24.9583624Z       <Coroutine test_lost_create_read_reconciliation_never_posts[2]>
2026-10-06T23:46:24.9583868Z       <Coroutine test_lease_fencing_and_restart_recovery>
2026-10-06T23:46:24.9584133Z       <Coroutine test_token_expiry_invalidates_secret_without_terminal_failure>
2026-10-06T23:46:24.9584391Z       <Function test_semantic_reconciliation_requires_exact_cis_cost_and_mod>
2026-10-06T23:46:24.9584872Z       <Coroutine test_payload_cannot_be_replaced>
2026-10-06T23:46:24.9586145Z       <Coroutine test_database_prevents_second_claim>
2026-10-06T23:46:24.9586516Z       <Coroutine test_database_rejects_cross_seller_document_item_link>
2026-10-06T23:46:24.9587019Z       <Coroutine test_fk_session_stays_enabled_after_commits_and_pool_growth>
2026-10-06T23:46:24.9587300Z       <Coroutine test_api_gates_signatures_scopes_and_never_returns_tokens>
2026-10-06T23:46:24.9588109Z       <Coroutine test_self_boundary_enforces_seller_role_and_honest_sign_permission>
2026-10-06T23:46:24.9588413Z       <Coroutine test_observation_orm_rejects_update_and_delete[response_body]>
2026-10-06T23:46:24.9588660Z       <Coroutine test_observation_orm_rejects_update_and_delete[incident]>
2026-10-06T23:46:24.9589077Z       <Coroutine test_observation_orm_rejects_update_and_delete[reconciliation_ids]>
2026-10-06T23:46:24.9589450Z       <Coroutine test_observation_orm_rejects_update_and_delete[delete]>
2026-10-06T23:46:24.9589688Z       <Function test_migration_upgrade_and_downgrade_match_ledger_schema>
2026-10-06T23:46:24.9589925Z       <Function test_postgresql_migration_renders_audit_guards_and_cleanup>
2026-10-06T23:46:24.9590177Z       <Coroutine test_postgresql_concurrent_clicks_share_one_operation[True]>
2026-10-06T23:46:24.9590690Z       <Coroutine test_postgresql_concurrent_clicks_share_one_operation[False]>
2026-10-06T23:46:24.9590949Z     <Module test_withdrawal_orchestration.py>
2026-10-06T23:46:24.9591280Z       <Function test_external_mod_exact_cardinality[rows0-external_mod_missing]>
2026-10-06T23:46:24.9591540Z       <Function test_external_mod_exact_cardinality[rows1-external_mod_missing]>
2026-10-06T23:46:24.9592379Z       <Function test_external_mod_exact_cardinality[rows2-external_mod_missing]>
2026-10-06T23:46:24.9592760Z       <Function test_external_mod_exact_cardinality[rows3-external_mod_missing]>
2026-10-06T23:46:24.9593209Z       <Function test_external_mod_exact_cardinality[rows4-external_mod_ambiguous]>
2026-10-06T23:46:24.9593477Z       <Function test_external_mod_exact_cardinality[rows5-external_mod_ambiguous]>
2026-10-06T23:46:24.9594182Z       <Function test_external_mod_unique_valid_scope_and_ip_rules>
2026-10-06T23:46:24.9594657Z       <Function test_traceability_requires_explicit_versioned_mode[None-None-traceability_mode_unknown]>
2026-10-06T23:46:24.9595515Z       <Function test_traceability_requires_explicit_versioned_mode[started-None-None]>
2026-10-06T23:46:24.9596668Z       <Function test_traceability_requires_explicit_versioned_mode[started-CONNECT_TAP-None]>
2026-10-06T23:46:24.9597158Z       <Function test_traceability_requires_explicit_versioned_mode[started-OTHER-cis_status_not_allowed]>
2026-10-06T23:46:24.9597746Z       <Function test_traceability_requires_explicit_versioned_mode[not_started-OTHER-None]>
2026-10-06T23:46:24.9598700Z       <Function test_traceability_requires_explicit_versioned_mode[not_started-MOVING_BY_UD-cis_status_not_allowed]>
2026-10-06T23:46:24.9598987Z       <Function test_builder_group_split_exact_bytes_and_moscow_date>
2026-10-06T23:46:24.9599210Z       <Coroutine test_emulator_sign_submit_recover_once[None-False]>
2026-10-06T23:46:24.9599430Z       <Coroutine test_emulator_sign_submit_recover_once[None-True]>
2026-10-06T23:46:24.9599665Z       <Coroutine test_emulator_sign_submit_recover_once[expired-False]>
2026-10-06T23:46:24.9600017Z       <Coroutine test_emulator_sign_submit_recover_once[expired-True]>
2026-10-06T23:46:24.9600361Z       <Coroutine test_emulator_sign_submit_recover_once[401-False]>
2026-10-06T23:46:24.9600588Z       <Coroutine test_emulator_sign_submit_recover_once[401-True]>
2026-10-06T23:46:24.9600782Z       <Coroutine test_missing_mod_retry_and_evidence_scope>
2026-10-06T23:46:24.9600929Z     <Module test_withdrawal_readiness.py>
2026-10-06T23:46:24.9601664Z       <Function test_versioned_official_traceability_has_no_invented_dates>
2026-10-06T23:46:24.9602322Z       <Function test_provider_ki_preserves_original_and_projects_gs1[]>
2026-10-06T23:46:24.9602873Z       <Function test_provider_ki_preserves_original_and_projects_gs1[\x1d91fixture\x1d92cryptographic-data]>
2026-10-06T23:46:24.9603504Z       <Function test_ambiguous_provider_codes_fail_before_http[bad]>
2026-10-06T23:46:24.9604545Z       <Function test_ambiguous_provider_codes_fail_before_http[010460123456789021]>
2026-10-06T23:46:24.9605039Z       <Function test_ambiguous_provider_codes_fail_before_http[010460123456789021abc\x1d10batch]>
2026-10-06T23:46:24.9605616Z       <Function test_ambiguous_provider_codes_fail_before_http[010460123456789021abc\x1d92]>
2026-10-06T23:46:24.9605890Z       <Function test_ambiguous_provider_codes_fail_before_http[010460123456789021abc\n]>
2026-10-06T23:46:24.9606670Z       <Coroutine test_auth_provider_error_fields_survive_without_tokens[200]>
2026-10-06T23:46:24.9606999Z       <Coroutine test_auth_provider_error_fields_survive_without_tokens[400]>
2026-10-06T23:46:24.9607241Z       <Coroutine test_auth_provider_error_fields_survive_without_tokens[401]>
2026-10-06T23:46:24.9607702Z       <Coroutine test_auth_provider_error_fields_survive_without_tokens[403]>
2026-10-06T23:46:24.9608031Z       <Coroutine test_auth_provider_error_fields_survive_without_tokens[422]>
2026-10-06T23:46:24.9608273Z       <Coroutine test_auth_provider_error_fields_survive_without_tokens[429]>
2026-10-06T23:46:24.9608630Z       <Coroutine test_auth_provider_error_fields_survive_without_tokens[500]>
2026-10-06T23:46:24.9608878Z       <Coroutine test_auth_provider_error_fields_survive_without_tokens[503]>
2026-10-06T23:46:24.9609279Z       <Coroutine test_retry_after_defers_shared_participant_without_replay>
2026-10-06T23:46:24.9609687Z       <Function test_postgresql_real_migration_guards_and_downgrade_cleanup>
2026-10-06T23:46:24.9609920Z       <Function test_deployment_roles_share_image_and_safe_configuration>
2026-10-06T23:46:24.9610799Z       <Function test_official_contract_fixture_manifest_is_linked_to_executable_tests>
2026-10-06T23:46:24.9611042Z       <Coroutine test_postgresql_recovery_skips_a_locked_document>
2026-10-06T23:46:24.9611373Z       <Coroutine test_old_401_cannot_clear_new_reauthenticated_session>
2026-10-06T23:46:24.9611849Z       <Coroutine test_sign_in_always_sends_server_inn_and_obeys_crpt_expiry[7701234567]>
2026-10-06T23:46:24.9612136Z       <Coroutine test_sign_in_always_sends_server_inn_and_obeys_crpt_expiry[123456789012]>
2026-10-06T23:46:24.9612998Z       <Coroutine test_same_provider_ki_with_different_crypto_tail_cannot_be_claimed_twice>
2026-10-06T23:46:24.9613197Z     <Module test_withdrawal_review_fixes.py>
2026-10-06T23:46:24.9613643Z       <Coroutine test_production_gate_blocks_submit_but_does_not_block_read_recovery>
2026-10-06T23:46:24.9614020Z       <Function test_no_persistent_mod_registry_or_api>
2026-10-06T23:46:24.9615649Z       <Coroutine test_terminal_reject_projects_provider_fields_and_preserves_raw[errors0-None-E42-\u0424\u0430\u043a\u0442\u0438\u0447\u0435\u0441\u043a\u0430\u044f \u043e\u0448\u0438\u0431\u043a\u0430]>
2026-10-06T23:46:24.9616530Z       <Coroutine test_terminal_reject_projects_provider_fields_and_preserves_raw[errors1-common1-INTRO_ERROR-\u041e\u0448\u0438\u0431\u043a\u0430 \u0427\u0417]>
2026-10-06T23:46:24.9617629Z       <Coroutine test_terminal_reject_projects_provider_fields_and_preserves_raw[errors2-None-29-\u041d\u0435\u0432\u0435\u0440\u043d\u044b\u0439 JSON]>
2026-10-06T23:46:24.9617890Z       <Coroutine test_mod_pages_require_stable_exact_total[pages0-True]>
2026-10-06T23:46:24.9618120Z       <Coroutine test_mod_pages_require_stable_exact_total[pages1-True]>
2026-10-06T23:46:24.9618354Z       <Coroutine test_mod_pages_require_stable_exact_total[pages2-False]>
2026-10-06T23:46:24.9618587Z       <Coroutine test_mod_pages_require_stable_exact_total[pages3-False]>
2026-10-06T23:46:24.9619064Z       <Coroutine test_mod_pages_require_stable_exact_total[pages4-False]>
2026-10-06T23:46:24.9619340Z       <Coroutine test_mod_pages_require_stable_exact_total[pages5-False]>
2026-10-06T23:46:24.9619570Z       <Coroutine test_mod_pages_require_stable_exact_total[pages6-False]>
2026-10-06T23:46:24.9620417Z       <Coroutine test_mod_pages_require_stable_exact_total[pages7-False]>
2026-10-06T23:46:24.9620566Z     <Module test_withdrawal_row_status.py>
2026-10-06T23:46:24.9621106Z       <Function test_project_item_status_covers_the_full_state_machine[None-None-False-not_withdrawn]>
2026-10-06T23:46:24.9621573Z       <Function test_project_item_status_covers_the_full_state_machine[pending-None-False-not_withdrawn]>
2026-10-06T23:46:24.9622578Z       <Function test_project_item_status_covers_the_full_state_machine[pending-pending_signature-False-not_withdrawn]>
2026-10-06T23:46:24.9623001Z       <Function test_project_item_status_covers_the_full_state_machine[pending-pending_signature-True-transferring]>
2026-10-06T23:46:24.9623627Z       <Function test_project_item_status_covers_the_full_state_machine[pending-submitting-True-transferring]>
2026-10-06T23:46:24.9624024Z       <Function test_project_item_status_covers_the_full_state_machine[pending-submitted-True-awaiting_crpt]>
2026-10-06T23:46:24.9624870Z       <Function test_project_item_status_covers_the_full_state_machine[pending-reconciling-True-awaiting_crpt]>
2026-10-06T23:46:24.9625753Z       <Function test_project_item_status_covers_the_full_state_machine[pending-succeeded-True-transferring]>
2026-10-06T23:46:24.9626832Z       <Function test_project_item_status_covers_the_full_state_machine[pending-failed-True-transferring]>
2026-10-06T23:46:24.9627505Z       <Function test_project_item_status_covers_the_full_state_machine[succeeded-succeeded-True-withdrawn]>
2026-10-06T23:46:24.9627846Z       <Function test_project_item_status_covers_the_full_state_machine[failed-failed-True-error]>
2026-10-06T23:46:24.9628091Z       <Coroutine test_registry_projects_signed_pending_as_transferring>
2026-10-06T23:46:24.9628663Z       <Coroutine test_registry_marks_in_flight_row_as_resumable_only_when_token_expired>
2026-10-06T23:46:24.9628967Z       <Coroutine test_registry_sql_does_not_select_exact_payload_or_signature_value>
2026-10-06T23:46:24.9629112Z     <Module test_withdrawal_wms563.py>
2026-10-06T23:46:24.9629931Z       <Coroutine test_registry_accepts_page_size_from_query_string>
2026-10-06T23:46:24.9630180Z       <Coroutine test_create_accepts_selection_larger_than_one_page>
2026-10-06T23:46:24.9630521Z     <Module test_wms056_receiving_tare_audit.py>
2026-10-06T23:46:24.9630968Z       <Coroutine test_box_line_removal_writes_audit_row_with_actor_and_qty_before_after>
2026-10-06T23:46:24.9631182Z       <Coroutine test_cargo_place_line_removal_writes_audit_row>
2026-10-06T23:46:24.9631868Z     <Module test_wms058_pick_availability.py>
2026-10-06T23:46:24.9632295Z       <Coroutine test_two_wb_supplies_cannot_assign_same_physical_unit[loose]>
2026-10-06T23:46:24.9632659Z       <Coroutine test_two_wb_supplies_cannot_assign_same_physical_unit[box]>
2026-10-06T23:46:24.9633086Z       <Coroutine test_two_wb_supplies_cannot_assign_same_physical_unit[sorting]>
2026-10-06T23:46:24.9633372Z       <Coroutine test_ozon_undo_returns_to_original_box_and_repeat_pick_is_single>
2026-10-06T23:46:24.9634174Z       <Coroutine test_mp_collection_cannot_spend_fbs_reservation_across_locations>
2026-10-06T23:46:24.9634493Z       <Coroutine test_ozon_set_quantity_undo_targets_selected_box[box]>
2026-10-06T23:46:24.9635506Z       <Coroutine test_ozon_set_quantity_undo_targets_selected_box[sorting_box]>
2026-10-06T23:46:24.9636227Z       <Coroutine test_ozon_sorting_box_set_is_final_quantity_without_movements>
2026-10-06T23:46:24.9636604Z       <Coroutine test_ozon_sorting_box_scan_response_matches_get_and_set_undo>
2026-10-06T23:46:24.9636901Z       <Coroutine test_ozon_old_null_pick_stays_at_place_without_invented_container[False]>
2026-10-06T23:46:24.9637190Z       <Coroutine test_ozon_old_null_pick_stays_at_place_without_invented_container[True]>
2026-10-06T23:46:24.9637336Z     <Module test_wms121_selection_reset.py>
2026-10-06T23:46:24.9637671Z       <Coroutine test_wms121_cross_seller_selection_is_rejected>
2026-10-06T23:46:24.9638039Z       <Coroutine test_wms121_cross_marketplace_selection_is_rejected>
2026-10-06T23:46:24.9638213Z     <Module test_wms153_count_post_concurrency.py>
2026-10-06T23:46:24.9638990Z       <Coroutine test_two_filtered_counts_do_not_upgrade_shared_container_locks[box]>
2026-10-06T23:46:24.9639449Z       <Coroutine test_two_filtered_counts_do_not_upgrade_shared_container_locks[cargo_place]>
2026-10-06T23:46:24.9639736Z       <Coroutine test_two_filtered_counts_do_not_upgrade_shared_container_locks[pallet]>
2026-10-06T23:46:24.9640365Z       <Coroutine test_post_does_not_wait_on_reverse_container_or_balance_to_product_order[container]>
2026-10-06T23:46:24.9640696Z       <Coroutine test_post_does_not_wait_on_reverse_container_or_balance_to_product_order[balance]>
2026-10-06T23:46:24.9641600Z       <Coroutine test_normal_nonempty_refusal_rolls_back_before_returning_to_service_caller>
2026-10-06T23:46:24.9641904Z       <Coroutine test_full_count_posts_both_products_and_removes_confirmed_container[box]>
2026-10-06T23:46:24.9642426Z       <Coroutine test_full_count_posts_both_products_and_removes_confirmed_container[cargo_place]>
2026-10-06T23:46:24.9642829Z       <Coroutine test_full_count_posts_both_products_and_removes_confirmed_container[pallet]>
2026-10-06T23:46:24.9643002Z     <Module test_wms156_discrepancy_concurrency.py>
2026-10-06T23:46:24.9643859Z       <Coroutine test_postgres_two_approvals_reread_stale_act>
2026-10-06T23:46:24.9644133Z       <Coroutine test_postgres_approve_rereads_balance_after_product_wait>
2026-10-06T23:46:24.9644435Z       <Coroutine test_postgres_empty_container_delete_waits_for_stock_writer>
2026-10-06T23:46:24.9644604Z     <Module test_wms270_login_leak.py>
2026-10-06T23:46:24.9644796Z       <Coroutine test_login_wrong_email_returns_unified_401>
2026-10-06T23:46:24.9645144Z       <Coroutine test_login_wrong_password_returns_unified_401>
2026-10-06T23:46:24.9645345Z       <Coroutine test_login_correct_credentials_returns_token>
2026-10-06T23:46:24.9645558Z       <Coroutine test_login_pending_password_setup_hidden_as_401>
2026-10-06T23:46:24.9645775Z       <Coroutine test_login_missing_vs_wrong_password_timing_close>
2026-10-06T23:46:24.9645992Z     <Module test_wms270_login_rate_limit.py>
2026-10-06T23:46:24.9646225Z       <Coroutine test_sixth_failed_attempt_returns_429_with_retry_after>
2026-10-06T23:46:24.9646453Z       <Coroutine test_successful_login_releases_only_its_own_attempt>
2026-10-06T23:46:24.9646661Z       <Coroutine test_rate_limit_scope_is_per_ip_across_emails>
2026-10-06T23:46:24.9646839Z       <Coroutine test_rate_limit_configurable_window>
2026-10-06T23:46:24.9647081Z       <Coroutine test_spoofed_forwarding_headers_do_not_reset_client_limit>
2026-10-06T23:46:24.9647459Z       <Function test_concurrent_attempts_are_charged_before_password_check>
2026-10-06T23:46:24.9647692Z       <Function test_limiter_bounds_memory_and_reclaims_expired_clients>
2026-10-06T23:46:24.9647990Z       <Coroutine test_concurrent_http_logins_are_limited_while_authentication_is_pending>
2026-10-06T23:46:24.9648274Z       <Coroutine test_asgi_trusted_proxy_preserves_clients_and_ignores_spoofed_prefix>
2026-10-06T23:46:24.9648497Z       <Coroutine test_password_reset_limits_work_before_scheduling_mail>
2026-10-06T23:46:24.9648656Z     <Module test_wms325_document_mutations.py>
2026-10-06T23:46:24.9648887Z       <Coroutine test_outbound_http_auth_mutations_noop_and_snapshot>
2026-10-06T23:46:24.9649115Z       <Coroutine test_outbound_delete_last_line_preserves_composition>
2026-10-06T23:46:24.9649356Z       <Coroutine test_discrepancy_lifecycle_and_line_deletion[approve]>
2026-10-06T23:46:24.9649575Z       <Coroutine test_discrepancy_lifecycle_and_line_deletion[reject]>
2026-10-06T23:46:24.9649797Z       <Coroutine test_boxes_removal_clear_delete_actor_and_rollback>
2026-10-06T23:46:24.9649993Z       <Coroutine test_distribution_both_directions_and_noop>
2026-10-06T23:46:24.9650225Z       <Coroutine test_print_first_open_http_identity_noop_and_rollback>
2026-10-06T23:46:24.9650456Z       <Coroutine test_confirm_packed_http_quantity_status_no_extra_work>
2026-10-06T23:46:24.9650675Z       <Coroutine test_box_pack_recalculation_system_even_with_viewer>
2026-10-06T23:46:24.9650894Z       <Coroutine test_history_storage_failure_does_not_block_outbound>
2026-10-06T23:46:24.9651163Z       <Coroutine test_creation_audit_rolls_back_with_document[outbound_shipment]>
2026-10-06T23:46:24.9651423Z       <Coroutine test_creation_audit_rolls_back_with_document[discrepancy_act]>
2026-10-06T23:46:24.9651596Z     <Module test_wms325_inbound_unload_mutations.py>
2026-10-06T23:46:24.9651903Z       <Coroutine test_inbound_fields_noop_storage_actor_snapshot_and_no_observer_duplicates>
2026-10-06T23:46:24.9652164Z       <Coroutine test_inbound_box_damage_close_print_delete_and_tenant_boundary>
2026-10-06T23:46:24.9652467Z       <Coroutine test_cargo_and_precreated_boxes_survive_document_delete_and_creation_retry>
2026-10-06T23:46:24.9652676Z       <Coroutine test_unload_box_lifecycle_and_document_cascade>
2026-10-06T23:46:24.9652936Z       <Coroutine test_unload_automatic_empty_box_cleanup_records_system_context>
2026-10-06T23:46:24.9653210Z       <Coroutine test_failed_business_commit_rolls_back_new_box_and_audit[inbound]>
2026-10-06T23:46:24.9653483Z       <Coroutine test_failed_business_commit_rolls_back_new_box_and_audit[unload]>
2026-10-06T23:46:24.9653913Z       <Coroutine test_postgres_audit_insert_failure_does_not_abort_document_create[inbound]>
2026-10-06T23:46:24.9654223Z       <Coroutine test_postgres_audit_insert_failure_does_not_abort_document_create[unload]>
2026-10-06T23:46:24.9654481Z       <Coroutine test_unload_ready_box_writers_audit_once_after_success[attach]>
2026-10-06T23:46:24.9654742Z       <Coroutine test_unload_ready_box_writers_audit_once_after_success[copy]>
2026-10-06T23:46:24.9655158Z       <Coroutine test_coordinator_zero_box_discrepancy_still_allows_receiving>
2026-10-06T23:46:24.9655341Z     <Module test_wms325_invoice_cancel_concurrency.py>
2026-10-06T23:46:24.9655667Z       <Coroutine test_cancel_two_authenticated_requests_one_committed_transition[False-legacy]>
2026-10-06T23:46:24.9655971Z       <Coroutine test_cancel_two_authenticated_requests_one_committed_transition[False-v2]>
2026-10-06T23:46:24.9656287Z       <Coroutine test_cancel_two_authenticated_requests_one_committed_transition[True-legacy]>
2026-10-06T23:46:24.9656626Z       <Coroutine test_cancel_two_authenticated_requests_one_committed_transition[True-v2]>
2026-10-06T23:46:24.9656827Z       <Coroutine test_missing_invoice_has_no_history[legacy]>
2026-10-06T23:46:24.9657003Z       <Coroutine test_missing_invoice_has_no_history[v2]>
2026-10-06T23:46:24.9657177Z     <Module test_wms325_marking_template_mutations.py>
2026-10-06T23:46:24.9657536Z       <Coroutine test_pool_http_actor_noop_rejection_and_admin_history>
2026-10-06T23:46:24.9657790Z       <Coroutine test_template_http_default_peers_owner_and_deleted_identity>
2026-10-06T23:46:24.9658078Z       <Coroutine test_mutation_rollback_and_real_audit_sql_failure[rollback-threshold]>
2026-10-06T23:46:24.9658354Z       <Coroutine test_mutation_rollback_and_real_audit_sql_failure[rollback-products]>
2026-10-06T23:46:24.9658629Z       <Coroutine test_mutation_rollback_and_real_audit_sql_failure[rollback-create]>
2026-10-06T23:46:24.9658910Z       <Coroutine test_mutation_rollback_and_real_audit_sql_failure[rollback-update]>
2026-10-06T23:46:24.9659179Z       <Coroutine test_mutation_rollback_and_real_audit_sql_failure[rollback-delete]>
2026-10-06T23:46:24.9659482Z       <Coroutine test_mutation_rollback_and_real_audit_sql_failure[audit_failure-threshold]>
2026-10-06T23:46:24.9659775Z       <Coroutine test_mutation_rollback_and_real_audit_sql_failure[audit_failure-products]>
2026-10-06T23:46:24.9660072Z       <Coroutine test_mutation_rollback_and_real_audit_sql_failure[audit_failure-create]>
2026-10-06T23:46:24.9660363Z       <Coroutine test_mutation_rollback_and_real_audit_sql_failure[audit_failure-update]>
2026-10-06T23:46:24.9660653Z       <Coroutine test_mutation_rollback_and_real_audit_sql_failure[audit_failure-delete]>
2026-10-06T23:46:24.9660984Z       <Coroutine test_concurrent_repeated_mutation_one_event_and_fresh_identity[False-threshold]>
2026-10-06T23:46:24.9661305Z       <Coroutine test_concurrent_repeated_mutation_one_event_and_fresh_identity[False-products]>
2026-10-06T23:46:24.9661613Z       <Coroutine test_concurrent_repeated_mutation_one_event_and_fresh_identity[False-update]>
2026-10-06T23:46:24.9661934Z       <Coroutine test_concurrent_repeated_mutation_one_event_and_fresh_identity[True-threshold]>
2026-10-06T23:46:24.9662252Z       <Coroutine test_concurrent_repeated_mutation_one_event_and_fresh_identity[True-products]>
2026-10-06T23:46:24.9662561Z       <Coroutine test_concurrent_repeated_mutation_one_event_and_fresh_identity[True-update]>
2026-10-06T23:46:24.9662808Z       <Coroutine test_detach_retains_operation_ids_without_cis[none-False]>
2026-10-06T23:46:24.9663050Z       <Coroutine test_detach_retains_operation_ids_without_cis[none-True]>
2026-10-06T23:46:24.9663303Z       <Coroutine test_detach_retains_operation_ids_without_cis[rollback-False]>
2026-10-06T23:46:24.9663561Z       <Coroutine test_detach_retains_operation_ids_without_cis[rollback-True]>
2026-10-06T23:46:24.9663830Z       <Coroutine test_detach_retains_operation_ids_without_cis[audit_failure-False]>
2026-10-06T23:46:24.9664235Z       <Coroutine test_detach_retains_operation_ids_without_cis[audit_failure-True]>
2026-10-06T23:46:24.9664577Z       <Coroutine test_concurrent_default_changes_serialize_scope_without_stale_peer_audits[switch]>
2026-10-06T23:46:24.9665209Z       <Coroutine test_concurrent_default_changes_serialize_scope_without_stale_peer_audits[create_empty]>
2026-10-06T23:46:24.9665552Z       <Coroutine test_concurrent_deletion_records_only_persisted_actor[False-template]>
2026-10-06T23:46:24.9665861Z       <Coroutine test_concurrent_deletion_records_only_persisted_actor[False-attachment]>
2026-10-06T23:46:24.9666147Z       <Coroutine test_concurrent_deletion_records_only_persisted_actor[True-template]>
2026-10-06T23:46:24.9666439Z       <Coroutine test_concurrent_deletion_records_only_persisted_actor[True-attachment]>
2026-10-06T23:46:24.9666723Z       <Coroutine test_template_creation_api_uses_authenticated_actor_for_shared_scope>
2026-10-06T23:46:24.9667062Z       <Coroutine test_pool_replacement_races_additive_insert_without_parent_fk_cycle_or_false_actor>
2026-10-06T23:46:24.9667223Z     <Module test_wms325_print_lock_order.py>
2026-10-06T23:46:24.9667442Z       <Coroutine test_open_content_vs_ozon_recovery_has_no_deadlock>
2026-10-06T23:46:24.9667694Z       <Coroutine test_two_first_opens_record_once_with_rollback[False-False]>
2026-10-06T23:46:24.9668132Z       <Coroutine test_two_first_opens_record_once_with_rollback[False-True]>
2026-10-06T23:46:24.9668367Z       <Coroutine test_two_first_opens_record_once_with_rollback[True-False]>
2026-10-06T23:46:24.9668609Z       <Coroutine test_two_first_opens_record_once_with_rollback[True-True]>
2026-10-06T23:46:24.9668851Z       <Coroutine test_unlocked_identity_hint_is_revalidated[False-False]>
2026-10-06T23:46:24.9669083Z       <Coroutine test_unlocked_identity_hint_is_revalidated[True-False]>
2026-10-06T23:46:24.9669316Z       <Coroutine test_unlocked_identity_hint_is_revalidated[False-True]>
2026-10-06T23:46:24.9669522Z       <Coroutine test_content_does_not_read_cross_tenant_order>
2026-10-06T23:46:24.9669700Z     <Module test_wms325_settings_billing_mutations.py>
2026-10-06T23:46:24.9670002Z       <Coroutine test_settings_all_fields_noop_authenticated_actor_and_admin_only_history>
2026-10-06T23:46:24.9670279Z       <Coroutine test_profiles_create_normalize_change_noop_invalid_snapshot[False]>
2026-10-06T23:46:24.9670556Z       <Coroutine test_profiles_create_normalize_change_noop_invalid_snapshot[True]>
2026-10-06T23:46:24.9670876Z       <Coroutine test_legacy_tariff_audits_new_and_closed_versions_without_extra_financial_fact>
2026-10-06T23:46:24.9671120Z       <Coroutine test_matrix_versions_toggle_noop_and_invalid_batch_rollback>
2026-10-06T23:46:24.9671351Z       <Coroutine test_storage_tariff_delegates_one_system_fact_and_noop>
2026-10-06T23:46:24.9671658Z       <Coroutine test_invoice_v2_create_retry_and_distinct_cancel_actor_without_manual_text>
2026-10-06T23:46:24.9671913Z       <Coroutine test_legacy_invoice_create_retry_cancel_and_amount_unchanged>
2026-10-06T23:46:24.9672386Z       <Coroutine test_postgresql_audit_rejection_preserves_existing_business_operation[settings]>
2026-10-06T23:46:24.9672716Z       <Coroutine test_postgresql_audit_rejection_preserves_existing_business_operation[profile]>
2026-10-06T23:46:24.9673029Z       <Coroutine test_postgresql_audit_rejection_preserves_existing_business_operation[tariff]>
2026-10-06T23:46:24.9673349Z       <Coroutine test_postgresql_audit_rejection_preserves_existing_business_operation[matrix]>
2026-10-06T23:46:24.9673838Z       <Coroutine test_postgresql_audit_rejection_preserves_existing_business_operation[invoice]>
2026-10-06T23:46:24.9674088Z       <Coroutine test_outer_rollback_removes_mutation_and_history[profile]>
2026-10-06T23:46:24.9674333Z       <Coroutine test_outer_rollback_removes_mutation_and_history[tariff]>
2026-10-06T23:46:24.9674596Z       <Coroutine test_outer_rollback_removes_mutation_and_history[invoice_cancel]>
2026-10-06T23:46:24.9675649Z       <Coroutine test_outer_rollback_removes_mutation_and_history[settings]>
2026-10-06T23:46:24.9675958Z     <Module test_wms325_staff_permission_audit.py>
2026-10-06T23:46:24.9676420Z       <Coroutine test_ff_staff_permissions_patch_writes_audit_with_before_after_and_actor>
2026-10-06T23:46:24.9676708Z       <Coroutine test_ff_staff_permissions_patch_without_change_writes_no_extra_event>
2026-10-06T23:46:24.9676955Z       <Coroutine test_seller_staff_permission_mutations_write_audit_rows>
2026-10-06T23:46:24.9677215Z       <Coroutine test_staff_history_is_available_over_http_and_keeps_rate_changes>
2026-10-06T23:46:24.9677653Z       <Coroutine test_direct_staff_service_records_verified_actor_without_http_context>
2026-10-06T23:46:24.9677918Z     <Module test_wms338_legacy_quota_migration.py>
2026-10-06T23:46:24.9678213Z       <Coroutine test_retire_legacy_schema_preserves_cap_balance_and_ordinary_direction>
2026-10-06T23:46:24.9678934Z     <Module test_wms351_marketplace_publication_switches.py>
2026-10-06T23:46:24.9679279Z       <Coroutine test_independent_switches_roundtrip_and_publish_scope[True-True-False]>
2026-10-06T23:46:24.9679568Z       <Coroutine test_independent_switches_roundtrip_and_publish_scope[True-False-True]>
2026-10-06T23:46:24.9680025Z       <Coroutine test_independent_switches_roundtrip_and_publish_scope[True-True-True]>
2026-10-06T23:46:24.9680344Z       <Coroutine test_independent_switches_roundtrip_and_publish_scope[True-False-False]>
2026-10-06T23:46:24.9680755Z       <Coroutine test_independent_switches_roundtrip_and_publish_scope[False-True-False]>
2026-10-06T23:46:24.9681265Z       <Coroutine test_independent_switches_roundtrip_and_publish_scope[False-False-True]>
2026-10-06T23:46:24.9681647Z       <Coroutine test_independent_switches_roundtrip_and_publish_scope[False-True-True]>
2026-10-06T23:46:24.9681949Z       <Coroutine test_independent_switches_roundtrip_and_publish_scope[False-False-False]>
2026-10-06T23:46:24.9682140Z       <Coroutine test_failed_final_zero_keeps_old_switches>
2026-10-06T23:46:24.9682381Z       <Coroutine test_old_rule_request_freezes_ozon_before_changing_wb>
2026-10-06T23:46:24.9682850Z       <Coroutine test_disabled_allocation_is_preserved_without_blocking_other_marketplace[False]>
2026-10-06T23:46:24.9683240Z       <Coroutine test_disabled_allocation_is_preserved_without_blocking_other_marketplace[True]>
2026-10-06T23:46:24.9683551Z       <Coroutine test_ozon_final_zero_targets_only_changed_product_and_failure_preserves_rule>
2026-10-06T23:46:24.9684294Z       <Coroutine test_bulk_untouched_marketplace_preserves_each_products_legacy_value>
2026-10-06T23:46:24.9684611Z       <Coroutine test_ozon_order_scope_uses_served_independently_of_publication[True-True]>
2026-10-06T23:46:24.9685063Z       <Coroutine test_ozon_order_scope_uses_served_independently_of_publication[True-False]>
2026-10-06T23:46:24.9685373Z       <Coroutine test_ozon_order_scope_uses_served_independently_of_publication[False-True]>
2026-10-06T23:46:24.9685905Z       <Coroutine test_ozon_order_scope_uses_served_independently_of_publication[False-False]>
2026-10-06T23:46:24.9686089Z     <Module test_wms351_publication_concurrency.py>
2026-10-06T23:46:24.9686312Z       <Coroutine test_final_zero_serializes_wb_writers[manual_sync]>
2026-10-06T23:46:24.9686843Z       <Coroutine test_final_zero_serializes_wb_writers[stale_legacy]>
2026-10-06T23:46:24.9687057Z     <Module test_wms363_ozon_tsd.py>
2026-10-06T23:46:24.9687376Z       <Coroutine test_get_fbs_orders_without_marketplace_returns_both>
2026-10-06T23:46:24.9687927Z       <Coroutine test_get_fbs_orders_marketplace_ozon_filter>
2026-10-06T23:46:24.9688232Z       <Coroutine test_get_fbs_orders_marketplace_wb_filter>
2026-10-06T23:46:24.9688453Z       <Coroutine test_get_fbs_orders_marketplace_unknown_422>
2026-10-06T23:46:24.9688648Z       <Coroutine test_get_fbs_supplies_worklist_ozon_filter>
2026-10-06T23:46:24.9688845Z       <Coroutine test_response_marketplace_field_uses_literal>
2026-10-06T23:46:24.9689291Z       <Coroutine test_mobile_worklist_oldest_paginates_before_deadline_and_scopes_tenant>
2026-10-06T23:46:24.9689705Z       <Coroutine test_mobile_worklist_rejects_non_object_cursor>
2026-10-06T23:46:24.9689855Z     <Module test_wms377_network_guard.py>
2026-10-06T23:46:24.9689999Z       <Function test_host_network_guard[]>
2026-10-06T23:46:24.9690479Z       <Function test_host_network_guard[container-ip]>
2026-10-06T23:46:24.9690758Z       <Function test_host_network_guard[wms-subnet]>
2026-10-06T23:46:24.9690988Z       <Function test_host_network_guard[edge-subnet]>
2026-10-06T23:46:24.9691502Z       <Function test_host_network_guard[detached-api]>
2026-10-06T23:46:24.9691806Z       <Function test_host_network_guard[missing-network]>
2026-10-06T23:46:24.9691976Z       <Function test_host_network_guard[two-edges]>
2026-10-06T23:46:24.9692148Z       <Function test_host_network_guard[stopped-api]>
2026-10-06T23:46:24.9692357Z       <Function test_host_network_guard[stopped-wrong-network]>
2026-10-06T23:46:24.9692502Z     <Module test_wms397_pick_scan_order.py>
2026-10-06T23:46:24.9692799Z       <Coroutine test_explicit_oldest_order_overrides_deadline_and_moves_to_picking_area>
2026-10-06T23:46:24.9693030Z       <Coroutine test_web_without_order_uses_oldest_created_order[body0]>
2026-10-06T23:46:24.9693421Z       <Coroutine test_web_without_order_uses_oldest_created_order[body1]>
2026-10-06T23:46:24.9693749Z       <Coroutine test_replay_keeps_original_order_and_new_key_rejects_already_picked>
2026-10-06T23:46:24.9694583Z       <Coroutine test_explicit_invalid_order_does_not_fall_back_to_another_order[other_supply]>
2026-10-06T23:46:24.9695347Z       <Coroutine test_explicit_invalid_order_does_not_fall_back_to_another_order[other_product]>
2026-10-06T23:46:24.9695842Z       <Coroutine test_explicit_invalid_order_does_not_fall_back_to_another_order[cancelled]>
2026-10-06T23:46:24.9696523Z       <Coroutine test_explicit_invalid_order_does_not_fall_back_to_another_order[missing]>
2026-10-06T23:46:24.9696909Z       <Coroutine test_foreign_tenant_order_product_and_supply_are_not_pickable>
2026-10-06T23:46:24.9697330Z       <Coroutine test_selected_order_moves_exact_container_source_to_picking_area[pallet]>
2026-10-06T23:46:24.9697728Z       <Coroutine test_selected_order_moves_exact_container_source_to_picking_area[box]>
2026-10-06T23:46:24.9698049Z       <Coroutine test_selected_order_moves_exact_container_source_to_picking_area[cargo_place]>
2026-10-06T23:46:24.9698681Z       <Coroutine test_order_selection_does_not_bypass_container_validation[False]>
2026-10-06T23:46:24.9699034Z       <Coroutine test_order_selection_does_not_bypass_container_validation[True]>
2026-10-06T23:46:24.9699299Z       <Coroutine test_explicit_ozon_order_uses_existing_position_pick_and_replay>
2026-10-06T23:46:24.9699526Z     <Module test_wms417_stock_http_contract.py>
2026-10-06T23:46:24.9699896Z       <Coroutine test_actual_frontend_save_preserves_units_through_http[1]>
2026-10-06T23:46:24.9700138Z       <Coroutine test_actual_frontend_save_preserves_units_through_http[2]>
2026-10-06T23:46:24.9700448Z       <Coroutine test_manual_binding_http_uses_physical_stock_and_retains_caps_in_percent_mode>
2026-10-06T23:46:24.9701088Z       <Coroutine test_colliding_wb_ozon_ids_survive_actual_frontend_http_edit[1]>
2026-10-06T23:46:24.9701426Z       <Coroutine test_colliding_wb_ozon_ids_survive_actual_frontend_http_edit[2]>
2026-10-06T23:46:24.9701568Z     <Module test_wms417_stock_review.py>
2026-10-06T23:46:24.9701803Z       <Coroutine test_percent_switch_and_legacy_reset_keep_wb_ozon_caps>
2026-10-06T23:46:24.9702074Z       <Coroutine test_rule_views_match_actual_publication_across_organization[False]>
2026-10-06T23:46:24.9702347Z       <Coroutine test_rule_views_match_actual_publication_across_organization[True]>
2026-10-06T23:46:24.9702765Z       <Coroutine test_legacy_set_and_summary_use_free_stock_not_retired_limit>
2026-10-06T23:46:24.9703054Z       <Coroutine test_wb_clear_wrapper_persists_zero_via_actual_callee>
2026-10-06T23:46:24.9703207Z     <Module test_wms417_unload_lock_order.py>
2026-10-06T23:46:24.9704127Z       <Coroutine test_opposite_product_order_waits_then_completes_without_deadlock[replace_lines]>
2026-10-06T23:46:24.9704497Z       <Coroutine test_opposite_product_order_waits_then_completes_without_deadlock[plan_request]>
2026-10-06T23:46:24.9705415Z       <Coroutine test_opposite_product_order_waits_then_completes_without_deadlock[confirm_request]>
2026-10-06T23:46:24.9706466Z     <Module test_wms418_catalog_publication_filter.py>
2026-10-06T23:46:24.9706785Z       <Coroutine test_publication_filter_combines_flags_scope_search_category_and_pagination>
2026-10-06T23:46:24.9707094Z       <Coroutine test_publication_filter_rejects_unknown_value>
2026-10-06T23:46:24.9707321Z     <Module test_wms435_seller_lock_leak.py>
2026-10-06T23:46:24.9707605Z       <Coroutine test_c1_commit_inside_block_does_not_leak_the_lock>
2026-10-06T23:46:24.9707855Z       <Coroutine test_c2_rollback_and_early_return_and_flush_release_the_lock>
2026-10-06T23:46:24.9708582Z       <Coroutine test_c3_db_error_inside_block_propagates_and_releases_lock>
2026-10-06T23:46:24.9708981Z       <Coroutine test_c4_business_exception_inside_block_propagates_and_releases_lock>
2026-10-06T23:46:24.9709575Z       <Coroutine test_c5_nested_try_lock_under_external_lock_session_does_not_wait>
2026-10-06T23:46:24.9709925Z       <Coroutine test_c6_link_confirmed_orders_to_wb_supplies_does_not_leak>
2026-10-06T23:46:24.9710883Z       <Coroutine test_c7_repair_pending_supplies_for_seller_does_not_leak>
2026-10-06T23:46:24.9711150Z       <Coroutine test_c8_add_orders_waits_then_reports_honest_text_and_no_wb_call>
2026-10-06T23:46:24.9711448Z       <Coroutine test_c9_create_supply_waits_then_reports_honest_text_and_no_operation_row>
2026-10-06T23:46:24.9711809Z       <Coroutine test_c10_waiting_for_the_lock_does_not_starve_the_pool>
2026-10-06T23:46:24.9712026Z     <Module test_wms440_concurrency.py>
2026-10-06T23:46:24.9712308Z       <Coroutine test_create_and_scans_concurrent_attempt_identity>
2026-10-06T23:46:24.9712543Z       <Coroutine test_concurrent_tare_scans_consume_ff_loose_units_once>
2026-10-06T23:46:24.9712683Z     <Module test_wms440_ff_intake.py>
2026-10-06T23:46:24.9713197Z       <Coroutine test_ff_single_fact_and_durable_attempts>
2026-10-06T23:46:24.9713609Z       <Coroutine test_stale_completion_attempt_cannot_complete_after_reopen>
2026-10-06T23:46:24.9714269Z       <Coroutine test_sorting_completion_receipt_survives_marking_schedule_failure>
2026-10-06T23:46:24.9714568Z       <Coroutine test_retry_payload_and_scope_validation>
2026-10-06T23:46:24.9714821Z       <Coroutine test_old_receiving_never_adopts_plan[None]>
2026-10-06T23:46:24.9715978Z       <Coroutine test_old_receiving_never_adopts_plan[8]>
2026-10-06T23:46:24.9716892Z       <Coroutine test_seller_plan_is_not_ff_fact>
2026-10-06T23:46:24.9717221Z       <Coroutine test_reception_catalog_and_creation_permissions>
2026-10-06T23:46:24.9717546Z       <Coroutine test_create_failure_rolls_back_retry_receipt>
2026-10-06T23:46:24.9717827Z       <Coroutine test_ff_container_allocation_and_explicit_correction[boxes]>
2026-10-06T23:46:24.9718487Z       <Coroutine test_ff_container_allocation_and_explicit_correction[cargo-places]>
2026-10-06T23:46:24.9718876Z       <Coroutine test_return_creation_keeps_existing_marketplace_path[None]>
2026-10-06T23:46:24.9719151Z       <Coroutine test_return_creation_keeps_existing_marketplace_path[wildberries]>
2026-10-06T23:46:24.9719402Z       <Coroutine test_return_creation_keeps_existing_marketplace_path[ozon]>
2026-10-06T23:46:24.9719900Z       <Coroutine test_old_ff_draft_displays_entered_fact_and_delete_removes_composition>
2026-10-06T23:46:24.9720148Z       <Coroutine test_new_ff_three_units_reach_cell_with_one_charge_and_fact>
2026-10-06T23:46:24.9720545Z       <Coroutine test_explicit_legacy_recount_keeps_tare_without_duplicating_draft_fact[boxes-begin-receiving]>
2026-10-06T23:46:24.9720886Z       <Coroutine test_explicit_legacy_recount_keeps_tare_without_duplicating_draft_fact[boxes-submit]>
2026-10-06T23:46:24.9721643Z       <Coroutine test_explicit_legacy_recount_keeps_tare_without_duplicating_draft_fact[cargo-places-begin-receiving]>
2026-10-06T23:46:24.9722039Z       <Coroutine test_explicit_legacy_recount_keeps_tare_without_duplicating_draft_fact[cargo-places-submit]>
2026-10-06T23:46:24.9722879Z       <Coroutine test_wms473_scan_of_catalog_product_into_box_creates_line_of_empty_ff_document>
2026-10-06T23:46:24.9723070Z     <Module test_wms441_review_regressions.py>
2026-10-06T23:46:24.9723634Z       <Coroutine test_legacy_distribution_can_place_cargo_without_consuming_boxes[0]>
2026-10-06T23:46:24.9724021Z       <Coroutine test_legacy_distribution_can_place_cargo_without_consuming_boxes[2]>
2026-10-06T23:46:24.9724826Z       <Coroutine test_partial_putaway_then_legacy_edit_scan_preserves_receipt[legacy]>
2026-10-06T23:46:24.9725409Z       <Coroutine test_partial_putaway_then_legacy_edit_scan_preserves_receipt[mobile]>
2026-10-06T23:46:24.9725882Z       <Coroutine test_runtime_reconciles_proven_historical_unlinked_map_without_new_movement[1]>
2026-10-06T23:46:24.9726209Z       <Coroutine test_runtime_reconciles_proven_historical_unlinked_map_without_new_movement[2]>
2026-10-06T23:46:24.9726970Z       <Coroutine test_mobile_receipt_survives_older_same_cell_draft[True]>
2026-10-06T23:46:24.9727259Z       <Coroutine test_mobile_receipt_survives_older_same_cell_draft[False]>
2026-10-06T23:46:24.9727791Z       <Coroutine test_runtime_repair_refuses_ambiguous_source_ownership[mixed_ledger]>
2026-10-06T23:46:24.9728236Z       <Coroutine test_runtime_repair_refuses_ambiguous_source_ownership[missing_ledger]>
2026-10-06T23:46:24.9729108Z       <Coroutine test_historical_group_with_two_products_keeps_document_ownership>
2026-10-06T23:46:24.9729250Z     <Module test_wms441_sorting.py>
2026-10-06T23:46:24.9729444Z       <Coroutine test_split_repeat_new_scan_and_completion>
2026-10-06T23:46:24.9729700Z       <Coroutine test_loose_putaway_keeps_a_b_authors_in_existing_map_journal>
2026-10-06T23:46:24.9729918Z       <Coroutine test_mixed_box_loose_no_double_consumption[False]>
2026-10-06T23:46:24.9730136Z       <Coroutine test_mixed_box_loose_no_double_consumption[True]>
2026-10-06T23:46:24.9730347Z       <Coroutine test_concurrent_last_unit_or_sufficient_units[1]>
2026-10-06T23:46:24.9730769Z       <Coroutine test_concurrent_last_unit_or_sufficient_units[2]>
2026-10-06T23:46:24.9731009Z       <Coroutine test_failure_rollback_and_tenant_isolation>
2026-10-06T23:46:24.9731195Z       <Coroutine test_web_context_two_documents_same_sku>
2026-10-06T23:46:24.9731992Z       <Coroutine test_reconcile_requires_linked_movements_and_does_not_move_again>
2026-10-06T23:46:24.9732231Z       <Coroutine test_defect_fact_and_zero_line>
2026-10-06T23:46:24.9732438Z       <Coroutine test_completion_charge_and_author_once[inbound]>
2026-10-06T23:46:24.9732847Z       <Coroutine test_completion_charge_and_author_once[return]>
2026-10-06T23:46:24.9733184Z       <Coroutine test_cargo_and_pallet_putaway_updates_source_document[False]>
2026-10-06T23:46:24.9733441Z       <Coroutine test_cargo_and_pallet_putaway_updates_source_document[True]>
2026-10-06T23:46:24.9734186Z       <Coroutine test_failure_after_debit_rolls_back_all_effects>
2026-10-06T23:46:24.9734446Z       <Coroutine test_http_contract_and_reopen_after_lost_response>
2026-10-06T23:46:24.9734614Z     <Module test_wms444_historical_provenance.py>
2026-10-06T23:46:24.9734894Z       <Coroutine test_historical_partial_removal_preserves_ready_then_bills_new_work>
2026-10-06T23:46:24.9735849Z       <Coroutine test_historical_removal_to_zero_does_not_revive_on_recollect>
2026-10-06T23:46:24.9736615Z       <Coroutine test_pick_set_trims_only_uncovered_historical_box_units>
2026-10-06T23:46:24.9736926Z       <Coroutine test_pick_set_keeps_boxed_coverage_and_other_known_source>
2026-10-06T23:46:24.9737490Z       <Coroutine test_pick_set_trims_unknown_box_units_not_covered_by_unpacked_pick>
2026-10-06T23:46:24.9737854Z       <Coroutine test_pick_set_removes_boxed_packed_not_covered_by_unboxed_unpacked>
2026-10-06T23:46:24.9738761Z       <Coroutine test_pick_set_keeps_unknown_box_when_only_packed_source_is_removed>
2026-10-06T23:46:24.9739094Z       <Coroutine test_pick_set_removes_boxed_known_unpacked_not_covered_by_unknown>
2026-10-06T23:46:24.9739240Z     <Module test_wms445_fbs_contract.py>
2026-10-06T23:46:24.9739474Z       <Coroutine test_scan_oldest_order_not_nearest_deadline_and_retry[wb]>
2026-10-06T23:46:24.9739724Z       <Coroutine test_scan_oldest_order_not_nearest_deadline_and_retry[ozon]>
2026-10-06T23:46:24.9740183Z       <Coroutine test_ozon_route_and_big_warehouse_survive_public_responses>
2026-10-06T23:46:24.9740541Z       <Coroutine test_ozon_position_packing_counts_reread_retry_without_stock_change>
2026-10-06T23:46:24.9741320Z       <Coroutine test_local_delivery_failure_retains_operation_identity_after_rollback>
2026-10-06T23:46:24.9741551Z     <Module test_wms445_fbs_seller_scope.py>
2026-10-06T23:46:24.9741784Z       <Coroutine test_tsd_worklists_hold_effective_seller_scope>
2026-10-06T23:46:24.9741930Z     <Module test_wms445_local_emulators.py>
2026-10-06T23:46:24.9742418Z       <Coroutine test_http_guard_blocks_external_and_redirect_before_transport>
2026-10-06T23:46:24.9742720Z       <Coroutine test_ozon_fixture_preserves_success_after_lost_approve>
2026-10-06T23:46:24.9742856Z     <Module test_wms456_ozon_card_gate.py>
2026-10-06T23:46:24.9743519Z       <Coroutine test_c1_effective_flag_in_api>
2026-10-06T23:46:24.9743969Z       <Coroutine test_c2_ozon_sync_skips_unlinked_product_without_error>
2026-10-06T23:46:24.9744386Z       <Coroutine test_c3_nothing_to_publish_when_only_the_unlinked_product_exists>
2026-10-06T23:46:24.9745622Z       <Coroutine test_c4_real_mapping_error_still_reported>
2026-10-06T23:46:24.9746004Z       <Coroutine test_c5_ozon_applicability_without_common_percent_ceiling>
2026-10-06T23:46:24.9746974Z       <Coroutine test_c6_explicit_true_without_card_saves_false_and_does_not_touch_ozon>
2026-10-06T23:46:24.9747167Z       <Coroutine test_c7_repeating_the_same_save_is_a_no_op>
2026-10-06T23:46:24.9747342Z       <Coroutine test_c8_amounts_and_published_now>
2026-10-06T23:46:24.9747784Z       <Coroutine test_c9_changing_a_does_not_touch_b_or_the_ozon_binding>
2026-10-06T23:46:24.9748064Z       <Coroutine test_c10_a_later_card_does_not_auto_enable_ozon>
2026-10-06T23:46:24.9748901Z     <Module test_wms469_stock_dialog_backend.py>
2026-10-06T23:46:24.9749314Z       <Coroutine test_c7_c8_c10_c14_binding_rules_clamp_and_publish_independently>
2026-10-06T23:46:24.9749753Z       <Coroutine test_c22_identical_repeat_is_idempotent_without_duplicate_pools>
2026-10-06T23:46:24.9750049Z       <Coroutine test_partial_save_materializes_legacy_same_everywhere_neighbour>
2026-10-06T23:46:24.9750323Z       <Coroutine test_partial_save_materializes_legacy_by_warehouse_neighbour>
2026-10-06T23:46:24.9750606Z       <Coroutine test_partial_save_preserves_explicit_neighbour_while_transport_is_off>
2026-10-06T23:46:24.9750980Z       <Coroutine test_ozon_transport_stays_off_without_applicable_product>
2026-10-06T23:46:24.9751374Z       <Coroutine test_explicit_empty_by_binding_payload_changes_nothing>
2026-10-06T23:46:24.9751657Z       <Coroutine test_wms483_units_configured_distinguishes_blank_from_explicit_zero>
2026-10-06T23:46:24.9752266Z       <Function test_wms469_legacy_units_payload_defaults_to_configured>
2026-10-06T23:46:24.9752640Z       <Coroutine test_c31_off_on_preserves_manual_cap_after_stock_drop>
2026-10-06T23:46:24.9752896Z       <Coroutine test_c24_parallel_complete_saves_never_mix_rules>
2026-10-06T23:46:24.9753118Z       <Coroutine test_c23_parallel_same_binding_create_keeps_one_row>
2026-10-06T23:46:24.9753739Z       <Coroutine test_c16_r20_event_publish_starts_within_five_and_confirms_within_ten_seconds>
2026-10-06T23:46:24.9753970Z       <Coroutine test_c13_unserved_binding_remains_a_publication_target>
2026-10-06T23:46:24.9754740Z       <Coroutine test_c20_c21_busy_provider_retries_while_other_provider_proceeds>
2026-10-06T23:46:24.9755166Z       <Coroutine test_busy_provider_stops_after_bounded_attempts>
2026-10-06T23:46:24.9755755Z       <Coroutine test_five_events_coalesce_into_one_follow_up_publish>
2026-10-06T23:46:24.9756141Z       <Coroutine test_event_during_follow_up_pass_gets_its_own_publish>
2026-10-06T23:46:24.9757606Z       <Coroutine test_cross_process_follow_up_waits_for_long_running_lock_holder>
2026-10-06T23:46:24.9757935Z       <Coroutine test_permanent_publish_error_is_not_retried>
2026-10-06T23:46:24.9758192Z       <Coroutine test_rate_limit_retry_respects_provider_backoff>
2026-10-06T23:46:24.9758433Z       <Coroutine test_c26_seller_reads_own_bindings_but_cannot_write_them>
2026-10-06T23:46:24.9759151Z       <Coroutine test_c25_foreign_seller_and_tenant_cannot_read_any_warehouse_endpoint>
2026-10-06T23:46:24.9759530Z       <Coroutine test_c8_http_bulk_save_returns_saved_clamp_and_binding_state>
2026-10-06T23:46:24.9759691Z     <Module test_wms475_added_order_stickers.py>
2026-10-06T23:46:24.9759871Z       <Coroutine test_added_order_sticker_prefetch[ready]>
2026-10-06T23:46:24.9760095Z       <Coroutine test_added_order_sticker_prefetch[transport_error]>
2026-10-06T23:46:24.9760454Z       <Coroutine test_added_order_sticker_prefetch[missing]>
2026-10-06T23:46:24.9760849Z       <Coroutine test_added_order_sticker_prefetch[partial_confirmation]>
2026-10-06T23:46:24.9761054Z       <Coroutine test_added_order_sticker_prefetch[draft]>
2026-10-06T23:46:24.9761970Z       <Coroutine test_added_order_sticker_prefetch[asset_error]>
2026-10-06T23:46:24.9762221Z       <Coroutine test_added_order_sticker_prefetch[storage_mkdir]>
2026-10-06T23:46:24.9762430Z       <Coroutine test_added_order_sticker_prefetch[storage_write]>
2026-10-06T23:46:24.9762868Z       <Function test_storage_read_error_is_domain_error[error0]>
2026-10-06T23:46:24.9763129Z       <Function test_storage_read_error_is_domain_error[error1]>
2026-10-06T23:46:24.9763282Z     <Module test_wms476_auto_marking_import.py>
2026-10-06T23:46:24.9764045Z       <Function test_artifact_extractor_keeps_only_real_or_damaged_matrix_regions>
2026-10-06T23:46:24.9764460Z       <Function test_artifact_extractor_splits_one_image_page_and_preserves_source_order>
2026-10-06T23:46:24.9765555Z       <Coroutine test_auto_import_fresh_pools_are_counted_and_issued_across_uploads>
2026-10-06T23:46:24.9766399Z       <Coroutine test_assign_unmatched_groups_pools_and_retry_does_not_duplicate>
2026-10-06T23:46:24.9766831Z       <Coroutine test_auto_match_combines_shared_article_with_gtin>
2026-10-06T23:46:24.9767240Z       <Coroutine test_auto_match_treats_one_size_label_as_wb_size_zero_only>
2026-10-06T23:46:24.9768028Z       <Coroutine test_lost_assignment_response_reuses_result_and_residual_is_authoritative>
2026-10-06T23:46:24.9768401Z       <Coroutine test_auto_import_partial_assignment_and_residual_pdf>
2026-10-06T23:46:24.9768567Z     <Module test_wms477_marking_verdicts_sync.py>
2026-10-06T23:46:24.9768800Z       <Coroutine test_markings_sync_endpoint_success_updates_workspace>
2026-10-06T23:46:24.9769123Z       <Coroutine test_markings_sync_endpoint_wb_error_leaves_no_partial_write[upstream_error-429]>
2026-10-06T23:46:24.9769609Z       <Coroutine test_markings_sync_endpoint_wb_error_leaves_no_partial_write[upstream_error-503]>
2026-10-06T23:46:24.9770042Z       <Coroutine test_markings_sync_endpoint_wb_error_leaves_no_partial_write[network_error-None]>
2026-10-06T23:46:24.9770318Z       <Coroutine test_sync_marking_verdicts_batch_no_partial_write_across_two_batches>
2026-10-06T23:46:24.9771093Z       <Coroutine test_markings_sync_endpoint_foreign_supply_is_404>
2026-10-06T23:46:24.9771339Z       <Coroutine test_markings_sync_endpoint_ozon_supply_is_a_noop>
2026-10-06T23:46:24.9771545Z       <Coroutine test_markings_sync_endpoint_missing_token_is_403>
2026-10-06T23:46:24.9771902Z       <Coroutine test_markings_sync_endpoint_no_codes_is_a_noop>
2026-10-06T23:46:24.9772340Z       <Coroutine test_sync_marking_verdicts_for_seller_filters_active_supply_and_open_codes>
2026-10-06T23:46:24.9772610Z       <Coroutine test_sync_fbs_marking_verdicts_all_sellers_isolates_seller_errors>
2026-10-06T23:46:24.9773646Z       <Coroutine test_stale_new_cycle_answer_does_not_revert_a_fresher_general_cycle_verdict>
2026-10-06T23:46:24.9774150Z       <Coroutine test_stale_new_cycle_answer_does_not_revert_a_fresher_button_verdict>
2026-10-06T23:46:24.9774449Z       <Coroutine test_replaced_code_during_http_is_not_counted_as_updated>
2026-10-06T23:46:24.9774691Z       <Coroutine test_minute_cycle_skips_seller_when_wb_backoff_is_active>
2026-10-06T23:46:24.9775872Z       <Coroutine test_minute_cycle_records_wb_backoff_after_persistent_429>
2026-10-06T23:46:24.9776451Z       <Coroutine test_stale_single_order_sync_does_not_revert_a_fresher_minute_cycle_verdict>
2026-10-06T23:46:24.9776733Z       <Coroutine test_stale_single_order_sync_does_not_revert_a_fresher_button_verdict>
2026-10-06T23:46:24.9777514Z       <Coroutine test_stale_get_order_metadata_sync_does_not_revert_a_fresher_minute_cycle_verdict>
2026-10-06T23:46:24.9777898Z       <Coroutine test_stale_single_order_sync_does_not_revert_a_fresher_rejection>
2026-10-06T23:46:24.9778282Z       <Coroutine test_http_single_order_sync_vs_http_button_stale_answer[pending-sgtinIntroduced-accepted]>
2026-10-06T23:46:24.9778805Z       <Coroutine test_http_single_order_sync_vs_http_button_stale_answer[sgtinIntroduced-sgtinNotFound-rejected]>
2026-10-06T23:46:24.9779272Z       <Coroutine test_postgresql_marking_verdicts_cycle_lock_skips_concurrent_cycle>
2026-10-06T23:46:24.9780208Z       <Function test_celery_schedule_has_marking_verdicts_entry_separate_from_statuses_autopoll>
2026-10-06T23:46:24.9780653Z       <Coroutine test_postgresql_real_cycles_skip_overlap_and_recover_after_cancellation>
2026-10-06T23:46:24.9781097Z       <Coroutine test_omitted_wb_order_preserves_saved_verdict_and_next_cycle[manual]>
2026-10-06T23:46:24.9781473Z       <Coroutine test_omitted_wb_order_preserves_saved_verdict_and_next_cycle[background]>
2026-10-06T23:46:24.9781745Z       <Coroutine test_omitted_wb_order_preserves_saved_verdict_and_next_cycle[single]>
2026-10-06T23:46:24.9782340Z     <Module test_wms484_client_errors.py>
2026-10-06T23:46:24.9782593Z       <Coroutine test_report_204_and_log_identity>
2026-10-06T23:46:24.9782809Z       <Coroutine test_long_fields_and_stack_are_trimmed>
2026-10-06T23:46:24.9783211Z       <Coroutine test_oversized_body_keeps_truncated_first_field>
2026-10-06T23:46:24.9783441Z       <Coroutine test_unauthenticated_401>
2026-10-06T23:46:24.9783620Z       <Coroutine test_rate_limit_and_window_reset>
2026-10-06T23:46:24.9783766Z       <Coroutine test_rate_limit_is_per_user>
2026-10-06T23:46:24.9784389Z       <Coroutine test_malformed_input_never_500[not-json]>
2026-10-06T23:46:24.9784658Z       <Coroutine test_malformed_input_never_500[[]]>
2026-10-06T23:46:24.9785782Z       <Coroutine test_malformed_input_never_500[{"message":null,"stack":{}}]>
2026-10-06T23:46:24.9786787Z       <Coroutine test_logging_failure_never_500>
2026-10-06T23:46:24.9786943Z     <Module test_wms488_catalog_isolation.py>
2026-10-06T23:46:24.9787211Z       <Coroutine test_scan_returns_only_own_products_for_each_identifier[SKU]>
2026-10-06T23:46:24.9787465Z       <Coroutine test_scan_returns_only_own_products_for_each_identifier[WB]>
2026-10-06T23:46:24.9787835Z       <Coroutine test_scan_returns_only_own_products_for_each_identifier[OZN]>
2026-10-06T23:46:24.9788248Z       <Coroutine test_scan_returns_only_own_products_for_each_identifier[OZ]>
2026-10-06T23:46:24.9788500Z       <Coroutine test_scan_filters_before_ambiguity_and_ozon_fallback>
2026-10-06T23:46:24.9789211Z       <Coroutine test_seller_does_not_resolve_warehouse_objects[BOX]>
2026-10-06T23:46:24.9789579Z       <Coroutine test_seller_does_not_resolve_warehouse_objects[ORDER]>
2026-10-06T23:46:24.9789797Z       <Coroutine test_seller_does_not_resolve_warehouse_objects[WH]>
2026-10-06T23:46:24.9790264Z       <Coroutine test_authorized_ff_scans_keep_tenant_scope[reception]>
2026-10-06T23:46:24.9790543Z       <Coroutine test_authorized_ff_scans_keep_tenant_scope[mp_shipments]>
2026-10-06T23:46:24.9791399Z       <Coroutine test_authorized_ff_scans_keep_tenant_scope[packaging]>
2026-10-06T23:46:24.9791727Z       <Coroutine test_authorized_ff_scans_keep_tenant_scope[cells]>
2026-10-06T23:46:24.9792097Z       <Coroutine test_authorized_ff_scans_keep_tenant_scope[inventory]>
2026-10-06T23:46:24.9792445Z       <Coroutine test_scan_requires_existing_catalog_permissions>
2026-10-06T23:46:24.9792741Z       <Coroutine test_scan_revalidates_active_shop_and_preserves_explicit_delegation>
2026-10-06T23:46:24.9793585Z       <Coroutine test_bulk_honest_sign_requires_products_permission_and_preserves_foreign_rows>
2026-10-06T23:46:24.9793898Z       <Coroutine test_ozon_link_cannot_bypass_product_owner_or_link_owner>
2026-10-06T23:46:24.9794038Z     <Module test_wms488_home_scope.py>
2026-10-06T23:46:24.9794518Z       <Coroutine test_avpack_delegated_tokens_and_all_grants_stay_unchanged>
2026-10-06T23:46:24.9794906Z       <Coroutine test_jobs_require_proven_active_scope_but_not_seller_initiator[avpack-9uczh-False]>
2026-10-06T23:46:24.9795962Z       <Coroutine test_jobs_require_proven_active_scope_but_not_seller_initiator[avpack-9uczh-True]>
2026-10-06T23:46:24.9796469Z       <Coroutine test_jobs_require_proven_active_scope_but_not_seller_initiator[other-shop-tenant-False]>
2026-10-06T23:46:24.9796833Z       <Coroutine test_jobs_require_proven_active_scope_but_not_seller_initiator[other-shop-tenant-True]>
2026-10-06T23:46:24.9797525Z       <Coroutine test_delegated_token_enqueues_active_and_worker_uses_active[False]>
2026-10-06T23:46:24.9797798Z       <Coroutine test_delegated_token_enqueues_active_and_worker_uses_active[True]>
2026-10-06T23:46:24.9798545Z       <Coroutine test_similar_tenant_keeps_delegation[avpack]>
2026-10-06T23:46:24.9798855Z       <Coroutine test_similar_tenant_keeps_delegation[avpack-9uczh-other]>
2026-10-06T23:46:24.9799291Z       <Coroutine test_similar_tenant_keeps_delegation[other-tenant-name]>
2026-10-06T23:46:24.9799644Z       <Coroutine test_active_token_scan_filters_inactive_and_ambiguity[SKU]>
2026-10-06T23:46:24.9799887Z       <Coroutine test_active_token_scan_filters_inactive_and_ambiguity[WB]>
2026-10-06T23:46:24.9800664Z       <Coroutine test_active_token_scan_filters_inactive_and_ambiguity[OZN]>
2026-10-06T23:46:24.9800946Z       <Coroutine test_active_token_scan_filters_inactive_and_ambiguity[OZ]>
2026-10-06T23:46:24.9801377Z       <Coroutine test_own_job_failure_hides_raw_diagnostics_and_mismatched_result>
2026-10-06T23:46:24.9801632Z       <Coroutine test_direct_marketplace_sync_uses_active>
2026-10-06T23:46:24.9801855Z       <Coroutine test_active_token_marking_reads_print_and_ff_catalog>
2026-10-06T23:46:24.9802503Z       <Coroutine test_active_token_cannot_add_inactive_document_line[inbound-intake]>
2026-10-06T23:46:24.9802936Z       <Coroutine test_active_token_cannot_add_inactive_document_line[outbound-shipment]>
2026-10-06T23:46:24.9803271Z       <Coroutine test_active_token_cannot_add_inactive_document_line[marketplace-unload-requests]>
2026-10-06T23:46:24.9803430Z     <Module test_wms488_product_api_matrix.py>
2026-10-06T23:46:24.9803963Z       <Coroutine test_foreign_product_direct_requests_disclose_nothing_and_write_nothing[ordinary-GET-/products/{pid}/dimensions/history-None-b]>
2026-10-06T23:46:24.9804508Z       <Coroutine test_foreign_product_direct_requests_disclose_nothing_and_write_nothing[ordinary-GET-/products/{pid}/dimensions/history-None-foreign]>
2026-10-06T23:46:24.9805278Z       <Coroutine test_foreign_product_direct_requests_disclose_nothing_and_write_nothing[ordinary-PATCH-/products/{pid}/dimensions-body1-b]>
2026-10-06T23:46:24.9805909Z       <Coroutine test_foreign_product_direct_requests_disclose_nothing_and_write_nothing[ordinary-PATCH-/products/{pid}/dimensions-body1-foreign]>
2026-10-06T23:46:24.9807061Z       <Coroutine test_foreign_product_direct_requests_disclose_nothing_and_write_nothing[ordinary-PATCH-/products/{pid}/packaging-instructions-body2-b]>
2026-10-06T23:46:24.9807771Z       <Coroutine test_foreign_product_direct_requests_disclose_nothing_and_write_nothing[ordinary-PATCH-/products/{pid}/packaging-instructions-body2-foreign]>
2026-10-06T23:46:24.9808599Z       <Coroutine test_foreign_product_direct_requests_disclose_nothing_and_write_nothing[ordinary-GET-/products/{pid}/stock-directions-None-b]>
2026-10-06T23:46:24.9809778Z       <Coroutine test_foreign_product_direct_requests_disclose_nothing_and_write_nothing[ordinary-GET-/products/{pid}/stock-directions-None-foreign]>
2026-10-06T23:46:24.9810593Z       <Coroutine test_foreign_product_direct_requests_disclose_nothing_and_write_nothing[ordinary-POST-/products/{pid}/stock-directions-body4-b]>
2026-10-06T23:46:24.9811691Z       <Coroutine test_foreign_product_direct_requests_disclose_nothing_and_write_nothing[ordinary-POST-/products/{pid}/stock-directions-body4-foreign]>
2026-10-06T23:46:24.9812280Z       <Coroutine test_foreign_product_direct_requests_disclose_nothing_and_write_nothing[ordinary-PATCH-/products/stock-directions/{did}-body5-b]>
2026-10-06T23:46:24.9813112Z       <Coroutine test_foreign_product_direct_requests_disclose_nothing_and_write_nothing[ordinary-PATCH-/products/stock-directions/{did}-body5-foreign]>
2026-10-06T23:46:24.9814245Z       <Coroutine test_foreign_product_direct_requests_disclose_nothing_and_write_nothing[ordinary-DELETE-/products/stock-directions/{did}-None-b]>
2026-10-06T23:46:24.9815340Z       <Coroutine test_foreign_product_direct_requests_disclose_nothing_and_write_nothing[ordinary-DELETE-/products/stock-directions/{did}-None-foreign]>
2026-10-06T23:46:24.9816594Z       <Coroutine test_foreign_product_direct_requests_disclose_nothing_and_write_nothing[ordinary-GET-/products/{pid}/fbs-rule-None-b]>
2026-10-06T23:46:24.9817098Z       <Coroutine test_foreign_product_direct_requests_disclose_nothing_and_write_nothing[ordinary-GET-/products/{pid}/fbs-rule-None-foreign]>
2026-10-06T23:46:24.9817824Z       <Coroutine test_foreign_product_direct_requests_disclose_nothing_and_write_nothing[ordinary-PUT-/products/{pid}/fbs-rule-body8-b]>
2026-10-06T23:46:24.9818895Z       <Coroutine test_foreign_product_direct_requests_disclose_nothing_and_write_nothing[ordinary-PUT-/products/{pid}/fbs-rule-body8-foreign]>
2026-10-06T23:46:24.9819682Z       <Coroutine test_foreign_product_direct_requests_disclose_nothing_and_write_nothing[ordinary-PATCH-/products/{pid}/fbs-stock-sync-body9-b]>
2026-10-06T23:46:24.9820434Z       <Coroutine test_foreign_product_direct_requests_disclose_nothing_and_write_nothing[ordinary-PATCH-/products/{pid}/fbs-stock-sync-body9-foreign]>
2026-10-06T23:46:24.9821824Z       <Coroutine test_foreign_product_direct_requests_disclose_nothing_and_write_nothing[avpack-active-delegation-GET-/products/{pid}/dimensions/history-None-b]>
2026-10-06T23:46:24.9822662Z       <Coroutine test_foreign_product_direct_requests_disclose_nothing_and_write_nothing[avpack-active-delegation-GET-/products/{pid}/dimensions/history-None-foreign]>
2026-10-06T23:46:24.9824094Z       <Coroutine test_foreign_product_direct_requests_disclose_nothing_and_write_nothing[avpack-active-delegation-PATCH-/products/{pid}/dimensions-body1-b]>
2026-10-06T23:46:24.9825955Z       <Coroutine test_foreign_product_direct_requests_disclose_nothing_and_write_nothing[avpack-active-delegation-PATCH-/products/{pid}/dimensions-body1-foreign]>
2026-10-06T23:46:24.9826953Z       <Coroutine test_foreign_product_direct_requests_disclose_nothing_and_write_nothing[avpack-active-delegation-PATCH-/products/{pid}/packaging-instructions-body2-b]>
2026-10-06T23:46:24.9828233Z       <Coroutine test_foreign_product_direct_requests_disclose_nothing_and_write_nothing[avpack-active-delegation-PATCH-/products/{pid}/packaging-instructions-body2-foreign]>
2026-10-06T23:46:24.9829210Z       <Coroutine test_foreign_product_direct_requests_disclose_nothing_and_write_nothing[avpack-active-delegation-GET-/products/{pid}/stock-directions-None-b]>
2026-10-06T23:46:24.9830436Z       <Coroutine test_foreign_product_direct_requests_disclose_nothing_and_write_nothing[avpack-active-delegation-GET-/products/{pid}/stock-directions-None-foreign]>
2026-10-06T23:46:24.9832103Z       <Coroutine test_foreign_product_direct_requests_disclose_nothing_and_write_nothing[avpack-active-delegation-POST-/products/{pid}/stock-directions-body4-b]>
2026-10-06T23:46:24.9833337Z       <Coroutine test_foreign_product_direct_requests_disclose_nothing_and_write_nothing[avpack-active-delegation-POST-/products/{pid}/stock-directions-body4-foreign]>
2026-10-06T23:46:24.9834541Z       <Coroutine test_foreign_product_direct_requests_disclose_nothing_and_write_nothing[avpack-active-delegation-PATCH-/products/stock-directions/{did}-body5-b]>
2026-10-06T23:46:24.9835610Z       <Coroutine test_foreign_product_direct_requests_disclose_nothing_and_write_nothing[avpack-active-delegation-PATCH-/products/stock-directions/{did}-body5-foreign]>
2026-10-06T23:46:24.9836727Z       <Coroutine test_foreign_product_direct_requests_disclose_nothing_and_write_nothing[avpack-active-delegation-DELETE-/products/stock-directions/{did}-None-b]>
2026-10-06T23:46:24.9837516Z       <Coroutine test_foreign_product_direct_requests_disclose_nothing_and_write_nothing[avpack-active-delegation-DELETE-/products/stock-directions/{did}-None-foreign]>
2026-10-06T23:46:24.9838215Z       <Coroutine test_foreign_product_direct_requests_disclose_nothing_and_write_nothing[avpack-active-delegation-GET-/products/{pid}/fbs-rule-None-b]>
2026-10-06T23:46:24.9839544Z       <Coroutine test_foreign_product_direct_requests_disclose_nothing_and_write_nothing[avpack-active-delegation-GET-/products/{pid}/fbs-rule-None-foreign]>
2026-10-06T23:46:24.9840396Z       <Coroutine test_foreign_product_direct_requests_disclose_nothing_and_write_nothing[avpack-active-delegation-PUT-/products/{pid}/fbs-rule-body8-b]>
2026-10-06T23:46:24.9841742Z       <Coroutine test_foreign_product_direct_requests_disclose_nothing_and_write_nothing[avpack-active-delegation-PUT-/products/{pid}/fbs-rule-body8-foreign]>
2026-10-06T23:46:24.9842515Z       <Coroutine test_foreign_product_direct_requests_disclose_nothing_and_write_nothing[avpack-active-delegation-PATCH-/products/{pid}/fbs-stock-sync-body9-b]>
2026-10-06T23:46:24.9843749Z       <Coroutine test_foreign_product_direct_requests_disclose_nothing_and_write_nothing[avpack-active-delegation-PATCH-/products/{pid}/fbs-stock-sync-body9-foreign]>
2026-10-06T23:46:24.9844079Z       <Coroutine test_seller_cannot_use_ff_creation_import_merge_link_or_print_routes[ordinary-a]>
2026-10-06T23:46:24.9844558Z       <Coroutine test_seller_cannot_use_ff_creation_import_merge_link_or_print_routes[ordinary-b]>
2026-10-06T23:46:24.9845144Z       <Coroutine test_seller_cannot_use_ff_creation_import_merge_link_or_print_routes[ordinary-foreign]>
2026-10-06T23:46:24.9846218Z       <Coroutine test_seller_cannot_use_ff_creation_import_merge_link_or_print_routes[avpack-active-delegation-a]>
2026-10-06T23:46:24.9846717Z       <Coroutine test_seller_cannot_use_ff_creation_import_merge_link_or_print_routes[avpack-active-delegation-b]>
2026-10-06T23:46:24.9847330Z       <Coroutine test_seller_cannot_use_ff_creation_import_merge_link_or_print_routes[avpack-active-delegation-foreign]>
2026-10-06T23:46:24.9848121Z       <Coroutine test_mixed_bulk_requests_preserve_foreign_rows[ordinary-rule-read-b]>
2026-10-06T23:46:24.9848540Z       <Coroutine test_mixed_bulk_requests_preserve_foreign_rows[ordinary-rule-read-foreign]>
2026-10-06T23:46:24.9848947Z       <Coroutine test_mixed_bulk_requests_preserve_foreign_rows[ordinary-rule-write-b]>
2026-10-06T23:46:24.9849421Z       <Coroutine test_mixed_bulk_requests_preserve_foreign_rows[ordinary-rule-write-foreign]>
2026-10-06T23:46:24.9849695Z       <Coroutine test_mixed_bulk_requests_preserve_foreign_rows[ordinary-reset-b]>
2026-10-06T23:46:24.9859314Z       <Coroutine test_mixed_bulk_requests_preserve_foreign_rows[ordinary-reset-foreign]>
2026-10-06T23:46:24.9860212Z       <Coroutine test_mixed_bulk_requests_preserve_foreign_rows[ordinary-sync-b]>
2026-10-06T23:46:24.9860779Z       <Coroutine test_mixed_bulk_requests_preserve_foreign_rows[ordinary-sync-foreign]>
2026-10-06T23:46:24.9861209Z       <Coroutine test_mixed_bulk_requests_preserve_foreign_rows[ordinary-balance-b]>
2026-10-06T23:46:24.9861814Z       <Coroutine test_mixed_bulk_requests_preserve_foreign_rows[ordinary-balance-foreign]>
2026-10-06T23:46:24.9862298Z       <Coroutine test_mixed_bulk_requests_preserve_foreign_rows[ordinary-honest-sign-b]>
2026-10-06T23:46:24.9862633Z       <Coroutine test_mixed_bulk_requests_preserve_foreign_rows[ordinary-honest-sign-foreign]>
2026-10-06T23:46:24.9863004Z       <Coroutine test_mixed_bulk_requests_preserve_foreign_rows[avpack-active-delegation-rule-read-b]>
2026-10-06T23:46:24.9863681Z       <Coroutine test_mixed_bulk_requests_preserve_foreign_rows[avpack-active-delegation-rule-read-foreign]>
2026-10-06T23:46:24.9864067Z       <Coroutine test_mixed_bulk_requests_preserve_foreign_rows[avpack-active-delegation-rule-write-b]>
2026-10-06T23:46:24.9864945Z       <Coroutine test_mixed_bulk_requests_preserve_foreign_rows[avpack-active-delegation-rule-write-foreign]>
2026-10-06T23:46:24.9866137Z       <Coroutine test_mixed_bulk_requests_preserve_foreign_rows[avpack-active-delegation-reset-b]>
2026-10-06T23:46:24.9866783Z       <Coroutine test_mixed_bulk_requests_preserve_foreign_rows[avpack-active-delegation-reset-foreign]>
2026-10-06T23:46:24.9867125Z       <Coroutine test_mixed_bulk_requests_preserve_foreign_rows[avpack-active-delegation-sync-b]>
2026-10-06T23:46:24.9868025Z       <Coroutine test_mixed_bulk_requests_preserve_foreign_rows[avpack-active-delegation-sync-foreign]>
2026-10-06T23:46:24.9869041Z       <Coroutine test_mixed_bulk_requests_preserve_foreign_rows[avpack-active-delegation-balance-b]>
2026-10-06T23:46:24.9870030Z       <Coroutine test_mixed_bulk_requests_preserve_foreign_rows[avpack-active-delegation-balance-foreign]>
2026-10-06T23:46:24.9870658Z       <Coroutine test_mixed_bulk_requests_preserve_foreign_rows[avpack-active-delegation-honest-sign-b]>
2026-10-06T23:46:24.9871105Z       <Coroutine test_mixed_bulk_requests_preserve_foreign_rows[avpack-active-delegation-honest-sign-foreign]>
2026-10-06T23:46:24.9871341Z       <Coroutine test_own_product_actions_remain_available[ordinary]>
2026-10-06T23:46:24.9871624Z       <Coroutine test_own_product_actions_remain_available[avpack-active-delegation]>
2026-10-06T23:46:24.9872213Z       <Coroutine test_seller_export_and_report_ignore_foreign_seller_override[ordinary-/reports/inventory-b]>
2026-10-06T23:46:24.9872722Z       <Coroutine test_seller_export_and_report_ignore_foreign_seller_override[ordinary-/reports/inventory-foreign]>
2026-10-06T23:46:24.9873775Z       <Coroutine test_seller_export_and_report_ignore_foreign_seller_override[ordinary-/reports/inventory/export.xlsx-b]>
2026-10-06T23:46:24.9874451Z       <Coroutine test_seller_export_and_report_ignore_foreign_seller_override[ordinary-/reports/inventory/export.xlsx-foreign]>
2026-10-06T23:46:24.9875279Z       <Coroutine test_seller_export_and_report_ignore_foreign_seller_override[avpack-active-delegation-/reports/inventory-b]>
2026-10-06T23:46:24.9876116Z       <Coroutine test_seller_export_and_report_ignore_foreign_seller_override[avpack-active-delegation-/reports/inventory-foreign]>
2026-10-06T23:46:24.9876892Z       <Coroutine test_seller_export_and_report_ignore_foreign_seller_override[avpack-active-delegation-/reports/inventory/export.xlsx-b]>
2026-10-06T23:46:24.9878001Z       <Coroutine test_seller_export_and_report_ignore_foreign_seller_override[avpack-active-delegation-/reports/inventory/export.xlsx-foreign]>
2026-10-06T23:46:24.9878279Z     <Module test_wms488_shop_manager_migration.py>
2026-10-06T23:46:24.9878597Z       <Coroutine test_migration_preserves_only_existing_eligible_delegated_grants[avpack]>
2026-10-06T23:46:24.9879230Z       <Coroutine test_migration_preserves_only_existing_eligible_delegated_grants[avpack-9uczh]>
2026-10-06T23:46:24.9879596Z       <Function test_migration_keeps_legacy_configuration_resolution[environment0--fallback@merchant.ru]>
2026-10-06T23:46:24.9880768Z       <Function test_migration_keeps_legacy_configuration_resolution[environment1-WMS_SHOP_MANAGER_EMAILS=dotenv@merchant.ru\n-dotenv@merchant.ru]>
2026-10-06T23:46:24.9881823Z       <Function test_migration_keeps_legacy_configuration_resolution[environment2--alias@merchant.ru]>
2026-10-06T23:46:24.9882360Z       <Function test_migration_keeps_legacy_configuration_resolution[environment3--lower@merchant.ru]>
2026-10-06T23:46:24.9883309Z       <Function test_migration_keeps_legacy_configuration_resolution[environment4--primary@merchant.ru]>
2026-10-06T23:46:24.9883496Z     <Module test_wms489_kiz_reprints.py>
2026-10-06T23:46:24.9883966Z       <Coroutine test_kiz_reprint_persists_exact_gs_without_touching_marking_pool>
2026-10-06T23:46:24.9884403Z       <Coroutine test_kiz_reprint_accepts_complete_ai93_payload_from_marking_fixture>
2026-10-06T23:46:24.9884688Z       <Coroutine test_kiz_reprint_rejects_incomplete_or_invalid_codes_without_history>
2026-10-06T23:46:24.9886187Z       <Coroutine test_kiz_reprint_retry_after_lost_save_response_claims_one_print>
2026-10-06T23:46:24.9886655Z       <Coroutine test_kiz_reprint_concurrent_print_claims_allow_one_automatic_launch>
2026-10-06T23:46:24.9887664Z       <Coroutine test_kiz_reprint_idempotency_allows_new_manual_rescan_but_not_delivery_replay>
2026-10-06T23:46:24.9887911Z       <Coroutine test_kiz_reprint_concurrent_same_delivery_creates_one_row>
2026-10-06T23:46:24.9888420Z       <Coroutine test_kiz_reprint_scopes_history_to_tenant_and_reception_permission>
2026-10-06T23:46:24.9888739Z     <Module test_wms490_product_card_api.py>
2026-10-06T23:46:24.9889010Z       <Coroutine test_product_card_matches_catalog_row_and_adds_dimensions_wms490>
2026-10-06T23:46:24.9889594Z       <Coroutine test_product_card_manual_product_without_marketplace_wms490>
2026-10-06T23:46:24.9889975Z       <Coroutine test_product_card_requires_catalog_cells_access_wms490>
2026-10-06T23:46:24.9890312Z       <Coroutine test_product_card_foreign_tenant_and_missing_product_return_404_wms490>
2026-10-06T23:46:24.9890586Z       <Coroutine test_warehouse_map_product_filter_keeps_only_matching_rows_wms490>
2026-10-06T23:46:24.9890974Z       <Coroutine test_product_card_location_warehouses_matches_nonempty_maps_wms490>
2026-10-06T23:46:24.9891221Z     <Module test_wms490_product_movements.py>
2026-10-06T23:46:24.9891512Z       <Coroutine test_full_history_matches_report_for_the_same_period>
2026-10-06T23:46:24.9891744Z       <Coroutine test_full_history_includes_movements_older_than_a_year>
2026-10-06T23:46:24.9892469Z       <Coroutine test_full_history_excludes_location_only_movements>
2026-10-06T23:46:24.9892796Z       <Coroutine test_full_history_pagination_has_no_duplicates_or_gaps>
2026-10-06T23:46:24.9893410Z       <Coroutine test_full_history_pagination_is_stable_when_a_movement_lands_between_pages>
2026-10-06T23:46:24.9893733Z       <Coroutine test_full_history_quantity_sum_matches_accumulated_stock>
2026-10-06T23:46:24.9894417Z       <Coroutine test_full_history_is_empty_for_a_foreign_tenant>
2026-10-06T23:46:24.9894774Z       <Coroutine test_full_history_is_empty_for_a_foreign_seller_account>
2026-10-06T23:46:24.9895284Z       <Coroutine test_list_product_movements_full_history_requires_a_product>
2026-10-06T23:46:24.9895665Z       <Coroutine test_list_product_movements_rejects_a_partial_period>
2026-10-06T23:46:24.9895820Z     <Module test_wms507_avpack_delegation.py>
2026-10-06T23:46:24.9896707Z       <Coroutine test_ordinary_avpack_seller_cannot_use_existing_grant_or_signed_active_token[False]>
2026-10-06T23:46:24.9897114Z       <Coroutine test_ordinary_avpack_seller_cannot_use_existing_grant_or_signed_active_token[True]>
2026-10-06T23:46:24.9897550Z       <Coroutine test_avpack_denied_targets_cannot_switch_or_use_signed_token[disabled]>
2026-10-06T23:46:24.9897985Z       <Coroutine test_avpack_denied_targets_cannot_switch_or_use_signed_token[ungranted]>
2026-10-06T23:46:24.9898269Z       <Coroutine test_avpack_denied_targets_cannot_switch_or_use_signed_token[foreign]>
2026-10-06T23:46:24.9899145Z       <Coroutine test_avpack_denied_targets_cannot_switch_or_use_signed_token[test]>
2026-10-06T23:46:24.9899583Z       <Coroutine test_avpack_toggle_existing_delegation_revokes_old_token_and_restores_switch>
2026-10-06T23:46:24.9899880Z       <Coroutine test_marketplace_unload_create_rejects_nonactive_seller_without_writes>
2026-10-06T23:46:24.9900296Z       <Coroutine test_storage_rebuild_uses_active_scope_for_worker_and_poll[False]>
2026-10-06T23:46:24.9900748Z       <Coroutine test_storage_rebuild_uses_active_scope_for_worker_and_poll[True]>
2026-10-06T23:46:24.9900991Z       <Coroutine test_storage_rebuild_ff_remains_unscoped[admin]>
2026-10-06T23:46:24.9901687Z       <Coroutine test_storage_rebuild_ff_remains_unscoped[staff]>
2026-10-06T23:46:24.9901920Z     <Module test_wms514_scan_auto_print.py>
2026-10-06T23:46:24.9902200Z       <Coroutine test_product_scan_selects_one_order_and_replay_does_not_advance>
2026-10-06T23:46:24.9902668Z       <Coroutine test_all_off_scans_are_inert_and_do_not_consume_first_unit>
2026-10-06T23:46:24.9902983Z       <Coroutine test_scan_idempotency_rejects_changed_checkbox_snapshot>
2026-10-06T23:46:24.9903199Z       <Coroutine test_concurrent_replay_returns_one_scan_selection>
2026-10-06T23:46:24.9904034Z       <Coroutine test_concurrent_distinct_scans_select_distinct_units>
2026-10-06T23:46:24.9904206Z       <Coroutine test_product_scan_is_wb_only>
2026-10-06T23:46:24.9904491Z       <Coroutine test_reprint_product_scan_selects_exact_order_without_allocating_code>
2026-10-06T23:46:24.9905439Z       <Coroutine test_successful_product_bind_atomically_prepares_reprint_recovery>
2026-10-06T23:46:24.9906572Z       <Coroutine test_bound_target_event_stays_out_of_target_and_neighbour_history>
2026-10-06T23:46:24.9906982Z       <Coroutine test_reprint_product_recovers_only_released_canonical_kiz>
2026-10-06T23:46:24.9907333Z       <Coroutine test_reprint_product_blocks_unknown_print_outcome>
2026-10-06T23:46:24.9907620Z       <Coroutine test_atomic_reprint_claim_rejects_replaced_or_cancelled_marking>
2026-10-06T23:46:24.9907862Z       <Coroutine test_concurrent_atomic_reprint_recovery_claims_only_once>
2026-10-06T23:46:24.9908133Z       <Coroutine test_atomic_reprint_recovery_is_tenant_supply_and_request_scoped>
2026-10-06T23:46:24.9908382Z       <Coroutine test_print_target_claim_is_durable_and_never_blindly_retries>
2026-10-06T23:46:24.9908641Z       <Coroutine test_print_target_claim_respects_tenant_and_supply_boundaries>
2026-10-06T23:46:24.9908879Z       <Coroutine test_direct_full_kiz_reprint_does_not_touch_marking_pool>
2026-10-06T23:46:24.9909144Z       <Coroutine test_sequential_packing_skips_packed_and_replays_same_selection>
2026-10-06T23:46:24.9909407Z       <Coroutine test_sequential_binding_receipt_recovers_without_reprinting_kiz>
2026-10-06T23:46:24.9909555Z     <Module test_wms516_physical_warehouse.py>
2026-10-06T23:46:24.9909810Z       <Coroutine test_repair_conserves_627_containers_other_seller_and_replays>
2026-10-06T23:46:24.9910067Z       <Coroutine test_multi_source_merges_mutually_referencing_legacy_warehouses>
2026-10-06T23:46:24.9910290Z       <Coroutine test_drift_and_ambiguous_target_are_durable_blockers>
2026-10-06T23:46:24.9910527Z       <Coroutine test_failure_before_commit_leaves_entire_original_graph>
2026-10-06T23:46:24.9910733Z       <Coroutine test_already_repaired_stock_is_not_added_again>
2026-10-06T23:46:24.9910986Z       <Coroutine test_bulk_writes_to_known_legacy_uuid_are_rejected[False-False]>
2026-10-06T23:46:24.9911245Z       <Coroutine test_bulk_writes_to_known_legacy_uuid_are_rejected[False-True]>
2026-10-06T23:46:24.9911503Z       <Coroutine test_bulk_writes_to_known_legacy_uuid_are_rejected[True-False]>
2026-10-06T23:46:24.9911755Z       <Coroutine test_bulk_writes_to_known_legacy_uuid_are_rejected[True-True]>
2026-10-06T23:46:24.9911943Z       <Coroutine test_parallel_same_run_returns_one_result>
2026-10-06T23:46:24.9912184Z       <Coroutine test_every_physical_fk_is_guarded_against_internal_insert>
2026-10-06T23:46:24.9912449Z       <Coroutine test_foreign_tenant_and_historical_unique_collision_block_repair>
2026-10-06T23:46:24.9912722Z       <Coroutine test_publication_is_scoped_and_recoverable_after_provider_failure>
2026-10-06T23:46:24.9913133Z       <Coroutine test_binding_rejects_legacy_and_defect_but_defect_service_works[wb]>
2026-10-06T23:46:24.9913421Z       <Coroutine test_binding_rejects_legacy_and_defect_but_defect_service_works[ozon]>
2026-10-06T23:46:24.9913647Z       <Coroutine test_nested_document_write_is_guarded_without_location>
2026-10-06T23:46:24.9913867Z       <Coroutine test_nested_document_drift_blocks_rollback[False]>
2026-10-06T23:46:24.9914086Z       <Coroutine test_nested_document_drift_blocks_rollback[True]>
2026-10-06T23:46:24.9914314Z       <Coroutine test_legacy_identity_cannot_be_reactivated_or_renamed>
2026-10-06T23:46:24.9914554Z       <Coroutine test_prepare_evaluates_partial_unique_print_index[False]>
2026-10-06T23:46:24.9914787Z       <Coroutine test_prepare_evaluates_partial_unique_print_index[True]>
2026-10-06T23:46:24.9915254Z       <Coroutine test_binding_rule_drift_blocks_rollback>
2026-10-06T23:46:24.9915524Z       <Coroutine test_prepare_evaluates_partial_unique_tariff_index[False]>
2026-10-06T23:46:24.9915769Z       <Coroutine test_prepare_evaluates_partial_unique_tariff_index[True]>
2026-10-06T23:46:24.9916016Z       <Coroutine test_prepare_evaluates_expression_unique_allocation_index>
2026-10-06T23:46:24.9916284Z       <Coroutine test_repair_rejects_foreign_parent_outside_source_target[seller]>
2026-10-06T23:46:24.9916687Z       <Coroutine test_repair_rejects_foreign_parent_outside_source_target[pallet]>
2026-10-06T23:46:24.9916966Z       <Coroutine test_repair_rejects_foreign_parent_outside_source_target[container]>
2026-10-06T23:46:24.9917271Z       <Coroutine test_repair_rejects_foreign_parent_outside_source_target[third_warehouse]>
2026-10-06T23:46:24.9917529Z       <Coroutine test_repair_parent_ownership_drift_between_prepare_and_apply>
2026-10-06T23:46:24.9917749Z       <Coroutine test_repair_checks_all_columns_of_composite_parent>
2026-10-06T23:46:24.9918029Z       <Coroutine test_repair_rejects_box_parent_in_third_same_tenant_warehouse[pallet]>
2026-10-06T23:46:24.9918326Z       <Coroutine test_repair_rejects_box_parent_in_third_same_tenant_warehouse[location]>
2026-10-06T23:46:24.9918647Z       <Coroutine test_repair_rejects_box_parent_in_third_same_tenant_warehouse[pallet_location]>
2026-10-06T23:46:24.9918866Z       <Coroutine test_physical_parent_scope_drift_is_blocked[apply]>
2026-10-06T23:46:24.9919100Z       <Coroutine test_physical_parent_scope_drift_is_blocked[rollback]>
2026-10-06T23:46:24.9919356Z       <Coroutine test_historical_movement_container_is_not_current_placement>
2026-10-06T23:46:24.9919685Z       <Coroutine test_reversal_ledger_container_is_historical_only_after_completion[False-staged]>
2026-10-06T23:46:24.9920035Z       <Coroutine test_reversal_ledger_container_is_historical_only_after_completion[False-written_off]>
2026-10-06T23:46:24.9920374Z       <Coroutine test_reversal_ledger_container_is_historical_only_after_completion[False-reversed]>
2026-10-06T23:46:24.9920702Z       <Coroutine test_reversal_ledger_container_is_historical_only_after_completion[True-staged]>
2026-10-06T23:46:24.9921054Z       <Coroutine test_reversal_ledger_container_is_historical_only_after_completion[True-written_off]>
2026-10-06T23:46:24.9921382Z       <Coroutine test_reversal_ledger_container_is_historical_only_after_completion[True-reversed]>
2026-10-06T23:46:24.9921602Z       <Coroutine test_container_reference_lifecycle[wb_pick-active]>
2026-10-06T23:46:24.9921834Z       <Coroutine test_container_reference_lifecycle[wb_pick-terminal]>
2026-10-06T23:46:24.9922060Z       <Coroutine test_container_reference_lifecycle[wb_pick-cancelled]>
2026-10-06T23:46:24.9922295Z       <Coroutine test_container_reference_lifecycle[wb_pick-written_off]>
2026-10-06T23:46:24.9922521Z       <Coroutine test_container_reference_lifecycle[ozon_pick-active]>
2026-10-06T23:46:24.9922754Z       <Coroutine test_container_reference_lifecycle[ozon_pick-terminal]>
2026-10-06T23:46:24.9923187Z       <Coroutine test_container_reference_lifecycle[ozon_pick-cancelled]>
2026-10-06T23:46:24.9923622Z       <Coroutine test_container_reference_lifecycle[ozon_pick-written_off]>
2026-10-06T23:46:24.9924337Z       <Coroutine test_container_reference_lifecycle[count_line-active]>
2026-10-06T23:46:24.9924717Z       <Coroutine test_container_reference_lifecycle[count_line-terminal]>
2026-10-06T23:46:24.9925511Z       <Coroutine test_container_reference_lifecycle[count_line-cancelled]>
2026-10-06T23:46:24.9925745Z       <Coroutine test_container_reference_lifecycle[count_box-active]>
2026-10-06T23:46:24.9926459Z       <Coroutine test_container_reference_lifecycle[count_box-terminal]>
2026-10-06T23:46:24.9926804Z       <Coroutine test_container_reference_lifecycle[count_box-cancelled]>
2026-10-06T23:46:24.9927033Z       <Coroutine test_container_reference_lifecycle[allocation-active]>
2026-10-06T23:46:24.9927266Z       <Coroutine test_container_reference_lifecycle[allocation-terminal]>
2026-10-06T23:46:24.9927729Z       <Coroutine test_container_reference_lifecycle[allocation-cancelled]>
2026-10-06T23:46:24.9927926Z     <Module test_wms517_backfill_order_prices.py>
2026-10-06T23:46:24.9928188Z       <Coroutine test_backfill_uses_statistics_then_orders_api_and_is_idempotent>
2026-10-06T23:46:24.9929019Z       <Coroutine test_backfill_falls_back_to_orders_api_without_statistics_access>
2026-10-06T23:46:24.9929235Z     <Module test_wms517_legacy_price_source_contract.py>
2026-10-06T23:46:24.9929808Z       <Coroutine test_valid_sale_is_not_blocked_by_missing_or_bad_legacy_snapshot[missing]>
2026-10-06T23:46:24.9930226Z       <Coroutine test_valid_sale_is_not_blocked_by_missing_or_bad_legacy_snapshot[bad_currency]>
2026-10-06T23:46:24.9930373Z     <Module test_wms517_raw_integer_price.py>
2026-10-06T23:46:24.9931242Z       <Coroutine test_raw_integer_finished_price_is_per_item_error[exception-trace-single]>
2026-10-06T23:46:24.9931628Z       <Coroutine test_raw_integer_finished_price_is_per_item_error[exception-trace-healthy-neighbor]>
2026-10-06T23:46:24.9932062Z       <Coroutine test_raw_integer_finished_price_is_per_item_error[http-status-single]>
2026-10-06T23:46:24.9932470Z       <Coroutine test_raw_integer_finished_price_is_per_item_error[http-status-healthy-neighbor]>
2026-10-06T23:46:24.9932614Z     <Module test_wms517_raw_numeric_price.py>
2026-10-06T23:46:24.9932914Z       <Coroutine test_raw_numeric_finished_price_is_per_item_error[exception-trace-single]>
2026-10-06T23:46:24.9933260Z       <Coroutine test_raw_numeric_finished_price_is_per_item_error[exception-trace-healthy-neighbor]>
2026-10-06T23:46:24.9933723Z       <Coroutine test_raw_numeric_finished_price_is_per_item_error[http-status-single]>
2026-10-06T23:46:24.9934167Z       <Coroutine test_raw_numeric_finished_price_is_per_item_error[http-status-healthy-neighbor]>
2026-10-06T23:46:24.9935227Z     <Module test_wms517_sales_contract.py>
2026-10-06T23:46:24.9935443Z       <Coroutine test_sc1_registry_uses_exact_sale_not_wb_status>
2026-10-06T23:46:24.9935624Z       <Coroutine test_sc1_forged_unsold_create_rejected>
2026-10-06T23:46:24.9935834Z       <Coroutine test_sc2_local_scope_and_exact_rid[wb_rid-None]>
2026-10-06T23:46:24.9936030Z       <Coroutine test_sc2_local_scope_and_exact_rid[wb_rid-]>
2026-10-06T23:46:24.9936255Z       <Coroutine test_sc2_local_scope_and_exact_rid[status-cancelled]>
2026-10-06T23:46:24.9936464Z       <Coroutine test_sc2_local_scope_and_exact_rid[status-defect]>
2026-10-06T23:46:24.9936706Z       <Coroutine test_sc2_local_scope_and_exact_rid[pick_status-returned]>
2026-10-06T23:46:24.9936927Z       <Coroutine test_sc2_local_scope_and_exact_rid[marketplace-ozon]>
2026-10-06T23:46:24.9937141Z       <Coroutine test_sc2_local_scope_and_exact_rid[supply_id-None]>
2026-10-06T23:46:24.9937375Z       <Coroutine test_sc2_foreign_seller_sale_does_not_authorize_same_rid>
2026-10-06T23:46:24.9937615Z       <Coroutine test_sc2_foreign_pool_code_is_excluded_even_with_exact_sale>
2026-10-06T23:46:24.9937921Z       <Coroutine test_sc3_returns_unknown_and_conflicts_are_order_independent[return-False]>
2026-10-06T23:46:24.9938347Z       <Coroutine test_sc3_returns_unknown_and_conflicts_are_order_independent[return-True]>
2026-10-06T23:46:24.9938661Z       <Coroutine test_sc3_returns_unknown_and_conflicts_are_order_independent[unknown-False]>
2026-10-06T23:46:24.9938961Z       <Coroutine test_sc3_returns_unknown_and_conflicts_are_order_independent[unknown-True]>
2026-10-06T23:46:24.9939303Z       <Coroutine test_sc3_returns_unknown_and_conflicts_are_order_independent[conflicting_sale-False]>
2026-10-06T23:46:24.9939634Z       <Coroutine test_sc3_returns_unknown_and_conflicts_are_order_independent[conflicting_sale-True]>
2026-10-06T23:46:24.9939973Z       <Coroutine test_sc3_returns_unknown_and_conflicts_are_order_independent[conflicting_rid-False]>
2026-10-06T23:46:24.9940304Z       <Coroutine test_sc3_returns_unknown_and_conflicts_are_order_independent[conflicting_rid-True]>
2026-10-06T23:46:24.9940481Z       <Coroutine test_sc3_same_sale_update_deduplicates>
2026-10-06T23:46:24.9940688Z       <Coroutine test_sc4_return_on_second_page_and_exact_cursor>
2026-10-06T23:46:24.9940928Z       <Coroutine test_sc4_stalled_cursor_is_incomplete_not_empty_success>
2026-10-06T23:46:24.9941213Z       <Coroutine test_sc5_incomplete_transport_cannot_prepare_from_legacy_snapshot[401]>
2026-10-06T23:46:24.9941498Z       <Coroutine test_sc5_incomplete_transport_cannot_prepare_from_legacy_snapshot[403]>
2026-10-06T23:46:24.9941892Z       <Coroutine test_sc5_incomplete_transport_cannot_prepare_from_legacy_snapshot[429]>
2026-10-06T23:46:24.9942198Z       <Coroutine test_sc5_incomplete_transport_cannot_prepare_from_legacy_snapshot[timeout]>
2026-10-06T23:46:24.9942499Z       <Coroutine test_sc5_incomplete_transport_cannot_prepare_from_legacy_snapshot[json]>
2026-10-06T23:46:24.9942816Z       <Coroutine test_sc5_incomplete_transport_cannot_prepare_from_legacy_snapshot[second-page]>
2026-10-06T23:46:24.9943045Z       <Coroutine test_sc6_old_missing_sale_reports_coverage_not_unsold>
2026-10-06T23:46:24.9943271Z       <Coroutine test_sc5_failed_refresh_preserves_prior_useful_attempt>
2026-10-06T23:46:24.9943571Z       <Coroutine test_sc7_return_between_view_and_document_blocks_unsigned_attempt[return]>
2026-10-06T23:46:24.9943865Z       <Coroutine test_sc7_return_between_view_and_document_blocks_unsigned_attempt[binding]>
2026-10-06T23:46:24.9944086Z       <Coroutine test_sc8_moscow_handover_filters_keep_same_sales_set>
2026-10-06T23:46:24.9944357Z       <Coroutine test_sc9_all_pages_and_maximum_selection_keep_every_unique_code[305]>
2026-10-06T23:46:24.9944637Z       <Coroutine test_sc9_all_pages_and_maximum_selection_keep_every_unique_code[10000]>
2026-10-06T23:46:24.9944857Z       <Coroutine test_sc10_invalid_finished_price_never_falls_back[0]>
2026-10-06T23:46:24.9945338Z       <Coroutine test_sc10_invalid_finished_price_never_falls_back[-1]>
2026-10-06T23:46:24.9945573Z       <Coroutine test_sc10_invalid_finished_price_never_falls_back[None]>
2026-10-06T23:46:24.9945792Z       <Coroutine test_sc10_invalid_finished_price_never_falls_back[NaN]>
2026-10-06T23:46:24.9946046Z       <Coroutine test_sc10_invalid_finished_price_never_falls_back[Infinity]>
2026-10-06T23:46:24.9946288Z       <Coroutine test_sc10_invalid_finished_price_never_falls_back[123.456]>
2026-10-06T23:46:24.9946519Z       <Coroutine test_sc10_invalid_finished_price_never_falls_back[True]>
2026-10-06T23:46:24.9946795Z       <Coroutine test_sc10_invalid_finished_price_never_falls_back[1000000000000000.00]>
2026-10-06T23:46:24.9947103Z       <Coroutine test_sc10_exact_cost_and_immutable_source_survive_later_wb_change[123.45_0]>
2026-10-06T23:46:24.9947400Z       <Coroutine test_sc10_exact_cost_and_immutable_source_survive_later_wb_change[123.45_1]>
2026-10-06T23:46:24.9947603Z       <Coroutine test_sc11_certificate_hash_binding_and_reload>
2026-10-06T23:46:24.9947845Z       <Coroutine test_sc11_expired_certificate_and_cancel_never_start_auth>
2026-10-06T23:46:24.9948167Z       <Coroutine test_sc12_submitted_reauth_recovery_ignores_later_return_without_new_post[False]>
2026-10-06T23:46:24.9948620Z       <Coroutine test_sc12_submitted_reauth_recovery_ignores_later_return_without_new_post[True]>
2026-10-06T23:46:24.9948829Z       <Coroutine test_sc12_terminal_retry_rechecks_sale_and_return>
2026-10-06T23:46:24.9949099Z       <Coroutine test_sc1_api_registry_products_and_forged_create_share_sale_scope>
2026-10-06T23:46:24.9949303Z     <Module test_wms517_sales_partial_decimal_regressions.py>
2026-10-06T23:46:24.9949607Z       <Coroutine test_mixed_return_after_create_preserves_selection_and_builds_only_healthy>
2026-10-06T23:46:24.9949887Z       <Coroutine test_old_missing_history_does_not_block_selected_current_sale[create]>
2026-10-06T23:46:24.9950158Z       <Coroutine test_old_missing_history_does_not_block_selected_current_sale[retry]>
2026-10-06T23:46:24.9950427Z       <Coroutine test_old_missing_history_does_not_block_selected_current_sale[build]>
2026-10-06T23:46:24.9950838Z       <Coroutine test_extreme_finished_price_is_per_item_error_and_healthy_continues[1.0000000000000000000000000000000001]>
2026-10-06T23:46:24.9951195Z       <Coroutine test_extreme_finished_price_is_per_item_error_and_healthy_continues[1e999999999999999999]>
2026-10-06T23:46:24.9951488Z       <Coroutine test_extreme_finished_price_is_per_item_error_and_healthy_continues[NaN]>
2026-10-06T23:46:24.9951786Z       <Coroutine test_extreme_finished_price_is_per_item_error_and_healthy_continues[sNaN]>
2026-10-06T23:46:24.9952222Z       <Coroutine test_extreme_finished_price_is_per_item_error_and_healthy_continues[Infinity]>
2026-10-06T23:46:24.9952532Z       <Coroutine test_extreme_finished_price_is_per_item_error_and_healthy_continues[-Infinity]>
2026-10-06T23:46:24.9952817Z       <Coroutine test_extreme_finished_price_is_per_item_error_and_healthy_continues[0]>
2026-10-06T23:46:24.9953116Z       <Coroutine test_extreme_finished_price_is_per_item_error_and_healthy_continues[-0.01]>
2026-10-06T23:46:24.9953464Z       <Coroutine test_extreme_finished_price_is_per_item_error_and_healthy_continues[1000000000000000.00]>
2026-10-06T23:46:24.9953686Z       <Coroutine test_exact_valid_finished_price_boundaries[0.01-1]>
2026-10-06T23:46:24.9953991Z       <Coroutine test_exact_valid_finished_price_boundaries[999999999999999.99-99999999999999999]>
2026-10-06T23:46:24.9954318Z       <Coroutine test_exact_valid_finished_price_boundaries[1.0000000000000000000000000000000000-100]>
2026-10-06T23:46:24.9954632Z       <Coroutine test_api_extreme_price_returns_item_error_without_http_500[1e999999999999999999]>
2026-10-06T23:46:24.9954907Z       <Coroutine test_api_extreme_price_returns_item_error_without_http_500[sNaN]>
2026-10-06T23:46:24.9955323Z     <Module test_wms517_sales_regressions.py>
2026-10-06T23:46:24.9955577Z       <Coroutine test_shared_redis_limits_two_public_callers_and_retry_after>
2026-10-06T23:46:24.9955879Z       <Coroutine test_complete_cache_serves_products_but_failed_fresh_create_preserves_cache>
2026-10-06T23:46:24.9956132Z       <Coroutine test_cursor_seventh_fraction_digit_and_latest_saved_source>
2026-10-06T23:46:24.9956382Z       <Coroutine test_failed_fresh_build_keeps_prior_attempt_exact_document>
2026-10-06T23:46:24.9956651Z       <Coroutine test_new_request_resumes_saved_claim_without_fresh_sales[created]>
2026-10-06T23:46:24.9956932Z       <Coroutine test_new_request_resumes_saved_claim_without_fresh_sales[reconciling]>
2026-10-06T23:46:24.9957082Z     <Module test_wms517_sales_waiting_rate.py>
2026-10-06T23:46:24.9957338Z       <Coroutine test_waiting_reader_rechecks_shared_retry_after_before_http>
2026-10-06T23:46:24.9957485Z     <Module test_wms518_kiz_pool_return.py>
2026-10-06T23:46:24.9957803Z       <Coroutine test_cancel_returns_same_code_with_printed_history_and_replay[False-reserved]>
2026-10-06T23:46:24.9958144Z       <Coroutine test_cancel_returns_same_code_with_printed_history_and_replay[False-printed]>
2026-10-06T23:46:24.9958461Z       <Coroutine test_cancel_returns_same_code_with_printed_history_and_replay[False-applied]>
2026-10-06T23:46:24.9958758Z       <Coroutine test_cancel_returns_same_code_with_printed_history_and_replay[True-reserved]>
2026-10-06T23:46:24.9959234Z       <Coroutine test_cancel_returns_same_code_with_printed_history_and_replay[True-printed]>
2026-10-06T23:46:24.9959543Z       <Coroutine test_cancel_returns_same_code_with_printed_history_and_replay[True-applied]>
2026-10-06T23:46:24.9959837Z       <Coroutine test_cancel_never_releases_external_or_terminal_code[external-reserved]>
2026-10-06T23:46:24.9960145Z       <Coroutine test_cancel_never_releases_external_or_terminal_code[external_fbs-printed]>
2026-10-06T23:46:24.9960440Z       <Coroutine test_cancel_never_releases_external_or_terminal_code[external_fbs-applied]>
2026-10-06T23:46:24.9960725Z       <Coroutine test_cancel_never_releases_external_or_terminal_code[pool-introduced]>
2026-10-06T23:46:24.9961006Z       <Coroutine test_cancel_never_releases_external_or_terminal_code[pool-shipped]>
2026-10-06T23:46:24.9961295Z       <Coroutine test_cancel_never_releases_external_or_terminal_code[pool-transferred]>
2026-10-06T23:46:24.9961574Z       <Coroutine test_cancel_never_releases_external_or_terminal_code[pool-defective]>
2026-10-06T23:46:24.9961856Z       <Coroutine test_cancel_never_releases_external_or_terminal_code[pool-replaced]>
2026-10-06T23:46:24.9962115Z       <Coroutine test_cancel_never_releases_external_or_terminal_code[pool-void]>
2026-10-06T23:46:24.9962433Z       <Coroutine test_cancel_never_releases_external_or_terminal_code[pool-unknown_terminal]>
2026-10-06T23:46:24.9962782Z       <Coroutine test_failed_cancel_is_atomic_and_can_be_retried[wb]>
2026-10-06T23:46:24.9963014Z       <Coroutine test_failed_cancel_is_atomic_and_can_be_retried[local]>
2026-10-06T23:46:24.9963276Z       <Coroutine test_postgres_cancel_serializes_replay_and_new_claim[cancel]>
2026-10-06T23:46:24.9963519Z       <Coroutine test_postgres_cancel_serializes_replay_and_new_claim[claim]>
2026-10-06T23:46:24.9963662Z     <Module test_wms530_single_stock.py>
2026-10-06T23:46:24.9963897Z       <Coroutine test_c1_balance_spread_across_places_matches_everywhere>
2026-10-06T23:46:24.9964136Z       <Coroutine test_c2_reserve_composition_lifecycle_matches_everywhere>
2026-10-06T23:46:24.9964339Z       <Coroutine test_r15_retry_import_does_not_double_reserve>
2026-10-06T23:46:24.9964570Z       <Coroutine test_r15_concurrent_reservations_last_unit_only_one_wins>
2026-10-06T23:46:24.9964801Z       <Coroutine test_f1_new_line_in_confirmed_mp_unload_gets_reserved>
2026-10-06T23:46:24.9965189Z       <Coroutine test_f2_rule_view_shows_negative_available_not_clamped>
2026-10-06T23:46:24.9965432Z       <Coroutine test_f3_worklist_availability_is_per_order_not_per_list>
2026-10-06T23:46:24.9965653Z       <Coroutine test_f4a_count_without_address_storage_includes_defect>
2026-10-06T23:46:24.9965901Z       <Coroutine test_f4b_count_without_address_storage_spans_two_warehouses>
2026-10-06T23:46:24.9966117Z       <Coroutine test_r15_fbs_races_mp_unload_add_line_to_confirmed>
2026-10-06T23:46:24.9966390Z       <Coroutine test_orphan_reserved_product_shows_in_summary_without_balance_row>
2026-10-06T23:46:24.9966545Z     <Module test_wms533_client_movements.py>
2026-10-06T23:46:24.9966755Z       <Coroutine test_client_report_units_filters_cursor_and_excel>
2026-10-06T23:46:24.9966974Z       <Coroutine test_client_report_fbo_document_lifecycle_and_excel>
2026-10-06T23:46:24.9967201Z       <Coroutine test_client_report_return_type_marketplace_and_excel>
2026-10-06T23:46:24.9967412Z       <Coroutine test_client_report_full_page_boundary_and_scope>
2026-10-06T23:46:24.9967556Z     <Module test_wms533_client_openapi.py>
2026-10-06T23:46:24.9967733Z       <Coroutine test_client_swagger_routes_and_schema[]>
2026-10-06T23:46:24.9967929Z       <Coroutine test_client_swagger_routes_and_schema[/api]>
2026-10-06T23:46:24.9968134Z       <Coroutine test_production_has_only_client_documentation>
2026-10-06T23:46:24.9968323Z     <Module test_wms534_ff_intake_container_correction.py>
2026-10-06T23:46:24.9968575Z       <Coroutine test_c1_c4_two_scans_then_correct_to_one_reaches_stock[boxes]>
2026-10-06T23:46:24.9968974Z       <Coroutine test_c1_c4_two_scans_then_correct_to_one_reaches_stock[cargo-places]>
2026-10-06T23:46:24.9969188Z       <Coroutine test_c2_loose_then_scan_into_box_draws_down_first>
2026-10-06T23:46:24.9969441Z       <Coroutine test_c3_c4_reduce_to_zero_keeps_loose_and_drops_the_row[boxes]>
2026-10-06T23:46:24.9969716Z       <Coroutine test_c3_c4_reduce_to_zero_keeps_loose_and_drops_the_row[cargo-places]>
2026-10-06T23:46:24.9969890Z       <Coroutine test_c5_edit_after_reopen_receiving>
2026-10-06T23:46:24.9970087Z       <Coroutine test_c7_excel_box_import_shares_the_same_rule>
2026-10-06T23:46:24.9970292Z       <Coroutine test_c8_duplicate_request_does_not_double_deduct>
2026-10-06T23:46:24.9970546Z       <Coroutine test_c9_concurrent_box_quantity_corrections_apply_exactly_one>
2026-10-06T23:46:24.9970787Z       <Coroutine test_c9_concurrent_scan_and_correction_settle_on_one_order>
2026-10-06T23:46:24.9970981Z       <Coroutine test_c10_seller_created_receiving_unaffected>
2026-10-06T23:46:24.9971157Z       <Coroutine test_c10_return_receiving_unaffected>
2026-10-06T23:46:24.9971354Z       <Coroutine test_c11_move_between_boxes_with_loose_present>
2026-10-06T23:46:24.9971530Z       <Coroutine test_c12_wms440_r12_scenario_still_works>
2026-10-06T23:46:24.9971766Z       <Coroutine test_rest01_p23_clear_box_ff_draft_drops_units_not_loose>
2026-10-06T23:46:24.9971897Z     <Module test_wms535_cli.py>
2026-10-06T23:46:24.9972202Z       <Coroutine test_backfill_retries_429_and_temporary_5xx>
2026-10-06T23:46:24.9972499Z       <Coroutine test_backfill_resumes_from_explicit_cursor_and_reports_unexpected_error>
2026-10-06T23:46:24.9972766Z       <Coroutine test_backfill_page_is_dry_run_by_default_and_apply_is_idempotent>
2026-10-06T23:46:24.9973022Z       <Coroutine test_duplicate_merge_discovers_and_moves_product_foreign_keys>
2026-10-06T23:46:24.9973293Z       <Coroutine test_duplicate_merge_dry_run_reports_same_unique_conflict_as_apply>
2026-10-06T23:46:24.9973443Z     <Module test_wms535_product_barcodes.py>
2026-10-06T23:46:24.9973658Z       <Coroutine test_import_keeps_all_barcodes_on_one_chrt_product>
2026-10-06T23:46:24.9973917Z       <Coroutine test_import_skips_missing_chrt_and_rolls_back_barcode_conflict>
2026-10-06T23:46:24.9974214Z       <Coroutine test_import_preserves_existing_identity_and_fills_empty_primary_barcode>
2026-10-06T23:46:24.9974465Z       <Coroutine test_new_size_primary_barcode_conflict_reports_both_chrt_ids>
2026-10-06T23:46:24.9974745Z       <Coroutine test_manual_relink_replaces_primary_and_releases_wrong_card_barcodes>
2026-10-06T23:46:24.9975098Z       <Coroutine test_catalog_page_search_does_not_mix_sibling_size_skus>
2026-10-06T23:46:24.9975261Z     <Module test_wms537_draft_supply_stickers.py>
2026-10-06T23:46:24.9975534Z       <Coroutine test_prefetch_is_identical_across_editable_supply_statuses[draft]>
2026-10-06T23:46:24.9975818Z       <Coroutine test_prefetch_is_identical_across_editable_supply_statuses[assembling]>
2026-10-06T23:46:24.9976094Z       <Coroutine test_prefetch_is_identical_across_editable_supply_statuses[packed]>
2026-10-06T23:46:24.9976355Z       <Coroutine test_draft_with_retained_packaging_task_prefetches_added_order>
2026-10-06T23:46:24.9976699Z       <Coroutine test_draft_sticker_failure_does_not_break_the_add_and_recovers_later[transport_error]>
2026-10-06T23:46:24.9977012Z       <Coroutine test_draft_sticker_failure_does_not_break_the_add_and_recovers_later[missing]>
2026-10-06T23:46:24.9977340Z       <Coroutine test_draft_sticker_failure_does_not_break_the_add_and_recovers_later[asset_error]>
2026-10-06T23:46:24.9977671Z       <Coroutine test_draft_sticker_failure_does_not_break_the_add_and_recovers_later[storage_write]>
2026-10-06T23:46:24.9977939Z       <Coroutine test_draft_partial_confirmation_requests_only_the_accepted_order>
2026-10-06T23:46:24.9978222Z       <Coroutine test_repeat_add_then_start_work_then_more_orders_only_request_missing>
2026-10-06T23:46:24.9978448Z       <Coroutine test_concurrent_add_of_the_same_order_to_a_draft_supply>
2026-10-06T23:46:24.9978820Z       <Coroutine test_cancelled_order_cannot_be_added_to_a_draft_supply>
2026-10-06T23:46:24.9979128Z       <Coroutine test_cancelled_order_already_in_draft_is_not_requested_when_adding_another>
2026-10-06T23:46:24.9979410Z       <Coroutine test_ozon_draft_add_is_rejected_before_any_marketplace_or_sticker_call>
2026-10-06T23:46:24.9979562Z     <Module test_wms538_ff_catalog_batch.py>
2026-10-06T23:46:24.9979837Z       <Function test_chunked_splits_into_fixed_size_batches_with_trailing_remainder>
2026-10-06T23:46:24.9980092Z       <Coroutine test_ff_catalog_batched_card_lookup_matches_single_query_wms538>
2026-10-06T23:46:24.9980340Z       <Coroutine test_ff_catalog_rejects_huge_unscoped_tenant_with_413_wms538>
2026-10-06T23:46:24.9980516Z     <Module test_wms542_inventory_scan_concurrency.py>
2026-10-06T23:46:24.9980774Z       <Coroutine test_two_concurrent_scans_of_the_same_expected_line_both_count>
2026-10-06T23:46:24.9980920Z     <Module test_wms546_marking_verdicts.py>
2026-10-06T23:46:24.9981130Z       <Coroutine test_c1_selection_matrix_active_supply_open_code>
2026-10-06T23:46:24.9981403Z       <Coroutine test_c2_avpack_like_draft_confirms_pending_confirmation_operations>
2026-10-06T23:46:24.9981624Z       <Coroutine test_c3_empty_unknown_readback_repeats_then_resolves>
2026-10-06T23:46:24.9981909Z       <Coroutine test_p2_required_empty_with_open_operation_stays_unknown_then_resolves>
2026-10-06T23:46:24.9982274Z       <Coroutine test_p2_required_empty_without_open_operation_still_missing>
2026-10-06T23:46:24.9982537Z       <Coroutine test_c4_wb_omits_unknown_order_from_batch_then_next_cycle_applies>
2026-10-06T23:46:24.9982819Z       <Coroutine test_c5_background_cycle_is_read_only_across_wb_answers[exact_success]>
2026-10-06T23:46:24.9983083Z       <Coroutine test_c5_background_cycle_is_read_only_across_wb_answers[pending]>
2026-10-06T23:46:24.9983380Z       <Coroutine test_c5_background_cycle_is_read_only_across_wb_answers[exact_rejection]>
2026-10-06T23:46:24.9983655Z       <Coroutine test_c5_background_cycle_is_read_only_across_wb_answers[other_value]>
2026-10-06T23:46:24.9983925Z       <Coroutine test_c5_background_cycle_is_read_only_across_wb_answers[empty_value]>
2026-10-06T23:46:24.9984189Z       <Coroutine test_c5_background_cycle_is_read_only_across_wb_answers[missing_row]>
2026-10-06T23:46:24.9984492Z       <Coroutine test_c5_background_cycle_error_leaves_no_false_success[upstream_error-429]>
2026-10-06T23:46:24.9984797Z       <Coroutine test_c5_background_cycle_error_leaves_no_false_success[upstream_error-503]>
2026-10-06T23:46:24.9985369Z       <Coroutine test_c5_background_cycle_error_leaves_no_false_success[network_error-None]>
2026-10-06T23:46:24.9985603Z       <Coroutine test_c6_two_batches_no_partial_write_via_minute_cycle>
2026-10-06T23:46:24.9985815Z       <Coroutine test_c9_seller_isolation_with_draft_unknown_orders>
2026-10-06T23:46:24.9986086Z       <Coroutine test_c9_persistent_429_backoff_stops_further_draft_unknown_polling>
2026-10-06T23:46:24.9986314Z       <Coroutine test_c10_long_unknown_wait_limited_to_active_supply>
2026-10-06T23:46:24.9986603Z       <Coroutine test_c8_fresher_button_verdict_wins_over_slow_minute_cycle_draft_unknown>
2026-10-06T23:46:24.9986881Z       <Coroutine test_c7_postgresql_cycle_lock_skips_overlap_with_draft_unknown_seller>
2026-10-06T23:46:24.9987037Z     <Module test_wms548_add_to_fulfillment.py>
2026-10-06T23:46:24.9987303Z       <Coroutine test_add_to_fulfillment_creates_products_only_for_requested_cards>
2026-10-06T23:46:24.9987597Z       <Coroutine test_add_to_fulfillment_repeat_and_concurrent_requests_do_not_duplicate>
2026-10-06T23:46:24.9987839Z       <Coroutine test_add_to_fulfillment_skips_unaddable_cards_with_reasons>
2026-10-06T23:46:24.9988112Z       <Coroutine test_add_to_fulfillment_barcode_conflict_leaves_other_card_untouched>
2026-10-06T23:46:24.9988363Z       <Coroutine test_add_to_fulfillment_adopts_a_manual_product_without_nm_id>
2026-10-06T23:46:24.9988554Z       <Coroutine test_add_to_fulfillment_rejects_over_500_ids>
2026-10-06T23:46:24.9988974Z       <Coroutine test_add_to_fulfillment_requires_seller_role_with_products_permission>
2026-10-06T23:46:24.9989266Z       <Coroutine test_add_to_fulfillment_accepts_ozon_ids_field_and_reports_unknown_ones>
2026-10-06T23:46:24.9989587Z       <Coroutine test_f1_concurrent_different_nm_ids_sharing_a_vendor_code_do_not_steal_identity>
2026-10-06T23:46:24.9989848Z       <Coroutine test_f3_one_failing_wb_card_does_not_crash_the_rest_of_the_batch>
2026-10-06T23:46:24.9989994Z     <Module test_wms548_ozon_selection.py>
2026-10-06T23:46:24.9990249Z       <Coroutine test_ozon_snapshot_is_visible_but_not_on_fulfillment_until_added>
2026-10-06T23:46:24.9990514Z       <Coroutine test_add_to_fulfillment_creates_a_product_and_repeat_is_idempotent>
2026-10-06T23:46:24.9990764Z       <Coroutine test_add_to_fulfillment_concurrent_requests_do_not_duplicate>
2026-10-06T23:46:24.9990941Z       <Coroutine test_add_to_fulfillment_ozon_isolation>
2026-10-06T23:46:24.9991255Z       <Coroutine test_r13_adding_ozon_card_links_to_existing_wb_product_instead_of_duplicating>
2026-10-06T23:46:24.9991492Z       <Coroutine test_r13_adding_wb_card_auto_links_a_preexisting_ozon_twin>
2026-10-06T23:46:24.9991766Z       <Coroutine test_f2_ozon_cards_sharing_an_offer_id_do_not_steal_each_others_link>
2026-10-06T23:46:24.9992028Z       <Coroutine test_f3_one_failing_ozon_card_does_not_crash_the_rest_of_the_batch>
2026-10-06T23:46:24.9992387Z       <Coroutine test_f5_wb_twin_backfill_reads_only_matching_ozon_candidates>
2026-10-06T23:46:24.9992648Z       <Coroutine test_f6_added_ozon_product_is_still_findable_by_its_own_barcode>
2026-10-06T23:46:24.9992801Z     <Module test_wms548_seller_catalog_page.py>
2026-10-06T23:46:24.9993053Z       <Coroutine test_seller_catalog_page_unions_products_and_not_on_ff_cards>
2026-10-06T23:46:24.9993303Z       <Coroutine test_seller_catalog_page_pagination_has_no_gap_or_duplicate>
2026-10-06T23:46:24.9993587Z       <Coroutine test_seller_catalog_page_requires_seller_role_and_products_permission>
2026-10-06T23:46:24.9993892Z       <Coroutine test_seller_catalog_page_ignores_forged_seller_id_without_shop_management>
2026-10-06T23:46:24.9994045Z     <Module test_wms548_wb_sync_selection.py>
2026-10-06T23:46:24.9994327Z       <Coroutine test_self_content_token_save_records_snapshot_without_creating_products>
2026-10-06T23:46:24.9994626Z       <Coroutine test_sync_updates_only_selected_card_adds_new_size_leaves_others_untouched>
2026-10-06T23:46:24.9994878Z       <Coroutine test_hourly_sync_selection_is_isolated_per_seller_and_tenant>
2026-10-06T23:46:24.9995382Z       <Coroutine test_hourly_sync_fully_selected_seller_matches_pre_wms548_result>
2026-10-06T23:46:24.9995540Z     <Module test_wms549_invoice_pagination.py>
2026-10-06T23:46:24.9995794Z       <Coroutine test_distinct_issued_at_pagination_does_not_lose_older_invoices>
2026-10-06T23:46:24.9996059Z       <Coroutine test_ff_distinct_issued_at_pagination_does_not_lose_older_invoices>
2026-10-06T23:46:24.9996291Z       <Coroutine test_large_group_of_identical_v2_dates_is_not_truncated>
2026-10-06T23:46:24.9996555Z       <Coroutine test_legacy_and_v2_sharing_the_exact_same_date_are_not_truncated>
2026-10-06T23:46:24.9996851Z       <Coroutine test_small_groups_of_identical_dates_on_page_boundaries_are_not_truncated>
2026-10-06T23:46:24.9997000Z     <Module test_wms549_seller_billing_api.py>
2026-10-06T23:46:24.9997266Z       <Coroutine test_only_owner_and_staff_with_documents_permission_see_own_seller>
2026-10-06T23:46:24.9997495Z       <Coroutine test_details_and_storage_total_see_only_own_operations>
2026-10-06T23:46:24.9997686Z       <Coroutine test_seller_id_query_parameter_is_ignored>
2026-10-06T23:46:24.9997915Z       <Coroutine test_cross_seller_and_cross_tenant_invoice_by_id_is_404>
2026-10-06T23:46:24.9998129Z       <Coroutine test_cursor_issued_for_another_seller_is_rejected>
2026-10-06T23:46:24.9998379Z       <Coroutine test_invoice_list_cursor_issued_for_another_seller_is_rejected>
2026-10-06T23:46:24.9998587Z       <Coroutine test_ff_billing_routes_still_reject_seller_role>
2026-10-06T23:46:24.9998948Z       <Coroutine test_manager_with_multiple_shops_sees_only_active_shop>
2026-10-06T23:46:24.9999210Z       <Coroutine test_user_without_shop_management_ignores_foreign_seller_claim>
2026-10-06T23:46:24.9999496Z       <Coroutine test_foreign_tenant_owner_is_isolated_and_forged_tenant_claim_rejected>
2026-10-06T23:46:24.9999751Z       <Coroutine test_every_seller_billing_route_enforces_the_common_scope_check>
2026-10-06T23:46:24.9999890Z     <Module test_wms549_seller_rates.py>
2026-10-06T23:46:25.0000137Z       <Coroutine test_seller_one_sees_own_priority_rate_and_own_product_only>
2026-10-06T23:46:25.0000379Z       <Coroutine test_seller_two_falls_back_to_general_rate_and_own_product>
2026-10-06T23:46:25.0000615Z       <Coroutine test_foreign_tenant_seller_sees_only_its_own_tenant_rate>
2026-10-06T23:46:25.0000822Z       <Coroutine test_rates_route_enforces_the_common_scope_check>
2026-10-06T23:46:25.0001044Z       <Coroutine test_rate_shown_matches_live_charge_for_both_sellers>
2026-10-06T23:46:25.0001281Z       <Coroutine test_valid_from_at_is_returned_with_explicit_utc_offset>
2026-10-06T23:46:25.0001419Z     <Module test_wms550_sorting_scan.py>
2026-10-06T23:46:25.0001607Z       <Coroutine test_box_unit_scan_repeat_and_completion>
2026-10-06T23:46:25.0001819Z       <Coroutine test_scan_loose_into_selected_container_and_retry>
2026-10-06T23:46:25.0002104Z       <Coroutine test_multiple_sources_are_not_guessed>
2026-10-06T23:46:25.0002330Z       <Coroutine test_wrong_document_barcode_and_tenant_cannot_consume>
2026-10-06T23:46:25.0002533Z       <Coroutine test_two_scanners_cannot_spend_last_unit_twice>
2026-10-06T23:46:25.0002762Z       <Coroutine test_saved_variant_alternative_and_primary_share_stock>
2026-10-06T23:46:25.0003068Z       <Coroutine test_wms578_extra_wb_barcode_from_product_barcodes_sorts_case_insensitively>
2026-10-06T23:46:25.0003240Z       <Coroutine test_wms578_wms_article_sku_code_sorts>
2026-10-06T23:46:25.0003468Z       <Coroutine test_wms578_ozon_only_product_sorts_by_ozon_barcode>
2026-10-06T23:46:25.0003726Z       <Coroutine test_wms578_primary_wb_barcode_still_sorts_case_insensitively>
2026-10-06T23:46:25.0003963Z       <Coroutine test_wms578_ambiguous_shared_barcode_across_two_products>
2026-10-06T23:46:25.0004114Z     <Module test_wms560_tape_pending_kiz.py>
2026-10-06T23:46:25.0004431Z       <Coroutine test_accepted_write_without_echo_stays_in_tape_and_confirms_later[empty_value]>
2026-10-06T23:46:25.0004744Z       <Coroutine test_accepted_write_without_echo_stays_in_tape_and_confirms_later[absent_row]>
2026-10-06T23:46:25.0005109Z       <Coroutine test_lost_wb_answer_keeps_only_that_order_out_of_tape>
2026-10-06T23:46:25.0005322Z       <Coroutine test_wb_rejection_still_keeps_order_out_of_tape>
2026-10-06T23:46:25.0005489Z     <Module test_wms576_defect_inventory_count.py>
2026-10-06T23:46:25.0005739Z       <Coroutine test_wms576_scenario1_whole_product_count_of_pure_defect_stock>
2026-10-06T23:46:25.0005973Z       <Coroutine test_wms576_scenario2_save_actuals_recounts_defect_line>
2026-10-06T23:46:25.0006165Z       <Coroutine test_wms576_post_count_posts_defect_recount>
2026-10-06T23:46:25.0006389Z       <Coroutine test_wms576_scan_recounts_pure_defect_stock_and_posts>
2026-10-06T23:46:25.0006611Z       <Coroutine test_wms576_record_found_new_line_on_pure_defect_stock>
2026-10-06T23:46:25.0006784Z       <Coroutine test_wms576_cancel_pure_defect_count>
2026-10-06T23:46:25.0007009Z       <Coroutine test_wms576_guard_still_blocks_unpermitted_defect_write>
2026-10-06T23:46:25.0007158Z     <Module test_wms579_kiz_unknown_result.py>
2026-10-06T23:46:25.0007462Z       <Coroutine test_retry_after_lost_write_and_still_absent_wb_row_must_not_print[absent]>
2026-10-06T23:46:25.0007785Z       <Coroutine test_retry_after_lost_write_and_still_absent_wb_row_must_not_print[different_kiz]>
2026-10-06T23:46:25.0008030Z       <Coroutine test_successful_put_with_rejected_readback_must_not_print>
2026-10-06T23:46:25.0008449Z       <Coroutine test_replacement_ack_without_echo_keeps_new_binding_for_reconciliation>
2026-10-06T23:46:25.0008795Z       <Coroutine test_retry_after_lost_write_prints_when_wb_answers_for_this_code[empty_after_resend]>
2026-10-06T23:46:25.0009113Z       <Coroutine test_retry_after_lost_write_prints_when_wb_answers_for_this_code[exact_pending]>
2026-10-06T23:46:25.0009390Z       <Coroutine test_first_print_readback_failure_after_accepted_put_is_not_printed>
2026-10-06T23:46:25.0009686Z       <Coroutine test_first_print_with_replacement_readback_is_an_order_error[other_code]>
2026-10-06T23:46:25.0010064Z       <Coroutine test_first_print_with_replacement_readback_is_an_order_error[replacement_asked_for_this_code]>
2026-10-06T23:46:25.0010335Z       <Coroutine test_rejected_readback_keeps_wb_verdict_and_reason_for_the_operator>
2026-10-06T23:46:25.0010571Z       <Coroutine test_exact_reprint_is_not_blocked_by_a_rejected_readback>
2026-10-06T23:46:25.0010864Z       <Coroutine test_replacement_unknown_result_is_reconciled_to_the_new_code[optional]>
2026-10-06T23:46:25.0011167Z       <Coroutine test_replacement_unknown_result_is_reconciled_to_the_new_code[read_error]>
2026-10-06T23:46:25.0011314Z     <Module test_wms581_supply_transfer.py>
2026-10-06T23:46:25.0011575Z       <Coroutine test_c1_targets_are_open_compatible_supplies_in_any_working_state>
2026-10-06T23:46:25.0011860Z       <Coroutine test_c2_transfer_into_supply_in_work_keeps_kiz_sticker_pick_and_packing>
2026-10-06T23:46:25.0012187Z       <Coroutine test_c3_new_supply_gets_typed_name_or_short_number>
2026-10-06T23:46:25.0012436Z       <Coroutine test_c5_lost_create_with_typed_name_recovers_only_our_supply>
2026-10-06T23:46:25.0012733Z       <Coroutine test_c5_ambiguous_or_foreign_same_name_stays_unknown_without_second_create>
2026-10-06T23:46:25.0012991Z       <Coroutine test_lost_create_must_not_adopt_a_single_recent_foreign_supply>
2026-10-06T23:46:25.0013202Z       <Coroutine test_fulfilled_order_round_trip_does_not_grow_plan>
2026-10-06T23:46:25.0013426Z       <Coroutine test_c5_same_name_supply_from_snapshot_is_never_ours>
2026-10-06T23:46:25.0013581Z       <Coroutine test_c5_no_snapshot_no_create>
2026-10-06T23:46:25.0013807Z       <Coroutine test_c2_pack_all_in_target_after_packed_order_arrives>
2026-10-06T23:46:25.0014047Z       <Coroutine test_c2_started_draft_does_not_plan_order_packed_elsewhere>
2026-10-06T23:46:25.0014198Z     <Module test_wms588_fbs_assembly_tasks.py>
2026-10-06T23:46:25.0014382Z       <Coroutine test_create_detail_and_idempotent_replay>
2026-10-06T23:46:25.0014561Z       <Coroutine test_supply_cannot_be_added_to_two_tasks>
2026-10-06T23:46:25.0014774Z       <Coroutine test_list_contains_task_while_any_supply_is_active>
2026-10-06T23:46:25.0015154Z       <Coroutine test_tenant_boundary_for_create_list_and_detail>
2026-10-06T23:46:25.0015375Z       <Coroutine test_effective_seller_scope_matches_supply_worklist>
2026-10-06T23:46:25.0015537Z     <Module test_wms615_catalog_job_recovery.py>
2026-10-06T23:46:25.0015781Z       <Coroutine test_stale_running_catalog_job_is_failed_and_requeued_once>
2026-10-06T23:46:25.0016030Z       <Coroutine test_duplicate_worker_delivery_claims_fresh_job_only_once>
2026-10-06T23:46:25.0016313Z       <Coroutine test_expired_worker_cannot_overwrite_replacement_snapshot_or_product>
2026-10-06T23:46:25.0016601Z       <Coroutine test_wb_key_change_replaces_running_generation_and_discards_old_response>
2026-10-06T23:46:25.0016929Z       <Coroutine test_credentials_removed_before_run_terminalize_and_allow_restart[wildberries]>
2026-10-06T23:46:25.0017219Z       <Coroutine test_credentials_removed_before_run_terminalize_and_allow_restart[ozon]>
2026-10-06T23:46:25.0017587Z       <Coroutine test_provider_rejection_after_generation_change_terminalizes_without_writes[wildberries]>
2026-10-06T23:46:25.0017919Z       <Coroutine test_provider_rejection_after_generation_change_terminalizes_without_writes[ozon]>
2026-10-06T23:46:25.0018194Z       <Coroutine test_wb_supplies_only_change_does_not_invalidate_catalog_generation>
2026-10-06T23:46:25.0018615Z       <Coroutine test_ozon_disconnect_terminalizes_running_job_and_allows_immediate_restart>
2026-10-06T23:46:25.0019047Z       <Coroutine test_ozon_replacement_fences_old_snapshot_and_link_updates[credentials-catalog_job_credentials_changed]>
2026-10-06T23:46:25.0019419Z       <Coroutine test_ozon_replacement_fences_old_snapshot_and_link_updates[lease-catalog_job_lease_expired]>
2026-10-06T23:46:25.0019701Z       <Coroutine test_parallel_legacy_and_seller_wb_entrypoints_share_one_active_job>
2026-10-06T23:46:25.0019837Z     <Module test_wms616_seller_fbs.py>
2026-10-06T23:46:25.0020113Z       <Coroutine test_seller_fbs_lists_all_groups_quantities_filters_and_stable_pages>
2026-10-06T23:46:25.0020363Z       <Coroutine test_seller_fbs_is_tenant_seller_scoped_and_requires_documents>
2026-10-06T23:46:25.0020607Z       <Coroutine test_seller_fbs_batches_ozon_quantities_without_n_plus_one>
2026-10-06T23:46:25.0020826Z       <Function test_seller_fbs_uses_master_marketplace_status_sets>
2026-10-06T23:46:25.0021001Z     <Module test_wms622_packaging_marking_resync.py>
2026-10-06T23:46:25.0021236Z       <Coroutine test_resync_keeps_unpicked_marked_line[printed-picks]>
2026-10-06T23:46:25.0021459Z       <Coroutine test_resync_keeps_unpicked_marked_line[printed-plan]>
2026-10-06T23:46:25.0021695Z       <Coroutine test_resync_keeps_unpicked_marked_line[external-picks]>
2026-10-06T23:46:25.0022035Z       <Coroutine test_resync_keeps_unpicked_marked_line[external-plan]>
2026-10-06T23:46:25.0022262Z       <Coroutine test_resync_keeps_unpicked_marked_line[packed-picks]>
2026-10-06T23:46:25.0022485Z       <Coroutine test_resync_keeps_unpicked_marked_line[packed-plan]>
2026-10-06T23:46:25.0022714Z       <Coroutine test_resync_keeps_unpicked_marked_line[confirmed-picks]>
2026-10-06T23:46:25.0022944Z       <Coroutine test_resync_keeps_unpicked_marked_line[confirmed-plan]>
2026-10-06T23:46:25.0023159Z       <Coroutine test_resync_keeps_unpicked_marked_line[none-picks]>
2026-10-06T23:46:25.0023377Z       <Coroutine test_resync_keeps_unpicked_marked_line[none-plan]>
2026-10-06T23:46:25.0023516Z     <Module test_wms631_scan_undo.py>
2026-10-06T23:46:25.0023750Z       <Coroutine test_cancel_releases_the_order_for_the_next_ordinary_scan>
2026-10-06T23:46:25.0024000Z       <Coroutine test_released_order_can_be_cancelled_and_selected_repeatedly>
2026-10-06T23:46:25.0024149Z       <Coroutine test_cancel_is_tenant_scoped>
2026-10-06T23:46:25.0024369Z       <Coroutine test_scan_undo_releases_selection_and_is_idempotent>
2026-10-06T23:46:25.0024580Z       <Coroutine test_scan_undo_rejects_an_order_of_another_supply>
2026-10-06T23:46:25.0024813Z       <Coroutine test_kiz_rollback_refuses_a_code_changed_by_another_action>
2026-10-06T23:46:25.0025293Z       <Coroutine test_kiz_rollback_without_a_binding_receipt_is_a_no_op>
2026-10-06T23:46:25.0025541Z       <Coroutine test_kiz_rollback_refuses_an_order_moved_to_another_supply>
2026-10-06T23:46:25.0025776Z       <Coroutine test_sticker_selection_of_a_packed_order_can_be_released>
2026-10-06T23:46:25.0025981Z       <Coroutine test_honest_sign_skip_means_no_kiz_is_awaited>
2026-10-06T23:46:25.0026214Z       <Coroutine test_undo_refuses_a_foreign_scan_before_touching_the_kiz>
2026-10-06T23:46:25.0026445Z       <Coroutine test_wb_read_without_this_order_is_never_proof_of_deletion>
2026-10-06T23:46:25.0026616Z     <Module test_wms632_cancel_order_returns_pick.py>
2026-10-06T23:46:25.0026868Z       <Coroutine test_wb_cancel_order_returns_picked_unit_to_source_cell_once>
2026-10-06T23:46:25.0027108Z       <Coroutine test_wb_autopoll_cancel_returns_picked_unit_to_source_box>
2026-10-06T23:46:25.0027302Z       <Coroutine test_ozon_cancel_order_returns_picked_unit>
2026-10-06T23:46:25.0027519Z       <Coroutine test_cancel_order_without_picked_unit_moves_nothing>
2026-10-06T23:46:25.0027669Z     <Module test_wms632_fbo_reserve_model.py>
2026-10-06T23:46:25.0027893Z       <Coroutine test_pick_and_box_only_move_location_and_keep_reserve>
2026-10-06T23:46:25.0028125Z       <Coroutine test_complete_writes_off_fact_once_and_releases_reserve>
2026-10-06T23:46:25.0028527Z       <Coroutine test_complete_after_legacy_pick_deduction_writes_only_difference>
2026-10-06T23:46:25.0028760Z       <Coroutine test_cancel_returns_units_to_source_and_releases_reserve>
2026-10-06T23:46:25.0028990Z       <Coroutine test_cancel_legacy_document_credits_deducted_units_once>
2026-10-06T23:46:25.0029137Z     <Module test_wms632_review1_fixes.py>
2026-10-06T23:46:25.0029359Z       <Coroutine test_d1_staged_unit_on_sorting_cannot_be_picked_again>
2026-10-06T23:46:25.0029663Z       <Coroutine test_d2_cancel_with_stale_collecting_status_does_not_return_shipped_stock>
2026-10-06T23:46:25.0029896Z       <Coroutine test_d2_complete_after_cancel_is_rejected_and_stock_intact>
2026-10-06T23:46:25.0030099Z       <Coroutine test_d3_units_mode_without_pool_still_reserves>
2026-10-06T23:46:25.0030370Z       <Coroutine test_d5_remove_from_shipment_box_returns_unit_to_source_container>
2026-10-06T23:46:25.0030591Z       <Coroutine test_d2_remove_from_box_after_complete_is_rejected>
2026-10-06T23:46:25.0030811Z       <Coroutine test_d2_collect_into_box_after_complete_is_rejected>
2026-10-06T23:46:25.0030951Z     <Module test_wms635_kiz_no_wb_wait.py>
2026-10-06T23:46:25.0031375Z       <Coroutine test_any_wb_answer_keeps_the_scanned_kiz_bound[429-wb_pending_confirmation-unknown-pending_confirmation]>
2026-10-06T23:46:25.0031867Z       <Coroutine test_any_wb_answer_keeps_the_scanned_kiz_bound[404-wb_rejected_kept-rejected-failed]>
2026-10-06T23:46:25.0032203Z       <Coroutine test_any_wb_answer_keeps_the_scanned_kiz_bound[409-wb_rejected_kept-rejected-failed]>
2026-10-06T23:46:25.0032482Z       <Coroutine test_background_reconciliation_resends_a_kiz_wb_does_not_have[429]>
2026-10-06T23:46:25.0032754Z       <Coroutine test_background_reconciliation_resends_a_kiz_wb_does_not_have[500]>
2026-10-06T23:46:25.0032927Z       <Coroutine test_step_back_undoes_a_kiz_wb_refused>
2026-10-06T23:46:25.0033146Z       <Coroutine test_d1_wb_takes_the_write_but_reads_back_a_refusal>
2026-10-06T23:46:25.0033376Z       <Coroutine test_wms639_commit_outside_scan_still_reads_wb_verdict>
2026-10-06T23:46:25.0033571Z       <Coroutine test_q1_scan_write_waits_for_wb_only_briefly>
2026-10-06T23:46:25.0033791Z       <Coroutine test_d3_operator_kiz_is_usable_again_after_step_back>
2026-10-06T23:46:25.0034028Z       <Coroutine test_d2_print_chz_hands_out_the_pool_kiz_while_wb_is_slow>
2026-10-06T23:46:25.0034236Z       <Coroutine test_r_a5c_empty_wb_read_keeps_the_refused_kiz_red>
2026-10-06T23:46:25.0034398Z     <Module test_wms642_kiz_no_locks_handover.py>
2026-10-06T23:46:25.0034609Z       <Coroutine test_repeated_scan_of_a_queued_kiz_never_calls_wb>
2026-10-06T23:46:25.0034798Z       <Coroutine test_worker_holds_no_row_while_wb_answers>
2026-10-06T23:46:25.0035299Z       <Coroutine test_code_removed_during_the_write_is_shown_and_keeps_the_supply>
2026-10-06T23:46:25.0035486Z       <Coroutine test_accepted_write_is_not_sent_twice>
2026-10-06T23:46:25.0035683Z       <Coroutine test_queued_kiz_reach_wb_before_the_handover>
2026-10-06T23:46:25.0035895Z       <Coroutine test_code_confirmed_by_another_path_stays_in_wb>
2026-10-06T23:46:25.0036078Z       <Coroutine test_another_code_in_wb_keeps_the_supply>
2026-10-06T23:46:25.0036322Z       <Coroutine test_sent_code_next_to_another_code_in_wb_keeps_the_supply>
2026-10-06T23:46:25.0036546Z       <Coroutine test_replacement_during_the_handover_keeps_the_supply>
2026-10-06T23:46:25.0036755Z       <Coroutine test_only_a_refusal_of_the_code_turns_red[400]>
2026-10-06T23:46:25.0036957Z       <Coroutine test_only_a_refusal_of_the_code_turns_red[401]>
2026-10-06T23:46:25.0037154Z       <Coroutine test_only_a_refusal_of_the_code_turns_red[403]>
2026-10-06T23:46:25.0037352Z       <Coroutine test_only_a_refusal_of_the_code_turns_red[404]>
2026-10-06T23:46:25.0037542Z       <Coroutine test_only_a_refusal_of_the_code_turns_red[409]>
2026-10-06T23:46:25.0037741Z       <Coroutine test_only_a_refusal_of_the_code_turns_red[429]>
2026-10-06T23:46:25.0038078Z       <Coroutine test_only_a_refusal_of_the_code_turns_red[500]>
2026-10-06T23:46:25.0038337Z       <Coroutine test_other_code_first_seen_by_the_handover_keeps_the_supply>
2026-10-06T23:46:25.0038564Z       <Coroutine test_scan_right_before_the_handover_keeps_the_supply>
2026-10-06T23:46:25.0038763Z       <Coroutine test_code_of_a_handed_over_supply_is_still_sent>
2026-10-06T23:46:25.0039068Z       <Coroutine test_saved_other_code_keeps_the_supply_whatever_the_operation[confirmed]>
2026-10-06T23:46:25.0039351Z       <Coroutine test_saved_other_code_keeps_the_supply_whatever_the_operation[failed]>
2026-10-06T23:46:25.0039687Z       <Coroutine test_saved_other_code_keeps_the_supply_whatever_the_operation[pending_confirmation]>
2026-10-06T23:46:25.0039885Z       <Coroutine test_resumed_handover_checks_kiz_again[False]>
2026-10-06T23:46:25.0040077Z       <Coroutine test_resumed_handover_checks_kiz_again[True]>
2026-10-06T23:46:25.0040344Z       <Coroutine test_code_of_a_handed_over_supply_is_sent_and_read_once[in_delivery]>
2026-10-06T23:46:25.0040597Z       <Coroutine test_code_of_a_handed_over_supply_is_sent_and_read_once[done]>
2026-10-06T23:46:25.0040818Z       <Coroutine test_kiz_of_a_cancelled_order_does_not_keep_the_rest>
2026-10-06T23:46:25.0040958Z     <Module test_wms650_placement.py>
2026-10-06T23:46:25.0041195Z       <Coroutine test_c7_server_scan_placement_moves_box_out_of_remaining>
2026-10-06T23:46:25.0041577Z       <Coroutine test_c9_explicit_transfer_is_one_move_and_replay_changes_nothing>
2026-10-06T23:46:25.0041893Z       <Coroutine test_c19_taken_off_returns_to_remaining_and_replaces_without_double_count[box]>
2026-10-06T23:46:25.0042245Z       <Coroutine test_c19_taken_off_returns_to_remaining_and_replaces_without_double_count[box_contents]>
2026-10-06T23:46:25.0042588Z       <Coroutine test_c19_taken_off_returns_to_remaining_and_replaces_without_double_count[cargo_place]>
2026-10-06T23:46:25.0042957Z       <Coroutine test_c19_taken_off_returns_to_remaining_and_replaces_without_double_count[pallet_with_boxes]>
2026-10-06T23:46:25.0043300Z       <Coroutine test_c19_taken_off_returns_to_remaining_and_replaces_without_double_count[screen_box]>
2026-10-06T23:46:25.0043621Z       <Coroutine test_c19_taken_off_returns_to_remaining_and_replaces_without_double_count[take_out]>
2026-10-06T23:46:25.0043846Z       <Coroutine test_c20_second_and_next_boxes_are_placed[scan_order]>
2026-10-06T23:46:25.0044071Z       <Coroutine test_c20_second_and_next_boxes_are_placed[plus_order]>
2026-10-06T23:46:25.0044350Z       <Coroutine test_c23_repeated_requests_are_one_action_and_new_scans_are_new_units>
2026-10-06T23:46:25.0044568Z       <Coroutine test_c24_actions_and_undo_in_a_do_not_touch_b_and_c>
2026-10-06T23:46:25.0044784Z       <Coroutine test_c25_general_moves_do_not_change_inbound_progress>
2026-10-06T23:46:25.0045057Z     <Module test_wms650_review_fixes.py>
2026-10-06T23:46:25.0045273Z       <Coroutine test_a_cannot_take_off_loose_units_of_document_b>
2026-10-06T23:46:25.0045491Z       <Coroutine test_a_cannot_take_off_loose_units_of_another_seller>
2026-10-06T23:46:25.0045714Z       <Coroutine test_shared_loose_balance_a_takes_only_its_own_units>
2026-10-06T23:46:25.0045942Z       <Coroutine test_take_off_after_transfer_releases_rows_of_that_box>
2026-10-06T23:46:25.0046172Z       <Coroutine test_take_off_then_place_again_keeps_box_rows_within_box>
2026-10-06T23:46:25.0046399Z       <Coroutine test_undo_of_defect_scan_removes_its_distribution_row>
2026-10-06T23:46:25.0046641Z       <Coroutine test_chain_of_actions_and_undos_keeps_distribution_rows>
2026-10-06T23:46:25.0046871Z       <Coroutine test_same_operation_id_for_another_object_is_a_conflict>
2026-10-06T23:46:25.0047090Z       <Coroutine test_take_off_pallet_of_a_does_not_count_units_of_b>
2026-10-06T23:46:25.0047349Z       <Coroutine test_taken_out_units_placed_loose_keep_distribution_completable>
2026-10-06T23:46:25.0047534Z       <Coroutine test_take_out_scanned_unit_keeps_pools>
2026-10-06T23:46:25.0047732Z       <Coroutine test_scan_replay_after_take_out_is_recognised>
2026-10-06T23:46:25.0047981Z     <Module test_wms650_stock.py>
2026-10-06T23:46:25.0048219Z       <Coroutine test_c18_sorting_actions_and_undo_never_change_stock[C7]>
2026-10-06T23:46:25.0048445Z       <Coroutine test_c18_sorting_actions_and_undo_never_change_stock[C9]>
2026-10-06T23:46:25.0048686Z       <Coroutine test_c18_sorting_actions_and_undo_never_change_stock[C12a]>
2026-10-06T23:46:25.0048928Z       <Coroutine test_c18_sorting_actions_and_undo_never_change_stock[C12b]>
2026-10-06T23:46:25.0049167Z       <Coroutine test_c18_sorting_actions_and_undo_never_change_stock[C12v]>
2026-10-06T23:46:25.0049407Z       <Coroutine test_c18_sorting_actions_and_undo_never_change_stock[C12g]>
2026-10-06T23:46:25.0049640Z       <Coroutine test_c18_sorting_actions_and_undo_never_change_stock[C12d]>
2026-10-06T23:46:25.0049876Z       <Coroutine test_c18_sorting_actions_and_undo_never_change_stock[C12e]>
2026-10-06T23:46:25.0050121Z       <Coroutine test_c18_sorting_actions_and_undo_never_change_stock[C12zh]>
2026-10-06T23:46:25.0050366Z       <Coroutine test_c18_sorting_actions_and_undo_never_change_stock[C15]>
2026-10-06T23:46:25.0050602Z       <Coroutine test_c18_sorting_actions_and_undo_never_change_stock[C19]>
2026-10-06T23:46:25.0050838Z       <Coroutine test_c18_sorting_actions_and_undo_never_change_stock[C20]>
2026-10-06T23:46:25.0051064Z       <Coroutine test_c18_sorting_actions_and_undo_never_change_stock[C23]>
2026-10-06T23:46:25.0051304Z     <Module test_wms650_undo.py>
2026-10-06T23:46:25.0051536Z       <Coroutine test_c12_undo_restores_state_before_each_action_kind[a]>
2026-10-06T23:46:25.0051762Z       <Coroutine test_c12_undo_restores_state_before_each_action_kind[b]>
2026-10-06T23:46:25.0051987Z       <Coroutine test_c12_undo_restores_state_before_each_action_kind[v]>
2026-10-06T23:46:25.0052204Z       <Coroutine test_c12_undo_restores_state_before_each_action_kind[g]>
2026-10-06T23:46:25.0052428Z       <Coroutine test_c12_undo_restores_state_before_each_action_kind[d]>
2026-10-06T23:46:25.0052660Z       <Coroutine test_c12_undo_restores_state_before_each_action_kind[e]>
2026-10-06T23:46:25.0052890Z       <Coroutine test_c12_undo_restores_state_before_each_action_kind[zh]>
2026-10-06T23:46:25.0053112Z       <Coroutine test_c13_server_undoes_three_actions_in_reverse_order>
2026-10-06T23:46:25.0053325Z       <Coroutine test_c15_undo_refused_when_object_moved_after_action>
2026-10-06T23:46:25.0053529Z       <Coroutine test_c16_repeated_undo_request_reverses_once>
2026-10-06T23:46:25.0053715Z       <Coroutine test_c17_rejected_action_cannot_be_undone>
2026-10-06T23:46:25.0053916Z       <Coroutine test_c28_undo_does_not_reopen_posted_document>
2026-10-06T23:46:25.0054069Z     <Module test_wms650_undo_pallet_holder.py>
2026-10-06T23:46:25.0054259Z       <Coroutine test_take_box_off_pallet_in_sorting_and_undo>
2026-10-06T23:46:25.0054452Z       <Coroutine test_transfer_box_off_placed_pallet_and_undo>
2026-10-06T23:46:25.0054644Z       <Coroutine test_take_off_in_posted_document_moves_only>
2026-10-06T23:46:25.0054814Z     <Module test_wms653_delivery_error_contract.py>
2026-10-06T23:46:25.0055256Z       <Coroutine test_wms653_mixed_response_preserves_groups_and_raw_reason>
2026-10-06T23:46:25.0055397Z     <Module test_wms653_scope_contract.py>
2026-10-06T23:46:25.0055676Z       <Function test_wms653_diff_does_not_add_storage_status_background_retry_or_timer>
2026-10-06T23:46:25.0055864Z       <Function test_foreign_migration_is_not_wms653_delta>
2026-10-06T23:46:25.0056046Z       <Function test_exact_shared_release_metadata_passes>
2026-10-06T23:46:25.0056454Z       <Function test_adjacent_shared_metadata_remains_forbidden[docs/reviews/priority-five-progress-20261007.md]>
2026-10-06T23:46:25.0056875Z       <Function test_adjacent_shared_metadata_remains_forbidden[docs/reviews/priority-five-source-map-20261007.json]>
2026-10-06T23:46:25.0057290Z       <Function test_adjacent_shared_metadata_remains_forbidden[docs/reviews/priority-five-source-map-20261006.md]>
2026-10-06T23:46:25.0057825Z       <Function test_adjacent_shared_metadata_remains_forbidden[docs/reviews/wms663-priority-proof-20261006.md]>
2026-10-06T23:46:25.0058150Z       <Function test_new_own_foreign_paths_fail[backend/alembic/versions/foreign.py]>
2026-10-06T23:46:25.0058413Z       <Function test_new_own_foreign_paths_fail[backend/alembic/versions/own.py]>
2026-10-06T23:46:25.0058675Z       <Function test_new_own_foreign_paths_fail[backend/app/models/new_status.py]>
2026-10-06T23:46:25.0058919Z       <Function test_new_own_foreign_paths_fail[backend/app/tasks/retry.py]>
2026-10-06T23:46:25.0059214Z       <Function test_new_own_foreign_paths_fail[backend/app/services/inventory_service.py]>
2026-10-06T23:46:25.0059533Z       <Function test_new_own_foreign_paths_fail[backend/app/services/warehouse_map_service.py]>
2026-10-06T23:46:25.0059802Z       <Function test_new_own_foreign_paths_fail[backend/app/api/inbound_intake.py]>
2026-10-06T23:46:25.0060061Z       <Function test_new_own_foreign_paths_fail[frontend/src/screens/v2/fbsUx.ts]>
2026-10-06T23:46:25.0060320Z       <Function test_new_own_foreign_paths_fail[docs/evidence/WMS-666/foreign.md]>
2026-10-06T23:46:25.0060636Z       <Function test_new_own_foreign_paths_fail[docs/reviews/contract-corrections/WMS-666.json]>
2026-10-06T23:46:25.0060874Z       <Function test_new_own_foreign_paths_fail[.github/workflows/ci.yml]>
2026-10-06T23:46:25.0061145Z       <Function test_new_own_foreign_paths_fail[scripts/ci/check_task_documents.py]>
2026-10-06T23:46:25.0061454Z       <Function test_new_own_automation_fails[setInterval(]>
2026-10-06T23:46:25.0061642Z       <Function test_new_own_automation_fails[setTimeout(]>
2026-10-06T23:46:25.0061844Z       <Function test_new_own_automation_fails[BackgroundTasks(]>
2026-10-06T23:46:25.0062047Z       <Function test_new_own_automation_fails[@celery_app.task]>
2026-10-06T23:46:25.0062262Z       <Function test_pending_foreign_change_cannot_hide[untracked]>
2026-10-06T23:46:25.0062476Z       <Function test_pending_foreign_change_cannot_hide[unstaged]>
2026-10-06T23:46:25.0062680Z       <Function test_pending_foreign_change_cannot_hide[staged]>
2026-10-06T23:46:25.0062897Z       <Function test_pending_foreign_change_cannot_hide[index-only]>
2026-10-06T23:46:25.0063069Z       <Function test_index_only_automation_cannot_hide>
2026-10-06T23:46:25.0063244Z       <Function test_untracked_automation_cannot_hide>
2026-10-06T23:46:25.0063454Z       <Function test_merge_import_passes_but_own_resolution_fails>
2026-10-06T23:46:25.0063601Z       <Function test_missing_history_fails>
2026-10-06T23:46:25.0063739Z       <Function test_merge_own_timer_fails>
2026-10-06T23:46:25.0063981Z       <Function test_combined_additions_keep_three_parent_merge_automation>
2026-10-06T23:46:25.0064119Z       <Function test_shallow_history_fails>
2026-10-06T23:46:25.0064255Z     <Module test_wms656_kiz_label.py>
2026-10-06T23:46:25.0064555Z       <Coroutine test_reprints_return_scoped_existing_label_metadata[saved-seller-label]>
2026-10-06T23:46:25.0064797Z       <Coroutine test_reprints_return_scoped_existing_label_metadata[None]>
2026-10-06T23:46:25.0065266Z       <Coroutine test_reprints_return_scoped_existing_label_metadata[]>
2026-10-06T23:46:25.0065429Z     <Module test_wms659_bulk_inbound_boxes.py>
2026-10-06T23:46:25.0065710Z       <Coroutine test_wms659_c2_rejects_invalid_quantity_without_creating_boxes[body0]>
2026-10-06T23:46:25.0065986Z       <Coroutine test_wms659_c2_rejects_invalid_quantity_without_creating_boxes[body1]>
2026-10-06T23:46:25.0066261Z       <Coroutine test_wms659_c2_rejects_invalid_quantity_without_creating_boxes[body2]>
2026-10-06T23:46:25.0066524Z       <Coroutine test_wms659_c2_rejects_invalid_quantity_without_creating_boxes[body3]>
2026-10-06T23:46:25.0066804Z       <Coroutine test_wms659_c3_bulk_create_persists_exact_boxes_only_in_current_inbound>
2026-10-06T23:46:25.0067077Z       <Coroutine test_wms659_c4_bulk_create_works_in_editable_return_and_stays_isolated>
2026-10-06T23:46:25.0067332Z       <Coroutine test_wms659_c6_batch_rolls_back_wholly_after_mid_write_failure>
2026-10-06T23:46:25.0067670Z       <Coroutine test_wms659_c7_same_mutation_is_concurrent_safe>
2026-10-06T23:46:25.0067942Z       <Coroutine test_wms659_c8_same_mutation_replays_saved_batch_after_lost_response>
2026-10-06T23:46:25.0068242Z       <Coroutine test_wms659_c10_c11_status_permission_and_tenant_boundaries_create_nothing>
2026-10-06T23:46:25.0068514Z       <Coroutine test_wms659_c12_existing_tare_print_and_pallet_actions_remain_intact>
2026-10-06T23:46:25.0068676Z     <Module test_wms660_scan_barcode_aliases.py>
2026-10-06T23:46:25.0069085Z       <Coroutine test_saved_codes_select_and_replay_without_consuming_next_order[primary-04640556102658-4610264735875]>
2026-10-06T23:46:25.0069482Z       <Coroutine test_saved_codes_select_and_replay_without_consuming_next_order[primary-04640556141886-4610264735912]>
2026-10-06T23:46:25.0069863Z       <Coroutine test_saved_codes_select_and_replay_without_consuming_next_order[order-04640556102658-4610264735875]>
2026-10-06T23:46:25.0070253Z       <Coroutine test_saved_codes_select_and_replay_without_consuming_next_order[order-04640556141886-4610264735912]>
2026-10-06T23:46:25.0070638Z       <Coroutine test_saved_codes_select_and_replay_without_consuming_next_order[alias-04640556102658-4610264735875]>
2026-10-06T23:46:25.0071023Z       <Coroutine test_saved_codes_select_and_replay_without_consuming_next_order[alias-04640556141886-4610264735912]>
2026-10-06T23:46:25.0071384Z       <Coroutine test_alias_outside_current_scope_is_not_selected[supply]>
2026-10-06T23:46:25.0071623Z       <Coroutine test_alias_outside_current_scope_is_not_selected[seller]>
2026-10-06T23:46:25.0071850Z       <Coroutine test_alias_outside_current_scope_is_not_selected[tenant]>
2026-10-06T23:46:25.0072178Z       <Coroutine test_alias_collision_with_another_product_is_ambiguous_but_row_scan_still_works>
2026-10-06T23:46:25.0072334Z     <Module test_wms662_approve_scope_race.py>
2026-10-06T23:46:25.0072594Z       <Coroutine test_normal_approve_does_not_expense_order_added_during_http>
2026-10-06T23:46:25.0072861Z       <Coroutine test_normal_approve_does_not_expense_quantity_added_during_http>
2026-10-06T23:46:25.0073014Z     <Module test_wms662_astra_regressions.py>
2026-10-06T23:46:25.0073287Z       <Coroutine test_f1_approved_checkpoint_limits_postings_and_quantity_snapshot[1]>
2026-10-06T23:46:25.0073569Z       <Coroutine test_f1_approved_checkpoint_limits_postings_and_quantity_snapshot[2]>
2026-10-06T23:46:25.0073855Z       <Coroutine test_f2_split_cancelled_remainder_releases_reserve_and_finalizes_once>
2026-10-06T23:46:25.0074030Z     <Module test_wms662_cancellation_lock_order.py>
2026-10-06T23:46:25.0074393Z       <Coroutine test_f6_cancel_and_distinct_order_handoff_commit_without_loss_or_duplicate[local-normal]>
2026-10-06T23:46:25.0074755Z       <Coroutine test_f6_cancel_and_distinct_order_handoff_commit_without_loss_or_duplicate[local-observed]>
2026-10-06T23:46:25.0075401Z       <Coroutine test_f6_cancel_and_distinct_order_handoff_commit_without_loss_or_duplicate[observed_status-normal]>
2026-10-06T23:46:25.0075816Z       <Coroutine test_f6_cancel_and_distinct_order_handoff_commit_without_loss_or_duplicate[observed_status-observed]>
2026-10-06T23:46:25.0075970Z     <Module test_wms662_continued_billing.py>
2026-10-06T23:46:25.0076288Z       <Coroutine test_f3_observed_second_unit_updates_billing_without_duplicates[continuation]>
2026-10-06T23:46:25.0076615Z       <Coroutine test_f3_observed_second_unit_updates_billing_without_duplicates[repeated-sync]>
2026-10-06T23:46:25.0076802Z     <Module test_wms662_continued_billing_cancellation.py>
2026-10-06T23:46:25.0077086Z       <Coroutine test_f4_v2_document_packing_is_billed_once_after_invoiced_continuation>
2026-10-06T23:46:25.0077394Z       <Coroutine test_f5_one_ozon_cancellation_reverses_all_charges_and_retry_changes_nothing>
2026-10-06T23:46:25.0077557Z     <Module test_wms662_invoiced_continuation.py>
2026-10-06T23:46:25.0077927Z       <Coroutine test_invoiced_partial_handoff_bills_increment_once_without_rewriting_invoice[continuation]>
2026-10-06T23:46:25.0078455Z       <Coroutine test_invoiced_partial_handoff_bills_increment_once_without_rewriting_invoice[repeated-sync]>
2026-10-06T23:46:25.0078636Z     <Module test_wms662_live_delivery_substatuses.py>
2026-10-06T23:46:25.0079050Z       <Function test_live_delivering_substatus_proves_handoff[posting-0113371235-0054-3.json-posting_in_pickup_point]>
2026-10-06T23:46:25.0079452Z       <Function test_live_delivering_substatus_proves_handoff[posting-83893932-0680-2.json-posting_on_way_to_city]>
2026-10-06T23:46:25.0079789Z       <Function test_delivery_substatuses_do_not_accept_cancelled_pending_or_unknown[cancelled-None]>
2026-10-06T23:46:25.0080188Z       <Function test_delivery_substatuses_do_not_accept_cancelled_pending_or_unknown[cancel-posting_in_pickup_point]>
2026-10-06T23:46:25.0080546Z       <Function test_delivery_substatuses_do_not_accept_cancelled_pending_or_unknown[delivering-cancelled]>
2026-10-06T23:46:25.0080920Z       <Function test_delivery_substatuses_do_not_accept_cancelled_pending_or_unknown[awaiting_packaging-None]>
2026-10-06T23:46:25.0081375Z       <Function test_delivery_substatuses_do_not_accept_cancelled_pending_or_unknown[awaiting_packaging-posting_in_pickup_point]>
2026-10-06T23:46:25.0081857Z       <Function test_delivery_substatuses_do_not_accept_cancelled_pending_or_unknown[awaiting_deliver-posting_transferring_to_delivery]>
2026-10-06T23:46:25.0082367Z       <Function test_delivery_substatuses_do_not_accept_cancelled_pending_or_unknown[unknown-posting_on_way_to_city]>
2026-10-06T23:46:25.0082783Z       <Function test_delivery_substatuses_do_not_accept_cancelled_pending_or_unknown[delivering-unrecognized_substatus]>
2026-10-06T23:46:25.0083099Z       <Function test_delivery_substatuses_do_not_accept_cancelled_pending_or_unknown[None-None]>
2026-10-06T23:46:25.0083296Z       <Function test_existing_received_delivery_stays_positive>
2026-10-06T23:46:25.0083445Z     <Module test_wms662_observed_handoff.py>
2026-10-06T23:46:25.0083671Z       <Coroutine test_c1_wb_complete_waiting_exactly_once[statuses0]>
2026-10-06T23:46:25.0083892Z       <Coroutine test_c1_wb_complete_waiting_exactly_once[statuses1]>
2026-10-06T23:46:25.0084105Z       <Coroutine test_c1_wb_complete_waiting_exactly_once[statuses2]>
2026-10-06T23:46:25.0084310Z       <Coroutine test_c1_wb_complete_waiting_exactly_once[statuses3]>
2026-10-06T23:46:25.0084582Z       <Coroutine test_c2_wb_parent_and_preparation_are_not_handoff[confirm-waiting]>
2026-10-06T23:46:25.0084840Z       <Coroutine test_c2_wb_parent_and_preparation_are_not_handoff[None-None]>
2026-10-06T23:46:25.0085266Z       <Coroutine test_c2_wb_parent_and_preparation_are_not_handoff[complete-mystery]>
2026-10-06T23:46:25.0085550Z       <Coroutine test_c2_wb_parent_and_preparation_are_not_handoff[confirm-reshipment]>
2026-10-06T23:46:25.0085833Z       <Coroutine test_c2_wb_parent_and_preparation_are_not_handoff[complete-crossborder]>
2026-10-06T23:46:25.0086124Z       <Coroutine test_c2_ozon_preparation_and_unsupported_words[awaiting_packaging-None]>
2026-10-06T23:46:25.0086408Z       <Coroutine test_c2_ozon_preparation_and_unsupported_words[awaiting_deliver-None]>
2026-10-06T23:46:25.0086752Z       <Coroutine test_c2_ozon_preparation_and_unsupported_words[awaiting_deliver-posting_in_carriage]>
2026-10-06T23:46:25.0087150Z       <Coroutine test_c2_ozon_preparation_and_unsupported_words[awaiting_deliver-posting_transferring_to_delivery]>
2026-10-06T23:46:25.0087427Z       <Coroutine test_c2_ozon_preparation_and_unsupported_words[sent_by_seller-None]>
2026-10-06T23:46:25.0087668Z       <Coroutine test_c2_ozon_preparation_and_unsupported_words[done-None]>
2026-10-06T23:46:25.0087904Z       <Coroutine test_c2_ozon_preparation_and_unsupported_words[new-None]>
2026-10-06T23:46:25.0088152Z       <Coroutine test_c2_ozon_preparation_and_unsupported_words[unknown-None]>
2026-10-06T23:46:25.0088390Z       <Coroutine test_c2_ozon_preparation_and_unsupported_words[None-None]>
2026-10-06T23:46:25.0088656Z       <Coroutine test_c2_ozon_preparation_and_unsupported_words[arbitration-None]>
2026-10-06T23:46:25.0089048Z       <Coroutine test_c2_ozon_preparation_and_unsupported_words[not_accepted-None]>
2026-10-06T23:46:25.0089255Z       <Coroutine test_c3_wb_partial_then_remaining_same_document>
2026-10-06T23:46:25.0089476Z       <Coroutine test_c4_ozon_proved_posting_stages[delivering-None]>
2026-10-06T23:46:25.0089708Z       <Coroutine test_c4_ozon_proved_posting_stages[driver_pickup-None]>
2026-10-06T23:46:25.0089928Z       <Coroutine test_c4_ozon_proved_posting_stages[delivered-None]>
2026-10-06T23:46:25.0090192Z       <Coroutine test_c4_ozon_proved_posting_stages[delivered-posting_delivered]>
2026-10-06T23:46:25.0090449Z       <Coroutine test_c4_ozon_proved_posting_stages[delivering-posting_received]>
2026-10-06T23:46:25.0090661Z       <Coroutine test_c5_ozon_closed_parent_only_card_a_is_proved>
2026-10-06T23:46:25.0090868Z       <Coroutine test_c6_unconfirmed_carriage_is_unknown[formed]>
2026-10-06T23:46:25.0091065Z       <Coroutine test_c6_unconfirmed_carriage_is_unknown[new]>
2026-10-06T23:46:25.0091282Z       <Coroutine test_c6_unconfirmed_carriage_is_unknown[unknown]>
2026-10-06T23:46:25.0091476Z       <Coroutine test_c6_unconfirmed_carriage_is_unknown[None]>
2026-10-06T23:46:25.0091675Z       <Coroutine test_c6_confirmed_checkpoint_local_recovery>
2026-10-06T23:46:25.0091871Z       <Coroutine test_c7_split_quantity_remainder_and_recipe>
2026-10-06T23:46:25.0092220Z       <Coroutine test_c8_split_incomplete_never_expenses_parent[missing]>
2026-10-06T23:46:25.0092452Z       <Coroutine test_c8_split_incomplete_never_expenses_parent[overlap]>
2026-10-06T23:46:25.0092683Z       <Coroutine test_c8_split_incomplete_never_expenses_parent[unmapped]>
2026-10-06T23:46:25.0092865Z       <Coroutine test_c11_existing_ledger_repair[staged]>
2026-10-06T23:46:25.0093043Z       <Coroutine test_c11_existing_ledger_repair[full]>
2026-10-06T23:46:25.0093223Z       <Coroutine test_c11_existing_ledger_repair[partial]>
2026-10-06T23:46:25.0093407Z       <Coroutine test_c11_existing_ledger_repair[reversed]>
2026-10-06T23:46:25.0093612Z       <Coroutine test_c12_cancel_before_after_handoff[False-wb]>
2026-10-06T23:46:25.0093822Z       <Coroutine test_c12_cancel_before_after_handoff[False-ozon]>
2026-10-06T23:46:25.0094019Z       <Coroutine test_c12_cancel_before_after_handoff[True-wb]>
2026-10-06T23:46:25.0094223Z       <Coroutine test_c12_cancel_before_after_handoff[True-ozon]>
2026-10-06T23:46:25.0094476Z       <Coroutine test_c13_done_repair_is_bounded_and_stops_polling_completed>
2026-10-06T23:46:25.0094647Z       <Coroutine test_c14_scope_isolation[tenant-wb]>
2026-10-06T23:46:25.0094816Z       <Coroutine test_c14_scope_isolation[tenant-ozon]>
2026-10-06T23:46:25.0095127Z       <Coroutine test_c14_scope_isolation[seller-wb]>
2026-10-06T23:46:25.0095301Z       <Coroutine test_c14_scope_isolation[seller-ozon]>
2026-10-06T23:46:25.0095480Z       <Coroutine test_c14_scope_isolation[marketplace-wb]>
2026-10-06T23:46:25.0095674Z       <Coroutine test_c14_scope_isolation[marketplace-ozon]>
2026-10-06T23:46:25.0095845Z       <Coroutine test_c14_scope_isolation[imported-wb]>
2026-10-06T23:46:25.0096022Z       <Coroutine test_c14_scope_isolation[imported-ozon]>
2026-10-06T23:46:25.0096196Z       <Coroutine test_c14_scope_isolation[warehouse-wb]>
2026-10-06T23:46:25.0096373Z       <Coroutine test_c14_scope_isolation[warehouse-ozon]>
2026-10-06T23:46:25.0096538Z       <Coroutine test_c14_scope_isolation[supply-wb]>
2026-10-06T23:46:25.0096706Z       <Coroutine test_c14_scope_isolation[supply-ozon]>
2026-10-06T23:46:25.0096966Z       <Coroutine test_c15_unpacked_sources_shortage_and_unmapped[real_stock-wb]>
2026-10-06T23:46:25.0097238Z       <Coroutine test_c15_unpacked_sources_shortage_and_unmapped[real_stock-ozon]>
2026-10-06T23:46:25.0097489Z       <Coroutine test_c15_unpacked_sources_shortage_and_unmapped[shortage-wb]>
2026-10-06T23:46:25.0097742Z       <Coroutine test_c15_unpacked_sources_shortage_and_unmapped[shortage-ozon]>
2026-10-06T23:46:25.0097985Z       <Coroutine test_c15_unpacked_sources_shortage_and_unmapped[unmapped-wb]>
2026-10-06T23:46:25.0098381Z       <Coroutine test_c15_unpacked_sources_shortage_and_unmapped[unmapped-ozon]>
2026-10-06T23:46:25.0098558Z       <Coroutine test_c16_unknown_then_success[wb-403]>
2026-10-06T23:46:25.0098728Z       <Coroutine test_c16_unknown_then_success[wb-429]>
2026-10-06T23:46:25.0098895Z       <Coroutine test_c16_unknown_then_success[wb-500]>
2026-10-06T23:46:25.0099078Z       <Coroutine test_c16_unknown_then_success[wb-timeout]>
2026-10-06T23:46:25.0099263Z       <Coroutine test_c16_unknown_then_success[wb-bad_json]>
2026-10-06T23:46:25.0099447Z       <Coroutine test_c16_unknown_then_success[wb-missing]>
2026-10-06T23:46:25.0099622Z       <Coroutine test_c16_unknown_then_success[ozon-403]>
2026-10-06T23:46:25.0099795Z       <Coroutine test_c16_unknown_then_success[ozon-429]>
2026-10-06T23:46:25.0099961Z       <Coroutine test_c16_unknown_then_success[ozon-500]>
2026-10-06T23:46:25.0100152Z       <Coroutine test_c16_unknown_then_success[ozon-timeout]>
2026-10-06T23:46:25.0100350Z       <Coroutine test_c16_unknown_then_success[ozon-bad_json]>
2026-10-06T23:46:25.0100540Z       <Coroutine test_c16_unknown_then_success[ozon-missing]>
2026-10-06T23:46:25.0100723Z       <Coroutine test_c18_saved_official_contract_and_gaps>
2026-10-06T23:46:25.0100893Z       <Coroutine test_c2_wb_local_preparation[packed]>
2026-10-06T23:46:25.0101055Z       <Coroutine test_c2_wb_local_preparation[qr]>
2026-10-06T23:46:25.0101341Z       <Coroutine test_c6_unknown_has_durable_reason>
2026-10-06T23:46:25.0101521Z       <Coroutine test_c13_wb_already_done_missing_expense>
2026-10-06T23:46:25.0101770Z       <Coroutine test_c12_wb_negative_terminal_is_not_handoff[cancel-waiting]>
2026-10-06T23:46:25.0102044Z       <Coroutine test_c12_wb_negative_terminal_is_not_handoff[cancel_carrier-waiting]>
2026-10-06T23:46:25.0102306Z       <Coroutine test_c12_wb_negative_terminal_is_not_handoff[complete-canceled]>
2026-10-06T23:46:25.0102606Z       <Coroutine test_c12_wb_negative_terminal_is_not_handoff[complete-declined_by_client]>
2026-10-06T23:46:25.0102908Z       <Coroutine test_c12_wb_negative_terminal_is_not_handoff[complete-canceled_by_client]>
2026-10-06T23:46:25.0103212Z       <Coroutine test_c12_wb_negative_terminal_is_not_handoff[complete-canceled_by_carrier]>
2026-10-06T23:46:25.0103461Z       <Coroutine test_c12_wb_negative_terminal_is_not_handoff[confirm-defect]>
2026-10-06T23:46:25.0103692Z       <Coroutine test_c4_ozon_import_and_unchanged_status_also_conduct>
2026-10-06T23:46:25.0103922Z       <Coroutine test_c14_wb_complete_outside_exact_supply_composition>
2026-10-06T23:46:25.0104168Z       <Coroutine test_c16_ozon_incomplete_or_conflicting_composition[None]>
2026-10-06T23:46:25.0104426Z       <Coroutine test_c16_ozon_incomplete_or_conflicting_composition[products1]>
2026-10-06T23:46:25.0104681Z       <Coroutine test_c16_ozon_incomplete_or_conflicting_composition[products2]>
2026-10-06T23:46:25.0104814Z     <Module test_wms662_postgres.py>
2026-10-06T23:46:25.0105221Z       <Coroutine test_c9_two_pollers_and_normal_button>
2026-10-06T23:46:25.0105455Z       <Coroutine test_c12_cancel_wins_over_inflight_old_positive[wb]>
2026-10-06T23:46:25.0105683Z       <Coroutine test_c12_cancel_wins_over_inflight_old_positive[ozon]>
2026-10-06T23:46:25.0105911Z       <Coroutine test_c17_pick_transfer_cap_and_neighbour_during_http>
2026-10-06T23:46:25.0106151Z       <Coroutine test_c10_local_crash_atomic_and_restart[observed-movement]>
2026-10-06T23:46:25.0106391Z       <Coroutine test_c10_local_crash_atomic_and_restart[observed-ledger]>
2026-10-06T23:46:25.0106630Z       <Coroutine test_c10_local_crash_atomic_and_restart[observed-reserve]>
2026-10-06T23:46:25.0106916Z       <Coroutine test_c10_local_crash_atomic_and_restart[normal_checkpoint-movement]>
2026-10-06T23:46:25.0107185Z       <Coroutine test_c10_local_crash_atomic_and_restart[normal_checkpoint-ledger]>
2026-10-06T23:46:25.0107458Z       <Coroutine test_c10_local_crash_atomic_and_restart[normal_checkpoint-reserve]>
2026-10-06T23:46:25.0107648Z     <Module test_wms663_absent_pre_set_recovery_contract.py>
2026-10-06T23:46:25.0108127Z       <Coroutine test_interrupted_pre_set_claim_allows_first_explicit_set_but_unknown_never_repeats>
2026-10-06T23:46:25.0108422Z       <Coroutine test_accepted_batch_intent_survives_real_marking_and_does_not_set_again>
2026-10-06T23:46:25.0108592Z     <Module test_wms663_accepted_current_status.py>
2026-10-06T23:46:25.0108837Z       <Coroutine test_f4_current_rejection_is_visible_in_view_and_exemplar>
2026-10-06T23:46:25.0109096Z       <Coroutine test_f4_current_validation_is_checking_not_historical_acceptance>
2026-10-06T23:46:25.0109332Z       <Coroutine test_f4_unknown_current_document_status_is_not_accepted>
2026-10-06T23:46:25.0109711Z       <Coroutine test_f4_current_read_does_not_turn_completed_intent_into_pending_writer[documents_b-rejected]>
2026-10-06T23:46:25.0110081Z       <Coroutine test_f4_current_read_does_not_turn_completed_intent_into_pending_writer[documents_b-checking]>
2026-10-06T23:46:25.0110514Z       <Coroutine test_f4_current_read_does_not_turn_completed_intent_into_pending_writer[documents_b-unknown_document_status]>
2026-10-06T23:46:25.0110875Z       <Coroutine test_f4_current_read_does_not_turn_completed_intent_into_pending_writer[marking-rejected]>
2026-10-06T23:46:25.0111222Z       <Coroutine test_f4_current_read_does_not_turn_completed_intent_into_pending_writer[marking-checking]>
2026-10-06T23:46:25.0111785Z       <Coroutine test_f4_current_read_does_not_turn_completed_intent_into_pending_writer[marking-unknown_document_status]>
2026-10-06T23:46:25.0112087Z       <Coroutine test_f4_current_read_preserves_stale_version_control[documents-rejected]>
2026-10-06T23:46:25.0112378Z       <Coroutine test_f4_current_read_preserves_stale_version_control[documents-checking]>
2026-10-06T23:46:25.0112735Z       <Coroutine test_f4_current_read_preserves_stale_version_control[documents-unknown_document_status]>
2026-10-06T23:46:25.0113019Z       <Coroutine test_f4_current_read_preserves_stale_version_control[marking-rejected]>
2026-10-06T23:46:25.0113302Z       <Coroutine test_f4_current_read_preserves_stale_version_control[marking-checking]>
2026-10-06T23:46:25.0113649Z       <Coroutine test_f4_current_read_preserves_stale_version_control[marking-unknown_document_status]>
2026-10-06T23:46:25.0113823Z     <Module test_wms663_accepted_read_regressions.py>
2026-10-06T23:46:25.0114083Z       <Coroutine test_f1r_accepted_get_shows_fresh_cabinet_and_remains_editable>
2026-10-06T23:46:25.0114362Z       <Coroutine test_f1r_accepted_get_allows_next_write_without_old_a[documents_b]>
2026-10-06T23:46:25.0114610Z       <Coroutine test_f1r_accepted_get_allows_next_write_without_old_a[marking]>
2026-10-06T23:46:25.0114853Z       <Coroutine test_f1r_unresolved_writer_still_blocks_new_claim[unknown]>
2026-10-06T23:46:25.0115367Z       <Coroutine test_f1r_unresolved_writer_still_blocks_new_claim[active_writer]>
2026-10-06T23:46:25.0115612Z       <Coroutine test_f1r_old_get_cannot_overwrite_newer_document_claim>
2026-10-06T23:46:25.0115888Z       <Coroutine test_f1r_accepted_operation_still_rejects_stale_version[documents]>
2026-10-06T23:46:25.0116148Z       <Coroutine test_f1r_accepted_operation_still_rejects_stale_version[marking]>
2026-10-06T23:46:25.0116296Z     <Module test_wms663_astra_regressions.py>
2026-10-06T23:46:25.0116559Z       <Coroutine test_f1_accepted_a_cabinet_edit_survives_next_write[documents_b]>
2026-10-06T23:46:25.0116813Z       <Coroutine test_f1_accepted_a_cabinet_edit_survives_next_write[marking]>
2026-10-06T23:46:25.0117052Z       <Coroutine test_f2_explicit_get_refresh_releases_update_not_available>
2026-10-06T23:46:25.0117305Z       <Coroutine test_f3_accepted_gtd_then_two_acknowledged_kiz_writes_continue>
2026-10-06T23:46:25.0117547Z       <Coroutine test_f3_unresolved_or_active_writer_still_conflicts[unknown]>
2026-10-06T23:46:25.0117820Z       <Coroutine test_f3_unresolved_or_active_writer_still_conflicts[active_writer]>
2026-10-06T23:46:25.0117997Z     <Module test_wms663_customs_documents_contract.py>
2026-10-06T23:46:25.0118379Z       <Coroutine test_wms663_gtd_absent_is_explicit_and_does_not_send_a_number>
2026-10-06T23:46:25.0118669Z       <Coroutine test_wms663_explicit_choice_is_saved_exactly_and_resumes_after_restart>
2026-10-06T23:46:25.0118955Z       <Coroutine test_wms663_kiz_scan_preserves_remote_customs_fields_and_every_exemplar>
2026-10-06T23:46:25.0119207Z       <Coroutine test_wms663_write_is_tenant_isolated_and_rejects_a_stale_version>
2026-10-06T23:46:25.0119459Z       <Coroutine test_wms663_lost_set_response_reads_status_before_any_repeat>
2026-10-06T23:46:25.0119694Z       <Coroutine test_wms663_two_sessions_commit_one_posting_version_once>
2026-10-06T23:46:25.0120114Z       <Coroutine test_wms663_status_accepts_only_matching_and_keeps_other_results_nonaccepted[status_payload0-checking]>
2026-10-06T23:46:25.0120526Z       <Coroutine test_wms663_status_accepts_only_matching_and_keeps_other_results_nonaccepted[status_payload1-accepted]>
2026-10-06T23:46:25.0120929Z       <Coroutine test_wms663_status_accepts_only_matching_and_keeps_other_results_nonaccepted[status_payload2-unknown]>
2026-10-06T23:46:25.0121332Z       <Coroutine test_wms663_status_accepts_only_matching_and_keeps_other_results_nonaccepted[status_payload3-unknown]>
2026-10-06T23:46:25.0121737Z       <Coroutine test_wms663_status_accepts_only_matching_and_keeps_other_results_nonaccepted[status_payload4-rejected]>
2026-10-06T23:46:25.0122253Z       <Coroutine test_wms663_status_accepts_only_matching_and_keeps_other_results_nonaccepted[status_payload5-editable]>
2026-10-06T23:46:25.0122655Z       <Coroutine test_wms663_status_accepts_only_matching_and_keeps_other_results_nonaccepted[status_payload6-unknown]>
2026-10-06T23:46:25.0123054Z       <Coroutine test_wms663_status_accepts_only_matching_and_keeps_other_results_nonaccepted[status_payload7-unknown]>
2026-10-06T23:46:25.0123452Z       <Coroutine test_wms663_status_accepts_only_matching_and_keeps_other_results_nonaccepted[status_payload8-unknown]>
2026-10-06T23:46:25.0123721Z       <Function test_wms663_saved_openapi_keeps_customs_fields_and_statuses_untyped>
2026-10-06T23:46:25.0124070Z       <Function test_wms663_requirement_skus_accept_numbers_and_strings_without_cross_document_absence>
2026-10-06T23:46:25.0124248Z     <Module test_wms663_owner_absent_batch_contract.py>
2026-10-06T23:46:25.0124556Z       <Coroutine test_one_explicit_batch_sets_all_required_exemplars_once_and_preserves_rest>
2026-10-06T23:46:25.0124824Z       <Coroutine test_unknown_batch_survives_restart_and_repeat_only_reads_status>
2026-10-06T23:46:25.0125230Z       <Coroutine test_batch_rejects_foreign_tenant_or_wb_before_marketplace_io[tenant]>
2026-10-06T23:46:25.0125503Z       <Coroutine test_batch_rejects_foreign_tenant_or_wb_before_marketplace_io[wb]>
2026-10-06T23:46:25.0125720Z       <Coroutine test_stale_batch_version_is_rejected_without_set>
2026-10-06T23:46:25.0125889Z     <Module test_wms663_partial_accepted_status.py>
2026-10-06T23:46:25.0126225Z       <Coroutine test_f4r_partial_fresh_status_does_not_accept_all_displayed_documents[a_exemplar]>
2026-10-06T23:46:25.0126555Z       <Coroutine test_f4r_partial_fresh_status_does_not_accept_all_displayed_documents[a_product]>
2026-10-06T23:46:25.0126899Z       <Coroutine test_f4r_partial_fresh_status_does_not_accept_all_displayed_documents[sibling_exemplar]>
2026-10-06T23:46:25.0127218Z       <Coroutine test_f4r_partial_fresh_status_does_not_accept_all_displayed_documents[b_product]>
2026-10-06T23:46:25.0127480Z       <Coroutine test_f4r_complete_healthy_reply_accepts_current_cabinet_values>
2026-10-06T23:46:25.0127805Z       <Coroutine test_f4r_partial_read_keeps_next_explicit_action_allowed[documents_b-a_exemplar]>
2026-10-06T23:46:25.0128123Z       <Coroutine test_f4r_partial_read_keeps_next_explicit_action_allowed[documents_b-a_product]>
2026-10-06T23:46:25.0128434Z       <Coroutine test_f4r_partial_read_keeps_next_explicit_action_allowed[marking-a_exemplar]>
2026-10-06T23:46:25.0128734Z       <Coroutine test_f4r_partial_read_keeps_next_explicit_action_allowed[marking-a_product]>
2026-10-06T23:46:25.0129474Z       <Coroutine test_f4r_partial_read_preserves_stale_version_control[documents-a_exemplar]>
2026-10-06T23:46:25.0130031Z       <Coroutine test_f4r_partial_read_preserves_stale_version_control[documents-a_product]>
2026-10-06T23:46:25.0130454Z       <Coroutine test_f4r_partial_read_preserves_stale_version_control[marking-a_exemplar]>
2026-10-06T23:46:25.0130765Z       <Coroutine test_f4r_partial_read_preserves_stale_version_control[marking-a_product]>
2026-10-06T23:46:25.0131045Z       <Coroutine test_f4r_real_component_label_with_actual_service_reply[a_exemplar]>
2026-10-06T23:46:25.0131314Z       <Coroutine test_f4r_real_component_label_with_actual_service_reply[a_product]>
2026-10-06T23:46:25.0131576Z       <Coroutine test_f4r_real_component_label_with_actual_service_reply[None]>
2026-10-06T23:46:25.0131745Z     <Module test_wms663_release_retry_contract.py>
2026-10-06T23:46:25.0132070Z       <Coroutine test_definite_429_then_explicit_retry_sends_one_new_set_and_persists_acceptance>
2026-10-06T23:46:25.0132362Z       <Coroutine test_unknown_with_old_update_available_readback_cannot_duplicate_batch>
2026-10-06T23:46:25.0132606Z       <Coroutine test_accepted_batch_reopen_and_repeat_never_create_new_set>
2026-10-06T23:46:35.6126566Z       <Coroutine test_two_sessions_same_version_batch_allow_only_one_set[initial-batch]>
2026-10-06T23:46:35.6156183Z       <Coroutine test_two_sessions_same_version_batch_allow_only_one_set[rejected-batch-retry]>
2026-10-06T23:46:35.6180825Z     <Module test_wms663_requirements_completeness_contract.py>
2026-10-06T23:46:35.6216041Z       <Coroutine test_requirements_complete_matches_all_existing_skus_and_quantities[full]>
2026-10-06T23:46:35.6264682Z       <Coroutine test_requirements_complete_matches_all_existing_skus_and_quantities[missing_sku]>
2026-10-06T23:46:35.6266751Z       <Coroutine test_requirements_complete_matches_all_existing_skus_and_quantities[missing_quantity]>
2026-10-06T23:46:35.6268173Z     <Module test_wms663_residual_behavior_contract.py>
2026-10-06T23:46:35.6269368Z       <Coroutine test_c3_three_exemplars_and_other_orders_sellers_wb_are_isolated>
2026-10-06T23:46:35.6270769Z       <Coroutine test_c5_gtd_then_kiz_then_rnpt_preserves_each_complete_set>
2026-10-06T23:46:35.6272108Z       <Coroutine test_c7_foreign_exemplar_id_cannot_accept_and_status_can_resolve>
2026-10-06T23:46:35.6273645Z       <Coroutine test_c12_optional_missing_nullable_preserves_input_and_rejection[missing]>
2026-10-06T23:46:35.6275364Z       <Coroutine test_c12_optional_missing_nullable_preserves_input_and_rejection[null]>
2026-10-06T23:46:35.6276840Z       <Coroutine test_c12_real_json_decode_failure_is_bounded_unknown_with_saved_choice>
2026-10-06T23:46:35.6278174Z       <Coroutine test_c13_background_restart_selects_gtd_only_without_marking>
2026-10-06T23:46:35.6279575Z       <Coroutine test_c14_existing_qr_after_accepted_preserves_documents_and_local_accounting>
2026-10-06T23:46:35.6280807Z     <Module test_wms667_catalog_has_stock_contract.py>
2026-10-06T23:46:35.6281869Z       <Coroutine test_c1_displayed_on_hand_strictly_positive>
2026-10-06T23:46:35.6282957Z       <Coroutine test_c2_positive_fully_reserved_is_included[5]>
2026-10-06T23:46:35.6284139Z       <Coroutine test_c2_positive_fully_reserved_is_included[7]>
2026-10-06T23:46:35.6285447Z       <Coroutine test_c3_filter_before_count_and_pagination>
2026-10-06T23:46:35.6286756Z       <Coroutine test_c4_stock_filter_intersects_existing_filters[filters0-expected0]>
2026-10-06T23:46:35.6288196Z       <Coroutine test_c4_stock_filter_intersects_existing_filters[filters1-expected1]>
2026-10-06T23:46:35.6289607Z       <Coroutine test_c4_stock_filter_intersects_existing_filters[filters2-expected2]>
2026-10-06T23:46:35.6290974Z       <Coroutine test_c4_stock_filter_intersects_existing_filters[filters3-expected3]>
2026-10-06T23:46:35.6292432Z       <Coroutine test_c4_stock_filter_intersects_existing_filters[filters4-expected4]>
2026-10-06T23:46:35.6293856Z       <Coroutine test_c4_stock_filter_intersects_existing_filters[filters5-expected5]>
2026-10-06T23:46:35.6295923Z       <Coroutine test_c4_stock_filter_intersects_existing_filters[filters6-expected6]>
2026-10-06T23:46:35.6297258Z       <Coroutine test_c5_publication_limit_and_get_are_independent>
2026-10-06T23:46:35.6298516Z       <Coroutine test_c6_locations_container_and_relocation_keep_membership>
2026-10-06T23:46:35.6299793Z       <Coroutine test_c7_tenant_isolation_and_existing_permission_denial>
2026-10-06T23:46:35.6301147Z       <Coroutine test_regression_unfiltered_summary_publication_and_readonly_get>
2026-10-06T23:46:35.6302319Z     <Module test_wms669_seller_catalog_contract.py>
2026-10-06T23:46:35.6303359Z       <Coroutine test_c1_intersection_and_exact_article_size>
2026-10-06T23:46:35.6304468Z       <Coroutine test_c1_control_empty_filters_keep_previous_catalog>
2026-10-06T23:46:35.6305914Z       <Coroutine test_c2_quantity_not_free_limit_or_published>
2026-10-06T23:46:35.6306919Z       <Coroutine test_c3_aggregate_before_limit_offset>
2026-10-06T23:46:35.6308021Z       <Coroutine test_c4_server_order_and_unique_rows_across_pages>
2026-10-06T23:46:35.6309179Z       <Coroutine test_c5_imported_size_membership_fallback_and_ozon_offer>
2026-10-06T23:46:35.6310384Z       <Coroutine test_c5_control_missing_values_are_not_guessed>
2026-10-06T23:46:35.6311409Z       <Coroutine test_c9_scope_parity_and_summary[None]>
2026-10-06T23:46:35.6312802Z       <Coroutine test_c9_scope_parity_and_summary[wildberries]>
2026-10-06T23:46:35.6313833Z       <Coroutine test_c9_scope_parity_and_summary[ozon]>
2026-10-06T23:46:35.6314874Z       <Coroutine test_c9_control_permissions_and_shop_switch>
2026-10-06T23:46:35.6316390Z       <Coroutine test_c1_each_endpoint_filters_exact_values[filters0-labels0-page]>
2026-10-06T23:46:35.6317783Z       <Coroutine test_c1_each_endpoint_filters_exact_values[filters0-labels0-keys]>
2026-10-06T23:46:35.6319121Z       <Coroutine test_c1_each_endpoint_filters_exact_values[filters1-labels1-page]>
2026-10-06T23:46:35.6320543Z       <Coroutine test_c1_each_endpoint_filters_exact_values[filters1-labels1-keys]>
2026-10-06T23:46:35.6321905Z       <Coroutine test_c1_each_endpoint_filters_exact_values[filters2-labels2-page]>
2026-10-06T23:46:35.6323261Z       <Coroutine test_c1_each_endpoint_filters_exact_values[filters2-labels2-keys]>
2026-10-06T23:46:35.6324661Z       <Coroutine test_c9_control_existing_tenant_seller_marketplace_scope[None-15]>
2026-10-06T23:46:35.6326337Z       <Coroutine test_c9_control_existing_tenant_seller_marketplace_scope[wildberries-14]>
2026-10-06T23:46:35.6327714Z       <Coroutine test_c9_control_existing_tenant_seller_marketplace_scope[ozon-2]>
2026-10-06T23:46:35.6329079Z       <Coroutine test_c4_control_variants_keep_identity_name_color_and_separate_stock>
2026-10-06T23:46:35.6330573Z       <Coroutine test_c5_each_endpoint_imported_sizes_and_offer_id[filters0-expected0-page]>
2026-10-06T23:46:35.6332060Z       <Coroutine test_c5_each_endpoint_imported_sizes_and_offer_id[filters0-expected0-keys]>
2026-10-06T23:46:35.6333564Z       <Coroutine test_c5_each_endpoint_imported_sizes_and_offer_id[filters1-expected1-page]>
2026-10-06T23:46:35.6335344Z       <Coroutine test_c5_each_endpoint_imported_sizes_and_offer_id[filters1-expected1-keys]>
2026-10-06T23:46:35.6336815Z       <Coroutine test_c5_each_endpoint_imported_sizes_and_offer_id[filters2-expected2-page]>
2026-10-06T23:46:35.6338351Z       <Coroutine test_c5_each_endpoint_imported_sizes_and_offer_id[filters2-expected2-keys]>
2026-10-06T23:46:35.6339805Z       <Coroutine test_c5_each_endpoint_imported_sizes_and_offer_id[filters3-expected3-page]>
2026-10-06T23:46:35.6341325Z       <Coroutine test_c5_each_endpoint_imported_sizes_and_offer_id[filters3-expected3-keys]>
2026-10-06T23:46:35.6342504Z     <Module test_wms669_seller_catalog_once.py>
2026-10-06T23:46:35.6343409Z       <Coroutine test_c10_reading_has_no_writes>
2026-10-06T23:46:35.6344351Z       <Coroutine test_c10_postgresql_json_sizes_and_stock>
2026-10-06T23:46:35.6345635Z     <Module test_wms669_sql_whitespace_regression.py>
2026-10-06T23:46:35.6347050Z       <Coroutine test_category_strip_groups_are_contiguous_across_http_pages[tabs]>
2026-10-06T23:46:35.6348509Z       <Coroutine test_category_strip_groups_are_contiguous_across_http_pages[nbsp]>
2026-10-06T23:46:35.6349910Z       <Coroutine test_numeric_techsize_string_wbsize_strip_matches_http_page_keys[tabs]>
2026-10-06T23:46:35.6351421Z       <Coroutine test_numeric_techsize_string_wbsize_strip_matches_http_page_keys[nbsp]>
2026-10-06T23:46:35.6352762Z       <Coroutine test_own_barcode_variant_strip_matches_http_page_keys[tabs]>
2026-10-06T23:46:35.6354021Z       <Coroutine test_own_barcode_variant_strip_matches_http_page_keys[nbsp]>
2026-10-06T23:46:35.6355362Z     <Module test_wms669_visible_metadata_regression.py>
2026-10-06T23:46:35.6356706Z       <Coroutine test_displayed_categories_stay_contiguous_before_pagination[trimmed-subjectName]>
2026-10-06T23:46:35.6366750Z       <Coroutine test_displayed_categories_stay_contiguous_before_pagination[fallback-subject_name]>
2026-10-06T23:46:35.6374095Z       <Coroutine test_imported_display_size_fallback_matches_exact_page_and_keys>
2026-10-06T23:46:35.6375694Z       <Coroutine test_product_variant_uses_exact_source_barcode_and_display_fallback>
2026-10-06T23:46:35.6377091Z       <Coroutine test_malformed_size_json_keeps_unknown_rows_and_ozon_metadata>
2026-10-06T23:46:35.6378398Z     <Module test_wms672_box_label_scope.py>
2026-10-06T23:46:35.6379564Z       <Coroutine test_c9_foreign_document_and_injected_box_rejected_without_any_mutation>
2026-10-06T23:46:35.6380945Z       <Coroutine test_c9_valid_technical_mark_preserves_business_data_and_box_identity>
2026-10-06T23:46:35.6382124Z     <Module test_wms673_print_read_contract.py>
2026-10-06T23:46:35.6383303Z       <Coroutine test_c10_real_print_reads_preserve_business_state_and_tenant_role_access[wb]>
2026-10-06T23:46:35.6384839Z       <Coroutine test_c10_real_print_reads_preserve_business_state_and_tenant_role_access[ozon]>
2026-10-06T23:46:35.6386914Z       <Function test_real_marketplace_mapping_supplies_exact_product_and_position_colors>
2026-10-06T23:46:35.6388369Z     <Module test_wms675_recovery_scenario.py>
2026-10-06T23:46:35.6389307Z       <Coroutine test_bambook_exact_31_recovers_26_once>
2026-10-06T23:46:35.6389955Z 
2026-10-06T23:46:35.6391055Z =============================== warnings summary ===============================
2026-10-06T23:46:35.6391948Z app/main.py:19
2026-10-06T23:46:35.6393699Z   /home/runner/work/WMS/WMS/backend/app/main.py:19: StarletteDeprecationWarning: 'HTTP_422_UNPROCESSABLE_ENTITY' is deprecated. Use 'HTTP_422_UNPROCESSABLE_CONTENT' instead.
2026-10-06T23:46:35.6396060Z     from app.api.billing_profile_marketplace import router as billing_profile_marketplace_router
2026-10-06T23:46:35.6397017Z 
2026-10-06T23:46:35.6397986Z ../../../../../../opt/hostedtoolcache/Python/3.11.16/x64/lib/python3.11/site-packages/fastapi/testclient.py:1
2026-10-06T23:46:35.6400483Z   /opt/hostedtoolcache/Python/3.11.16/x64/lib/python3.11/site-packages/fastapi/testclient.py:1: StarletteDeprecationWarning: Using `httpx` with `starlette.testclient` is deprecated; install `httpx2` instead.
2026-10-06T23:46:35.6402658Z     from starlette.testclient import TestClient as TestClient  # noqa
2026-10-06T23:46:35.6403410Z 
2026-10-06T23:46:35.6404185Z -- Docs: https://docs.pytest.org/en/stable/how-to/capture-warnings.html
2026-10-06T23:46:35.6405804Z ======================== 4631 tests collected in 17.66s ========================
2026-10-06T23:46:35.6407009Z ============================= test session starts ==============================
2026-10-06T23:46:35.6408120Z platform linux -- Python 3.11.16, pytest-9.1.1, pluggy-1.6.0
2026-10-06T23:46:35.6409173Z rootdir: /home/runner/work/WMS/WMS/backend
2026-10-06T23:46:35.6409982Z configfile: pyproject.toml
2026-10-06T23:46:35.6410687Z testpaths: tests
2026-10-06T23:46:35.6411481Z plugins: asyncio-1.4.0, xdist-3.8.0, anyio-4.15.1
2026-10-06T23:46:35.6413278Z asyncio: mode=Mode.AUTO, debug=False, asyncio_default_fixture_loop_scope=None, asyncio_default_test_loop_scope=function
2026-10-06T23:46:35.6414715Z created: 4/4 workers
2026-10-06T23:46:35.6415685Z 4 workers [2315 items]
2026-10-06T23:46:35.6416126Z 
2026-10-06T23:46:53.6456473Z ................................................................s.s..... [  3%]
2026-10-06T23:46:59.1311226Z ........ss.............................................................. [  6%]
2026-10-06T23:47:12.9424741Z ..............................................................s......... [  9%]
2026-10-06T23:47:27.6391266Z ........................................................................ [ 12%]
2026-10-06T23:47:51.3621893Z ....ss..............................................s................... [ 15%]
2026-10-06T23:48:22.0717697Z .............................................s.s.s.......s..ss.......... [ 18%]
2026-10-06T23:48:55.8850446Z ........................................................................ [ 21%]
2026-10-06T23:49:21.2123661Z .........................s.................s............................ [ 24%]
2026-10-06T23:49:37.5239595Z ................................................................ss...... [ 27%]
2026-10-06T23:49:58.1020909Z s...s............................................s....s................. [ 31%]
2026-10-06T23:50:21.3576396Z .......s.............................s.................................. [ 34%]
2026-10-06T23:50:46.3000486Z ........................................................................ [ 37%]
2026-10-06T23:51:16.0264924Z .....s.................................................................. [ 40%]
2026-10-06T23:51:36.9871854Z ........................................................................ [ 43%]
2026-10-06T23:51:45.3064459Z ........................................................................ [ 46%]
2026-10-06T23:52:11.5690504Z ...............F...................ss.....s............................. [ 49%]
2026-10-06T23:52:37.0458303Z .........................................s.............................. [ 52%]
2026-10-06T23:52:42.3234929Z ........................................................................ [ 55%]
2026-10-06T23:52:51.1296566Z ..................s.................................................s... [ 59%]
2026-10-06T23:53:02.4256447Z ..................s..................................ssssss............. [ 62%]
2026-10-06T23:53:19.0695887Z .......................s.....s..................s....................... [ 65%]
2026-10-06T23:53:28.0660268Z ..s...................sssssssssssssssssssssss........................... [ 68%]
2026-10-06T23:53:38.8038221Z .sssss.................s....s..........s................................ [ 71%]
2026-10-06T23:53:52.9157720Z .........................s...s..................s.ssssss..s............. [ 74%]
2026-10-06T23:54:19.6446500Z ...............................................s........................ [ 77%]
2026-10-06T23:54:38.3869552Z .....................s.................................................. [ 80%]
2026-10-06T23:54:57.9112343Z ........................................................................ [ 83%]
2026-10-06T23:55:23.1366537Z ..s.....................s............................................... [ 87%]
2026-10-06T23:55:48.2940220Z ..............................s......................................... [ 90%]
2026-10-06T23:56:18.9614498Z .........s....s......................................................... [ 93%]
2026-10-06T23:56:27.7261134Z .......ss.................................................sssss......... [ 96%]
2026-10-06T23:56:38.0426506Z ....................s.............s..................................... [ 99%]
2026-10-06T23:56:58.6291341Z ...........                                                              [100%]
2026-10-06T23:56:58.6292436Z =================================== FAILURES ===================================
2026-10-06T23:56:58.6293768Z _____ test_all_seven_backup_variants_and_original_assertions_are_preserved _____
2026-10-06T23:56:58.6295948Z [gw1] linux -- Python 3.11.16 /opt/hostedtoolcache/Python/3.11.16/x64/bin/python
2026-10-06T23:56:58.6296692Z 
2026-10-06T23:56:58.6297830Z     def test_all_seven_backup_variants_and_original_assertions_are_preserved() -> None:
2026-10-06T23:56:58.6299042Z         tree = ast.parse(SOURCE.read_text())
2026-10-06T23:56:58.6300176Z         function = next(node for node in tree.body if isinstance(node, ast.FunctionDef)
2026-10-06T23:56:58.6301616Z                         and node.name == "test_deploy_requires_verified_backup_before_migration")
2026-10-06T23:56:58.6303045Z         parameters = next(node for node in function.decorator_list if isinstance(node, ast.Call))
2026-10-06T23:56:58.6304127Z         assert ast.literal_eval(parameters.args[1]) == [
2026-10-06T23:56:58.6305142Z             "", "dump", "archive", "listing", "empty", "network", "retry",
2026-10-06T23:56:58.6305762Z         ]
2026-10-06T23:56:58.6306279Z         assertions = [ast.dump(node, include_attributes=False) for node in ast.walk(function)
2026-10-06T23:56:58.6306909Z                       if isinstance(node, ast.Assert)]
2026-10-06T23:56:58.6307328Z         assert len(assertions) == 23
2026-10-06T23:56:58.6308034Z >       assert hashlib.sha256(json.dumps(assertions, ensure_ascii=False).encode()).hexdigest() == (
2026-10-06T23:56:58.6308807Z             "ddbfe3e8447dd54825fadf01f437a1adb6fa18f2ed583f58172cb1ed962fc3da"
2026-10-06T23:56:58.6309293Z         )
2026-10-06T23:56:58.6310092Z E       AssertionError: assert '0632023b3ebe...24da1d4d81408' == 'ddbfe3e8447d...cb1ed962fc3da'
2026-10-06T23:56:58.6310638Z E         
2026-10-06T23:56:58.6311128Z E         - ddbfe3e8447dd54825fadf01f437a1adb6fa18f2ed583f58172cb1ed962fc3da
2026-10-06T23:56:58.6311853Z E         + 0632023b3ebea0de566823f112e6a1eeca5b5222a3cfd538d5624da1d4d81408
2026-10-06T23:56:58.6312220Z 
2026-10-06T23:56:58.6312542Z tests/test_prod_deploy_backup_gate_boundary.py:29: AssertionError
2026-10-06T23:56:58.6313167Z =============================== warnings summary ===============================
2026-10-06T23:56:58.6313601Z app/main.py:19
2026-10-06T23:56:58.6313859Z app/main.py:19
2026-10-06T23:56:58.6314112Z app/main.py:19
2026-10-06T23:56:58.6314366Z app/main.py:19
2026-10-06T23:56:58.6316169Z   /home/runner/work/WMS/WMS/backend/app/main.py:19: StarletteDeprecationWarning: 'HTTP_422_UNPROCESSABLE_ENTITY' is deprecated. Use 'HTTP_422_UNPROCESSABLE_CONTENT' instead.
2026-10-06T23:56:58.6317404Z     from app.api.billing_profile_marketplace import router as billing_profile_marketplace_router
2026-10-06T23:56:58.6317878Z 
2026-10-06T23:56:58.6318400Z ../../../../../../opt/hostedtoolcache/Python/3.11.16/x64/lib/python3.11/site-packages/fastapi/testclient.py:1
2026-10-06T23:56:58.6319403Z ../../../../../../opt/hostedtoolcache/Python/3.11.16/x64/lib/python3.11/site-packages/fastapi/testclient.py:1
2026-10-06T23:56:58.6320213Z ../../../../../../opt/hostedtoolcache/Python/3.11.16/x64/lib/python3.11/site-packages/fastapi/testclient.py:1
2026-10-06T23:56:58.6320994Z ../../../../../../opt/hostedtoolcache/Python/3.11.16/x64/lib/python3.11/site-packages/fastapi/testclient.py:1
2026-10-06T23:56:58.6322170Z   /opt/hostedtoolcache/Python/3.11.16/x64/lib/python3.11/site-packages/fastapi/testclient.py:1: StarletteDeprecationWarning: Using `httpx` with `starlette.testclient` is deprecated; install `httpx2` instead.
2026-10-06T23:56:58.6323171Z     from starlette.testclient import TestClient as TestClient  # noqa
2026-10-06T23:56:58.6323464Z 
2026-10-06T23:56:58.6323922Z tests/test_billing_financial_core_migration.py::test_billing_financial_core_is_in_the_single_alembic_lineage
2026-10-06T23:56:58.6324761Z tests/test_billing_financial_core_migration.py::test_billing_invoice_number_is_unique_inside_tenant_only
2026-10-06T23:56:58.6325797Z tests/test_product_categories.py::test_product_category_migration_is_additive_and_the_only_head
2026-10-06T23:56:58.6327429Z   /opt/hostedtoolcache/Python/3.11.16/x64/lib/python3.11/site-packages/alembic/config.py:604: DeprecationWarning: No path_separator found in configuration; falling back to legacy splitting on spaces, commas, and colons for prepend_sys_path.  Consider adding path_separator=os to Alembic config.
2026-10-06T23:56:58.6328667Z     util.warn_deprecated(
2026-10-06T23:56:58.6328833Z 
2026-10-06T23:56:58.6329224Z tests/test_billing_invoice_service.py::test_form_invoice_uses_shared_document_number_for_each_seller
2026-10-06T23:56:58.6330198Z   /home/runner/work/WMS/WMS/backend/app/services/document_event_service.py:301: RuntimeWarning: coroutine 'AsyncMockMixin._execute_mock_call' was never awaited
2026-10-06T23:56:58.6330949Z     async with connection.begin_nested():
2026-10-06T23:56:58.6331384Z   Enable tracemalloc to get traceback where the object was allocated.
2026-10-06T23:56:58.6332048Z   See https://docs.pytest.org/en/stable/how-to/capture-warnings.html#resource-warnings for more info.
2026-10-06T23:56:58.6332464Z 
2026-10-06T23:56:58.6332899Z tests/test_ozon_box_positions.py::test_migration_preserves_wb_uniqueness_and_allows_distinct_ozon_positions
2026-10-06T23:56:58.6333988Z   /home/runner/work/WMS/WMS/backend/tests/test_ozon_box_positions.py:330: SAWarning: Skipped unsupported reflection of expression-based index uq_fbs_packing_box_items_order_position
2026-10-06T23:56:58.6335188Z     upgraded = sa.Table("fbs_packing_box_items", sa.MetaData(), autoload_with=connection)
2026-10-06T23:56:58.6335549Z 
2026-10-06T23:56:58.6335753Z tests/test_wms516_physical_warehouse.py: 16 warnings
2026-10-06T23:56:58.6336880Z   /home/runner/work/WMS/WMS/backend/app/services/physical_warehouse_repair_service.py:524: SAWarning: Skipped unsupported reflection of expression-based index uq_inventory_balance_loc_product_container
2026-10-06T23:56:58.6337893Z     return [dict(index) for index in inspect(connection).get_indexes(table_name)]
2026-10-06T23:56:58.6338210Z 
2026-10-06T23:56:58.6338602Z tests/test_wms516_physical_warehouse.py::test_container_reference_lifecycle[count_line-cancelled]
2026-10-06T23:56:58.6339699Z   /home/runner/work/WMS/WMS/backend/app/services/physical_warehouse_repair_service.py:524: SAWarning: Skipped unsupported reflection of expression-based index uq_inventory_count_line_scope
2026-10-06T23:56:58.6340653Z     return [dict(index) for index in inspect(connection).get_indexes(table_name)]
2026-10-06T23:56:58.6340966Z 
2026-10-06T23:56:58.6341354Z tests/test_wms516_physical_warehouse.py::test_container_reference_lifecycle[allocation-cancelled]
2026-10-06T23:56:58.6342489Z   /home/runner/work/WMS/WMS/backend/app/services/physical_warehouse_repair_service.py:524: SAWarning: Skipped unsupported reflection of expression-based index uq_mp_unload_pick_req_product_loc_container
2026-10-06T23:56:58.6343483Z     return [dict(index) for index in inspect(connection).get_indexes(table_name)]
2026-10-06T23:56:58.6343792Z 
2026-10-06T23:56:58.6344152Z tests/test_wms535_cli.py::test_duplicate_merge_dry_run_reports_same_unique_conflict_as_apply
2026-10-06T23:56:58.6345476Z   /home/runner/work/WMS/WMS/backend/app/cli/merge_duplicate_wb_chrt_products.py:94: SAWarning: Skipped unsupported reflection of expression-based index uq_inventory_balance_loc_product_container
2026-10-06T23:56:58.6346382Z     *inspector.get_unique_constraints(reference.table),
2026-10-06T23:56:58.6346626Z 
2026-10-06T23:56:58.6346985Z tests/test_wms535_cli.py::test_duplicate_merge_dry_run_reports_same_unique_conflict_as_apply
2026-10-06T23:56:58.6348054Z   /home/runner/work/WMS/WMS/backend/app/cli/merge_duplicate_wb_chrt_products.py:97: SAWarning: Skipped unsupported reflection of expression-based index uq_inventory_balance_loc_product_container
2026-10-06T23:56:58.6348941Z     for index in inspector.get_indexes(reference.table)
2026-10-06T23:56:58.6349178Z 
2026-10-06T23:56:58.6349532Z tests/test_wms535_cli.py::test_duplicate_merge_dry_run_reports_same_unique_conflict_as_apply
2026-10-06T23:56:58.6350537Z   /home/runner/work/WMS/WMS/backend/app/cli/merge_duplicate_wb_chrt_products.py:94: SAWarning: Skipped unsupported reflection of expression-based index uq_inventory_count_line_scope
2026-10-06T23:56:58.6351373Z     *inspector.get_unique_constraints(reference.table),
2026-10-06T23:56:58.6351609Z 
2026-10-06T23:56:58.6352092Z tests/test_wms535_cli.py::test_duplicate_merge_dry_run_reports_same_unique_conflict_as_apply
2026-10-06T23:56:58.6353125Z   /home/runner/work/WMS/WMS/backend/app/cli/merge_duplicate_wb_chrt_products.py:97: SAWarning: Skipped unsupported reflection of expression-based index uq_inventory_count_line_scope
2026-10-06T23:56:58.6353983Z     for index in inspector.get_indexes(reference.table)
2026-10-06T23:56:58.6354217Z 
2026-10-06T23:56:58.6354577Z tests/test_wms535_cli.py::test_duplicate_merge_dry_run_reports_same_unique_conflict_as_apply
2026-10-06T23:56:58.6355942Z   /home/runner/work/WMS/WMS/backend/app/cli/merge_duplicate_wb_chrt_products.py:94: SAWarning: Skipped unsupported reflection of expression-based index uq_mp_unload_pick_req_product_loc_container
2026-10-06T23:56:58.6356852Z     *inspector.get_unique_constraints(reference.table),
2026-10-06T23:56:58.6357091Z 
2026-10-06T23:56:58.6357451Z tests/test_wms535_cli.py::test_duplicate_merge_dry_run_reports_same_unique_conflict_as_apply
2026-10-06T23:56:58.6358532Z   /home/runner/work/WMS/WMS/backend/app/cli/merge_duplicate_wb_chrt_products.py:97: SAWarning: Skipped unsupported reflection of expression-based index uq_mp_unload_pick_req_product_loc_container
2026-10-06T23:56:58.6359432Z     for index in inspector.get_indexes(reference.table)
2026-10-06T23:56:58.6359804Z 
2026-10-06T23:56:58.6360092Z -- Docs: https://docs.pytest.org/en/stable/how-to/capture-warnings.html
2026-10-06T23:56:58.6360740Z ----- generated xml file: /home/runner/work/_temp/backend-shard/junit.xml ------
2026-10-06T23:56:58.6361296Z =========================== short test summary info ============================
2026-10-06T23:56:58.6362457Z FAILED tests/test_prod_deploy_backup_gate_boundary.py::test_all_seven_backup_variants_and_original_assertions_are_preserved - AssertionError: assert '0632023b3ebe...24da1d4d81408' == 'ddbfe3e8447d...cb1ed962fc3da'
2026-10-06T23:56:58.6363309Z   
2026-10-06T23:56:58.6363660Z   - ddbfe3e8447dd54825fadf01f437a1adb6fa18f2ed583f58172cb1ed962fc3da
2026-10-06T23:56:58.6364193Z   + 0632023b3ebea0de566823f112e6a1eeca5b5222a3cfd538d5624da1d4d81408
2026-10-06T23:56:58.6364773Z ===== 1 failed, 2215 passed, 99 skipped, 37 warnings in 632.82s (0:10:32) ======
2026-10-06T23:56:59.6007842Z ##[error]Process completed with exit code 1.
2026-10-06T23:56:59.6439275Z ##[group]Run actions/upload-artifact@v4
2026-10-06T23:56:59.6439603Z with:
2026-10-06T23:56:59.6439981Z   name: backend-shard-1-ac845328b27b5be265962695e10766efddef339e-37548248403-1
2026-10-06T23:56:59.6440437Z   path: /home/runner/work/_temp/backend-shard
2026-10-06T23:56:59.6440747Z   if-no-files-found: error
2026-10-06T23:56:59.6440987Z   retention-days: 14
2026-10-06T23:56:59.6441215Z   compression-level: 6
2026-10-06T23:56:59.6441436Z   overwrite: false
2026-10-06T23:56:59.6441658Z   include-hidden-files: false
2026-10-06T23:56:59.6441900Z env:
2026-10-06T23:56:59.6442157Z   pythonLocation: /opt/hostedtoolcache/Python/3.11.16/x64
2026-10-06T23:56:59.6442597Z   PKG_CONFIG_PATH: /opt/hostedtoolcache/Python/3.11.16/x64/lib/pkgconfig
2026-10-06T23:56:59.6443034Z   Python_ROOT_DIR: /opt/hostedtoolcache/Python/3.11.16/x64
2026-10-06T23:56:59.6443427Z   Python2_ROOT_DIR: /opt/hostedtoolcache/Python/3.11.16/x64
2026-10-06T23:56:59.6443836Z   Python3_ROOT_DIR: /opt/hostedtoolcache/Python/3.11.16/x64
2026-10-06T23:56:59.6444241Z   LD_LIBRARY_PATH: /opt/hostedtoolcache/Python/3.11.16/x64/lib
2026-10-06T23:56:59.6444567Z ##[endgroup]
2026-10-06T23:56:59.8104883Z (node:6487) [DEP0040] DeprecationWarning: The `punycode` module is deprecated. Please use a userland alternative instead.
2026-10-06T23:56:59.8105983Z (Use `node --trace-deprecation ...` to show where the warning was created)
2026-10-06T23:56:59.8186665Z With the provided path, there will be 2 files uploaded
2026-10-06T23:56:59.8192604Z Artifact name is valid!
2026-10-06T23:56:59.8205855Z Root directory input is valid!
2026-10-06T23:57:00.0168727Z Beginning upload of artifact content to blob storage
2026-10-06T23:57:00.0692849Z (node:6487) [DEP0169] DeprecationWarning: `url.parse()` behavior is not standardized and prone to errors that have security implications. Use the WHATWG URL API instead. CVEs are not issued for `url.parse()` vulnerabilities.
2026-10-06T23:57:00.1063163Z Uploaded bytes 205460
2026-10-06T23:57:00.1227671Z Finished uploading artifact content to blob storage!
2026-10-06T23:57:00.1229157Z SHA256 digest of uploaded artifact zip is 2c3dd9c3df78f5b116e29bb73a7c8a8dd7951bac0270e974844eea3b94edf9bb
2026-10-06T23:57:00.1230667Z Finalizing artifact upload
2026-10-06T23:57:00.3231271Z Artifact backend-shard-1-ac845328b27b5be265962695e10766efddef339e-37548248403-1.zip successfully finalized. Artifact ID 11451439158
2026-10-06T23:57:00.3234252Z Artifact backend-shard-1-ac845328b27b5be265962695e10766efddef339e-37548248403-1 has been successfully uploaded! Final size is 205460 bytes. Artifact ID is 11451439158
2026-10-06T23:57:00.3239360Z Artifact download URL: https://github.com/chivkunovd-bitdenis/WMS/actions/runs/37548248403/artifacts/11451439158
2026-10-06T23:57:00.4506995Z Post job cleanup.
2026-10-06T23:57:00.5379019Z [command]/usr/bin/git version
2026-10-06T23:57:00.5426232Z git version 2.55.0
2026-10-06T23:57:00.5465112Z Temporarily overriding HOME='/home/runner/work/_temp/d2c1ba05-3530-4dc3-a965-af966acd8647' before making global git config changes
2026-10-06T23:57:00.5467005Z Adding repository directory to the temporary git global config as a safe directory
2026-10-06T23:57:00.5471249Z [command]/usr/bin/git config --global --add safe.directory /home/runner/work/WMS/WMS
2026-10-06T23:57:00.5514094Z [command]/usr/bin/git config --local --name-only --get-regexp core\.sshCommand
2026-10-06T23:57:00.5549306Z [command]/usr/bin/git submodule foreach --recursive sh -c "git config --local --name-only --get-regexp 'core\.sshCommand' && git config --local --unset-all 'core.sshCommand' || :"
2026-10-06T23:57:00.5820665Z [command]/usr/bin/git config --local --name-only --get-regexp http\.https\:\/\/github\.com\/\.extraheader
2026-10-06T23:57:00.5865489Z [command]/usr/bin/git submodule foreach --recursive sh -c "git config --local --name-only --get-regexp 'http\.https\:\/\/github\.com\/\.extraheader' && git config --local --unset-all 'http.https://github.com/.extraheader' || :"
2026-10-06T23:57:00.6141967Z [command]/usr/bin/git config --local --name-only --get-regexp ^includeIf\.gitdir:
2026-10-06T23:57:00.6181418Z [command]/usr/bin/git submodule foreach --recursive git config --local --show-origin --name-only --get-regexp remote.origin.url
2026-10-06T23:57:00.6600629Z Cleaning up orphan processes
2026-10-06T23:57:00.7000533Z ##[warning]Node.js 20 is deprecated. The following actions target Node.js 20 but are being forced to run on Node.js 24: actions/checkout@v4, actions/setup-node@v4, actions/setup-python@v5, actions/upload-artifact@v4. For more information see: https://github.blog/changelog/2025-09-19-deprecation-of-node-20-on-github-actions-runners/
